quando	zona	sha256	nome_vecchio	testo
2026-07-31T22:19:09	Addominali e Core	3a2d0f1778a43df8cd38e618c6cecf1fcf43c19e3e55f0c8b2e90373c9fe6aec	Bird dog quadrupedia.gif	Bird dog
2026-08-01T09:54:50	Addominali e Core	f75678c6d93698a93a85d303a55d49816194805a6c17b46a03758fa6488be8fd	Crunch braccia tese (Straight-Arm Crunch).gif	Crunch braccia tese dietro
2026-08-01T09:55:45	Addominali e Core	348e0ec166cbecb523bb50e973a53adbf18577f29e90fe0fec193db569e0012b	Crunch cavo alto (High Cable Crunch).gif	Crunch cavo alto in piedi
2026-08-01T10:04:58	Addominali e Core	eb54914b4139ea864300012c32cd3b99c5b1b551dd7408dfaff40ebfe2d36fbb	Crunch inverso (Reverse Crunch).gif	Crunch inverso 
2026-08-01T10:04:59	Addominali e Core	eb54914b4139ea864300012c32cd3b99c5b1b551dd7408dfaff40ebfe2d36fbb	Crunch inverso (Reverse Crunch).gif	Crunch inverso due 
2026-08-01T10:05:12	Addominali e Core	eb54914b4139ea864300012c32cd3b99c5b1b551dd7408dfaff40ebfe2d36fbb	Crunch inverso (Reverse Crunch).gif	Crunch inverso du
2026-08-01T10:05:13	Addominali e Core	eb54914b4139ea864300012c32cd3b99c5b1b551dd7408dfaff40ebfe2d36fbb	Crunch inverso (Reverse Crunch).gif	Crunch inverso 
2026-08-01T10:05:16	Addominali e Core	eb54914b4139ea864300012c32cd3b99c5b1b551dd7408dfaff40ebfe2d36fbb	Crunch inverso (Reverse Crunch).gif	Crunch inverso petto-gomito
2026-08-01T10:06:08	Addominali e Core	eb54914b4139ea864300012c32cd3b99c5b1b551dd7408dfaff40ebfe2d36fbb	Crunch inverso (Reverse Crunch).gif	Crunch inverso p
2026-08-01T10:06:09	Addominali e Core	eb54914b4139ea864300012c32cd3b99c5b1b551dd7408dfaff40ebfe2d36fbb	Crunch inverso (Reverse Crunch).gif	Crunch inverso 
2026-08-01T10:06:11	Addominali e Core	eb54914b4139ea864300012c32cd3b99c5b1b551dd7408dfaff40ebfe2d36fbb	Crunch inverso (Reverse Crunch).gif	Crunch inverso due ste
2026-08-01T10:06:12	Addominali e Core	eb54914b4139ea864300012c32cd3b99c5b1b551dd7408dfaff40ebfe2d36fbb	Crunch inverso (Reverse Crunch).gif	Crunch inverso due steps
2026-08-01T10:06:13	Addominali e Core	eb54914b4139ea864300012c32cd3b99c5b1b551dd7408dfaff40ebfe2d36fbb	Crunch inverso (Reverse Crunch).gif	Crunch inverso due step
2026-08-01T10:06:43	Addominali e Core	71729d1a5b7ac458e3ca384bf0735a4847fc67ce18557edcde2394c687eadd2e	Crunch inverso gambe tese cavo basso (Reverse Crunch Straight Legs Low Cable).gif	Crunch inverso gambe cavo basso
2026-08-01T10:06:53	Addominali e Core	eb54914b4139ea864300012c32cd3b99c5b1b551dd7408dfaff40ebfe2d36fbb	Crunch inverso (Reverse Crunch).gif	Crunch inverso doppio step
2026-08-01T10:07:09	Addominali e Core	9bcce23676d575e3d6a8d5cad6a00ef01a3f089273a816dfee08acce3474b003	Crunch inverso gambe tese sedia romana (Reverse Crunch Straight Legs Roman Chair).gif	Crunch inverso gambe tese panca
2026-08-01T10:07:26	Addominali e Core	9bcce23676d575e3d6a8d5cad6a00ef01a3f089273a816dfee08acce3474b003	Crunch inverso gambe tese sedia romana (Reverse Crunch Straight Legs Roman Chair).gif	Crunch inverso gambe tese panca piana
2026-08-01T10:07:38	Addominali e Core	812433ff467d800b710942f4f0681e95e4979d16326ffd78f539e0cc6b60a01f	Crunch inverso panca declinata (Reverse Crunch Decline Bench).gif	Crunch inverso gamabpanca declinata
2026-08-01T10:07:39	Addominali e Core	812433ff467d800b710942f4f0681e95e4979d16326ffd78f539e0cc6b60a01f	Crunch inverso panca declinata (Reverse Crunch Decline Bench).gif	Crunch inverso gampanca declinata
2026-08-01T10:07:42	Addominali e Core	812433ff467d800b710942f4f0681e95e4979d16326ffd78f539e0cc6b60a01f	Crunch inverso panca declinata (Reverse Crunch Decline Bench).gif	Crunch inverso gambe tese panca declinata
2026-08-01T10:07:54	Addominali e Core	a66b1f48f1ea52ef9af4e2c175141720cb44f4fe6a807823d97c883d247bb234	Crunch inverso panca seduto (Seated Reverse Crunch Bench).gif	Crunch inverso seduto
2026-08-01T10:07:59	Addominali e Core	a66b1f48f1ea52ef9af4e2c175141720cb44f4fe6a807823d97c883d247bb234	Crunch inverso panca seduto (Seated Reverse Crunch Bench).gif	Crunch inverso seduto 
2026-08-01T10:08:02	Addominali e Core	a66b1f48f1ea52ef9af4e2c175141720cb44f4fe6a807823d97c883d247bb234	Crunch inverso panca seduto (Seated Reverse Crunch Bench).gif	Crunch inverso seduto panca
2026-08-01T10:08:02	Addominali e Core	a66b1f48f1ea52ef9af4e2c175141720cb44f4fe6a807823d97c883d247bb234	Crunch inverso panca seduto (Seated Reverse Crunch Bench).gif	Crunch inverso seduto panca 
2026-08-01T10:08:03	Addominali e Core	a66b1f48f1ea52ef9af4e2c175141720cb44f4fe6a807823d97c883d247bb234	Crunch inverso panca seduto (Seated Reverse Crunch Bench).gif	Crunch inverso seduto panca p
2026-08-01T10:08:05	Addominali e Core	a66b1f48f1ea52ef9af4e2c175141720cb44f4fe6a807823d97c883d247bb234	Crunch inverso panca seduto (Seated Reverse Crunch Bench).gif	Crunch inverso seduto panca piana
2026-08-01T10:09:15	Addominali e Core	08d9567bda73be1a65ba357b64a46273d97ddbcd44d11b93b4ef3826840d518e	Crunch macchina seduto (Seated Machine Crunch).gif	Crunch machine seduto
2026-08-01T10:12:02	Addominali e Core	dee44656eb14ccccb5912e9f9e7f18d6c40d7d8efd76e32692e62ab6a02023cc	Crunch mani al petto piedi a terra (Crunch Hands-on-Chest Feet Down).gif	Crunch mani al petto 
2026-08-01T10:12:03	Addominali e Core	dee44656eb14ccccb5912e9f9e7f18d6c40d7d8efd76e32692e62ab6a02023cc	Crunch mani al petto piedi a terra (Crunch Hands-on-Chest Feet Down).gif	Crunch mani al petto
2026-08-01T10:15:43	Addominali e Core	ff88ed7f2eb10f08adabd512a41f53139bf7f977dac31988a3f9959743583a89	Crunch rotazione (Twisting Crunch).gif	Crunch oblirotazione
2026-08-01T10:15:44	Addominali e Core	ff88ed7f2eb10f08adabd512a41f53139bf7f977dac31988a3f9959743583a89	Crunch rotazione (Twisting Crunch).gif	Crunch obliquo rotazione
2026-08-01T10:16:00	Addominali e Core	3ea75a42f5e26de8ebaf03b25be6b7b4f346bd647d7ac67f368be4017827a945	Crunch sforbiciata gambe tese (Scissor Crunch Straight Legs).gif	Crunch sforbiciata ampia
2026-08-01T10:24:52	Addominali e Core	22afdb58ecd597bb7fb607ebdfeae38d56f02ad40c6bc38cf9e9fe21f89457fb	Crunch sospeso a testa in giu sbarra (Inverted hang sit up).gif	Trazione sbarra a corpo capovolto
2026-08-01T10:25:22	Addominali e Core	c0f97aeb98e14df7cfa6890dc96410e125ab8b4fd1668a8a8d3cae2fbc59920c	Crunch tocco caviglie (Ankle Touch Crunch).gif	Crunch obltocco caviglie
2026-08-01T10:25:24	Addominali e Core	c0f97aeb98e14df7cfa6890dc96410e125ab8b4fd1668a8a8d3cae2fbc59920c	Crunch tocco caviglie (Ankle Touch Crunch).gif	Crunch oblitocco caviglie
2026-08-01T10:25:26	Addominali e Core	c0f97aeb98e14df7cfa6890dc96410e125ab8b4fd1668a8a8d3cae2fbc59920c	Crunch tocco caviglie (Ankle Touch Crunch).gif	Crunch obliquo tocco caviglie
2026-08-01T10:29:22	Addominali e Core	f07568b057debfb90adf444320961ec3713e8dde28fd5e9fd86ef7eec3129388	Flessione laterale busto panca inclinata (Incline Bench Side Bend).gif	Flessione laterale busto panca roan
2026-08-01T10:29:24	Addominali e Core	f07568b057debfb90adf444320961ec3713e8dde28fd5e9fd86ef7eec3129388	Flessione laterale busto panca inclinata (Incline Bench Side Bend).gif	Flessione laterale busto panca ro
2026-08-01T10:29:25	Addominali e Core	f07568b057debfb90adf444320961ec3713e8dde28fd5e9fd86ef7eec3129388	Flessione laterale busto panca inclinata (Incline Bench Side Bend).gif	Flessione laterale busto panca romana
2026-08-01T10:29:47	Addominali e Core	2df8d077c4a0b75604588ace71a89290d1bf034313fd35aa8be58ebbe7250e45	Forbice panca seduto (Seated Bench Flutter Kick).gif	CruForbice panca seduto
2026-08-01T10:29:48	Addominali e Core	2df8d077c4a0b75604588ace71a89290d1bf034313fd35aa8be58ebbe7250e45	Forbice panca seduto (Seated Bench Flutter Kick).gif	CrunForbice panca seduto
2026-08-01T10:29:50	Addominali e Core	2df8d077c4a0b75604588ace71a89290d1bf034313fd35aa8be58ebbe7250e45	Forbice panca seduto (Seated Bench Flutter Kick).gif	CruncForbice panca seduto
2026-08-01T10:29:52	Addominali e Core	2df8d077c4a0b75604588ace71a89290d1bf034313fd35aa8be58ebbe7250e45	Forbice panca seduto (Seated Bench Flutter Kick).gif	Crunch Forbice panca seduto
2026-08-01T10:29:54	Addominali e Core	2df8d077c4a0b75604588ace71a89290d1bf034313fd35aa8be58ebbe7250e45	Forbice panca seduto (Seated Bench Flutter Kick).gif	Crunch fForbice panca seduto
2026-08-01T10:29:55	Addominali e Core	2df8d077c4a0b75604588ace71a89290d1bf034313fd35aa8be58ebbe7250e45	Forbice panca seduto (Seated Bench Flutter Kick).gif	Crunch forbice panca seduto
2026-08-01T10:29:58	Addominali e Core	2df8d077c4a0b75604588ace71a89290d1bf034313fd35aa8be58ebbe7250e45	Forbice panca seduto (Seated Bench Flutter Kick).gif	Crunch forbice seduto
2026-08-01T10:30:00	Addominali e Core	2df8d077c4a0b75604588ace71a89290d1bf034313fd35aa8be58ebbe7250e45	Forbice panca seduto (Seated Bench Flutter Kick).gif	Crunch forbice seduto 
2026-08-01T10:30:01	Addominali e Core	2df8d077c4a0b75604588ace71a89290d1bf034313fd35aa8be58ebbe7250e45	Forbice panca seduto (Seated Bench Flutter Kick).gif	Crunch forbice seduto panca
2026-08-01T10:30:02	Addominali e Core	2df8d077c4a0b75604588ace71a89290d1bf034313fd35aa8be58ebbe7250e45	Forbice panca seduto (Seated Bench Flutter Kick).gif	Crunch forbice seduto panca piana
2026-08-01T10:30:27	Addominali e Core	ad2db7969fad6aa61848e1e6bc2dff9bb05fa52719dea032159b5ca6a38b57b2	Inchworm.gif	PlanInchworm
2026-08-01T10:30:28	Addominali e Core	ad2db7969fad6aa61848e1e6bc2dff9bb05fa52719dea032159b5ca6a38b57b2	Inchworm.gif	Plank Inchworm
2026-08-01T10:30:30	Addominali e Core	ad2db7969fad6aa61848e1e6bc2dff9bb05fa52719dea032159b5ca6a38b57b2	Inchworm.gif	Plank nchworm
2026-08-01T10:30:30	Addominali e Core	ad2db7969fad6aa61848e1e6bc2dff9bb05fa52719dea032159b5ca6a38b57b2	Inchworm.gif	Plank inchworm
2026-08-01T10:31:03	Addominali e Core	768cb89cba3e3c620edf8ed8649fd89346bcd42565b5fc48db6f502dc7838a68	Knee Raise Power Tower (Power Tower Knee Raise).gif	Sollevamento  power tower
2026-08-01T10:31:05	Addominali e Core	768cb89cba3e3c620edf8ed8649fd89346bcd42565b5fc48db6f502dc7838a68	Knee Raise Power Tower (Power Tower Knee Raise).gif	Sollevamento gameb power tower
2026-08-01T10:31:06	Addominali e Core	768cb89cba3e3c620edf8ed8649fd89346bcd42565b5fc48db6f502dc7838a68	Knee Raise Power Tower (Power Tower Knee Raise).gif	Sollevamento gam power tower
2026-08-01T10:31:07	Addominali e Core	768cb89cba3e3c620edf8ed8649fd89346bcd42565b5fc48db6f502dc7838a68	Knee Raise Power Tower (Power Tower Knee Raise).gif	Sollevamento gambe tese power tower
2026-08-01T10:31:32	Addominali e Core	fcd8aeea97c55cf7ccb887c6cc5fab69f453ca3e6d5f65398df8ea77e8bae055	Knee Raise sbarra in sospensione (Hanging Knee Raise).gif	Sollevam in sospensione
2026-08-01T10:31:34	Addominali e Core	fcd8aeea97c55cf7ccb887c6cc5fab69f453ca3e6d5f65398df8ea77e8bae055	Knee Raise sbarra in sospensione (Hanging Knee Raise).gif	Sollevamento gam in sospensione
2026-08-01T10:31:37	Addominali e Core	fcd8aeea97c55cf7ccb887c6cc5fab69f453ca3e6d5f65398df8ea77e8bae055	Knee Raise sbarra in sospensione (Hanging Knee Raise).gif	Sollevamento gambe  in sospensione
2026-08-01T10:31:44	Addominali e Core	fcd8aeea97c55cf7ccb887c6cc5fab69f453ca3e6d5f65398df8ea77e8bae055	Knee Raise sbarra in sospensione (Hanging Knee Raise).gif	Sollevamento gambe piegate in sospensione
2026-08-01T10:35:00	Addominali e Core	385d984e4c4a85e50f92ea7f643e227539ceaf552beb10aaaef010b6995a9776	Piegamenti tocco incrociato (Cross body tap push up).gif	Piegamenti tocco incrociato spalla
2026-08-01T10:35:13	Addominali e Core	8cef3d0b8fef7f15d455e34aae7a74ffdc40dd430850a04def2c3a4766266388	Pike fitball (Fitball Pike).gif	Plank ike fitball
2026-08-01T10:35:14	Addominali e Core	8cef3d0b8fef7f15d455e34aae7a74ffdc40dd430850a04def2c3a4766266388	Pike fitball (Fitball Pike).gif	Plank pike fitball
2026-08-01T10:35:42	Addominali e Core	505dc2161792df03d74455fa36bd2cd108e3c901df0706580e2cda9d10d7f9b0	Plank avanti indietro avambracci (Forearm Body Saw Plank).gif	Plank avanti indietro
2026-08-01T10:35:48	Addominali e Core	505dc2161792df03d74455fa36bd2cd108e3c901df0706580e2cda9d10d7f9b0	Plank avanti indietro avambracci (Forearm Body Saw Plank).gif	Plank avambracciavanti indietro
2026-08-01T10:35:49	Addominali e Core	505dc2161792df03d74455fa36bd2cd108e3c901df0706580e2cda9d10d7f9b0	Plank avanti indietro avambracci (Forearm Body Saw Plank).gif	Plank avambracci avanti indietro
2026-08-01T10:35:55	Addominali e Core	505dc2161792df03d74455fa36bd2cd108e3c901df0706580e2cda9d10d7f9b0	Plank avanti indietro avambracci (Forearm Body Saw Plank).gif	Plank avambracci avanti-indietro
2026-08-01T10:53:42	Addominali e Core	4b30aadc0b8215eccf0bc8c5a2e7690dcff98da9b837b44b02045e1d242a053b	Plank Spider avambracci (Spider Plank on Forearms).gif	Plank spider
2026-08-01T10:54:49	Addominali e Core	f091bb852bb3acc0048f2ecab0fdda74f3c2372f71e42fbc37755458b775b9a2	Retroversione bacino supino.gif	Retroversione bacino supino
2026-08-01T10:59:18	Addominali e Core	f091bb852bb3acc0048f2ecab0fdda74f3c2372f71e42fbc37755458b775b9a2	Retroversione bacino supino.gif	Crunch 
2026-08-01T10:59:23	Addominali e Core	f091bb852bb3acc0048f2ecab0fdda74f3c2372f71e42fbc37755458b775b9a2	Retroversione bacino supino.gif	Crunch reverse
2026-08-01T11:00:46	Addominali e Core	0f317c495953d7c3c0734907f4750b9d6862cbdbdc42f50b7ef8ae2ffcf672d6	Rollout ab wheel in ginocchio (Kneeling Ab-Wheel Rollout).gif	Rollout ab-wheel in ginocchio
2026-08-01T11:00:48	Addominali e Core	0f317c495953d7c3c0734907f4750b9d6862cbdbdc42f50b7ef8ae2ffcf672d6	Rollout ab wheel in ginocchio (Kneeling Ab-Wheel Rollout).gif	Rollout abwheel in ginocchio
2026-08-01T11:00:48	Addominali e Core	0f317c495953d7c3c0734907f4750b9d6862cbdbdc42f50b7ef8ae2ffcf672d6	Rollout ab wheel in ginocchio (Kneeling Ab-Wheel Rollout).gif	Rollout ab wheel in ginocchio
2026-08-01T11:03:59	Addominali e Core	8713086357a9ac26efaf1443a2c3b0c1b0617ff15bc0ef2f48519031e70050b7	Sit-Up mani dietro testa ginocchia flesse (Sit-Up Hands Behind Head Bent Knees).gif	Sit-up mani dietro testa
2026-08-01T11:04:11	Addominali e Core	8713086357a9ac26efaf1443a2c3b0c1b0617ff15bc0ef2f48519031e70050b7	Sit-Up mani dietro testa ginocchia flesse (Sit-Up Hands Behind Head Bent Knees).gif	Sit-up mani alla  testa
2026-08-01T11:04:12	Addominali e Core	8713086357a9ac26efaf1443a2c3b0c1b0617ff15bc0ef2f48519031e70050b7	Sit-Up mani dietro testa ginocchia flesse (Sit-Up Hands Behind Head Bent Knees).gif	Sit-up mani alla nuca testa
2026-08-01T11:04:14	Addominali e Core	8713086357a9ac26efaf1443a2c3b0c1b0617ff15bc0ef2f48519031e70050b7	Sit-Up mani dietro testa ginocchia flesse (Sit-Up Hands Behind Head Bent Knees).gif	Sit-up mani alla nucata
2026-08-01T11:04:15	Addominali e Core	8713086357a9ac26efaf1443a2c3b0c1b0617ff15bc0ef2f48519031e70050b7	Sit-Up mani dietro testa ginocchia flesse (Sit-Up Hands Behind Head Bent Knees).gif	Sit-up mani alla nucaa
2026-08-01T11:04:17	Addominali e Core	8713086357a9ac26efaf1443a2c3b0c1b0617ff15bc0ef2f48519031e70050b7	Sit-Up mani dietro testa ginocchia flesse (Sit-Up Hands Behind Head Bent Knees).gif	Sit-up mani alla nuca
2026-08-01T11:04:52	Addominali e Core	b5a55976308a5e698b85ead5d33d558dc8784f8bc2f5398569bdfb5484f72522	Sit-Up panca declinata (Decline Bench Sit-Up).gif	Sit-up mani alla npanca declinata
2026-08-01T11:04:53	Addominali e Core	b5a55976308a5e698b85ead5d33d558dc8784f8bc2f5398569bdfb5484f72522	Sit-Up panca declinata (Decline Bench Sit-Up).gif	Sit-up mani alla nuca panca declinata
2026-08-01T11:05:41	Addominali e Core	aced220144894a63b2de5685e428d5744ce5393c5fb58fb49bc339fb4d06661e	V-Sit sforbiciata verticale (V-Sit Vertical Scissor).gif	V-sit sforbiciata
2026-08-01T11:06:24	Addominali e Core	1dcff63c2650851199baecae9f1a53b1e8379d880a41fff289f0b371050c1867	V-Up scambio fitball (Fitball Pass V-Up).gif	V-up con fitball
2026-08-01T11:06:29	Addominali e Core	1dcff63c2650851199baecae9f1a53b1e8379d880a41fff289f0b371050c1867	V-Up scambio fitball (Fitball Pass V-Up).gif	V-up  fitball
2026-08-01T11:06:30	Addominali e Core	1dcff63c2650851199baecae9f1a53b1e8379d880a41fff289f0b371050c1867	V-Up scambio fitball (Fitball Pass V-Up).gif	V-up fitball
2026-08-01T14:13:42	Addominali e Core	f091bb852bb3acc0048f2ecab0fdda74f3c2372f71e42fbc37755458b775b9a2	Retroversione bacino supino.gif	Retroversione bacino da supino
2026-08-01T18:55:44	Bicipiti e Braccia	0c88aa9fafdaab6791e084af8e7c0b0cfcc8b9db51f03bbefff476e155809d94	Curl bilanciere dritto Arm Blaster in piedi (Standing Arm Blaster Barbell Simultaneous Curl).gif	Curl bilanciere dritto arm blaster in 
2026-08-01T18:55:46	Bicipiti e Braccia	0c88aa9fafdaab6791e084af8e7c0b0cfcc8b9db51f03bbefff476e155809d94	Curl bilanciere dritto Arm Blaster in piedi (Standing Arm Blaster Barbell Simultaneous Curl).gif	Curl bilanciere dritto arm blaster in piedi
2026-08-01T19:01:45	Bicipiti e Braccia	0c88aa9fafdaab6791e084af8e7c0b0cfcc8b9db51f03bbefff476e155809d94	Curl bilanciere dritto Arm Blaster in piedi (Standing Arm Blaster Barbell Simultaneous Curl).gif	Curl bilanciere arm blaster in piedi
2026-08-01T19:02:53	Bicipiti e Braccia	ebc7b3bc992c0414df39ef1890b33ee5f2c87ea78862aa030ec46419bc28cceb	Curl bilanciere dritto in piedi (Barbell Curl).gif	Curl bilanciere in piedi
2026-08-01T19:11:02	Bicipiti e Braccia	8ca2bd71da1a64e6a123b0d9f443a43a06678f1ea3f6ed37261363a3dbb21452	Curl bilanciere dritto panca Scott (Barbell Preacher Simultaneous Curl).gif	Curl bilanciere panca Scott
2026-08-01T19:11:10	Bicipiti e Braccia	2c2d5aab8f92541b31ae92e377d4821e2ed3b5573c18a2776e3040b741707e7c	Curl bilanciere dritto presa larga in piedi (Wide-Grip Barbell Curl).gif	Curl bilanciere presa larga in piedi
2026-08-01T19:12:54	Bicipiti e Braccia	735ec1518f5ee1cea040bd10ac19f06f9bcdd2df6d6f76e60214a1a4a4551d70	Curl bilanciere dritto presa stretta in piedi (Close-Grip Barbell Curl).gif	Curl bilanciere presa stretta in piedi
2026-08-01T19:15:09	Bicipiti e Braccia	5d1b1a9961c14988e329b6ba81455b24052ffc17ff9f97e71e844e8cd8d609fa	Curl bilanciere EZ panca Scott (Barbell Preacher Simultaneous Curl).gif	Curl bilanciere EZ panca Scott 
2026-08-01T19:15:11	Bicipiti e Braccia	5d1b1a9961c14988e329b6ba81455b24052ffc17ff9f97e71e844e8cd8d609fa	Curl bilanciere EZ panca Scott (Barbell Preacher Simultaneous Curl).gif	Curl bilanciere EZ panca Scott sedut
2026-08-01T19:15:12	Bicipiti e Braccia	5d1b1a9961c14988e329b6ba81455b24052ffc17ff9f97e71e844e8cd8d609fa	Curl bilanciere EZ panca Scott (Barbell Preacher Simultaneous Curl).gif	Curl bilanciere EZ panca Scott seduto
2026-08-01T19:20:20	Bicipiti e Braccia	0c88aa9fafdaab6791e084af8e7c0b0cfcc8b9db51f03bbefff476e155809d94	Curl bilanciere dritto Arm Blaster in piedi (Standing Arm Blaster Barbell Simultaneous Curl).gif	Curl bilanciere arm blaster 
2026-08-01T19:20:20	Bicipiti e Braccia	0c88aa9fafdaab6791e084af8e7c0b0cfcc8b9db51f03bbefff476e155809d94	Curl bilanciere dritto Arm Blaster in piedi (Standing Arm Blaster Barbell Simultaneous Curl).gif	Curl bilanciere arm blaster
2026-08-01T19:20:40	Bicipiti e Braccia	ebc7b3bc992c0414df39ef1890b33ee5f2c87ea78862aa030ec46419bc28cceb	Curl bilanciere dritto in piedi (Barbell Curl).gif	Curl bilanciere 
2026-08-01T19:20:41	Bicipiti e Braccia	ebc7b3bc992c0414df39ef1890b33ee5f2c87ea78862aa030ec46419bc28cceb	Curl bilanciere dritto in piedi (Barbell Curl).gif	Curl bilanciere
2026-08-01T19:20:55	Bicipiti e Braccia	8ca2bd71da1a64e6a123b0d9f443a43a06678f1ea3f6ed37261363a3dbb21452	Curl bilanciere dritto panca Scott (Barbell Preacher Simultaneous Curl).gif	Curl bilanciere panca Scott seduto
2026-08-01T19:21:14	Bicipiti e Braccia	2c2d5aab8f92541b31ae92e377d4821e2ed3b5573c18a2776e3040b741707e7c	Curl bilanciere dritto presa larga in piedi (Wide-Grip Barbell Curl).gif	Curl bilanciere presa larga i
2026-08-01T19:21:14	Bicipiti e Braccia	2c2d5aab8f92541b31ae92e377d4821e2ed3b5573c18a2776e3040b741707e7c	Curl bilanciere dritto presa larga in piedi (Wide-Grip Barbell Curl).gif	Curl bilanciere presa larga 
2026-08-01T19:21:16	Bicipiti e Braccia	2c2d5aab8f92541b31ae92e377d4821e2ed3b5573c18a2776e3040b741707e7c	Curl bilanciere dritto presa larga in piedi (Wide-Grip Barbell Curl).gif	Curl bilanciere presa larga
2026-08-01T19:21:34	Bicipiti e Braccia	735ec1518f5ee1cea040bd10ac19f06f9bcdd2df6d6f76e60214a1a4a4551d70	Curl bilanciere dritto presa stretta in piedi (Close-Grip Barbell Curl).gif	Curl bilanciere presa stretta i
2026-08-01T19:21:35	Bicipiti e Braccia	735ec1518f5ee1cea040bd10ac19f06f9bcdd2df6d6f76e60214a1a4a4551d70	Curl bilanciere dritto presa stretta in piedi (Close-Grip Barbell Curl).gif	Curl bilanciere presa stretta
2026-08-01T19:22:33	Bicipiti e Braccia	71fff98ef25b8091febeea6523349ccb281f0c40d42fa6724089a4741315bb5b	Curl bilanciere EZ in piedi (EZ-Bar Curl).gif	Curl bilanciere EZ in p
2026-08-01T19:22:34	Bicipiti e Braccia	71fff98ef25b8091febeea6523349ccb281f0c40d42fa6724089a4741315bb5b	Curl bilanciere EZ in piedi (EZ-Bar Curl).gif	Curl bilanciere EZ i
2026-08-01T19:22:35	Bicipiti e Braccia	71fff98ef25b8091febeea6523349ccb281f0c40d42fa6724089a4741315bb5b	Curl bilanciere EZ in piedi (EZ-Bar Curl).gif	Curl bilanciere EZ
2026-08-01T19:29:19	Bicipiti e Braccia	96c66cf7f277d0cb6cc20c5c78590dcd0a1ea019a82faace4cd271bda63b545b	Curl bilaterale simultaneo su panca inclinata con manubri (Simultaneous bilateral incline dumbbell curl).gif	Curl su panca inclinata con
2026-08-01T19:29:21	Bicipiti e Braccia	96c66cf7f277d0cb6cc20c5c78590dcd0a1ea019a82faace4cd271bda63b545b	Curl bilaterale simultaneo su panca inclinata con manubri (Simultaneous bilateral incline dumbbell curl).gif	Curl su panca inclinata 
2026-08-01T19:29:21	Bicipiti e Braccia	96c66cf7f277d0cb6cc20c5c78590dcd0a1ea019a82faace4cd271bda63b545b	Curl bilaterale simultaneo su panca inclinata con manubri (Simultaneous bilateral incline dumbbell curl).gif	Curl su panca inclinata
2026-08-01T19:29:25	Bicipiti e Braccia	96c66cf7f277d0cb6cc20c5c78590dcd0a1ea019a82faace4cd271bda63b545b	Curl bilaterale simultaneo su panca inclinata con manubri (Simultaneous bilateral incline dumbbell curl).gif	Curl manubrisu panca inclinata
2026-08-01T19:29:26	Bicipiti e Braccia	96c66cf7f277d0cb6cc20c5c78590dcd0a1ea019a82faace4cd271bda63b545b	Curl bilaterale simultaneo su panca inclinata con manubri (Simultaneous bilateral incline dumbbell curl).gif	Curl manubri su panca inclinata
2026-08-01T19:29:34	Bicipiti e Braccia	96c66cf7f277d0cb6cc20c5c78590dcd0a1ea019a82faace4cd271bda63b545b	Curl bilaterale simultaneo su panca inclinata con manubri (Simultaneous bilateral incline dumbbell curl).gif	Curl manubri panca inclinata
2026-08-01T19:31:11	Bicipiti e Braccia	156c320ed56703816ea9002dd2c8b14b100b17328ddb2bba05806413caf4b74b	Curl cavi alti in piedi croce (Standing High Cable Simultaneous Crucifix Curl).gif	Curl cavi alti
2026-08-01T19:31:15	Bicipiti e Braccia	156c320ed56703816ea9002dd2c8b14b100b17328ddb2bba05806413caf4b74b	Curl cavi alti in piedi croce (Standing High Cable Simultaneous Crucifix Curl).gif	Curl croce cavi alti
2026-08-01T19:32:08	Bicipiti e Braccia	e63cb4fc0ec9b6b970b36a5c273eb14d91cc7f88a38b759cb2afd97ce5a16648	Curl cavi bassi panca inclinata supino (Incline Bench Supine Cable Simultaneous Curl).gif	Curl cavi bassi panca inclinata
2026-08-01T19:33:16	Bicipiti e Braccia	e63cb4fc0ec9b6b970b36a5c273eb14d91cc7f88a38b759cb2afd97ce5a16648	Curl cavi bassi panca inclinata supino (Incline Bench Supine Cable Simultaneous Curl).gif	Curl croccavi bassi panca inclinata
2026-08-01T19:33:19	Bicipiti e Braccia	e63cb4fc0ec9b6b970b36a5c273eb14d91cc7f88a38b759cb2afd97ce5a16648	Curl cavi bassi panca inclinata supino (Incline Bench Supine Cable Simultaneous Curl).gif	Curl croci cavi bassi panca inclinata
2026-08-01T19:33:25	Bicipiti e Braccia	156c320ed56703816ea9002dd2c8b14b100b17328ddb2bba05806413caf4b74b	Curl cavi alti in piedi croce (Standing High Cable Simultaneous Crucifix Curl).gif	Curl croc cavi alti
2026-08-01T19:33:26	Bicipiti e Braccia	156c320ed56703816ea9002dd2c8b14b100b17328ddb2bba05806413caf4b74b	Curl cavi alti in piedi croce (Standing High Cable Simultaneous Crucifix Curl).gif	Curl croci cavi alti
2026-08-01T19:34:09	Bicipiti e Braccia	a07daa162b0b00bd1f16d18cb4081cb0d19d48338940440f97ddacd6b30e0672	Curl cavo alto barra dritta panca piana supino (Lying Flat Bench Cable Straight-Bar Simultaneous Curl).gif	Curl dritta panca piana supino
2026-08-01T19:34:30	Bicipiti e Braccia	a07daa162b0b00bd1f16d18cb4081cb0d19d48338940440f97ddacd6b30e0672	Curl cavo alto barra dritta panca piana supino (Lying Flat Bench Cable Straight-Bar Simultaneous Curl).gif	Curl cavo alto barra dritta panca piana supino
2026-08-01T19:34:36	Bicipiti e Braccia	a07daa162b0b00bd1f16d18cb4081cb0d19d48338940440f97ddacd6b30e0672	Curl cavo alto barra dritta panca piana supino (Lying Flat Bench Cable Straight-Bar Simultaneous Curl).gif	Curl cavo alto dritta panca piana supino
2026-08-01T19:34:41	Bicipiti e Braccia	a07daa162b0b00bd1f16d18cb4081cb0d19d48338940440f97ddacd6b30e0672	Curl cavo alto barra dritta panca piana supino (Lying Flat Bench Cable Straight-Bar Simultaneous Curl).gif	Curl barracavo alto dritta panca piana supino
2026-08-01T19:34:42	Bicipiti e Braccia	a07daa162b0b00bd1f16d18cb4081cb0d19d48338940440f97ddacd6b30e0672	Curl cavo alto barra dritta panca piana supino (Lying Flat Bench Cable Straight-Bar Simultaneous Curl).gif	Curl barra cavo alto dritta panca piana supino
2026-08-01T19:35:46	Bicipiti e Braccia	a07daa162b0b00bd1f16d18cb4081cb0d19d48338940440f97ddacd6b30e0672	Curl cavo alto barra dritta panca piana supino (Lying Flat Bench Cable Straight-Bar Simultaneous Curl).gif	Curl barra cavo medio dritta panca piana supino
2026-08-01T19:35:50	Bicipiti e Braccia	a07daa162b0b00bd1f16d18cb4081cb0d19d48338940440f97ddacd6b30e0672	Curl cavo alto barra dritta panca piana supino (Lying Flat Bench Cable Straight-Bar Simultaneous Curl).gif	Curl barra cavo mediota panca piana supino
2026-08-01T19:35:51	Bicipiti e Braccia	a07daa162b0b00bd1f16d18cb4081cb0d19d48338940440f97ddacd6b30e0672	Curl cavo alto barra dritta panca piana supino (Lying Flat Bench Cable Straight-Bar Simultaneous Curl).gif	Curl barra cavo medio panca piana supino
2026-08-01T19:35:54	Bicipiti e Braccia	a07daa162b0b00bd1f16d18cb4081cb0d19d48338940440f97ddacd6b30e0672	Curl cavo alto barra dritta panca piana supino (Lying Flat Bench Cable Straight-Bar Simultaneous Curl).gif	Curl barra cavo medio panca piana pino
2026-08-01T19:35:55	Bicipiti e Braccia	a07daa162b0b00bd1f16d18cb4081cb0d19d48338940440f97ddacd6b30e0672	Curl cavo alto barra dritta panca piana supino (Lying Flat Bench Cable Straight-Bar Simultaneous Curl).gif	Curl barra cavo medio panca pianapino
2026-08-01T19:35:56	Bicipiti e Braccia	a07daa162b0b00bd1f16d18cb4081cb0d19d48338940440f97ddacd6b30e0672	Curl cavo alto barra dritta panca piana supino (Lying Flat Bench Cable Straight-Bar Simultaneous Curl).gif	Curl barra cavo medio panca piana
2026-08-01T19:45:46	Bicipiti e Braccia	a07daa162b0b00bd1f16d18cb4081cb0d19d48338940440f97ddacd6b30e0672	Curl cavo alto barra dritta panca piana supino (Lying Flat Bench Cable Straight-Bar Simultaneous Curl).gif	Curl barra cavo panca piana
2026-08-01T19:46:04	Bicipiti e Braccia	2a71887e548d59adefbafbd6415b3b1f09fcc92de3b79e974de6078a96bd8829	Curl cavo alto barra EZ in piedi (Standing High Cable EZ-Bar Simultaneous Curl).gif	Curl cavo barra EZ
2026-08-01T19:47:23	Bicipiti e Braccia	592b046e71777ef5d512d6f6a05451e9ddc7a5ffe9cb3dc445766708ae1da1d5	Curl cavo basso panca inclinata supino (Incline Bench Supine Cable Simultaneous Curl).gif	Curl cavo basso panca inclinata
2026-08-01T19:52:49	Bicipiti e Braccia	85d258c5e5c3cbdb7fdbb7b9c4b2a43019a0f6dad6d952b95cbf2cb51fbd0ae0	Curl cavo basso squat (Squatting Cable Simultaneous Curl).gif	Curl cavo basso
2026-08-01T19:52:52	Bicipiti e Braccia	85d258c5e5c3cbdb7fdbb7b9c4b2a43019a0f6dad6d952b95cbf2cb51fbd0ae0	Curl cavo basso squat (Squatting Cable Simultaneous Curl).gif	Curl squatcavo basso
2026-08-01T19:52:53	Bicipiti e Braccia	85d258c5e5c3cbdb7fdbb7b9c4b2a43019a0f6dad6d952b95cbf2cb51fbd0ae0	Curl cavo basso squat (Squatting Cable Simultaneous Curl).gif	Curl squat cavo basso
2026-08-01T19:53:18	Bicipiti e Braccia	7cd4e155d595c80c57a3adb1d4bbef4b6da3c2017b11df124c3558618fc59ffb	Curl Hammer alternato manubri in piedi (Standing Alternating Dumbbell Hammer Curl).gif	Curl hammer manubri alternato
2026-08-01T20:48:54	Bicipiti e Braccia	de137d952cb7d7f78f1ab87fe83f13dd1d299c30aa1718ff6f93eb49d1e7735a	Curl Hammer cavo basso corda in piedi (Standing Cable Rope Hammer Simultaneous Curl).gif	Curl hammer cavo basso
2026-08-01T20:48:58	Bicipiti e Braccia	de137d952cb7d7f78f1ab87fe83f13dd1d299c30aa1718ff6f93eb49d1e7735a	Curl Hammer cavo basso corda in piedi (Standing Cable Rope Hammer Simultaneous Curl).gif	Curl hammer corda cavo basso
2026-08-01T20:50:18	Bicipiti e Braccia	c6b181e1adbbb8acce7236b96dfd05c964dccfaa40fce7946a7ee068e0f96210	Curl Hammer manubri in piedi (Standing Dumbbell Hammer Simultaneous Curl).gif	Curl hammer manubri
2026-08-01T20:53:05	Bicipiti e Braccia	d09ec79df469cad51460a346f0a94d12e47fa8d91991190fd8a83f3be3e87183	Curl Hammer un braccio corda cavo basso in piedi (Standing Cable Rope Single-Arm Hammer Curl).gif	Curl hammer corda cavo basso
2026-08-01T20:53:10	Bicipiti e Braccia	d09ec79df469cad51460a346f0a94d12e47fa8d91991190fd8a83f3be3e87183	Curl Hammer un braccio corda cavo basso in piedi (Standing Cable Rope Single-Arm Hammer Curl).gif	Curl hammer un bracciocorda cavo basso
2026-08-01T20:53:12	Bicipiti e Braccia	d09ec79df469cad51460a346f0a94d12e47fa8d91991190fd8a83f3be3e87183	Curl Hammer un braccio corda cavo basso in piedi (Standing Cable Rope Single-Arm Hammer Curl).gif	Curl hammer un braccio corda cavo basso
2026-08-01T21:00:04	Bicipiti e Braccia	d09ec79df469cad51460a346f0a94d12e47fa8d91991190fd8a83f3be3e87183	Curl Hammer un braccio corda cavo basso in piedi (Standing Cable Rope Single-Arm Hammer Curl).gif	Curl hammer un braccio corda cavo
2026-08-01T21:01:45	Bicipiti e Braccia	d09ec79df469cad51460a346f0a94d12e47fa8d91991190fd8a83f3be3e87183	Curl Hammer un braccio corda cavo basso in piedi (Standing Cable Rope Single-Arm Hammer Curl).gif	Curl hammer un braccio corda al cavo
2026-08-01T21:02:09	Bicipiti e Braccia	d09ec79df469cad51460a346f0a94d12e47fa8d91991190fd8a83f3be3e87183	Curl Hammer un braccio corda cavo basso in piedi (Standing Cable Rope Single-Arm Hammer Curl).gif	Curl hammer un braccio cordacavo
2026-08-01T21:02:10	Bicipiti e Braccia	d09ec79df469cad51460a346f0a94d12e47fa8d91991190fd8a83f3be3e87183	Curl Hammer un braccio corda cavo basso in piedi (Standing Cable Rope Single-Arm Hammer Curl).gif	Curl hammer un braccio corda cavo
2026-08-01T21:02:39	Bicipiti e Braccia	d09ec79df469cad51460a346f0a94d12e47fa8d91991190fd8a83f3be3e87183	Curl Hammer un braccio corda cavo basso in piedi (Standing Cable Rope Single-Arm Hammer Curl).gif	Curl hammer un braccio corda cavo 
2026-08-01T21:03:17	Bicipiti e Braccia	b983b590968b642cefc633ad5ad2ccd1a5dd704442c48e9b57a37b4a61ec222d	Curl Hammer un braccio manubri in piedi (Standing Single-Arm Dumbbell Hammer Curl).gif	Curl hammer manubri un braccio 
2026-08-01T21:03:18	Bicipiti e Braccia	b983b590968b642cefc633ad5ad2ccd1a5dd704442c48e9b57a37b4a61ec222d	Curl Hammer un braccio manubri in piedi (Standing Single-Arm Dumbbell Hammer Curl).gif	Curl hammer manubri un braccio
2026-08-01T21:03:26	Bicipiti e Braccia	b983b590968b642cefc633ad5ad2ccd1a5dd704442c48e9b57a37b4a61ec222d	Curl Hammer un braccio manubri in piedi (Standing Single-Arm Dumbbell Hammer Curl).gif	Curl hammer manubri un braccio 
2026-08-01T21:03:27	Bicipiti e Braccia	b983b590968b642cefc633ad5ad2ccd1a5dd704442c48e9b57a37b4a61ec222d	Curl Hammer un braccio manubri in piedi (Standing Single-Arm Dumbbell Hammer Curl).gif	Curl hammer manubri un braccio i
2026-08-01T21:03:28	Bicipiti e Braccia	b983b590968b642cefc633ad5ad2ccd1a5dd704442c48e9b57a37b4a61ec222d	Curl Hammer un braccio manubri in piedi (Standing Single-Arm Dumbbell Hammer Curl).gif	Curl hammer manubri un braccio in
2026-08-01T21:03:29	Bicipiti e Braccia	b983b590968b642cefc633ad5ad2ccd1a5dd704442c48e9b57a37b4a61ec222d	Curl Hammer un braccio manubri in piedi (Standing Single-Arm Dumbbell Hammer Curl).gif	Curl hammer manubri un braccio in 
2026-08-01T21:03:29	Bicipiti e Braccia	b983b590968b642cefc633ad5ad2ccd1a5dd704442c48e9b57a37b4a61ec222d	Curl Hammer un braccio manubri in piedi (Standing Single-Arm Dumbbell Hammer Curl).gif	Curl hammer manubri un braccio in p
2026-08-01T21:03:31	Bicipiti e Braccia	b983b590968b642cefc633ad5ad2ccd1a5dd704442c48e9b57a37b4a61ec222d	Curl Hammer un braccio manubri in piedi (Standing Single-Arm Dumbbell Hammer Curl).gif	Curl hammer manubri un braccio in piedi
2026-08-01T21:03:31	Bicipiti e Braccia	d09ec79df469cad51460a346f0a94d12e47fa8d91991190fd8a83f3be3e87183	Curl Hammer un braccio corda cavo basso in piedi (Standing Cable Rope Single-Arm Hammer Curl).gif	Curl hammer un braccio corda cavo
2026-08-01T21:08:57	Bicipiti e Braccia	d09ec79df469cad51460a346f0a94d12e47fa8d91991190fd8a83f3be3e87183	Curl Hammer un braccio corda cavo basso in piedi (Standing Cable Rope Single-Arm Hammer Curl).gif	Curl hammer un braccio
2026-08-01T21:09:00	Bicipiti e Braccia	d09ec79df469cad51460a346f0a94d12e47fa8d91991190fd8a83f3be3e87183	Curl Hammer un braccio corda cavo basso in piedi (Standing Cable Rope Single-Arm Hammer Curl).gif	Curl hammer corda cavoun braccio
2026-08-01T21:09:02	Bicipiti e Braccia	d09ec79df469cad51460a346f0a94d12e47fa8d91991190fd8a83f3be3e87183	Curl Hammer un braccio corda cavo basso in piedi (Standing Cable Rope Single-Arm Hammer Curl).gif	Curl hammer corda cavo un braccio
2026-08-01T21:09:05	Bicipiti e Braccia	d09ec79df469cad51460a346f0a94d12e47fa8d91991190fd8a83f3be3e87183	Curl Hammer un braccio corda cavo basso in piedi (Standing Cable Rope Single-Arm Hammer Curl).gif	Curl hammer corda un braccio
2026-08-01T21:09:42	Bicipiti e Braccia	d09ec79df469cad51460a346f0a94d12e47fa8d91991190fd8a83f3be3e87183	Curl Hammer un braccio corda cavo basso in piedi (Standing Cable Rope Single-Arm Hammer Curl).gif	Curl hammer corda e  un braccio
2026-08-01T21:09:45	Bicipiti e Braccia	d09ec79df469cad51460a346f0a94d12e47fa8d91991190fd8a83f3be3e87183	Curl Hammer un braccio corda cavo basso in piedi (Standing Cable Rope Single-Arm Hammer Curl).gif	Curl hammer corda e cavo un braccio
2026-08-01T21:10:30	Bicipiti e Braccia	71e519e3de662dba66ea6fb2fbf58d27223cc73ac630952ed3cd8039232193fa	Curl Hammer un braccio manubri seduto su panca (Seated Unilateral Dumbbell Hammer Curl).gif	Curl hammer manubri un braccio pac
2026-08-01T21:10:32	Bicipiti e Braccia	71e519e3de662dba66ea6fb2fbf58d27223cc73ac630952ed3cd8039232193fa	Curl Hammer un braccio manubri seduto su panca (Seated Unilateral Dumbbell Hammer Curl).gif	Curl hammer manubri un braccio pa
2026-08-01T21:10:34	Bicipiti e Braccia	71e519e3de662dba66ea6fb2fbf58d27223cc73ac630952ed3cd8039232193fa	Curl Hammer un braccio manubri seduto su panca (Seated Unilateral Dumbbell Hammer Curl).gif	Curl hammer manubri un braccio panca vert
2026-08-01T21:10:35	Bicipiti e Braccia	71e519e3de662dba66ea6fb2fbf58d27223cc73ac630952ed3cd8039232193fa	Curl Hammer un braccio manubri seduto su panca (Seated Unilateral Dumbbell Hammer Curl).gif	Curl hammer manubri un braccio panca verticale
2026-08-01T21:12:36	Bicipiti e Braccia	af9c1605d9bfc889c8fcb84214702791ef7e43c0273b9fdf12ddde5229975821	Curl macchina alternato seduto (Standing Alternating Machine Curl).gif	Curl macchina seduto
2026-08-01T21:12:40	Bicipiti e Braccia	af9c1605d9bfc889c8fcb84214702791ef7e43c0273b9fdf12ddde5229975821	Curl macchina alternato seduto (Standing Alternating Machine Curl).gif	Curl alternato macchina seduto
2026-08-01T21:13:29	Bicipiti e Braccia	af9c1605d9bfc889c8fcb84214702791ef7e43c0273b9fdf12ddde5229975821	Curl macchina alternato seduto (Standing Alternating Machine Curl).gif	Curl alternato macchina
2026-08-01T21:13:49	Bicipiti e Braccia	b23dd5572648bf8d41829c8cd43e1af4d054dc54f2f300afe95cf3d90aaf326b	Curl macchina seduto (Machine Simultaneous Curl).gif	Curl macchina
2026-08-01T21:14:16	Bicipiti e Braccia	3151e8bf9d7d504b8d0147439783b832cdc0da584d99212ddfc82bcca47d6639	Curl manubri alternato in piedi (Standing Alternating Dumbbell Curl).gif	Curl manubri in piedi
2026-08-01T21:14:21	Bicipiti e Braccia	3151e8bf9d7d504b8d0147439783b832cdc0da584d99212ddfc82bcca47d6639	Curl manubri alternato in piedi (Standing Alternating Dumbbell Curl).gif	Curl alternato manubri in piedi
2026-08-01T21:14:26	Bicipiti e Braccia	3151e8bf9d7d504b8d0147439783b832cdc0da584d99212ddfc82bcca47d6639	Curl manubri alternato in piedi (Standing Alternating Dumbbell Curl).gif	Curl alternato manubri 
2026-08-01T21:14:27	Bicipiti e Braccia	3151e8bf9d7d504b8d0147439783b832cdc0da584d99212ddfc82bcca47d6639	Curl manubri alternato in piedi (Standing Alternating Dumbbell Curl).gif	Curl alternato manubri
2026-08-01T21:15:14	Bicipiti e Braccia	3c7a52c12db193c9ae7df3e84b97532cceddfef14783bcb6f68e310a4381aabd	Curl manubri alternato panca inclinata (Incline Alternating Dumbbell Curl).gif	Curl manubri panca inclinata
2026-08-01T21:15:18	Bicipiti e Braccia	3c7a52c12db193c9ae7df3e84b97532cceddfef14783bcb6f68e310a4381aabd	Curl manubri alternato panca inclinata (Incline Alternating Dumbbell Curl).gif	Curl alternato manubri panca inclinata
2026-08-01T21:15:48	Bicipiti e Braccia	aabda92b172af018ede93d3432afb7c4ee1479bd0eb6f0ca18733f9be3a91f6a	Curl manubri alternato panca Scott (Seated Alternating Dumbbell Preacher Curl).gif	Curl manubri panca Scott
2026-08-01T21:15:52	Bicipiti e Braccia	aabda92b172af018ede93d3432afb7c4ee1479bd0eb6f0ca18733f9be3a91f6a	Curl manubri alternato panca Scott (Seated Alternating Dumbbell Preacher Curl).gif	Curl alternato manubri panca Scott
2026-08-01T21:16:05	Bicipiti e Braccia	a4eb3d58794d295b5e1fa8d9fbfd03460895cb37f5ec4dfc1277c6d2de516f50	Curl manubri diagonale in piedi (Standing Diagonal Dumbbell Curl).gif	Curl manubri
2026-08-01T21:16:08	Bicipiti e Braccia	a4eb3d58794d295b5e1fa8d9fbfd03460895cb37f5ec4dfc1277c6d2de516f50	Curl manubri diagonale in piedi (Standing Diagonal Dumbbell Curl).gif	Curl diagonale manubri
2026-08-01T21:17:06	Bicipiti e Braccia	12f9544b7683c6cd305b7b9ae6bbb43ad4931238372e206e002659c04a439923	Curl manubri presa inversa in piedi (Standing Dumbbell Reverse Simultaneous Curl).gif	Curl presa inversa
2026-08-01T21:17:09	Bicipiti e Braccia	12f9544b7683c6cd305b7b9ae6bbb43ad4931238372e206e002659c04a439923	Curl manubri presa inversa in piedi (Standing Dumbbell Reverse Simultaneous Curl).gif	Curl presa inversa 
2026-08-01T21:17:10	Bicipiti e Braccia	12f9544b7683c6cd305b7b9ae6bbb43ad4931238372e206e002659c04a439923	Curl manubri presa inversa in piedi (Standing Dumbbell Reverse Simultaneous Curl).gif	Curl presa inversa manubri
2026-08-01T21:17:35	Bicipiti e Braccia	5c5c14f9516abfa8acb509b0459238674976d2932e3555485ec5894159b86541	Curl manubri Zottman seduto (Seated Zottman Curl).gif	Curl manubri seduto
2026-08-01T21:17:39	Bicipiti e Braccia	5c5c14f9516abfa8acb509b0459238674976d2932e3555485ec5894159b86541	Curl manubri Zottman seduto (Seated Zottman Curl).gif	Curl Zottmanmanubri seduto
2026-08-01T21:17:40	Bicipiti e Braccia	5c5c14f9516abfa8acb509b0459238674976d2932e3555485ec5894159b86541	Curl manubri Zottman seduto (Seated Zottman Curl).gif	Curl Zottman manubri seduto
2026-08-01T21:17:56	Bicipiti e Braccia	5c5c14f9516abfa8acb509b0459238674976d2932e3555485ec5894159b86541	Curl manubri Zottman seduto (Seated Zottman Curl).gif	Curl Zottman manubri panca piana
2026-08-01T21:18:10	Bicipiti e Braccia	5c5c14f9516abfa8acb509b0459238674976d2932e3555485ec5894159b86541	Curl manubri Zottman seduto (Seated Zottman Curl).gif	Curl Zottman manubri panca pian
2026-08-01T21:18:11	Bicipiti e Braccia	5c5c14f9516abfa8acb509b0459238674976d2932e3555485ec5894159b86541	Curl manubri Zottman seduto (Seated Zottman Curl).gif	Curl Zottman manubri panca pia
2026-08-01T21:18:13	Bicipiti e Braccia	5c5c14f9516abfa8acb509b0459238674976d2932e3555485ec5894159b86541	Curl manubri Zottman seduto (Seated Zottman Curl).gif	Curl Zottman manubri pan
2026-08-01T21:18:14	Bicipiti e Braccia	5c5c14f9516abfa8acb509b0459238674976d2932e3555485ec5894159b86541	Curl manubri Zottman seduto (Seated Zottman Curl).gif	Curl Zottman manubri seduto
2026-08-01T21:21:44	Bicipiti e Braccia	51bdbf003b2beb01529f2070ce19e30d527fb4bb11a81c68050d061110b6e8de	Curl un braccio cavo alto in piedi (Standing Cable Single-Arm Curl).gif	Curl un braccio
2026-08-01T21:21:47	Bicipiti e Braccia	51bdbf003b2beb01529f2070ce19e30d527fb4bb11a81c68050d061110b6e8de	Curl un braccio cavo alto in piedi (Standing Cable Single-Arm Curl).gif	Curl un braccio 
2026-08-01T21:21:48	Bicipiti e Braccia	51bdbf003b2beb01529f2070ce19e30d527fb4bb11a81c68050d061110b6e8de	Curl un braccio cavo alto in piedi (Standing Cable Single-Arm Curl).gif	Curl un braccio cavo alto
2026-08-01T21:22:19	Bicipiti e Braccia	e7f4a84a29ab9ce26dbe4f602e3709a188e946ed73676f3846ed1ba69154615b	Curl un braccio cavo basso dietro schiena in piedi (Standing Behind the Back Cable Single-Arm Curl).gif	Curl un braccio dietro schiena
2026-08-01T21:22:28	Bicipiti e Braccia	e7f4a84a29ab9ce26dbe4f602e3709a188e946ed73676f3846ed1ba69154615b	Curl un braccio cavo basso dietro schiena in piedi (Standing Behind the Back Cable Single-Arm Curl).gif	Curl un braccio dietro schiena. 
2026-08-01T21:22:29	Bicipiti e Braccia	e7f4a84a29ab9ce26dbe4f602e3709a188e946ed73676f3846ed1ba69154615b	Curl un braccio cavo basso dietro schiena in piedi (Standing Behind the Back Cable Single-Arm Curl).gif	Curl un braccio dietro schiena. cavo basso
2026-08-01T21:22:32	Bicipiti e Braccia	e7f4a84a29ab9ce26dbe4f602e3709a188e946ed73676f3846ed1ba69154615b	Curl un braccio cavo basso dietro schiena in piedi (Standing Behind the Back Cable Single-Arm Curl).gif	Curl un braccio dietro schiena cavo basso
2026-08-01T21:22:59	Bicipiti e Braccia	bddea1462b8a760bc8d5d6301d77a0960c2b319ad546683384400858f088f655	Curl un braccio cavo basso in piedi (Unilateral Low Cable Curl).gif	Curl un braccio in piedi
2026-08-01T21:23:02	Bicipiti e Braccia	bddea1462b8a760bc8d5d6301d77a0960c2b319ad546683384400858f088f655	Curl un braccio cavo basso in piedi (Unilateral Low Cable Curl).gif	Curl un braccio  in piedi
2026-08-01T21:23:02	Bicipiti e Braccia	bddea1462b8a760bc8d5d6301d77a0960c2b319ad546683384400858f088f655	Curl un braccio cavo basso in piedi (Unilateral Low Cable Curl).gif	Curl un braccio cavo basso in piedi
2026-08-01T21:23:27	Bicipiti e Braccia	a827b3a82de603f2017cc296a30012f5b7d8c70af6e2a255fd25917a8227035d	Curl un braccio cavo basso panca Scott (Cable Single-Arm Preacher Curl).gif	Curl un braccio panca Scott
2026-08-01T21:23:40	Bicipiti e Braccia	a827b3a82de603f2017cc296a30012f5b7d8c70af6e2a255fd25917a8227035d	Curl un braccio cavo basso panca Scott (Cable Single-Arm Preacher Curl).gif	Curl un braccio panca Scott 
2026-08-01T21:23:41	Bicipiti e Braccia	a827b3a82de603f2017cc296a30012f5b7d8c70af6e2a255fd25917a8227035d	Curl un braccio cavo basso panca Scott (Cable Single-Arm Preacher Curl).gif	Curl un braccio panca Scott cavo basso
2026-08-01T21:26:38	Bicipiti e Braccia	5f37b581eb891c314b5e47b8a9fee19eb532c244694e00ffdcc0f437429150c1	Curl un braccio manubri panca inclinata prono (Incline Dumbbell Concentration Curl).gif	Curl manubri un braccio panca inclinata
2026-08-01T21:27:06	Bicipiti e Braccia	5f37b581eb891c314b5e47b8a9fee19eb532c244694e00ffdcc0f437429150c1	Curl un braccio manubri panca inclinata prono (Incline Dumbbell Concentration Curl).gif	Curl un braccio panca inclinata
2026-08-01T21:27:09	Bicipiti e Braccia	5f37b581eb891c314b5e47b8a9fee19eb532c244694e00ffdcc0f437429150c1	Curl un braccio manubri panca inclinata prono (Incline Dumbbell Concentration Curl).gif	Curl un braccio manubri panca inclinata
2026-08-01T21:27:13	Bicipiti e Braccia	5f37b581eb891c314b5e47b8a9fee19eb532c244694e00ffdcc0f437429150c1	Curl un braccio manubri panca inclinata prono (Incline Dumbbell Concentration Curl).gif	Curl un braccio manubrio panca inclinata
2026-08-01T21:27:27	Bicipiti e Braccia	8899aec14507cb87c4366d67cf58d3bac65f1468eaeb7df9e3ee866d6cf5e29e	Curl un braccio manubri panca Scott (Seated Dumbbell Single-Arm Preacher Curl).gif	Curl manubri panca Scott
2026-08-01T21:27:31	Bicipiti e Braccia	8899aec14507cb87c4366d67cf58d3bac65f1468eaeb7df9e3ee866d6cf5e29e	Curl un braccio manubri panca Scott (Seated Dumbbell Single-Arm Preacher Curl).gif	Curl un braccio manubri panca Scott
2026-08-01T21:27:35	Bicipiti e Braccia	8899aec14507cb87c4366d67cf58d3bac65f1468eaeb7df9e3ee866d6cf5e29e	Curl un braccio manubri panca Scott (Seated Dumbbell Single-Arm Preacher Curl).gif	Curl un braccio manubrio panca Scott
2026-08-01T21:27:47	Bicipiti e Braccia	8899aec14507cb87c4366d67cf58d3bac65f1468eaeb7df9e3ee866d6cf5e29e	Curl un braccio manubri panca Scott (Seated Dumbbell Single-Arm Preacher Curl).gif	Curl un braccio manubrio panca Scott 
2026-08-01T21:27:48	Bicipiti e Braccia	8899aec14507cb87c4366d67cf58d3bac65f1468eaeb7df9e3ee866d6cf5e29e	Curl un braccio manubri panca Scott (Seated Dumbbell Single-Arm Preacher Curl).gif	Curl un braccio manubrio panca Scott se
2026-08-01T21:27:50	Bicipiti e Braccia	8899aec14507cb87c4366d67cf58d3bac65f1468eaeb7df9e3ee866d6cf5e29e	Curl un braccio manubri panca Scott (Seated Dumbbell Single-Arm Preacher Curl).gif	Curl un braccio manubrio panca Scott seduto
2026-08-01T21:28:31	Bicipiti e Braccia	e6b380b854853346471dd3f5b6465192ab78650cdcf6084e7e90512618a76d77	Curl un braccio manubri panca Scott in piedi (Dumbbell Preacher Curl).gif	Curl un braccio panca Scott in piedi
2026-08-01T21:28:34	Bicipiti e Braccia	e6b380b854853346471dd3f5b6465192ab78650cdcf6084e7e90512618a76d77	Curl un braccio manubri panca Scott in piedi (Dumbbell Preacher Curl).gif	Curl un braccio manubripanca Scott in piedi
2026-08-01T21:28:35	Bicipiti e Braccia	e6b380b854853346471dd3f5b6465192ab78650cdcf6084e7e90512618a76d77	Curl un braccio manubri panca Scott in piedi (Dumbbell Preacher Curl).gif	Curl un braccio manubriopanca Scott in piedi
2026-08-01T21:28:36	Bicipiti e Braccia	e6b380b854853346471dd3f5b6465192ab78650cdcf6084e7e90512618a76d77	Curl un braccio manubri panca Scott in piedi (Dumbbell Preacher Curl).gif	Curl un braccio manubrio panca Scott in piedi
2026-08-01T21:29:15	Bicipiti e Braccia	87500c87ff3afae691c8da96c458ae2a59916300b40181a01dda69c9c0cda637	Curl un braccio manubri seduto su panca (Dumbbell Concentration Curl).gif	Curl un braccio seduto
2026-08-01T21:29:19	Bicipiti e Braccia	87500c87ff3afae691c8da96c458ae2a59916300b40181a01dda69c9c0cda637	Curl un braccio manubri seduto su panca (Dumbbell Concentration Curl).gif	Curl un braccio manubri seduto
2026-08-01T21:29:21	Bicipiti e Braccia	87500c87ff3afae691c8da96c458ae2a59916300b40181a01dda69c9c0cda637	Curl un braccio manubri seduto su panca (Dumbbell Concentration Curl).gif	Curl un braccio manubrio seduto
2026-08-01T21:31:12	Bicipiti e Braccia	87500c87ff3afae691c8da96c458ae2a59916300b40181a01dda69c9c0cda637	Curl un braccio manubri seduto su panca (Dumbbell Concentration Curl).gif	Curl concentr un braccio manubrio seduto
2026-08-01T21:31:14	Bicipiti e Braccia	87500c87ff3afae691c8da96c458ae2a59916300b40181a01dda69c9c0cda637	Curl un braccio manubri seduto su panca (Dumbbell Concentration Curl).gif	Curl concentrato un braccio manubrio seduto
2026-08-01T21:31:29	Bicipiti e Braccia	87500c87ff3afae691c8da96c458ae2a59916300b40181a01dda69c9c0cda637	Curl un braccio manubri seduto su panca (Dumbbell Concentration Curl).gif	Curl concentrato un braccio manubrio
2026-08-01T21:34:30	Bicipiti e Braccia	c9430d092472cef84cb741d7e9d5e25f87d0f1da389f05f8bc9f67b7ec373bac	Curl un braccio cavo basso seduto su panca (Cable Concentration Curl).gif	Curl concentrato un braccio cavo basso seduto
2026-08-01T21:34:40	Bicipiti e Braccia	c9430d092472cef84cb741d7e9d5e25f87d0f1da389f05f8bc9f67b7ec373bac	Curl un braccio cavo basso seduto su panca (Cable Concentration Curl).gif	Curl concentrato un braccio cavo basso
2026-08-01T21:41:38	Bicipiti e Braccia	d886affd61e4f2316134173bf8577d9db7f26accf252bfd4ed9621f663808c14	Flessione polsi manubri panca (Simultaneous Bilateral Dumbbell Wrist Curl on Bench).gif	Flessione polsi manubri panc
2026-08-01T21:41:39	Bicipiti e Braccia	d886affd61e4f2316134173bf8577d9db7f26accf252bfd4ed9621f663808c14	Flessione polsi manubri panca (Simultaneous Bilateral Dumbbell Wrist Curl on Bench).gif	Flessione polsi manubri pa
2026-08-01T21:41:39	Bicipiti e Braccia	d886affd61e4f2316134173bf8577d9db7f26accf252bfd4ed9621f663808c14	Flessione polsi manubri panca (Simultaneous Bilateral Dumbbell Wrist Curl on Bench).gif	Flessione polsi manubri 
2026-08-01T21:41:41	Bicipiti e Braccia	d886affd61e4f2316134173bf8577d9db7f26accf252bfd4ed9621f663808c14	Flessione polsi manubri panca (Simultaneous Bilateral Dumbbell Wrist Curl on Bench).gif	Flessione polsi manubri seduta
2026-08-01T21:41:43	Bicipiti e Braccia	d886affd61e4f2316134173bf8577d9db7f26accf252bfd4ed9621f663808c14	Flessione polsi manubri panca (Simultaneous Bilateral Dumbbell Wrist Curl on Bench).gif	Flessione polsi manubri seduto
2026-08-01T21:41:56	Bicipiti e Braccia	76d2f9181e49365147d84aac3c712db81686d168a250db5964ecdf9ed3c88778	Flessione polso Hammer un braccio coscia seduto (Seated Single-Arm Hammer Grip Wrist Curl).gif	Flessione polso un braccio appoggio su coscia seduto
2026-08-01T21:41:59	Bicipiti e Braccia	76d2f9181e49365147d84aac3c712db81686d168a250db5964ecdf9ed3c88778	Flessione polso Hammer un braccio coscia seduto (Seated Single-Arm Hammer Grip Wrist Curl).gif	Flessione hammerpolso un braccio appoggio su coscia seduto
2026-08-01T21:41:59	Bicipiti e Braccia	76d2f9181e49365147d84aac3c712db81686d168a250db5964ecdf9ed3c88778	Flessione polso Hammer un braccio coscia seduto (Seated Single-Arm Hammer Grip Wrist Curl).gif	Flessione hammer polso un braccio appoggio su coscia seduto
2026-08-01T21:42:07	Bicipiti e Braccia	76d2f9181e49365147d84aac3c712db81686d168a250db5964ecdf9ed3c88778	Flessione polso Hammer un braccio coscia seduto (Seated Single-Arm Hammer Grip Wrist Curl).gif	Flessione hammerpolso un braccio appoggio su coscia seduto
2026-08-01T21:42:07	Bicipiti e Braccia	76d2f9181e49365147d84aac3c712db81686d168a250db5964ecdf9ed3c88778	Flessione polso Hammer un braccio coscia seduto (Seated Single-Arm Hammer Grip Wrist Curl).gif	Flessione polso un braccio appoggio su coscia seduto
2026-08-01T21:42:08	Bicipiti e Braccia	76d2f9181e49365147d84aac3c712db81686d168a250db5964ecdf9ed3c88778	Flessione polso Hammer un braccio coscia seduto (Seated Single-Arm Hammer Grip Wrist Curl).gif	Flessione polso hammer un braccio appoggio su coscia seduto
2026-08-01T21:42:13	Bicipiti e Braccia	76d2f9181e49365147d84aac3c712db81686d168a250db5964ecdf9ed3c88778	Flessione polso Hammer un braccio coscia seduto (Seated Single-Arm Hammer Grip Wrist Curl).gif	Flessione polso un braccio appoggio su coscia seduto
2026-08-01T21:42:14	Bicipiti e Braccia	76d2f9181e49365147d84aac3c712db81686d168a250db5964ecdf9ed3c88778	Flessione polso Hammer un braccio coscia seduto (Seated Single-Arm Hammer Grip Wrist Curl).gif	Flessione hammerpolso un braccio appoggio su coscia seduto
2026-08-01T21:42:16	Bicipiti e Braccia	76d2f9181e49365147d84aac3c712db81686d168a250db5964ecdf9ed3c88778	Flessione polso Hammer un braccio coscia seduto (Seated Single-Arm Hammer Grip Wrist Curl).gif	Flessione hammer polso un braccio appoggio su coscia seduto
2026-08-01T21:42:41	Bicipiti e Braccia	76d2f9181e49365147d84aac3c712db81686d168a250db5964ecdf9ed3c88778	Flessione polso Hammer un braccio coscia seduto (Seated Single-Arm Hammer Grip Wrist Curl).gif	Flessione hammer polso un braccio seduto
2026-08-01T21:45:55	Bicipiti e Braccia	f77453f55da146c234df3893307cfbdc0fe7bb32b4f03a8830f1d3ed5ad2090c	Flessione polso un braccio disco appoggio seduto (Seated Single-Arm Plate Wrist Curl).gif	Flessione polso disco un braccio appoggiatoo seduto
2026-08-01T21:45:56	Bicipiti e Braccia	f77453f55da146c234df3893307cfbdc0fe7bb32b4f03a8830f1d3ed5ad2090c	Flessione polso un braccio disco appoggio seduto (Seated Single-Arm Plate Wrist Curl).gif	Flessione polso disco un braccio appoggiatoseduto
2026-08-01T21:45:57	Bicipiti e Braccia	f77453f55da146c234df3893307cfbdc0fe7bb32b4f03a8830f1d3ed5ad2090c	Flessione polso un braccio disco appoggio seduto (Seated Single-Arm Plate Wrist Curl).gif	Flessione polso disco un braccio appoggiatoto
2026-08-01T21:45:58	Bicipiti e Braccia	f77453f55da146c234df3893307cfbdc0fe7bb32b4f03a8830f1d3ed5ad2090c	Flessione polso un braccio disco appoggio seduto (Seated Single-Arm Plate Wrist Curl).gif	Flessione polso disco un braccio appoggiato
2026-08-01T21:46:10	Bicipiti e Braccia	0dff9668e678728ade02683def5e03bd430ae7317e39ade3a01e31458cf6e449	Flessione polso un braccio manubrio appoggio seduto (Seated Single-Arm Dumbbell Wrist Curl).gif	Flessione polso manubrio un braccio appoggiatoo seduto
2026-08-01T21:46:11	Bicipiti e Braccia	0dff9668e678728ade02683def5e03bd430ae7317e39ade3a01e31458cf6e449	Flessione polso un braccio manubrio appoggio seduto (Seated Single-Arm Dumbbell Wrist Curl).gif	Flessione polso manubrio un braccio appoggiato
2026-08-01T21:46:41	Bicipiti e Braccia	f77453f55da146c234df3893307cfbdc0fe7bb32b4f03a8830f1d3ed5ad2090c	Flessione polso un braccio disco appoggio seduto (Seated Single-Arm Plate Wrist Curl).gif	Flessione polso un braccio appoggiato
2026-08-01T21:46:46	Bicipiti e Braccia	f77453f55da146c234df3893307cfbdc0fe7bb32b4f03a8830f1d3ed5ad2090c	Flessione polso un braccio disco appoggio seduto (Seated Single-Arm Plate Wrist Curl).gif	Flessione polso un braccio appoggiato 
2026-08-01T21:46:47	Bicipiti e Braccia	f77453f55da146c234df3893307cfbdc0fe7bb32b4f03a8830f1d3ed5ad2090c	Flessione polso un braccio disco appoggio seduto (Seated Single-Arm Plate Wrist Curl).gif	Flessione polso un braccio appoggiato disco
2026-08-01T21:47:16	Bicipiti e Braccia	0dff9668e678728ade02683def5e03bd430ae7317e39ade3a01e31458cf6e449	Flessione polso un braccio manubrio appoggio seduto (Seated Single-Arm Dumbbell Wrist Curl).gif	Flessione polso un braccio appoggiato
2026-08-01T21:47:18	Bicipiti e Braccia	0dff9668e678728ade02683def5e03bd430ae7317e39ade3a01e31458cf6e449	Flessione polso un braccio manubrio appoggio seduto (Seated Single-Arm Dumbbell Wrist Curl).gif	Flessione polso un braccio appoggiato 
2026-08-01T21:47:19	Bicipiti e Braccia	0dff9668e678728ade02683def5e03bd430ae7317e39ade3a01e31458cf6e449	Flessione polso un braccio manubrio appoggio seduto (Seated Single-Arm Dumbbell Wrist Curl).gif	Flessione polso un braccio appoggiato manubrio
2026-08-01T21:47:31	Bicipiti e Braccia	f77453f55da146c234df3893307cfbdc0fe7bb32b4f03a8830f1d3ed5ad2090c	Flessione polso un braccio disco appoggio seduto (Seated Single-Arm Plate Wrist Curl).gif	Flessione polso un braccio disco
2026-08-01T21:47:36	Bicipiti e Braccia	0dff9668e678728ade02683def5e03bd430ae7317e39ade3a01e31458cf6e449	Flessione polso un braccio manubrio appoggio seduto (Seated Single-Arm Dumbbell Wrist Curl).gif	Flessione polso un braccio manubrio
2026-08-01T21:52:51	Bicipiti e Braccia	f77453f55da146c234df3893307cfbdc0fe7bb32b4f03a8830f1d3ed5ad2090c	Flessione polso un braccio disco appoggio seduto (Seated Single-Arm Plate Wrist Curl).gif	Flessione polso  disco
2026-08-01T21:52:53	Bicipiti e Braccia	f77453f55da146c234df3893307cfbdc0fe7bb32b4f03a8830f1d3ed5ad2090c	Flessione polso un braccio disco appoggio seduto (Seated Single-Arm Plate Wrist Curl).gif	Flessione polso disco
2026-08-01T21:53:09	Bicipiti e Braccia	0dff9668e678728ade02683def5e03bd430ae7317e39ade3a01e31458cf6e449	Flessione polso un braccio manubrio appoggio seduto (Seated Single-Arm Dumbbell Wrist Curl).gif	Flessione polso un manubrio
2026-08-01T21:53:10	Bicipiti e Braccia	0dff9668e678728ade02683def5e03bd430ae7317e39ade3a01e31458cf6e449	Flessione polso un braccio manubrio appoggio seduto (Seated Single-Arm Dumbbell Wrist Curl).gif	Flessione polso manubrio
2026-08-02T14:58:50	Bicipiti e Braccia	b791447344f8fe1e44eff1d7a0cbc393e2e58ab66cc0b56432963aad30072ed3	Curl manubri panca inclinata (Incline Dumbbell Simultaneous Curl).gif	Curl con rotazione manubri panca inclinata
2026-08-02T14:58:59	Bicipiti e Braccia	b791447344f8fe1e44eff1d7a0cbc393e2e58ab66cc0b56432963aad30072ed3	Curl manubri panca inclinata (Incline Dumbbell Simultaneous Curl).gif	Curl rotazione manubri panca inclinata
2026-08-02T18:49:40	Cardio e Conditioning	f09679bc4e2443430734210c6347416d1ee8db5c66f5dda09ab16601f04a049c	Box diretto destra sacco.gif	Boxe diretto alternato sacco
2026-08-02T18:51:20	Cardio e Conditioning	39773120a5975eabdbe9761cc390e2f20df43b15221fb628ec08e530a83f5a1e	Box diretto destra.gif	Boxe diretto 
2026-08-02T18:51:21	Cardio e Conditioning	39773120a5975eabdbe9761cc390e2f20df43b15221fb628ec08e530a83f5a1e	Box diretto destra.gif	Boxe diretto alternato
2026-08-02T18:52:23	Cardio e Conditioning	f09679bc4e2443430734210c6347416d1ee8db5c66f5dda09ab16601f04a049c	Box diretto destra sacco.gif	Boxe diretto al sacco
2026-08-02T18:52:29	Cardio e Conditioning	39773120a5975eabdbe9761cc390e2f20df43b15221fb628ec08e530a83f5a1e	Box diretto destra.gif	Boxe diretto
2026-08-02T18:56:44	Cardio e Conditioning	c33c8c8ffd956d844aec76da14aed626159a5923a7f8ed0d9a965b917701bb99	Boxe diretti alternati.gif	Boxe pugn alternati
2026-08-02T18:56:45	Cardio e Conditioning	c33c8c8ffd956d844aec76da14aed626159a5923a7f8ed0d9a965b917701bb99	Boxe diretti alternati.gif	Boxe pugni alternati
2026-08-02T19:00:18	Cardio e Conditioning	e1e4307e26326e56dcf7574c67cd386015659c7bef39de23d926a33ef8f85145	Camminata laterale rapida.gif	Sal laterale rapida
2026-08-02T19:00:38	Cardio e Conditioning	e1e4307e26326e56dcf7574c67cd386015659c7bef39de23d926a33ef8f85145	Camminata laterale rapida.gif	Salell laterale rapida
2026-08-02T19:00:39	Cardio e Conditioning	e1e4307e26326e56dcf7574c67cd386015659c7bef39de23d926a33ef8f85145	Camminata laterale rapida.gif	Sal laterale rapida
2026-08-02T19:00:41	Cardio e Conditioning	e1e4307e26326e56dcf7574c67cd386015659c7bef39de23d926a33ef8f85145	Camminata laterale rapida.gif	Saltello  laterale rapida
2026-08-02T19:00:42	Cardio e Conditioning	e1e4307e26326e56dcf7574c67cd386015659c7bef39de23d926a33ef8f85145	Camminata laterale rapida.gif	Saltello laterale rapida
2026-08-02T19:01:42	Cardio e Conditioning	e1e4307e26326e56dcf7574c67cd386015659c7bef39de23d926a33ef8f85145	Camminata laterale rapida.gif	Saltello laterale rapido
2026-08-02T19:02:43	Cardio e Conditioning	e1e4307e26326e56dcf7574c67cd386015659c7bef39de23d926a33ef8f85145	Camminata laterale rapida.gif	Saltell laterale rapido
2026-08-02T19:02:50	Cardio e Conditioning	e1e4307e26326e56dcf7574c67cd386015659c7bef39de23d926a33ef8f85145	Camminata laterale rapida.gif	Salil laterale rapido
2026-08-02T19:02:51	Cardio e Conditioning	e1e4307e26326e56dcf7574c67cd386015659c7bef39de23d926a33ef8f85145	Camminata laterale rapida.gif	Sali laterale rapido
2026-08-02T19:02:52	Cardio e Conditioning	e1e4307e26326e56dcf7574c67cd386015659c7bef39de23d926a33ef8f85145	Camminata laterale rapida.gif	Sal laterale rapido
2026-08-02T19:02:53	Cardio e Conditioning	e1e4307e26326e56dcf7574c67cd386015659c7bef39de23d926a33ef8f85145	Camminata laterale rapida.gif	Salt laterale rapido
2026-08-02T19:02:53	Cardio e Conditioning	e1e4307e26326e56dcf7574c67cd386015659c7bef39de23d926a33ef8f85145	Camminata laterale rapida.gif	Salti laterale rapido
2026-08-02T19:03:00	Cardio e Conditioning	e1e4307e26326e56dcf7574c67cd386015659c7bef39de23d926a33ef8f85145	Camminata laterale rapida.gif	Salti laterali rapido
2026-08-02T19:03:03	Cardio e Conditioning	e1e4307e26326e56dcf7574c67cd386015659c7bef39de23d926a33ef8f85145	Camminata laterale rapida.gif	Salti laterali rapidi
2026-08-02T19:03:42	Cardio e Conditioning	66c92f9d4b54db54390e6c1d0a7f15d5b95f766902d580d2a4eb9f898ac8ce2f	Corsa conetti a X.gif	Corsa a X
2026-08-02T19:03:47	Cardio e Conditioning	66c92f9d4b54db54390e6c1d0a7f15d5b95f766902d580d2a4eb9f898ac8ce2f	Corsa conetti a X.gif	Corsa a X 
2026-08-02T19:03:47	Cardio e Conditioning	66c92f9d4b54db54390e6c1d0a7f15d5b95f766902d580d2a4eb9f898ac8ce2f	Corsa conetti a X.gif	Corsa a X conetti
2026-08-02T19:03:52	Cardio e Conditioning	66c92f9d4b54db54390e6c1d0a7f15d5b95f766902d580d2a4eb9f898ac8ce2f	Corsa conetti a X.gif	Corsa  X conetti
2026-08-02T19:03:53	Cardio e Conditioning	66c92f9d4b54db54390e6c1d0a7f15d5b95f766902d580d2a4eb9f898ac8ce2f	Corsa conetti a X.gif	Corsa X conetti
2026-08-02T19:03:56	Cardio e Conditioning	66c92f9d4b54db54390e6c1d0a7f15d5b95f766902d580d2a4eb9f898ac8ce2f	Corsa conetti a X.gif	Corsa X con conetti
2026-08-02T19:04:02	Cardio e Conditioning	66c92f9d4b54db54390e6c1d0a7f15d5b95f766902d580d2a4eb9f898ac8ce2f	Corsa conetti a X.gif	Corsa X con coni
2026-08-02T19:04:06	Cardio e Conditioning	66c92f9d4b54db54390e6c1d0a7f15d5b95f766902d580d2a4eb9f898ac8ce2f	Corsa conetti a X.gif	Corsa X con conetti
2026-08-02T19:04:26	Cardio e Conditioning	b0b7a875ad6652b6ff7595b788c1769cd630a027b42cc9c73bc0f13b92fb9320	Corsa conetti zigzag.gif	Corsa zigzag con conetti
2026-08-02T19:05:16	Cardio e Conditioning	2bbbf4d8c436bda829c556e34f906d0799e2325ca84eeac6a261e99224881f07	Corsa laterale scaletta agilita.gif	Corsa laterale agilità
2026-08-02T19:05:21	Cardio e Conditioning	2bbbf4d8c436bda829c556e34f906d0799e2325ca84eeac6a261e99224881f07	Corsa laterale scaletta agilita.gif	Corsa laterale agilità 
2026-08-02T19:05:23	Cardio e Conditioning	2bbbf4d8c436bda829c556e34f906d0799e2325ca84eeac6a261e99224881f07	Corsa laterale scaletta agilita.gif	Corsa laterale agilità scaletta
2026-08-02T19:05:40	Cardio e Conditioning	2bbbf4d8c436bda829c556e34f906d0799e2325ca84eeac6a261e99224881f07	Corsa laterale scaletta agilita.gif	Corsa laterale agi scaletta
2026-08-02T19:05:42	Cardio e Conditioning	2bbbf4d8c436bda829c556e34f906d0799e2325ca84eeac6a261e99224881f07	Corsa laterale scaletta agilita.gif	Corsa laterale agile scaletta
2026-08-02T19:05:57	Cardio e Conditioning	2bbbf4d8c436bda829c556e34f906d0799e2325ca84eeac6a261e99224881f07	Corsa laterale scaletta agilita.gif	Corsa laterale agile con scaletta
2026-08-02T19:08:04	Cardio e Conditioning	2bbbf4d8c436bda829c556e34f906d0799e2325ca84eeac6a261e99224881f07	Corsa laterale scaletta agilita.gif	Corsa lateralecon scaletta
2026-08-02T19:08:05	Cardio e Conditioning	2bbbf4d8c436bda829c556e34f906d0799e2325ca84eeac6a261e99224881f07	Corsa laterale scaletta agilita.gif	Corsa laterale scaletta
2026-08-02T19:08:10	Cardio e Conditioning	2bbbf4d8c436bda829c556e34f906d0799e2325ca84eeac6a261e99224881f07	Corsa laterale scaletta agilita.gif	Corsa laterale scaletta agilita
2026-08-02T19:08:11	Cardio e Conditioning	2bbbf4d8c436bda829c556e34f906d0799e2325ca84eeac6a261e99224881f07	Corsa laterale scaletta agilita.gif	Corsa laterale scaletta agilità
2026-08-02T19:09:45	Cardio e Conditioning	2a8d176a026434c3b5c8ddcaf0495237e8bcb4fab76a95b5ff0c40a5f09de940	Saltelli caviglie.gif	Jumping rimbalzato
2026-08-03T06:40:25	Gambe e Glutei	312a834ecbd28e0dce80d2c2313590dae1c70e49e4791b0cbf55d2dbcef2772b	Squat cavi doppi bassi (Dual cable squat).gif	Squat cavi bassi
2026-08-03T06:42:51	Gambe e Glutei	8678172072528fb0150ffca39c5fd3c68d445cf20e8a4d9d75c0aaea9472f753	Squat calcio laterale tocco tallone.gif	Squat calcio laterale
2026-08-03T06:46:22	Gambe e Glutei	e6605bcdad3f6579d265e0d2d0bb69efbb2ff7e6dc2067d954619c89f7413e6e	Squat frontale bilanciere (Barbell front squat).gif	Squat bilanciere
2026-08-03T06:46:28	Gambe e Glutei	e6605bcdad3f6579d265e0d2d0bb69efbb2ff7e6dc2067d954619c89f7413e6e	Squat frontale bilanciere (Barbell front squat).gif	Squat bilanciere 
2026-08-03T06:46:29	Gambe e Glutei	e6605bcdad3f6579d265e0d2d0bb69efbb2ff7e6dc2067d954619c89f7413e6e	Squat frontale bilanciere (Barbell front squat).gif	Squat bilanciere frontale
2026-08-03T06:47:16	Gambe e Glutei	8acd67cdd91098459064db42dcfdf5c94cd767526e667d05c14d08742a460739	Squat ginocchio alto (Squat with knee raise).gif	Squat torsione ginocchio alto
2026-08-03T06:48:18	Gambe e Glutei	79aef9ca93ec5cac7ab66d2c5dbc7df03e8cc680af566f85cb2817601d7d924b	Squat Goblet kettlebell elastico (Band Kettlebell Goblet Squat).gif	Squat goblet kettlebell ba
2026-08-03T06:48:19	Gambe e Glutei	79aef9ca93ec5cac7ab66d2c5dbc7df03e8cc680af566f85cb2817601d7d924b	Squat Goblet kettlebell elastico (Band Kettlebell Goblet Squat).gif	Squat goblet kettlebell banda
2026-08-03T06:49:09	Gambe e Glutei	75328f32765c95024ca5c537ccd38b7c1bf80c77194d6624bb839445823c7d9f	Squat hack machine inverso (Reverse hack machine squat).gif	Squat hack machine
2026-08-03T06:49:13	Gambe e Glutei	75328f32765c95024ca5c537ccd38b7c1bf80c77194d6624bb839445823c7d9f	Squat hack machine inverso (Reverse hack machine squat).gif	Squat inverso hack machine
2026-08-03T06:50:05	Gambe e Glutei	6ba72710aed06cd82a34d53c5f6fe1e0f34aa80d70570a8403da04bc5e41a1cb	Squat parete fitball corpo libero (Bodyweight wall squat with swiss ball).gif	Squat parete fitball corpo liber
2026-08-03T06:50:07	Gambe e Glutei	6ba72710aed06cd82a34d53c5f6fe1e0f34aa80d70570a8403da04bc5e41a1cb	Squat parete fitball corpo libero (Bodyweight wall squat with swiss ball).gif	Squat parete fitball corpo 
2026-08-03T06:50:09	Gambe e Glutei	6ba72710aed06cd82a34d53c5f6fe1e0f34aa80d70570a8403da04bc5e41a1cb	Squat parete fitball corpo libero (Bodyweight wall squat with swiss ball).gif	Squat parete fitball cor
2026-08-03T06:50:10	Gambe e Glutei	6ba72710aed06cd82a34d53c5f6fe1e0f34aa80d70570a8403da04bc5e41a1cb	Squat parete fitball corpo libero (Bodyweight wall squat with swiss ball).gif	Squat parete fitball 
2026-08-03T06:50:11	Gambe e Glutei	6ba72710aed06cd82a34d53c5f6fe1e0f34aa80d70570a8403da04bc5e41a1cb	Squat parete fitball corpo libero (Bodyweight wall squat with swiss ball).gif	Squat parete fitball
2026-08-03T11:43:31	Gambe e Glutei	b66a750d54c81cfbb67564ccb2685e720b21d203fde5deca84679b38d41c69e9	Squat su panca manubri (Dumbbell box:bench squat).gif	Squat su panca
2026-08-03T11:43:36	Gambe e Glutei	b66a750d54c81cfbb67564ccb2685e720b21d203fde5deca84679b38d41c69e9	Squat su panca manubri (Dumbbell box:bench squat).gif	Squat manubrisu panca
2026-08-03T11:43:37	Gambe e Glutei	b66a750d54c81cfbb67564ccb2685e720b21d203fde5deca84679b38d41c69e9	Squat su panca manubri (Dumbbell box:bench squat).gif	Squat manubri su panca
2026-08-03T11:43:43	Gambe e Glutei	b66a750d54c81cfbb67564ccb2685e720b21d203fde5deca84679b38d41c69e9	Squat su panca manubri (Dumbbell box:bench squat).gif	Squat manubri seduto su panca
2026-08-03T11:44:03	Gambe e Glutei	d2bb04e1246596210448c7666bd6e48e1be9e4cebdeea4c0ff836153b5a1601f	Squat sumo bilanciere (Barbell sumo squat).gif	Squat bilanciere
2026-08-03T11:44:09	Gambe e Glutei	d2bb04e1246596210448c7666bd6e48e1be9e4cebdeea4c0ff836153b5a1601f	Squat sumo bilanciere (Barbell sumo squat).gif	Squat sumo bilanciere
2026-08-03T11:44:56	Gambe e Glutei	41ca83090ef0db41dac62df77a8519c30f8bba6b32095d86bba7b53ebbd74572	Squat sumo corpo libero braccia distese (Bodyweight sumo squat with arms down).gif	Squat sumo corpo libero br
2026-08-03T11:44:59	Gambe e Glutei	41ca83090ef0db41dac62df77a8519c30f8bba6b32095d86bba7b53ebbd74572	Squat sumo corpo libero braccia distese (Bodyweight sumo squat with arms down).gif	Squat sumo corpo libero 
2026-08-03T11:45:00	Gambe e Glutei	41ca83090ef0db41dac62df77a8519c30f8bba6b32095d86bba7b53ebbd74572	Squat sumo corpo libero braccia distese (Bodyweight sumo squat with arms down).gif	Squat sumo corpo libero
2026-08-03T11:45:31	Gambe e Glutei	41ca83090ef0db41dac62df77a8519c30f8bba6b32095d86bba7b53ebbd74572	Squat sumo corpo libero braccia distese (Bodyweight sumo squat with arms down).gif	Squat sumo corpo libero 
2026-08-03T11:45:33	Gambe e Glutei	41ca83090ef0db41dac62df77a8519c30f8bba6b32095d86bba7b53ebbd74572	Squat sumo corpo libero braccia distese (Bodyweight sumo squat with arms down).gif	Squat sumo corpo libero
2026-08-03T11:45:34	Gambe e Glutei	41ca83090ef0db41dac62df77a8519c30f8bba6b32095d86bba7b53ebbd74572	Squat sumo corpo libero braccia distese (Bodyweight sumo squat with arms down).gif	Squat sumo corpo libero 
2026-08-03T11:45:36	Gambe e Glutei	41ca83090ef0db41dac62df77a8519c30f8bba6b32095d86bba7b53ebbd74572	Squat sumo corpo libero braccia distese (Bodyweight sumo squat with arms down).gif	Squat sumo corpo libero b
2026-08-03T11:45:37	Gambe e Glutei	41ca83090ef0db41dac62df77a8519c30f8bba6b32095d86bba7b53ebbd74572	Squat sumo corpo libero braccia distese (Bodyweight sumo squat with arms down).gif	Squat sumo corpo libero br
2026-08-03T11:45:38	Gambe e Glutei	41ca83090ef0db41dac62df77a8519c30f8bba6b32095d86bba7b53ebbd74572	Squat sumo corpo libero braccia distese (Bodyweight sumo squat with arms down).gif	Squat sumo corpo libero bracci
2026-08-03T11:45:39	Gambe e Glutei	41ca83090ef0db41dac62df77a8519c30f8bba6b32095d86bba7b53ebbd74572	Squat sumo corpo libero braccia distese (Bodyweight sumo squat with arms down).gif	Squat sumo corpo libero braccia 
2026-08-03T11:45:41	Gambe e Glutei	41ca83090ef0db41dac62df77a8519c30f8bba6b32095d86bba7b53ebbd74572	Squat sumo corpo libero braccia distese (Bodyweight sumo squat with arms down).gif	Squat sumo corpo libero braccia diste
2026-08-03T11:45:41	Gambe e Glutei	41ca83090ef0db41dac62df77a8519c30f8bba6b32095d86bba7b53ebbd74572	Squat sumo corpo libero braccia distese (Bodyweight sumo squat with arms down).gif	Squat sumo corpo libero braccia distes
2026-08-03T11:45:42	Gambe e Glutei	41ca83090ef0db41dac62df77a8519c30f8bba6b32095d86bba7b53ebbd74572	Squat sumo corpo libero braccia distese (Bodyweight sumo squat with arms down).gif	Squat sumo corpo libero braccia distese
2026-08-03T11:48:01	Gambe e Glutei	1a35a3fe2f3b857ae0464ad22cd4958ba5ed49a185719a7d157ae4fcc99af38a	Wall Sit inclinazione tronco.gif	Squat wall sit inclinazione alternata
2026-08-03T11:48:03	Gambe e Glutei	1a35a3fe2f3b857ae0464ad22cd4958ba5ed49a185719a7d157ae4fcc99af38a	Wall Sit inclinazione tronco.gif	Squat wall sit inclinazione alternat
2026-08-03T11:48:06	Gambe e Glutei	1a35a3fe2f3b857ae0464ad22cd4958ba5ed49a185719a7d157ae4fcc99af38a	Wall Sit inclinazione tronco.gif	Squat wall sit inclinazione alternata
2026-08-03T11:49:24	Gambe e Glutei	710f513cf7df6749f80653e9e87dc022f047eb426f0ea4bd5238d538877c3612	Squat wall ball palla medica.gif	Squat wall palla medica
2026-08-03T11:49:37	Gambe e Glutei	710f513cf7df6749f80653e9e87dc022f047eb426f0ea4bd5238d538877c3612	Squat wall ball palla medica.gif	Squat wall ball palla medica
2026-08-03T11:51:00	Gambe e Glutei	6ba72710aed06cd82a34d53c5f6fe1e0f34aa80d70570a8403da04bc5e41a1cb	Squat parete fitball corpo libero (Bodyweight wall squat with swiss ball).gif	Squat wall fitball
2026-08-03T11:53:17	Gambe e Glutei	28dd4732693d7d04fdafa88db627dd12e38dd0671a59b0dd3bf1e56ff835d599	Squat bulgaro.gif	Squat bulgaro a corpo libero
2026-08-03T11:57:15	Gambe e Glutei	28dd4732693d7d04fdafa88db627dd12e38dd0671a59b0dd3bf1e56ff835d599	Squat bulgaro.gif	Squat bulgaro  corpo libero
2026-08-03T11:57:16	Gambe e Glutei	28dd4732693d7d04fdafa88db627dd12e38dd0671a59b0dd3bf1e56ff835d599	Squat bulgaro.gif	Squat bulgaro corpo libero
2026-08-03T11:57:19	Gambe e Glutei	28dd4732693d7d04fdafa88db627dd12e38dd0671a59b0dd3bf1e56ff835d599	Squat bulgaro.gif	Squat bulgaro a corpo libero
2026-08-03T11:57:21	Gambe e Glutei	28dd4732693d7d04fdafa88db627dd12e38dd0671a59b0dd3bf1e56ff835d599	Squat bulgaro.gif	Squat bulgaro  corpo libero
2026-08-03T11:57:22	Gambe e Glutei	28dd4732693d7d04fdafa88db627dd12e38dd0671a59b0dd3bf1e56ff835d599	Squat bulgaro.gif	Squat bulgaro corpo libero
2026-08-03T11:58:08	Gambe e Glutei	b5aca689631e5b840739ffb7e69968619d79feb2862c326b38d7d40d270409d3	Squat hawaiano una gamba (Hawaiian squat single leg).gif	Squat hawaiano 
2026-08-03T11:58:08	Gambe e Glutei	b5aca689631e5b840739ffb7e69968619d79feb2862c326b38d7d40d270409d3	Squat hawaiano una gamba (Hawaiian squat single leg).gif	Squat hawaiano
2026-08-03T11:59:03	Gambe e Glutei	bd19e6f7b7e7b534929070ef5d8dc1f45f5ba640c9d4d12a0be221b168d8bd77	Squat pistol assistito una gamba (Assisted pistol squat single leg).gif	Squat pistol assistito
2026-08-03T12:00:46	Gambe e Glutei	3ad266121a01ba6158276d205b0c72e5658a149338eef7c60a1c879b9e8c7498	Squat pistol kettlebell una gamba (Kettlebell pistol squat single leg).gif	Squat pistol kettlebell 
2026-08-03T12:00:46	Gambe e Glutei	3ad266121a01ba6158276d205b0c72e5658a149338eef7c60a1c879b9e8c7498	Squat pistol kettlebell una gamba (Kettlebell pistol squat single leg).gif	Squat pistol kettlebell
2026-08-03T14:48:56	Gambe e Glutei	bd19e6f7b7e7b534929070ef5d8dc1f45f5ba640c9d4d12a0be221b168d8bd77	Squat pistol assistito una gamba (Assisted pistol squat single leg).gif	Squat assistito
2026-08-03T14:48:59	Gambe e Glutei	bd19e6f7b7e7b534929070ef5d8dc1f45f5ba640c9d4d12a0be221b168d8bd77	Squat pistol assistito una gamba (Assisted pistol squat single leg).gif	pistolSquat assistito
2026-08-03T14:49:00	Gambe e Glutei	bd19e6f7b7e7b534929070ef5d8dc1f45f5ba640c9d4d12a0be221b168d8bd77	Squat pistol assistito una gamba (Assisted pistol squat single leg).gif	pistol Squat assistito
2026-08-03T14:49:01	Gambe e Glutei	bd19e6f7b7e7b534929070ef5d8dc1f45f5ba640c9d4d12a0be221b168d8bd77	Squat pistol assistito una gamba (Assisted pistol squat single leg).gif	pistol sSquat assistito
2026-08-03T14:49:04	Gambe e Glutei	bd19e6f7b7e7b534929070ef5d8dc1f45f5ba640c9d4d12a0be221b168d8bd77	Squat pistol assistito una gamba (Assisted pistol squat single leg).gif	istol sSquat assistito
2026-08-03T14:49:05	Gambe e Glutei	bd19e6f7b7e7b534929070ef5d8dc1f45f5ba640c9d4d12a0be221b168d8bd77	Squat pistol assistito una gamba (Assisted pistol squat single leg).gif	Pistol sSquat assistito
2026-08-03T14:49:08	Gambe e Glutei	bd19e6f7b7e7b534929070ef5d8dc1f45f5ba640c9d4d12a0be221b168d8bd77	Squat pistol assistito una gamba (Assisted pistol squat single leg).gif	Pistol squat assistito
2026-08-03T14:49:31	Gambe e Glutei	96f55e295049a643332324a8fbe7f8049b54dd3fbb121c464018916b10ec04a4	Squat Pistol box.gif	Pistol squatSquat pistol al box
2026-08-03T14:49:34	Gambe e Glutei	96f55e295049a643332324a8fbe7f8049b54dd3fbb121c464018916b10ec04a4	Squat Pistol box.gif	Pistol squat al box
2026-08-03T14:49:57	Gambe e Glutei	50b260f35c0ba8381efd54be486dcd493865ab435aae3a729d3e842e2f651d48	Squat pistol corpo libero (Bodyweight pistol squat).gif	Pistol squat corpo libero
2026-08-03T14:50:08	Gambe e Glutei	3ad266121a01ba6158276d205b0c72e5658a149338eef7c60a1c879b9e8c7498	Squat pistol kettlebell una gamba (Kettlebell pistol squat single leg).gif	Pistol squat kettlebell
2026-08-03T14:50:23	Gambe e Glutei	0b1097d802adf22ee5016caf33fb456adb8d559b878aeb5b904501e076bc8927	Squat pistol manubrio (Dumbbell pistol squat).gif	Pistol squat manubrio
2026-08-03T14:50:25	Gambe e Glutei	0b1097d802adf22ee5016caf33fb456adb8d559b878aeb5b904501e076bc8927	Squat pistol manubrio (Dumbbell pistol squat).gif	Pistol squat manubrio 
2026-08-03T14:50:29	Gambe e Glutei	0b1097d802adf22ee5016caf33fb456adb8d559b878aeb5b904501e076bc8927	Squat pistol manubrio (Dumbbell pistol squat).gif	Pistol squat manubrio stesso lato
2026-08-03T14:51:15	Gambe e Glutei	1b6f327823bf4b87890331d300797096106ca2e08898c2b9d386bb0da0e66e1b	Squat pistol su box una gamba (Box pistol squat single leg).gif	Pistol squat su box una gamba
2026-08-03T14:51:29	Gambe e Glutei	1b6f327823bf4b87890331d300797096106ca2e08898c2b9d386bb0da0e66e1b	Squat pistol su box una gamba (Box pistol squat single leg).gif	Pistol squat su box un
2026-08-03T14:51:30	Gambe e Glutei	1b6f327823bf4b87890331d300797096106ca2e08898c2b9d386bb0da0e66e1b	Squat pistol su box una gamba (Box pistol squat single leg).gif	Pistol squat su box
2026-08-03T14:52:21	Gambe e Glutei	96f55e295049a643332324a8fbe7f8049b54dd3fbb121c464018916b10ec04a4	Squat Pistol box.gif	Pistol squat su box
2026-08-03T14:52:58	Gambe e Glutei	1b6f327823bf4b87890331d300797096106ca2e08898c2b9d386bb0da0e66e1b	Squat pistol su box una gamba (Box pistol squat single leg).gif	Pistol squat s box
2026-08-03T14:53:00	Gambe e Glutei	1b6f327823bf4b87890331d300797096106ca2e08898c2b9d386bb0da0e66e1b	Squat pistol su box una gamba (Box pistol squat single leg).gif	Pistol squat al box
2026-08-03T14:53:12	Gambe e Glutei	344459a989277a53f986e05887fb3bbf6dfb9198ae8aabbe4f2bb9b23dc7e600	Squat pistol TRX una gamba (TRX pistol squat single leg).gif	Pistol squat TRX una gamba
2026-08-03T14:53:19	Gambe e Glutei	344459a989277a53f986e05887fb3bbf6dfb9198ae8aabbe4f2bb9b23dc7e600	Squat pistol TRX una gamba (TRX pistol squat single leg).gif	Pistol squat TRX 
2026-08-03T14:53:43	Gambe e Glutei	981f0611e0ccdc4721e3bc23cc97451a5f686ac5cfd0c99856ab0e39a506f720	Squat shrimp una gamba (Shrimp squat single leg).gif	Squat shrimp un
2026-08-03T14:53:43	Gambe e Glutei	981f0611e0ccdc4721e3bc23cc97451a5f686ac5cfd0c99856ab0e39a506f720	Squat shrimp una gamba (Shrimp squat single leg).gif	Squat shrimp 
2026-08-03T14:53:44	Gambe e Glutei	981f0611e0ccdc4721e3bc23cc97451a5f686ac5cfd0c99856ab0e39a506f720	Squat shrimp una gamba (Shrimp squat single leg).gif	Squat shrimp
2026-08-03T14:57:49	Gambe e Glutei	a3529953dec275883fd6986dc4f7d02bd4e2238da73ba51173a4cb265f924cd8	Squat su step (Step squat).gif	Squat sedsu step
2026-08-03T14:57:50	Gambe e Glutei	a3529953dec275883fd6986dc4f7d02bd4e2238da73ba51173a4cb265f924cd8	Squat su step (Step squat).gif	Squat seduto su step
2026-08-03T14:58:15	Gambe e Glutei	1b6f327823bf4b87890331d300797096106ca2e08898c2b9d386bb0da0e66e1b	Squat pistol su box una gamba (Box pistol squat single leg).gif	Pistol squat seduto al box
2026-08-03T14:58:16	Gambe e Glutei	1b6f327823bf4b87890331d300797096106ca2e08898c2b9d386bb0da0e66e1b	Squat pistol su box una gamba (Box pistol squat single leg).gif	Pistol squat seduto sual box
2026-08-03T14:58:18	Gambe e Glutei	1b6f327823bf4b87890331d300797096106ca2e08898c2b9d386bb0da0e66e1b	Squat pistol su box una gamba (Box pistol squat single leg).gif	Pistol squat seduto su box
2026-08-03T14:59:14	Gambe e Glutei	c200128141d1be1956108ec277f6cf44565152f36682f23bf3df7eb8f9777001	Affondo unilaterale sul posto a corpo libero.gif	Affondo corpo libero
2026-08-03T14:59:21	Gambe e Glutei	c200128141d1be1956108ec277f6cf44565152f36682f23bf3df7eb8f9777001	Affondo unilaterale sul posto a corpo libero.gif	Affondo corpo libero sul posto
2026-08-03T15:00:39	Gambe e Glutei	e7c875251c94a43e7a7606b6e062338cb68dfd5680461ff0af4eab1a6aa55ea9	Affondo avanti alternato.gif	Affondo avamalternato
2026-08-03T15:00:41	Gambe e Glutei	e7c875251c94a43e7a7606b6e062338cb68dfd5680461ff0af4eab1a6aa55ea9	Affondo avanti alternato.gif	Affondo avanti alternato
2026-08-03T15:03:07	Gambe e Glutei	9abf8554bc761785893d83381662e9cdbe0a9e13292bdbad114c0fb8476dbc78	Affondo barra elastico in piedi.gif	Affondo barra elastico in p
2026-08-03T15:03:08	Gambe e Glutei	9abf8554bc761785893d83381662e9cdbe0a9e13292bdbad114c0fb8476dbc78	Affondo barra elastico in piedi.gif	Affondo barra elastico 
2026-08-03T15:03:10	Gambe e Glutei	9abf8554bc761785893d83381662e9cdbe0a9e13292bdbad114c0fb8476dbc78	Affondo barra elastico in piedi.gif	Affondo barra elastico sul posto
2026-08-03T15:03:28	Gambe e Glutei	1520562ea588eec8b3724f02472a050f41e66d0a382088a9b75e263693066683	Affondo bilanciere (Stationary barbell lunge).gif	Affondo bilanciere sul 
2026-08-03T15:03:31	Gambe e Glutei	1520562ea588eec8b3724f02472a050f41e66d0a382088a9b75e263693066683	Affondo bilanciere (Stationary barbell lunge).gif	Affondo bilanciere sul posto
2026-08-03T15:25:12	Gambe e Glutei	fc602a542d5afa607b994b5fa8248e884b8ab84e2f4d314c921139993d7bb549	Affondo corpo libero (Stationary bodyweight lunge).gif	Affondo corpo libero sul posto
2026-08-03T15:27:18	Gambe e Glutei	b72a1e6cf4fdd01f8f30e6769e039678bbf9e724796db8938743d78a33fcb476	Affondo indietro manubri (Alternating dumbbell reverse lunge).gif	Affondo indietro manubri
2026-08-03T15:28:00	Gambe e Glutei	42049265076674d662e70b46efeb83bbad46796f76f3172acbaa0e35d4844b8c	Affondo laterale.gif	Affondo laterale co
2026-08-03T15:28:02	Gambe e Glutei	42049265076674d662e70b46efeb83bbad46796f76f3172acbaa0e35d4844b8c	Affondo laterale.gif	Affondo laterale cop
2026-08-03T15:28:04	Gambe e Glutei	42049265076674d662e70b46efeb83bbad46796f76f3172acbaa0e35d4844b8c	Affondo laterale.gif	Affondo laterale 
2026-08-03T15:28:05	Gambe e Glutei	42049265076674d662e70b46efeb83bbad46796f76f3172acbaa0e35d4844b8c	Affondo laterale.gif	Affondo laterale
2026-08-03T15:28:48	Gambe e Glutei	fc602a542d5afa607b994b5fa8248e884b8ab84e2f4d314c921139993d7bb549	Affondo corpo libero (Stationary bodyweight lunge).gif	Affondo sul posto
2026-08-03T15:29:03	Gambe e Glutei	42049265076674d662e70b46efeb83bbad46796f76f3172acbaa0e35d4844b8c	Affondo laterale.gif	Affondo laterale 
2026-08-03T15:29:06	Gambe e Glutei	42049265076674d662e70b46efeb83bbad46796f76f3172acbaa0e35d4844b8c	Affondo laterale.gif	Affondo laterale alternato
2026-08-03T15:29:25	Gambe e Glutei	ad56ceacdee2e6d493bd4a6378b297009dea86742d417086294bea4a7c8069ba	Affondo laterale bilanciere (Alternating barbell side lunge).gif	Affondo laterale alternatobilanciere
2026-08-03T15:29:26	Gambe e Glutei	ad56ceacdee2e6d493bd4a6378b297009dea86742d417086294bea4a7c8069ba	Affondo laterale bilanciere (Alternating barbell side lunge).gif	Affondo laterale alternato bilanciere
2026-08-03T15:29:34	Gambe e Glutei	ad56ceacdee2e6d493bd4a6378b297009dea86742d417086294bea4a7c8069ba	Affondo laterale bilanciere (Alternating barbell side lunge).gif	Affondo laterale abilanciere
2026-08-03T15:29:35	Gambe e Glutei	ad56ceacdee2e6d493bd4a6378b297009dea86742d417086294bea4a7c8069ba	Affondo laterale bilanciere (Alternating barbell side lunge).gif	Affondo laterale bilanciere
2026-08-03T15:30:16	Gambe e Glutei	6f6e56838a6afb79d88b3434cabbbec04c1a75c95822473607fa0bbef183f2d6	Affondo multipower (Stationary smith machine lunge).gif	Affondo multipower 
2026-08-03T15:30:19	Gambe e Glutei	6f6e56838a6afb79d88b3434cabbbec04c1a75c95822473607fa0bbef183f2d6	Affondo multipower (Stationary smith machine lunge).gif	Affondo multipower sul pos
2026-08-03T15:30:27	Gambe e Glutei	6f6e56838a6afb79d88b3434cabbbec04c1a75c95822473607fa0bbef183f2d6	Affondo multipower (Stationary smith machine lunge).gif	Affondo multipower sul posto
2026-08-03T15:30:32	Gambe e Glutei	6f6e56838a6afb79d88b3434cabbbec04c1a75c95822473607fa0bbef183f2d6	Affondo multipower (Stationary smith machine lunge).gif	Affondo multipower
2026-08-03T15:30:48	Gambe e Glutei	7d11efd0eaef29bc0a76539aa48caa720e2f5df4a03e4c099d693ac70b719972	Affondo Split maniglie elastico.gif	Affondo maniglie elastico
2026-08-03T15:30:52	Gambe e Glutei	7d11efd0eaef29bc0a76539aa48caa720e2f5df4a03e4c099d693ac70b719972	Affondo Split maniglie elastico.gif	Affondo maniglie elastico 
2026-08-03T15:30:53	Gambe e Glutei	7d11efd0eaef29bc0a76539aa48caa720e2f5df4a03e4c099d693ac70b719972	Affondo Split maniglie elastico.gif	Affondo maniglie elastico sul p
2026-08-03T15:30:54	Gambe e Glutei	7d11efd0eaef29bc0a76539aa48caa720e2f5df4a03e4c099d693ac70b719972	Affondo Split maniglie elastico.gif	Affondo maniglie elastico sul posto
2026-08-03T15:32:17	Gambe e Glutei	a4f01d1a040b20588d9f25a19976ff75bb38957d7a990422405d66b6d5f440ae	Squat camminato (Duck walk squat).gif	Cammin
2026-08-03T15:32:19	Gambe e Glutei	a4f01d1a040b20588d9f25a19976ff75bb38957d7a990422405d66b6d5f440ae	Squat camminato (Duck walk squat).gif	Camminata squat
2026-08-03T15:33:23	Gambe e Glutei	3b91cf1047fa467e7f6bf84d3e4856b3a4ef39771265e8dda96e34c17a089a65	Leg extension macchina entrambe le gambe (Seated machine leg extension).gif	Leg extension macchina
2026-08-03T15:34:31	Gambe e Glutei	3b91cf1047fa467e7f6bf84d3e4856b3a4ef39771265e8dda96e34c17a089a65	Leg extension macchina entrambe le gambe (Seated machine leg extension).gif	Leg extension macchina entrambe le gambe
2026-08-03T15:36:24	Gambe e Glutei	20162d5031162702b4b9dac80e9296b8584b342ed6d1103e97a932582c764b85	Leg press alternato barra elastico piedi supino.gif	Leg press barra elastico supino alternato
2026-08-03T15:36:33	Gambe e Glutei	20162d5031162702b4b9dac80e9296b8584b342ed6d1103e97a932582c764b85	Leg press alternato barra elastico piedi supino.gif	Leg press barra elastico supino
2026-08-03T15:36:37	Gambe e Glutei	20162d5031162702b4b9dac80e9296b8584b342ed6d1103e97a932582c764b85	Leg press alternato barra elastico piedi supino.gif	Leg press alternato barra elastico supino
2026-08-03T15:37:42	Gambe e Glutei	3b91cf1047fa467e7f6bf84d3e4856b3a4ef39771265e8dda96e34c17a089a65	Leg extension macchina entrambe le gambe (Seated machine leg extension).gif	Leg extension macchina entramb
2026-08-03T15:37:45	Gambe e Glutei	3b91cf1047fa467e7f6bf84d3e4856b3a4ef39771265e8dda96e34c17a089a65	Leg extension macchina entrambe le gambe (Seated machine leg extension).gif	Leg extension macchina 
2026-08-03T15:37:45	Gambe e Glutei	3b91cf1047fa467e7f6bf84d3e4856b3a4ef39771265e8dda96e34c17a089a65	Leg extension macchina entrambe le gambe (Seated machine leg extension).gif	Leg extension macchina
2026-08-03T15:37:54	Gambe e Glutei	8df5f83c669593ebe552cef07e968c55215addc14e0ff8a45f2c57000a4c227d	Leg press 45° entrambe le gambe (45-degree machine leg press).gif	Leg press 45 gradi
2026-08-03T15:47:48	Gambe e Glutei	71966d49b0618b868e2d563e52f723fe8a435c6fbecb028e40199c0b173ce415	Hip hinge maniglie elastico in piedi.gif	stacco rumeno una gamba elastico
2026-08-03T15:47:53	Gambe e Glutei	71966d49b0618b868e2d563e52f723fe8a435c6fbecb028e40199c0b173ce415	Hip hinge maniglie elastico in piedi.gif	tacco rumeno una gamba elastico
2026-08-03T15:47:54	Gambe e Glutei	71966d49b0618b868e2d563e52f723fe8a435c6fbecb028e40199c0b173ce415	Hip hinge maniglie elastico in piedi.gif	Stacco rumeno una gamba elastico
2026-08-03T15:48:05	Gambe e Glutei	71966d49b0618b868e2d563e52f723fe8a435c6fbecb028e40199c0b173ce415	Hip hinge maniglie elastico in piedi.gif	Stacco rumeno una gamba manieelastico
2026-08-03T15:48:07	Gambe e Glutei	71966d49b0618b868e2d563e52f723fe8a435c6fbecb028e40199c0b173ce415	Hip hinge maniglie elastico in piedi.gif	Stacco rumeno una gamba maniglie elastico
2026-08-03T15:50:26	Gambe e Glutei	3a3d0c676837b5a88739ff2a73561742db542f346884bea20cbff64637d32711	Stacco monopodalico.gif	Stacco rum
2026-08-03T15:50:27	Gambe e Glutei	3a3d0c676837b5a88739ff2a73561742db542f346884bea20cbff64637d32711	Stacco monopodalico.gif	Stacco rumneo 
2026-08-03T15:50:28	Gambe e Glutei	3a3d0c676837b5a88739ff2a73561742db542f346884bea20cbff64637d32711	Stacco monopodalico.gif	Stacco rum
2026-08-03T15:50:29	Gambe e Glutei	3a3d0c676837b5a88739ff2a73561742db542f346884bea20cbff64637d32711	Stacco monopodalico.gif	Stacco rumejn
2026-08-03T15:50:30	Gambe e Glutei	3a3d0c676837b5a88739ff2a73561742db542f346884bea20cbff64637d32711	Stacco monopodalico.gif	Stacco rume
2026-08-03T15:50:33	Gambe e Glutei	3a3d0c676837b5a88739ff2a73561742db542f346884bea20cbff64637d32711	Stacco monopodalico.gif	Stacco rumeno una gram
2026-08-03T15:50:35	Gambe e Glutei	3a3d0c676837b5a88739ff2a73561742db542f346884bea20cbff64637d32711	Stacco monopodalico.gif	Stacco rumeno una g
2026-08-03T15:50:35	Gambe e Glutei	3a3d0c676837b5a88739ff2a73561742db542f346884bea20cbff64637d32711	Stacco monopodalico.gif	Stacco rumeno una ga
2026-08-03T15:50:37	Gambe e Glutei	3a3d0c676837b5a88739ff2a73561742db542f346884bea20cbff64637d32711	Stacco monopodalico.gif	Stacco rumeno una gamba
2026-08-03T15:51:18	Gambe e Glutei	e874d1e8ebf510af12771ecbf13641202d00f611565b0934fc909b699a8021ee	Stacco rumeno una gamba corpo libero palla medica (Single-leg romanian deadlift with medicine ball).gif	Stacco rumeno una gamba palla medica
2026-08-03T16:01:20	Gambe e Glutei	a618650368f6b351b0b04d6845cc7253a241bf018d9ccc1549f65b2c645b9264	Flessione nordica corpo libero (Bodyweight nordic hamstring curl).gif	Flessione nordica 
2026-08-03T16:01:21	Gambe e Glutei	a618650368f6b351b0b04d6845cc7253a241bf018d9ccc1549f65b2c645b9264	Flessione nordica corpo libero (Bodyweight nordic hamstring curl).gif	Flessione nordica
2026-08-03T16:01:29	Gambe e Glutei	a618650368f6b351b0b04d6845cc7253a241bf018d9ccc1549f65b2c645b9264	Flessione nordica corpo libero (Bodyweight nordic hamstring curl).gif	Flessione nordica 
2026-08-03T16:01:30	Gambe e Glutei	a618650368f6b351b0b04d6845cc7253a241bf018d9ccc1549f65b2c645b9264	Flessione nordica corpo libero (Bodyweight nordic hamstring curl).gif	Flessione nordica oa
2026-08-03T16:01:30	Gambe e Glutei	a618650368f6b351b0b04d6845cc7253a241bf018d9ccc1549f65b2c645b9264	Flessione nordica corpo libero (Bodyweight nordic hamstring curl).gif	Flessione nordica o
2026-08-03T16:01:31	Gambe e Glutei	a618650368f6b351b0b04d6845cc7253a241bf018d9ccc1549f65b2c645b9264	Flessione nordica corpo libero (Bodyweight nordic hamstring curl).gif	Flessione nordica 
2026-08-03T16:28:34	Gambe e Glutei	a618650368f6b351b0b04d6845cc7253a241bf018d9ccc1549f65b2c645b9264	Flessione nordica corpo libero (Bodyweight nordic hamstring curl).gif	Nordic
2026-08-03T16:28:36	Gambe e Glutei	a618650368f6b351b0b04d6845cc7253a241bf018d9ccc1549f65b2c645b9264	Flessione nordica corpo libero (Bodyweight nordic hamstring curl).gif	Nordic c
2026-08-03T16:28:36	Gambe e Glutei	a618650368f6b351b0b04d6845cc7253a241bf018d9ccc1549f65b2c645b9264	Flessione nordica corpo libero (Bodyweight nordic hamstring curl).gif	Nordic cu
2026-08-03T16:28:37	Gambe e Glutei	a618650368f6b351b0b04d6845cc7253a241bf018d9ccc1549f65b2c645b9264	Flessione nordica corpo libero (Bodyweight nordic hamstring curl).gif	Nordic curl 
2026-08-03T16:28:40	Gambe e Glutei	a618650368f6b351b0b04d6845cc7253a241bf018d9ccc1549f65b2c645b9264	Flessione nordica corpo libero (Bodyweight nordic hamstring curl).gif	Nordic curl panca romana
2026-08-03T16:30:44	Gambe e Glutei	ede3cfa8877ccbb21d3ac3171a66670f2287ebc5ccbe498e862f114a327ea720	Iperestensione inversa panca (Reverse hyperextension on bench).gif	Iperestensione inversa panca romana
2026-08-03T16:31:21	Gambe e Glutei	618e2cfd885c89ed12c65bb52b951d0021a9d4e0fddbec1f03bf3eeda29581e0	Leg curl cavo basso in piedi (Standing cable leg curl).gif	Leg curl una cavo basso in piedi
2026-08-03T16:31:22	Gambe e Glutei	618e2cfd885c89ed12c65bb52b951d0021a9d4e0fddbec1f03bf3eeda29581e0	Leg curl cavo basso in piedi (Standing cable leg curl).gif	Leg curl una gamba cavo basso in piedi
2026-08-03T16:31:54	Gambe e Glutei	618e2cfd885c89ed12c65bb52b951d0021a9d4e0fddbec1f03bf3eeda29581e0	Leg curl cavo basso in piedi (Standing cable leg curl).gif	Leg curl una gamba cavo in piedi
2026-08-03T16:32:54	Gambe e Glutei	41e4d7dc92c16107d5b322e5f2c42edbed6ebaddbf928e6fe7261f3e8f8c6434	Leg curl macchina in piedi (Standing machine leg curl).gif	Leg curl una gamba macchina in piedi
2026-08-03T16:35:39	Gambe e Glutei	fe67588edbb890cb52a23bb0f1f803db130a1dbf8b6638260c09d9d96197fa06	Leg curl macchina in piedi supporto coscia (Standing machine leg curl with thigh support).gif	Leg curl una gamba macchina ginocchio rialzato
2026-08-03T16:36:00	Gambe e Glutei	3c94667d2cfce7f620b9d69455866a367a44483aa057acd97b14fac86c957834	Leg curl macchina prona entrambe le gambe (Lying machine leg curl).gif	Leg curl macchina prona en
2026-08-03T16:36:01	Gambe e Glutei	3c94667d2cfce7f620b9d69455866a367a44483aa057acd97b14fac86c957834	Leg curl macchina prona entrambe le gambe (Lying machine leg curl).gif	Leg curl macchina prona
2026-08-03T16:37:39	Gambe e Glutei	f95f386243dfe5e83d25893198858847a4df91a84afb71b7080e129d49ef1775	Leg curl macchina prona una gamba (Lying machine unilateral leg curl).gif	Leg curl macchina prona
2026-08-03T16:37:43	Gambe e Glutei	f95f386243dfe5e83d25893198858847a4df91a84afb71b7080e129d49ef1775	Leg curl macchina prona una gamba (Lying machine unilateral leg curl).gif	Leg curl una gambamacchina prona
2026-08-03T16:37:44	Gambe e Glutei	f95f386243dfe5e83d25893198858847a4df91a84afb71b7080e129d49ef1775	Leg curl macchina prona una gamba (Lying machine unilateral leg curl).gif	Leg curl una gamba macchina prona
2026-08-03T16:38:35	Gambe e Glutei	d323698d14233764d5922c7d01c4bffce78c33ad135da2a27fb2de5ef175a276	Reverse hyper elastico panca prono.gif	Reverse hyper elastico panca 
2026-08-03T16:38:37	Gambe e Glutei	d323698d14233764d5922c7d01c4bffce78c33ad135da2a27fb2de5ef175a276	Reverse hyper elastico panca prono.gif	Reverse hyper elastico panca piana
2026-08-03T16:42:53	Gambe e Glutei	7f6b35aebf337bcc17c4cdcb626103cad242f99c7bdadb448ee5319fd994b8e9	Hip thrust bilanciere (Barbell hip thrust).gif	Hip thrust bilanciere 
2026-08-03T16:42:54	Gambe e Glutei	7f6b35aebf337bcc17c4cdcb626103cad242f99c7bdadb448ee5319fd994b8e9	Hip thrust bilanciere (Barbell hip thrust).gif	Hip thrust bilanciere pam
2026-08-03T16:42:55	Gambe e Glutei	7f6b35aebf337bcc17c4cdcb626103cad242f99c7bdadb448ee5319fd994b8e9	Hip thrust bilanciere (Barbell hip thrust).gif	Hip thrust bilanciere panca 
2026-08-03T16:42:57	Gambe e Glutei	7f6b35aebf337bcc17c4cdcb626103cad242f99c7bdadb448ee5319fd994b8e9	Hip thrust bilanciere (Barbell hip thrust).gif	Hip thrust bilanciere panca piana
2026-08-03T16:45:11	Gambe e Glutei	7f6b35aebf337bcc17c4cdcb626103cad242f99c7bdadb448ee5319fd994b8e9	Hip thrust bilanciere (Barbell hip thrust).gif	Hip thrust bilanciere panca
2026-08-03T16:45:19	Gambe e Glutei	7f6b35aebf337bcc17c4cdcb626103cad242f99c7bdadb448ee5319fd994b8e9	Hip thrust bilanciere (Barbell hip thrust).gif	Hip thrust bilanciere spalle panca
2026-08-03T16:45:21	Gambe e Glutei	7f6b35aebf337bcc17c4cdcb626103cad242f99c7bdadb448ee5319fd994b8e9	Hip thrust bilanciere (Barbell hip thrust).gif	Hip thrust bilanciere spalle su panca
2026-08-03T16:45:53	Gambe e Glutei	b69d54b222fe7dc9fd5a9a7dff483a0a4226e179d26a3b7fbcc42ad6abe3b5b6	Hip thrust corpo libero (Bodyweight hip thrust).gif	Hip thrust corpo
2026-08-03T16:45:54	Gambe e Glutei	b69d54b222fe7dc9fd5a9a7dff483a0a4226e179d26a3b7fbcc42ad6abe3b5b6	Hip thrust corpo libero (Bodyweight hip thrust).gif	Hip thrust c
2026-08-03T16:45:55	Gambe e Glutei	b69d54b222fe7dc9fd5a9a7dff483a0a4226e179d26a3b7fbcc42ad6abe3b5b6	Hip thrust corpo libero (Bodyweight hip thrust).gif	Hip thrust 
2026-08-03T16:47:01	Gambe e Glutei	b69d54b222fe7dc9fd5a9a7dff483a0a4226e179d26a3b7fbcc42ad6abe3b5b6	Hip thrust corpo libero (Bodyweight hip thrust).gif	Hip thrust c
2026-08-03T16:47:02	Gambe e Glutei	b69d54b222fe7dc9fd5a9a7dff483a0a4226e179d26a3b7fbcc42ad6abe3b5b6	Hip thrust corpo libero (Bodyweight hip thrust).gif	Hip thrust corp
2026-08-03T16:47:04	Gambe e Glutei	b69d54b222fe7dc9fd5a9a7dff483a0a4226e179d26a3b7fbcc42ad6abe3b5b6	Hip thrust corpo libero (Bodyweight hip thrust).gif	Hip thrust corpo 
2026-08-03T16:47:05	Gambe e Glutei	b69d54b222fe7dc9fd5a9a7dff483a0a4226e179d26a3b7fbcc42ad6abe3b5b6	Hip thrust corpo libero (Bodyweight hip thrust).gif	Hip thrust corpo l
2026-08-03T16:47:06	Gambe e Glutei	b69d54b222fe7dc9fd5a9a7dff483a0a4226e179d26a3b7fbcc42ad6abe3b5b6	Hip thrust corpo libero (Bodyweight hip thrust).gif	Hip thrust corpo lib
2026-08-03T16:47:07	Gambe e Glutei	b69d54b222fe7dc9fd5a9a7dff483a0a4226e179d26a3b7fbcc42ad6abe3b5b6	Hip thrust corpo libero (Bodyweight hip thrust).gif	Hip thrust corpo liber
2026-08-03T16:47:08	Gambe e Glutei	b69d54b222fe7dc9fd5a9a7dff483a0a4226e179d26a3b7fbcc42ad6abe3b5b6	Hip thrust corpo libero (Bodyweight hip thrust).gif	Hip thrust corpo libero
2026-08-03T16:47:09	Gambe e Glutei	7f6b35aebf337bcc17c4cdcb626103cad242f99c7bdadb448ee5319fd994b8e9	Hip thrust bilanciere (Barbell hip thrust).gif	Hip thrust bilanciere spalle supanca
2026-08-03T16:47:13	Gambe e Glutei	b69d54b222fe7dc9fd5a9a7dff483a0a4226e179d26a3b7fbcc42ad6abe3b5b6	Hip thrust corpo libero (Bodyweight hip thrust).gif	Hip thrust corpo libero su 
2026-08-03T16:47:14	Gambe e Glutei	b69d54b222fe7dc9fd5a9a7dff483a0a4226e179d26a3b7fbcc42ad6abe3b5b6	Hip thrust corpo libero (Bodyweight hip thrust).gif	Hip thrust corpo libero su
2026-08-03T16:47:15	Gambe e Glutei	b69d54b222fe7dc9fd5a9a7dff483a0a4226e179d26a3b7fbcc42ad6abe3b5b6	Hip thrust corpo libero (Bodyweight hip thrust).gif	Hip thrust corpo libero s
2026-08-03T16:47:23	Gambe e Glutei	7f6b35aebf337bcc17c4cdcb626103cad242f99c7bdadb448ee5319fd994b8e9	Hip thrust bilanciere (Barbell hip thrust).gif	Hip thrust bilanciere spalle su panca
2026-08-03T16:47:39	Gambe e Glutei	b69d54b222fe7dc9fd5a9a7dff483a0a4226e179d26a3b7fbcc42ad6abe3b5b6	Hip thrust corpo libero (Bodyweight hip thrust).gif	Hip thrust corpo libero spalle su panca
2026-08-03T16:48:19	Gambe e Glutei	0441b07c3842e386dda79f93d46f2afad2d6c8dda5ca857bd1f8035a112e6a57	Hip thrust multipower (Smith machine hip thrust).gif	Hip thrust multipower s
2026-08-03T16:48:22	Gambe e Glutei	0441b07c3842e386dda79f93d46f2afad2d6c8dda5ca857bd1f8035a112e6a57	Hip thrust multipower (Smith machine hip thrust).gif	Hip thrust multipower spalle su panca
2026-08-03T16:49:17	Gambe e Glutei	7f6b35aebf337bcc17c4cdcb626103cad242f99c7bdadb448ee5319fd994b8e9	Hip thrust bilanciere (Barbell hip thrust).gif	Hip thrust bilanciere
2026-08-03T16:49:36	Gambe e Glutei	7f6b35aebf337bcc17c4cdcb626103cad242f99c7bdadb448ee5319fd994b8e9	Hip thrust bilanciere (Barbell hip thrust).gif	Hip thrust bilanciere 
2026-08-03T16:49:37	Gambe e Glutei	7f6b35aebf337bcc17c4cdcb626103cad242f99c7bdadb448ee5319fd994b8e9	Hip thrust bilanciere (Barbell hip thrust).gif	Hip thrust bilanciere panca
2026-08-03T16:49:56	Gambe e Glutei	b69d54b222fe7dc9fd5a9a7dff483a0a4226e179d26a3b7fbcc42ad6abe3b5b6	Hip thrust corpo libero (Bodyweight hip thrust).gif	Hip thrust corpo libero panca
2026-08-03T16:50:13	Gambe e Glutei	0441b07c3842e386dda79f93d46f2afad2d6c8dda5ca857bd1f8035a112e6a57	Hip thrust multipower (Smith machine hip thrust).gif	Hip thrust multipower panca
2026-08-03T16:51:34	Gambe e Glutei	35f7947997e152eedbddeb78f86782be19495cd01bfa8a2307e7adfde157d77b	Hip thrust talloni elevati corpo libero (Bodyweight heel-elevated hip thrust).gif	Hip thrust talloni elevati corpo lib
2026-08-03T16:51:36	Gambe e Glutei	35f7947997e152eedbddeb78f86782be19495cd01bfa8a2307e7adfde157d77b	Hip thrust talloni elevati corpo libero (Bodyweight heel-elevated hip thrust).gif	Hip thrust talloni elevati corpo
2026-08-03T16:51:37	Gambe e Glutei	35f7947997e152eedbddeb78f86782be19495cd01bfa8a2307e7adfde157d77b	Hip thrust talloni elevati corpo libero (Bodyweight heel-elevated hip thrust).gif	Hip thrust talloni elevati corp
2026-08-03T16:51:39	Gambe e Glutei	35f7947997e152eedbddeb78f86782be19495cd01bfa8a2307e7adfde157d77b	Hip thrust talloni elevati corpo libero (Bodyweight heel-elevated hip thrust).gif	Hip thrust talloni elevati 
2026-08-03T16:51:40	Gambe e Glutei	35f7947997e152eedbddeb78f86782be19495cd01bfa8a2307e7adfde157d77b	Hip thrust talloni elevati corpo libero (Bodyweight heel-elevated hip thrust).gif	Hip thrust talloni elevati
2026-08-03T16:55:21	Gambe e Glutei	a0e304b97dce81084d12f534a7675e3fa00d2cc00a04cf7a526ef5206bbedccd	Hip thrust unilaterale (schiena su panca).gif	Hip thrust bil
2026-08-03T16:55:23	Gambe e Glutei	a0e304b97dce81084d12f534a7675e3fa00d2cc00a04cf7a526ef5206bbedccd	Hip thrust unilaterale (schiena su panca).gif	Hip thrust bilanciere 
2026-08-03T16:55:24	Gambe e Glutei	a0e304b97dce81084d12f534a7675e3fa00d2cc00a04cf7a526ef5206bbedccd	Hip thrust unilaterale (schiena su panca).gif	Hip thrust bilanciere una 
2026-08-03T16:55:28	Gambe e Glutei	a0e304b97dce81084d12f534a7675e3fa00d2cc00a04cf7a526ef5206bbedccd	Hip thrust unilaterale (schiena su panca).gif	Hip thrust bilanciere una gamba
2026-08-03T16:56:08	Gambe e Glutei	3def639c3af695e7d2e45782495e7b9d2016f600d2c275461b3debec3c99737e	Hip thrust unilaterale panca piana ginocchio raccolto corpo libero (Bodyweight flat bench single leg hip thrust knee tucked).gif	Hip thrust una  panca piana ginocchio raccolto corpo libero
2026-08-03T16:56:09	Gambe e Glutei	3def639c3af695e7d2e45782495e7b9d2016f600d2c275461b3debec3c99737e	Hip thrust unilaterale panca piana ginocchio raccolto corpo libero (Bodyweight flat bench single leg hip thrust knee tucked).gif	Hip thrust una gamb  panca piana ginocchio raccolto corpo libero
2026-08-03T16:56:11	Gambe e Glutei	3def639c3af695e7d2e45782495e7b9d2016f600d2c275461b3debec3c99737e	Hip thrust unilaterale panca piana ginocchio raccolto corpo libero (Bodyweight flat bench single leg hip thrust knee tucked).gif	Hip thrust una gamba  panca piana ginocchio raccolto corpo libero
2026-08-03T16:56:21	Gambe e Glutei	3def639c3af695e7d2e45782495e7b9d2016f600d2c275461b3debec3c99737e	Hip thrust unilaterale panca piana ginocchio raccolto corpo libero (Bodyweight flat bench single leg hip thrust knee tucked).gif	Hip thrust una gamba panca piana ginocchio raccolto corpo libero
2026-08-03T16:56:36	Gambe e Glutei	3def639c3af695e7d2e45782495e7b9d2016f600d2c275461b3debec3c99737e	Hip thrust unilaterale panca piana ginocchio raccolto corpo libero (Bodyweight flat bench single leg hip thrust knee tucked).gif	Hip thrust una gamba panca corpo libero
2026-08-03T16:56:41	Gambe e Glutei	3def639c3af695e7d2e45782495e7b9d2016f600d2c275461b3debec3c99737e	Hip thrust unilaterale panca piana ginocchio raccolto corpo libero (Bodyweight flat bench single leg hip thrust knee tucked).gif	Hip thrust una gamba panca o
2026-08-03T16:56:41	Gambe e Glutei	3def639c3af695e7d2e45782495e7b9d2016f600d2c275461b3debec3c99737e	Hip thrust unilaterale panca piana ginocchio raccolto corpo libero (Bodyweight flat bench single leg hip thrust knee tucked).gif	Hip thrust una gamba panca 
2026-08-03T17:10:13	Gambe e Glutei	3def639c3af695e7d2e45782495e7b9d2016f600d2c275461b3debec3c99737e	Hip thrust unilaterale panca piana ginocchio raccolto corpo libero (Bodyweight flat bench single leg hip thrust knee tucked).gif	Hip thrust una gamba panca spint
2026-08-03T17:10:15	Gambe e Glutei	3def639c3af695e7d2e45782495e7b9d2016f600d2c275461b3debec3c99737e	Hip thrust unilaterale panca piana ginocchio raccolto corpo libero (Bodyweight flat bench single leg hip thrust knee tucked).gif	Hip thrust una gamba panca spinta esplo
2026-08-03T17:10:17	Gambe e Glutei	3def639c3af695e7d2e45782495e7b9d2016f600d2c275461b3debec3c99737e	Hip thrust unilaterale panca piana ginocchio raccolto corpo libero (Bodyweight flat bench single leg hip thrust knee tucked).gif	Hip thrust una gamba panca spinta esplosiva
2026-08-03T17:10:45	Gambe e Glutei	76067cc0a70a14efbd3d24f4bc8be2e041c95b3eb82d8443f0da101b860ad038	Hip thrust unilaterale panca piana gamba tesa corpo libero (Bodyweight flat bench single leg hip thrust straight leg).gif	Hip thrust una gmaba  corpo libero
2026-08-03T17:10:47	Gambe e Glutei	76067cc0a70a14efbd3d24f4bc8be2e041c95b3eb82d8443f0da101b860ad038	Hip thrust unilaterale panca piana gamba tesa corpo libero (Bodyweight flat bench single leg hip thrust straight leg).gif	Hip thrust una g corpo libero
2026-08-03T17:10:48	Gambe e Glutei	76067cc0a70a14efbd3d24f4bc8be2e041c95b3eb82d8443f0da101b860ad038	Hip thrust unilaterale panca piana gamba tesa corpo libero (Bodyweight flat bench single leg hip thrust straight leg).gif	Hip thrust una ga corpo libero
2026-08-03T17:10:49	Gambe e Glutei	76067cc0a70a14efbd3d24f4bc8be2e041c95b3eb82d8443f0da101b860ad038	Hip thrust unilaterale panca piana gamba tesa corpo libero (Bodyweight flat bench single leg hip thrust straight leg).gif	Hip thrust una gamba  corpo libero
2026-08-03T17:10:50	Gambe e Glutei	76067cc0a70a14efbd3d24f4bc8be2e041c95b3eb82d8443f0da101b860ad038	Hip thrust unilaterale panca piana gamba tesa corpo libero (Bodyweight flat bench single leg hip thrust straight leg).gif	Hip thrust una gamba p corpo libero
2026-08-03T17:10:52	Gambe e Glutei	76067cc0a70a14efbd3d24f4bc8be2e041c95b3eb82d8443f0da101b860ad038	Hip thrust unilaterale panca piana gamba tesa corpo libero (Bodyweight flat bench single leg hip thrust straight leg).gif	Hip thrust una gamba panca corpo libero
2026-08-03T17:10:56	Gambe e Glutei	76067cc0a70a14efbd3d24f4bc8be2e041c95b3eb82d8443f0da101b860ad038	Hip thrust unilaterale panca piana gamba tesa corpo libero (Bodyweight flat bench single leg hip thrust straight leg).gif	Hip thrust una gamba panca
2026-08-03T17:11:10	Gambe e Glutei	a0e304b97dce81084d12f534a7675e3fa00d2cc00a04cf7a526ef5206bbedccd	Hip thrust unilaterale (schiena su panca).gif	Hip thrust una gamba
2026-08-03T17:11:12	Gambe e Glutei	a0e304b97dce81084d12f534a7675e3fa00d2cc00a04cf7a526ef5206bbedccd	Hip thrust unilaterale (schiena su panca).gif	Hip thrust una gamba 
2026-08-03T17:11:13	Gambe e Glutei	a0e304b97dce81084d12f534a7675e3fa00d2cc00a04cf7a526ef5206bbedccd	Hip thrust unilaterale (schiena su panca).gif	Hip thrust una gamba bilanciere
2026-08-03T17:15:39	Gambe e Glutei	58825f7b669b759a54fb2df628b95dde97b52d45b404280ef4edd611c87257a9	Ponte glutei corpo libero (Bodyweight glute bridge).gif	Ponte glutei co
2026-08-03T17:15:40	Gambe e Glutei	58825f7b669b759a54fb2df628b95dde97b52d45b404280ef4edd611c87257a9	Ponte glutei corpo libero (Bodyweight glute bridge).gif	Ponte glutei
2026-08-03T17:15:48	Gambe e Glutei	ca76398a9a97a43247d3012102edc70b536642e2270d0fefa08ececb4c80cc46	Ponte glutei frog pump corpo libero (Bodyweight frog pump glute bridge).gif	Ponte glutei frog pump
2026-08-03T17:18:03	Gambe e Glutei	19f92551056487f8c4aecbb95797644b0c7d10e973ca8517cf22ae63ea04e6a9	Ponte glutei una gamba tesa allineata corpo libero (Straight-leg aligned bodyweight single-leg glute bridge).gif	Ponte glutei una gamba tesa
2026-08-03T17:18:34	Gambe e Glutei	1d2cf901a45504db769aeb02bade7a17d07e95cb83d17ae68eda017aaaa4f2af	Ponte glutei una gamba verticale corpo libero (Vertical-leg bodyweight single-leg glute bridge).gif	Ponte glutei una gamba verticale corp
2026-08-03T17:18:38	Gambe e Glutei	1d2cf901a45504db769aeb02bade7a17d07e95cb83d17ae68eda017aaaa4f2af	Ponte glutei una gamba verticale corpo libero (Vertical-leg bodyweight single-leg glute bridge).gif	Ponte glutei una gamba verticale
2026-08-03T17:25:52	Gambe e Glutei	26bd85ebbc14d6d894c757fff7c01e1f3b1bf7737b41a10b5307dfdd11116904	Abduzione cavo in piedi (Standing cable hip abduction).gif	Abduzione uncavo
2026-08-03T17:25:53	Gambe e Glutei	26bd85ebbc14d6d894c757fff7c01e1f3b1bf7737b41a10b5307dfdd11116904	Abduzione cavo in piedi (Standing cable hip abduction).gif	Abduzione una cavo
2026-08-03T17:25:57	Gambe e Glutei	26bd85ebbc14d6d894c757fff7c01e1f3b1bf7737b41a10b5307dfdd11116904	Abduzione cavo in piedi (Standing cable hip abduction).gif	Abduzione una gamba cavo
2026-08-03T17:28:17	Gambe e Glutei	6af8638aea63e98ec4bce399caef862421d70e54f1b93a80719fc77ddaac656d	Abduzione corpo libero in piedi appoggio (Standing bodyweight hip abduction (supported)).gif	Abduzione con appoggio
2026-08-03T17:29:14	Gambe e Glutei	6af8638aea63e98ec4bce399caef862421d70e54f1b93a80719fc77ddaac656d	Abduzione corpo libero in piedi appoggio (Standing bodyweight hip abduction (supported)).gif	Abduzione in piedi con appoggio
2026-08-03T17:29:29	Gambe e Glutei	6af8638aea63e98ec4bce399caef862421d70e54f1b93a80719fc77ddaac656d	Abduzione corpo libero in piedi appoggio (Standing bodyweight hip abduction (supported)).gif	Abduzione con appoggio
2026-08-03T17:29:33	Gambe e Glutei	6af8638aea63e98ec4bce399caef862421d70e54f1b93a80719fc77ddaac656d	Abduzione corpo libero in piedi appoggio (Standing bodyweight hip abduction (supported)).gif	Abduzione appoggio
2026-08-03T17:29:36	Gambe e Glutei	6af8638aea63e98ec4bce399caef862421d70e54f1b93a80719fc77ddaac656d	Abduzione corpo libero in piedi appoggio (Standing bodyweight hip abduction (supported)).gif	Abduzione appoggio in piedi 
2026-08-03T17:31:14	Gambe e Glutei	2e41cb245a580273b33089a600781079868d652293d8b415f9c0444bc6df7d97	Abduzione macchina in piedi spinta laterale (Standing machine hip abduction).gif	Abduzione una macchina spinta laterale
2026-08-03T17:31:16	Gambe e Glutei	2e41cb245a580273b33089a600781079868d652293d8b415f9c0444bc6df7d97	Abduzione macchina in piedi spinta laterale (Standing machine hip abduction).gif	Abduzione una gamba macchina spinta laterale
2026-08-03T17:32:51	Gambe e Glutei	615827e78ad806768b9deaa68d7f4f3e4f4be53724e2b3160c252175907096d1	Camminata laterale elastico caviglie.gif	Camminata laterale elastico
2026-08-03T17:34:47	Gambe e Glutei	5599f5fbeb64e446a40f88a24259976360b98dc6e73cc3efe2a7ee12b2c8e76c	Donkey kick corpo libero avambracci a terra (Straight-leg bodyweight donkey kick).gif	Donkey kick u avambracci a terra
2026-08-03T17:34:48	Gambe e Glutei	5599f5fbeb64e446a40f88a24259976360b98dc6e73cc3efe2a7ee12b2c8e76c	Donkey kick corpo libero avambracci a terra (Straight-leg bodyweight donkey kick).gif	Donkey kick una  avambracci a terra
2026-08-03T17:34:49	Gambe e Glutei	5599f5fbeb64e446a40f88a24259976360b98dc6e73cc3efe2a7ee12b2c8e76c	Donkey kick corpo libero avambracci a terra (Straight-leg bodyweight donkey kick).gif	Donkey kick una gamba avambracci a terra
2026-08-03T17:35:25	Gambe e Glutei	2f33257ee046083d5e52ef7369a19ca36fcba6b4b4ee623ac1f2ec268fdc615c	Donkey kick corpo libero mani a terra (Bodyweight donkey kick).gif	Donkey kick u mani a terra
2026-08-03T17:35:26	Gambe e Glutei	2f33257ee046083d5e52ef7369a19ca36fcba6b4b4ee623ac1f2ec268fdc615c	Donkey kick corpo libero mani a terra (Bodyweight donkey kick).gif	Donkey kick una gamba mani a terra
2026-08-03T17:37:11	Gambe e Glutei	8d226f8371aa8b5867e5272d1e4f49df2816e8f4f553e806f1c99af0f2fd19eb	Donkey kick gamba tesa panca (Side-lying bodyweight donkey kick).gif	Donkey kick una gamba tesa panca
2026-08-03T17:37:39	Gambe e Glutei	1805d106e06b98da16dabf757d6434eaaf81d0947b4284348d57d7be030464f6	Donkey kick elastico barra mani quadrupedia.gif	Donkey kick una gamba elastico quadrupedia
2026-08-03T17:38:22	Gambe e Glutei	d5ba21d65a6d2480506e35b47dacc8db49ed73895fbd400eeb7d5be7e5095b2e	Donkey kick macchina (Machine donkey kick).gif	Donkey kick una gamba macchina
2026-08-03T17:39:20	Gambe e Glutei	5599f5fbeb64e446a40f88a24259976360b98dc6e73cc3efe2a7ee12b2c8e76c	Donkey kick corpo libero avambracci a terra (Straight-leg bodyweight donkey kick).gif	Donkey kick avambracci a terra
2026-08-03T17:39:27	Gambe e Glutei	2f33257ee046083d5e52ef7369a19ca36fcba6b4b4ee623ac1f2ec268fdc615c	Donkey kick corpo libero mani a terra (Bodyweight donkey kick).gif	Donkey kick mani a terra
2026-08-03T17:39:36	Gambe e Glutei	1805d106e06b98da16dabf757d6434eaaf81d0947b4284348d57d7be030464f6	Donkey kick elastico barra mani quadrupedia.gif	Donkey kick elastico quadrupedia
2026-08-03T17:39:43	Gambe e Glutei	8d226f8371aa8b5867e5272d1e4f49df2816e8f4f553e806f1c99af0f2fd19eb	Donkey kick gamba tesa panca (Side-lying bodyweight donkey kick).gif	Donkey kick tesa panca
2026-08-03T17:39:50	Gambe e Glutei	d5ba21d65a6d2480506e35b47dacc8db49ed73895fbd400eeb7d5be7e5095b2e	Donkey kick macchina (Machine donkey kick).gif	Donkey kick macchina
2026-08-03T17:40:54	Gambe e Glutei	680dae8c4cc422aa7b26097083317b838d5eee2e927738a43f99d82de938f7f8	Estensione anca appoggio bilanciere (unilateral hip extension with vertical barbell support).gif	Estensione anca appoggio bilan
2026-08-03T17:40:55	Gambe e Glutei	680dae8c4cc422aa7b26097083317b838d5eee2e927738a43f99d82de938f7f8	Estensione anca appoggio bilanciere (unilateral hip extension with vertical barbell support).gif	Estensione anca appoggio 
2026-08-03T17:41:26	Gambe e Glutei	680dae8c4cc422aa7b26097083317b838d5eee2e927738a43f99d82de938f7f8	Estensione anca appoggio bilanciere (unilateral hip extension with vertical barbell support).gif	Estensione anca ass 
2026-08-03T17:41:27	Gambe e Glutei	680dae8c4cc422aa7b26097083317b838d5eee2e927738a43f99d82de938f7f8	Estensione anca appoggio bilanciere (unilateral hip extension with vertical barbell support).gif	Estensione anca asso 
2026-08-03T17:41:29	Gambe e Glutei	680dae8c4cc422aa7b26097083317b838d5eee2e927738a43f99d82de938f7f8	Estensione anca appoggio bilanciere (unilateral hip extension with vertical barbell support).gif	Estensione anca assistito 
2026-08-03T17:41:31	Gambe e Glutei	680dae8c4cc422aa7b26097083317b838d5eee2e927738a43f99d82de938f7f8	Estensione anca appoggio bilanciere (unilateral hip extension with vertical barbell support).gif	Estensione anca ass 
2026-08-03T17:41:32	Gambe e Glutei	680dae8c4cc422aa7b26097083317b838d5eee2e927738a43f99d82de938f7f8	Estensione anca appoggio bilanciere (unilateral hip extension with vertical barbell support).gif	Estensione anca a 
2026-08-03T17:41:33	Gambe e Glutei	680dae8c4cc422aa7b26097083317b838d5eee2e927738a43f99d82de938f7f8	Estensione anca appoggio bilanciere (unilateral hip extension with vertical barbell support).gif	Estensione anca  
2026-08-03T17:42:55	Gambe e Glutei	680dae8c4cc422aa7b26097083317b838d5eee2e927738a43f99d82de938f7f8	Estensione anca appoggio bilanciere (unilateral hip extension with vertical barbell support).gif	Estensione anca una  
2026-08-03T17:43:21	Gambe e Glutei	680dae8c4cc422aa7b26097083317b838d5eee2e927738a43f99d82de938f7f8	Estensione anca appoggio bilanciere (unilateral hip extension with vertical barbell support).gif	Estensione anca u 
2026-08-03T17:43:22	Gambe e Glutei	680dae8c4cc422aa7b26097083317b838d5eee2e927738a43f99d82de938f7f8	Estensione anca appoggio bilanciere (unilateral hip extension with vertical barbell support).gif	Estensione anca  
2026-08-03T17:43:24	Gambe e Glutei	680dae8c4cc422aa7b26097083317b838d5eee2e927738a43f99d82de938f7f8	Estensione anca appoggio bilanciere (unilateral hip extension with vertical barbell support).gif	Estensione anca con  
2026-08-03T17:43:24	Gambe e Glutei	680dae8c4cc422aa7b26097083317b838d5eee2e927738a43f99d82de938f7f8	Estensione anca appoggio bilanciere (unilateral hip extension with vertical barbell support).gif	Estensione anca con a 
2026-08-03T17:43:26	Gambe e Glutei	680dae8c4cc422aa7b26097083317b838d5eee2e927738a43f99d82de938f7f8	Estensione anca appoggio bilanciere (unilateral hip extension with vertical barbell support).gif	Estensione anca con appo 
2026-08-03T17:43:27	Gambe e Glutei	680dae8c4cc422aa7b26097083317b838d5eee2e927738a43f99d82de938f7f8	Estensione anca appoggio bilanciere (unilateral hip extension with vertical barbell support).gif	Estensione anca con appoggio 
2026-08-03T17:43:35	Gambe e Glutei	42c8d4637ea6b6659f1bdaf0f0d4d6a3334c08f96d0a9039b457af0e3d65b202	Estensione anca cavo basso busto flesso (Bent-over cable hip extension).gif	Estensione anca cavo busto flesso
2026-08-03T17:44:36	Gambe e Glutei	680dae8c4cc422aa7b26097083317b838d5eee2e927738a43f99d82de938f7f8	Estensione anca appoggio bilanciere (unilateral hip extension with vertical barbell support).gif	Estensione anca cavo con appoggio 
2026-08-03T17:44:47	Gambe e Glutei	680dae8c4cc422aa7b26097083317b838d5eee2e927738a43f99d82de938f7f8	Estensione anca appoggio bilanciere (unilateral hip extension with vertical barbell support).gif	Estensione anca elastico con appoggio 
2026-08-03T17:45:33	Gambe e Glutei	42c8d4637ea6b6659f1bdaf0f0d4d6a3334c08f96d0a9039b457af0e3d65b202	Estensione anca cavo basso busto flesso (Bent-over cable hip extension).gif	Estensione anca cavo busto flesso 
2026-08-03T17:45:36	Gambe e Glutei	42c8d4637ea6b6659f1bdaf0f0d4d6a3334c08f96d0a9039b457af0e3d65b202	Estensione anca cavo basso busto flesso (Bent-over cable hip extension).gif	Estensione anca cavo busto flesso con appoggio
2026-08-03T17:46:41	Gambe e Glutei	87fea7deeed06a9a924b0eee4517a48c740fd76b40ed8c78e78ffe88e69a92e4	Estensione anca cavo basso in piedi (Standing cable hip extension).gif	Estensione anca cavo basso con appggio
2026-08-03T17:46:45	Gambe e Glutei	87fea7deeed06a9a924b0eee4517a48c740fd76b40ed8c78e78ffe88e69a92e4	Estensione anca cavo basso in piedi (Standing cable hip extension).gif	Estensione anca cavo basso con appoggio
2026-08-03T17:49:03	Gambe e Glutei	99f9d3c042f625294b7b4deba0f28d96c9d65471269a117560a9768545fe1a5e	Estensione anca elastico caviglia in piedi.gif	Estensione anca elastico knee 
2026-08-03T17:49:06	Gambe e Glutei	99f9d3c042f625294b7b4deba0f28d96c9d65471269a117560a9768545fe1a5e	Estensione anca elastico caviglia in piedi.gif	Estensione anca elastico knee d
2026-08-03T17:49:07	Gambe e Glutei	99f9d3c042f625294b7b4deba0f28d96c9d65471269a117560a9768545fe1a5e	Estensione anca elastico caviglia in piedi.gif	Estensione anca elastico knee drive
2026-08-03T17:51:09	Gambe e Glutei	cb6e1394da0aa481bff8c8b45a5af8d6168db7cb039ad43bab61fbb426e3a41d	Estensione anca in piedi bilanciere (Standing barbell hip extension).gif	 bilanciere
2026-08-03T17:51:19	Gambe e Glutei	cb6e1394da0aa481bff8c8b45a5af8d6168db7cb039ad43bab61fbb426e3a41d	Estensione anca in piedi bilanciere (Standing barbell hip extension).gif	Stacc bilanciere
2026-08-03T17:51:19	Gambe e Glutei	cb6e1394da0aa481bff8c8b45a5af8d6168db7cb039ad43bab61fbb426e3a41d	Estensione anca in piedi bilanciere (Standing barbell hip extension).gif	Stacco bilanciere
2026-08-03T17:51:22	Gambe e Glutei	cb6e1394da0aa481bff8c8b45a5af8d6168db7cb039ad43bab61fbb426e3a41d	Estensione anca in piedi bilanciere (Standing barbell hip extension).gif	Stacco rumeno bilanciere
2026-08-03T17:51:25	Gambe e Glutei	cb6e1394da0aa481bff8c8b45a5af8d6168db7cb039ad43bab61fbb426e3a41d	Estensione anca in piedi bilanciere (Standing barbell hip extension).gif	Stacco rumeno una  bilanciere
2026-08-03T17:51:27	Gambe e Glutei	cb6e1394da0aa481bff8c8b45a5af8d6168db7cb039ad43bab61fbb426e3a41d	Estensione anca in piedi bilanciere (Standing barbell hip extension).gif	Stacco rumeno una gamba bilanciere
2026-08-03T18:23:34	Gambe e Glutei	8f88a46d9caaaedd3213f089a348da6a9391dfbcdfe19ce54be18e937946e0ca	Estensione anca macchina graviton in piedi (Standing machine hip extension).gif	Estensione anca macchina
2026-08-04T15:34:30	Gambe e Glutei	680dae8c4cc422aa7b26097083317b838d5eee2e927738a43f99d82de938f7f8	Estensione anca appoggio bilanciere (unilateral hip extension with vertical barbell support).gif	Estensione anca elastico
2026-08-04T15:34:53	Gambe e Glutei	42c8d4637ea6b6659f1bdaf0f0d4d6a3334c08f96d0a9039b457af0e3d65b202	Estensione anca cavo basso busto flesso (Bent-over cable hip extension).gif	Estensione anca cavo busto flesso 
2026-08-04T15:34:54	Gambe e Glutei	42c8d4637ea6b6659f1bdaf0f0d4d6a3334c08f96d0a9039b457af0e3d65b202	Estensione anca cavo basso busto flesso (Bent-over cable hip extension).gif	Estensione anca cavo busto flesso
2026-08-04T15:36:31	Gambe e Glutei	87fea7deeed06a9a924b0eee4517a48c740fd76b40ed8c78e78ffe88e69a92e4	Estensione anca cavo basso in piedi (Standing cable hip extension).gif	Estensione anca cavo basso 
2026-08-04T15:36:31	Gambe e Glutei	87fea7deeed06a9a924b0eee4517a48c740fd76b40ed8c78e78ffe88e69a92e4	Estensione anca cavo basso in piedi (Standing cable hip extension).gif	Estensione anca cavo basso
2026-08-04T15:36:53	Gambe e Glutei	87fea7deeed06a9a924b0eee4517a48c740fd76b40ed8c78e78ffe88e69a92e4	Estensione anca cavo basso in piedi (Standing cable hip extension).gif	Estensione anca cavo
2026-08-04T15:39:22	Gambe e Glutei	798e02e869473d099d444a79fbc8cc3521e07aa77e00eaadc6590329df5661b0	Estensione anca in piedi manubri (Standing dumbbell hip extension).gif	Stacco 
2026-08-04T15:39:24	Gambe e Glutei	798e02e869473d099d444a79fbc8cc3521e07aa77e00eaadc6590329df5661b0	Estensione anca in piedi manubri (Standing dumbbell hip extension).gif	Stacco rumneo 
2026-08-04T15:39:26	Gambe e Glutei	798e02e869473d099d444a79fbc8cc3521e07aa77e00eaadc6590329df5661b0	Estensione anca in piedi manubri (Standing dumbbell hip extension).gif	Stacco rum
2026-08-04T15:39:29	Gambe e Glutei	798e02e869473d099d444a79fbc8cc3521e07aa77e00eaadc6590329df5661b0	Estensione anca in piedi manubri (Standing dumbbell hip extension).gif	Stacco rumeno una gamba m
2026-08-04T15:39:31	Gambe e Glutei	798e02e869473d099d444a79fbc8cc3521e07aa77e00eaadc6590329df5661b0	Estensione anca in piedi manubri (Standing dumbbell hip extension).gif	Stacco rumeno una gamba manu
2026-08-04T15:39:33	Gambe e Glutei	798e02e869473d099d444a79fbc8cc3521e07aa77e00eaadc6590329df5661b0	Estensione anca in piedi manubri (Standing dumbbell hip extension).gif	Stacco rumeno una gamba manubri 2
2026-08-04T15:40:57	Gambe e Glutei	3facf6f34e005363ea433aae0adb89d74dada495582b5b252ee35ecc45ca1713	Adduzione cavo in piedi (Standing cable hip adduction).gif	Adduzione anca cavo
2026-08-04T15:41:40	Gambe e Glutei	50a3a7eec880b7ebcc23d11d0b7a3c4cd6d3bf4024540840e3d8178a61b2366b	Adduzione corpo libero sdraiato laterale (Side-lying hip adduction).gif	Adduzione anca laterale
2026-08-04T15:41:43	Gambe e Glutei	50a3a7eec880b7ebcc23d11d0b7a3c4cd6d3bf4024540840e3d8178a61b2366b	Adduzione corpo libero sdraiato laterale (Side-lying hip adduction).gif	Adduzione anca de laterale
2026-08-04T15:41:45	Gambe e Glutei	50a3a7eec880b7ebcc23d11d0b7a3c4cd6d3bf4024540840e3d8178a61b2366b	Adduzione corpo libero sdraiato laterale (Side-lying hip adduction).gif	Adduzione anca decubito  laterale
2026-08-04T15:41:46	Gambe e Glutei	50a3a7eec880b7ebcc23d11d0b7a3c4cd6d3bf4024540840e3d8178a61b2366b	Adduzione corpo libero sdraiato laterale (Side-lying hip adduction).gif	Adduzione anca decubito laterale
2026-08-04T15:41:52	Gambe e Glutei	50a3a7eec880b7ebcc23d11d0b7a3c4cd6d3bf4024540840e3d8178a61b2366b	Adduzione corpo libero sdraiato laterale (Side-lying hip adduction).gif	Adduzione anca decubito laterale 
2026-08-04T15:41:54	Gambe e Glutei	50a3a7eec880b7ebcc23d11d0b7a3c4cd6d3bf4024540840e3d8178a61b2366b	Adduzione corpo libero sdraiato laterale (Side-lying hip adduction).gif	Adduzione anca decubito laterale gamba 
2026-08-04T15:41:59	Gambe e Glutei	50a3a7eec880b7ebcc23d11d0b7a3c4cd6d3bf4024540840e3d8178a61b2366b	Adduzione corpo libero sdraiato laterale (Side-lying hip adduction).gif	Adduzione anca decubito laterale gamba i
2026-08-04T15:42:01	Gambe e Glutei	50a3a7eec880b7ebcc23d11d0b7a3c4cd6d3bf4024540840e3d8178a61b2366b	Adduzione corpo libero sdraiato laterale (Side-lying hip adduction).gif	Adduzione anca decubito laterale g
2026-08-04T15:42:02	Gambe e Glutei	50a3a7eec880b7ebcc23d11d0b7a3c4cd6d3bf4024540840e3d8178a61b2366b	Adduzione corpo libero sdraiato laterale (Side-lying hip adduction).gif	Adduzione anca decubito laterale 
2026-08-04T15:42:03	Gambe e Glutei	50a3a7eec880b7ebcc23d11d0b7a3c4cd6d3bf4024540840e3d8178a61b2366b	Adduzione corpo libero sdraiato laterale (Side-lying hip adduction).gif	Adduzione anca decubito laterale gam
2026-08-04T15:42:05	Gambe e Glutei	50a3a7eec880b7ebcc23d11d0b7a3c4cd6d3bf4024540840e3d8178a61b2366b	Adduzione corpo libero sdraiato laterale (Side-lying hip adduction).gif	Adduzione anca decubito laterale 
2026-08-04T15:42:07	Gambe e Glutei	50a3a7eec880b7ebcc23d11d0b7a3c4cd6d3bf4024540840e3d8178a61b2366b	Adduzione corpo libero sdraiato laterale (Side-lying hip adduction).gif	Adduzione anca decubito laterale piede 
2026-08-04T15:42:08	Gambe e Glutei	50a3a7eec880b7ebcc23d11d0b7a3c4cd6d3bf4024540840e3d8178a61b2366b	Adduzione corpo libero sdraiato laterale (Side-lying hip adduction).gif	Adduzione anca decubito laterale piede ap
2026-08-04T15:42:09	Gambe e Glutei	50a3a7eec880b7ebcc23d11d0b7a3c4cd6d3bf4024540840e3d8178a61b2366b	Adduzione corpo libero sdraiato laterale (Side-lying hip adduction).gif	Adduzione anca decubito laterale piede 
2026-08-04T15:42:10	Gambe e Glutei	50a3a7eec880b7ebcc23d11d0b7a3c4cd6d3bf4024540840e3d8178a61b2366b	Adduzione corpo libero sdraiato laterale (Side-lying hip adduction).gif	Adduzione anca decubito laterale piede in 
2026-08-04T15:42:19	Gambe e Glutei	50a3a7eec880b7ebcc23d11d0b7a3c4cd6d3bf4024540840e3d8178a61b2366b	Adduzione corpo libero sdraiato laterale (Side-lying hip adduction).gif	Adduzione anca decubito laterale piede in appoggio
2026-08-04T15:42:29	Gambe e Glutei	ffafbba8e1069936d293fc38c2ffadbb0ac12455dd6db446986ddf32a6a5a65d	Adduzione anca decubito laterale.gif	Adduzione anca decubito laterale 
2026-08-04T15:42:38	Gambe e Glutei	ffafbba8e1069936d293fc38c2ffadbb0ac12455dd6db446986ddf32a6a5a65d	Adduzione anca decubito laterale.gif	Adduzione anca decubito laterale g
2026-08-04T15:42:39	Gambe e Glutei	ffafbba8e1069936d293fc38c2ffadbb0ac12455dd6db446986ddf32a6a5a65d	Adduzione anca decubito laterale.gif	Adduzione anca decubito laterale gamba 
2026-08-04T15:42:41	Gambe e Glutei	ffafbba8e1069936d293fc38c2ffadbb0ac12455dd6db446986ddf32a6a5a65d	Adduzione anca decubito laterale.gif	Adduzione anca decubito laterale gamba tesa
2026-08-04T15:43:12	Gambe e Glutei	0f67caeb3f0b76a301340fa1fc9727c8318f541e1daa73dd9917e73daa8c9347	Adduzione macchina in piedi (Standing machine hip adduction).gif	Adduzione  macchina in piedi
2026-08-04T15:43:14	Gambe e Glutei	0f67caeb3f0b76a301340fa1fc9727c8318f541e1daa73dd9917e73daa8c9347	Adduzione macchina in piedi (Standing machine hip adduction).gif	Adduzione una gamba macchina in piedi
2026-08-04T15:44:38	Gambe e Glutei	f0b3ea76e173a770e298e65e242c0fb83a1bc27626d2be726388b18e7ee3cafd	Calf raise corpo libero su gradino (Standing bodyweight calf raise on step).gif	Calf raise su gradino
2026-08-04T15:45:36	Gambe e Glutei	249d59842be2bebb1397aee4461028ba5b345f2668ab7f347013a68c87869813	Affondo jump lunge.gif	ump lunge
2026-08-04T15:45:37	Gambe e Glutei	249d59842be2bebb1397aee4461028ba5b345f2668ab7f347013a68c87869813	Affondo jump lunge.gif	Jump lunge
2026-08-04T15:45:48	Gambe e Glutei	249d59842be2bebb1397aee4461028ba5b345f2668ab7f347013a68c87869813	Affondo jump lunge.gif	Jumping lunge
2026-08-04T15:46:46	Gambe e Glutei	167ca90a26b517f4ad08e4f2b4021b824e8ad5e9ffc5e6ef1875532f2f309b5e	Affondo pliometrico manubri (Dumbbell jumping lunge).gif	 manubri
2026-08-04T15:46:49	Gambe e Glutei	167ca90a26b517f4ad08e4f2b4021b824e8ad5e9ffc5e6ef1875532f2f309b5e	Affondo pliometrico manubri (Dumbbell jumping lunge).gif	Jumping manubri
2026-08-04T15:47:12	Gambe e Glutei	167ca90a26b517f4ad08e4f2b4021b824e8ad5e9ffc5e6ef1875532f2f309b5e	Affondo pliometrico manubri (Dumbbell jumping lunge).gif	Jumpi manubri
2026-08-04T15:47:13	Gambe e Glutei	167ca90a26b517f4ad08e4f2b4021b824e8ad5e9ffc5e6ef1875532f2f309b5e	Affondo pliometrico manubri (Dumbbell jumping lunge).gif	Jum manubri
2026-08-04T15:47:14	Gambe e Glutei	167ca90a26b517f4ad08e4f2b4021b824e8ad5e9ffc5e6ef1875532f2f309b5e	Affondo pliometrico manubri (Dumbbell jumping lunge).gif	Ju manubri
2026-08-04T15:47:15	Gambe e Glutei	167ca90a26b517f4ad08e4f2b4021b824e8ad5e9ffc5e6ef1875532f2f309b5e	Affondo pliometrico manubri (Dumbbell jumping lunge).gif	 manubri
2026-08-04T15:47:16	Gambe e Glutei	167ca90a26b517f4ad08e4f2b4021b824e8ad5e9ffc5e6ef1875532f2f309b5e	Affondo pliometrico manubri (Dumbbell jumping lunge).gif	A manubri
2026-08-04T15:47:18	Gambe e Glutei	167ca90a26b517f4ad08e4f2b4021b824e8ad5e9ffc5e6ef1875532f2f309b5e	Affondo pliometrico manubri (Dumbbell jumping lunge).gif	Affondo pliometrico manubri
2026-08-04T15:47:18	Gambe e Glutei	249d59842be2bebb1397aee4461028ba5b345f2668ab7f347013a68c87869813	Affondo jump lunge.gif	Jumpin lunge
2026-08-04T15:47:23	Gambe e Glutei	167ca90a26b517f4ad08e4f2b4021b824e8ad5e9ffc5e6ef1875532f2f309b5e	Affondo pliometrico manubri (Dumbbell jumping lunge).gif	j pliometrico manubri
2026-08-04T15:47:24	Gambe e Glutei	167ca90a26b517f4ad08e4f2b4021b824e8ad5e9ffc5e6ef1875532f2f309b5e	Affondo pliometrico manubri (Dumbbell jumping lunge).gif	 pliometrico manubri
2026-08-04T15:47:26	Gambe e Glutei	167ca90a26b517f4ad08e4f2b4021b824e8ad5e9ffc5e6ef1875532f2f309b5e	Affondo pliometrico manubri (Dumbbell jumping lunge).gif	Jumping pliometrico manubri
2026-08-04T15:48:31	Gambe e Glutei	249d59842be2bebb1397aee4461028ba5b345f2668ab7f347013a68c87869813	Affondo jump lunge.gif	Jumping lunge
2026-08-04T15:53:17	Gambe e Glutei	249d59842be2bebb1397aee4461028ba5b345f2668ab7f347013a68c87869813	Affondo jump lunge.gif	Jumping  lunge
2026-08-04T15:53:18	Gambe e Glutei	249d59842be2bebb1397aee4461028ba5b345f2668ab7f347013a68c87869813	Affondo jump lunge.gif	Jumping split lunge
2026-08-04T15:53:43	Gambe e Glutei	b719429ca7eef77fd59fcd5aa6981695e944c96825ca7d7a28ebb47a753bc350	Salto monopodalico in avanti.gif	Salto una gamba avanti
2026-08-04T15:53:48	Gambe e Glutei	b719429ca7eef77fd59fcd5aa6981695e944c96825ca7d7a28ebb47a753bc350	Salto monopodalico in avanti.gif	Salto una gamba
2026-08-04T15:53:51	Gambe e Glutei	b719429ca7eef77fd59fcd5aa6981695e944c96825ca7d7a28ebb47a753bc350	Salto monopodalico in avanti.gif	Salto una gamba avanti
2026-08-04T15:56:43	Gambe e Glutei	b0fa6a45cb42c0c073c5aff9d0ecef1bc2b6f8cb6ade5c3b4fefa958bce3df02	Squat jump box.gif	 box
2026-08-04T15:56:46	Gambe e Glutei	b0fa6a45cb42c0c073c5aff9d0ecef1bc2b6f8cb6ade5c3b4fefa958bce3df02	Squat jump box.gif	Jumping  box
2026-08-04T15:56:58	Gambe e Glutei	b0fa6a45cb42c0c073c5aff9d0ecef1bc2b6f8cb6ade5c3b4fefa958bce3df02	Squat jump box.gif	Jumping box
2026-08-04T15:57:06	Gambe e Glutei	4c96d34438150cca7194bf0ec31550ca728481fb0b9b206fa754cff2cc753480	Squat jump box con pistol una gamba (Box jump to pistol squat single leg).gif	jump box con pistol una gamba
2026-08-04T15:57:08	Gambe e Glutei	4c96d34438150cca7194bf0ec31550ca728481fb0b9b206fa754cff2cc753480	Squat jump box con pistol una gamba (Box jump to pistol squat single leg).gif	Jump box con pistol una gamba
2026-08-04T15:57:15	Gambe e Glutei	4c96d34438150cca7194bf0ec31550ca728481fb0b9b206fa754cff2cc753480	Squat jump box con pistol una gamba (Box jump to pistol squat single leg).gif	Jump box con una gamba
2026-08-04T15:57:17	Gambe e Glutei	4c96d34438150cca7194bf0ec31550ca728481fb0b9b206fa754cff2cc753480	Squat jump box con pistol una gamba (Box jump to pistol squat single leg).gif	Jump pistolbox con una gamba
2026-08-04T15:57:18	Gambe e Glutei	4c96d34438150cca7194bf0ec31550ca728481fb0b9b206fa754cff2cc753480	Squat jump box con pistol una gamba (Box jump to pistol squat single leg).gif	Jump pistol box con una gamba
2026-08-04T15:57:20	Gambe e Glutei	4c96d34438150cca7194bf0ec31550ca728481fb0b9b206fa754cff2cc753480	Squat jump box con pistol una gamba (Box jump to pistol squat single leg).gif	Jump pistol box
2026-08-04T15:57:27	Gambe e Glutei	4c96d34438150cca7194bf0ec31550ca728481fb0b9b206fa754cff2cc753480	Squat jump box con pistol una gamba (Box jump to pistol squat single leg).gif	Jumping pistol box
2026-08-04T15:57:45	Gambe e Glutei	ed1928deafdeb400589c25a90c387d56a55d892bd1fae9a464b29aa107119ed9	Squat jump box una gamba (Box jump single leg).gif	ump box una gamba
2026-08-04T15:57:47	Gambe e Glutei	ed1928deafdeb400589c25a90c387d56a55d892bd1fae9a464b29aa107119ed9	Squat jump box una gamba (Box jump single leg).gif	Jump box una gamba
2026-08-04T15:57:50	Gambe e Glutei	ed1928deafdeb400589c25a90c387d56a55d892bd1fae9a464b29aa107119ed9	Squat jump box una gamba (Box jump single leg).gif	Jumping box una gamba
2026-08-04T15:58:47	Gambe e Glutei	53bf44b9de47012f4f6c6581e0bad3f19ce3b2b225e970e8413637a117c6005c	Squat Pistol box jump.gif	Jumping pistol box
2026-08-04T15:58:49	Gambe e Glutei	53bf44b9de47012f4f6c6581e0bad3f19ce3b2b225e970e8413637a117c6005c	Squat Pistol box jump.gif	Jumping pistol box 
2026-08-04T15:58:50	Gambe e Glutei	53bf44b9de47012f4f6c6581e0bad3f19ce3b2b225e970e8413637a117c6005c	Squat Pistol box jump.gif	Jumping pistol box 2
2026-08-11T10:32:57	Pettorali	63690910f82557d8f3da73c17aa5013e8c5eb92a278194cc0e35e36e3973205f	Adduzione spalla elastico un braccio in piedi.gif	Adduzione un braccio in piedi
2026-08-11T10:33:01	Pettorali	63690910f82557d8f3da73c17aa5013e8c5eb92a278194cc0e35e36e3973205f	Adduzione spalla elastico un braccio in piedi.gif	Adduzione un braccio elasticoin piedi
2026-08-11T10:33:03	Pettorali	63690910f82557d8f3da73c17aa5013e8c5eb92a278194cc0e35e36e3973205f	Adduzione spalla elastico un braccio in piedi.gif	Adduzione un braccio elastico in piedi
2026-08-11T10:33:09	Pettorali	63690910f82557d8f3da73c17aa5013e8c5eb92a278194cc0e35e36e3973205f	Adduzione spalla elastico un braccio in piedi.gif	Adduzione ubraccio elastico in piedi
2026-08-11T10:33:10	Pettorali	63690910f82557d8f3da73c17aa5013e8c5eb92a278194cc0e35e36e3973205f	Adduzione spalla elastico un braccio in piedi.gif	Adduzione braccio elastico in piedi
2026-08-11T10:34:22	Pettorali	37047e359852a79a035d8fb10d14db022eb2256d4349e1537aae8dae828ef017	Chest press maniglie elastico in piedi.gif	Chest press elastico in piedi
2026-08-11T10:34:26	Pettorali	37047e359852a79a035d8fb10d14db022eb2256d4349e1537aae8dae828ef017	Chest press maniglie elastico in piedi.gif	Chest press maniglie elastico in piedi
2026-08-11T10:34:32	Pettorali	37047e359852a79a035d8fb10d14db022eb2256d4349e1537aae8dae828ef017	Chest press maniglie elastico in piedi.gif	Chest press elastico in piedi
2026-08-11T10:41:15	Pettorali	8c699aa7dfdc2f7f1495c07f3b52c827cff4ea7822ff8b443a2cd6ded952a887	Croci cavi in piedi (Cable fly standing).gif	Croci cavi meidin piedi
2026-08-11T10:41:17	Pettorali	8c699aa7dfdc2f7f1495c07f3b52c827cff4ea7822ff8b443a2cd6ded952a887	Croci cavi in piedi (Cable fly standing).gif	Croci cavi mediin piedi
2026-08-11T10:41:18	Pettorali	8c699aa7dfdc2f7f1495c07f3b52c827cff4ea7822ff8b443a2cd6ded952a887	Croci cavi in piedi (Cable fly standing).gif	Croci cavi medi in piedi
2026-08-11T10:41:59	Pettorali	a94449f6fd860d60de6ce127d281719fec7a377d739b7f69d8adca38d0853b95	Croci cavi alti traiettoria alta in piedi (Cable high-to-high fly standing).gif	Croci cavi medi traiettoria alta
2026-08-11T10:42:32	Pettorali	8c699aa7dfdc2f7f1495c07f3b52c827cff4ea7822ff8b443a2cd6ded952a887	Croci cavi in piedi (Cable fly standing).gif	Croci cavi medi 
2026-08-11T10:44:46	Pettorali	37047e359852a79a035d8fb10d14db022eb2256d4349e1537aae8dae828ef017	Chest press maniglie elastico in piedi.gif	Chest press elastico in
2026-08-11T10:44:54	Pettorali	37047e359852a79a035d8fb10d14db022eb2256d4349e1537aae8dae828ef017	Chest press maniglie elastico in piedi.gif	Chest press elastico inclii
2026-08-11T10:44:55	Pettorali	37047e359852a79a035d8fb10d14db022eb2256d4349e1537aae8dae828ef017	Chest press maniglie elastico in piedi.gif	Chest press elastico incli
2026-08-11T10:44:56	Pettorali	37047e359852a79a035d8fb10d14db022eb2256d4349e1537aae8dae828ef017	Chest press maniglie elastico in piedi.gif	Chest press elastico inclinato
2026-08-11T10:45:57	Pettorali	9c8fd50be569c14fdfc151a01de1414e57aabf3155862cd7ee9a1034dbe3db79	Croci cavi alti in piedi (Cable cross over standing).gif	Croci cavi alti  in piedi
2026-08-11T10:47:24	Pettorali	8c699aa7dfdc2f7f1495c07f3b52c827cff4ea7822ff8b443a2cd6ded952a887	Croci cavi in piedi (Cable fly standing).gif	Croci cavi medi in piedi
2026-08-11T10:47:39	Pettorali	8be005b695f33c2d302164dc22d97d19c869df119f9d411d46d9e40e9bfc98af	Croci cavi in piedi presa prona (Cable fly standing pronated grip).gif	Croci cavi medi presa prona
2026-08-11T10:47:56	Pettorali	db22ea9c61d2cea69e1cfdef42bdb7672e5b7c47a024605747094eed11c01650	Croci cavi panca declinata (Cable fly decline bench).gif	Croci cavi bassipanca declinata
2026-08-11T10:47:56	Pettorali	db22ea9c61d2cea69e1cfdef42bdb7672e5b7c47a024605747094eed11c01650	Croci cavi panca declinata (Cable fly decline bench).gif	Croci cavi bassi panca declinata
2026-08-11T10:48:15	Pettorali	f094a7708d8446f9e6eee7d16a95e512269b8b446d823eef2df870d27d9ee8c9	Croci cavi panca inclinata (Cable fly incline bench).gif	Croci cavi bassi  panca inclinata
2026-08-11T10:48:16	Pettorali	f094a7708d8446f9e6eee7d16a95e512269b8b446d823eef2df870d27d9ee8c9	Croci cavi panca inclinata (Cable fly incline bench).gif	Croci cavi bassi panca inclinata
2026-08-11T10:48:37	Pettorali	a216c4f77594cce36e931141b81ba9ef54d651f4c0afe59a46f656d0d593ce28	Croci cavi panca piana (Cable fly flat bench).gif	Croci cavi bassi panca piana
2026-08-11T10:50:00	Pettorali	3b5ac43014e89e55a5fda818e1560397442a7f689d1c9f6917d42339d00f5932	Croci macchina seduto (Machine fly seated).gif	Croci medimacchina seduto
2026-08-11T10:50:01	Pettorali	3b5ac43014e89e55a5fda818e1560397442a7f689d1c9f6917d42339d00f5932	Croci macchina seduto (Machine fly seated).gif	Croci medi macchina seduto
2026-08-11T10:50:10	Pettorali	3b5ac43014e89e55a5fda818e1560397442a7f689d1c9f6917d42339d00f5932	Croci macchina seduto (Machine fly seated).gif	Crocmacchina seduto
2026-08-11T10:50:12	Pettorali	3b5ac43014e89e55a5fda818e1560397442a7f689d1c9f6917d42339d00f5932	Croci macchina seduto (Machine fly seated).gif	Croci al pettomacchina seduto
2026-08-11T10:50:15	Pettorali	3b5ac43014e89e55a5fda818e1560397442a7f689d1c9f6917d42339d00f5932	Croci macchina seduto (Machine fly seated).gif	Croci al petto macchina seduto
2026-08-11T10:50:45	Pettorali	3b5ac43014e89e55a5fda818e1560397442a7f689d1c9f6917d42339d00f5932	Croci macchina seduto (Machine fly seated).gif	Croci al macchina seduto
2026-08-11T10:50:46	Pettorali	3b5ac43014e89e55a5fda818e1560397442a7f689d1c9f6917d42339d00f5932	Croci macchina seduto (Machine fly seated).gif	Croci macchina seduto
2026-08-11T10:51:24	Pettorali	3c044de930cb88cc17bc944abc9b406e7fb0e1defe8a29e360026f5d619dcc87	Croci un braccio cavi panca declinata (Cable one arm fly decline bench).gif	Croci cavoi un braccio panca declinata
2026-08-11T10:51:25	Pettorali	3c044de930cb88cc17bc944abc9b406e7fb0e1defe8a29e360026f5d619dcc87	Croci un braccio cavi panca declinata (Cable one arm fly decline bench).gif	Croci cavo un braccio panca declinata
2026-08-11T10:51:27	Pettorali	3c044de930cb88cc17bc944abc9b406e7fb0e1defe8a29e360026f5d619dcc87	Croci un braccio cavi panca declinata (Cable one arm fly decline bench).gif	Croci cavo basso un braccio panca declinata
2026-08-11T10:51:36	Pettorali	3c044de930cb88cc17bc944abc9b406e7fb0e1defe8a29e360026f5d619dcc87	Croci un braccio cavi panca declinata (Cable one arm fly decline bench).gif	Croci ca un braccio panca declinata
2026-08-11T10:51:39	Pettorali	3c044de930cb88cc17bc944abc9b406e7fb0e1defe8a29e360026f5d619dcc87	Croci un braccio cavi panca declinata (Cable one arm fly decline bench).gif	Croci cavai bassi  un braccio panca declinata
2026-08-11T10:51:40	Pettorali	3c044de930cb88cc17bc944abc9b406e7fb0e1defe8a29e360026f5d619dcc87	Croci un braccio cavi panca declinata (Cable one arm fly decline bench).gif	Croci cavai bassi un braccio panca declinata
2026-08-11T10:51:45	Pettorali	3c044de930cb88cc17bc944abc9b406e7fb0e1defe8a29e360026f5d619dcc87	Croci un braccio cavi panca declinata (Cable one arm fly decline bench).gif	Croci cavi bassi un braccio panca declinata
2026-08-11T10:57:59	Pettorali	ec81f85d5e44e5f3f49adda3ea85ab26cbe0c6f8cb4d9418940c6ef6f18ccbc6	Dip parallele basse (Low parallel bars dip).gif	Dip station
2026-08-11T10:59:15	Pettorali	ec81f85d5e44e5f3f49adda3ea85ab26cbe0c6f8cb4d9418940c6ef6f18ccbc6	Dip parallele basse (Low parallel bars dip).gif	Dip station 
2026-08-11T10:59:17	Pettorali	ec81f85d5e44e5f3f49adda3ea85ab26cbe0c6f8cb4d9418940c6ef6f18ccbc6	Dip parallele basse (Low parallel bars dip).gif	Dip station parallel
2026-08-11T10:59:19	Pettorali	ec81f85d5e44e5f3f49adda3ea85ab26cbe0c6f8cb4d9418940c6ef6f18ccbc6	Dip parallele basse (Low parallel bars dip).gif	Dip station parallele
2026-08-11T11:00:10	Pettorali	3f340666a2b11eba11fc2f74a2c016ef7162f54909e028aa7b5a67f01b2a9346	Dip parallele sovraccarico (Weighted chest dip parallel bars).gif	Dip station sovraccarico
2026-08-11T11:00:28	Pettorali	ec81f85d5e44e5f3f49adda3ea85ab26cbe0c6f8cb4d9418940c6ef6f18ccbc6	Dip parallele basse (Low parallel bars dip).gif	Dip station
2026-08-11T11:00:48	Pettorali	85a6d3adf2ae7c460e186cd2fa43811ab84cef9c48d829363ea193c565f4c28c	Dip tra due sedie (Between chairs dip).gif	Dipdue sedie
2026-08-11T11:00:49	Pettorali	85a6d3adf2ae7c460e186cd2fa43811ab84cef9c48d829363ea193c565f4c28c	Dip tra due sedie (Between chairs dip).gif	Dip sedie
2026-08-11T11:20:18	Pettorali	c4506b6c8563e7a4189fca2f5d1b3653de8c5d5586410253a6609ad5dec93fa5	Distensioni cavi panca piana (Cable bench press flat bench).gif	Distensioni cavi bassi panca piana
2026-08-11T11:21:42	Pettorali	af407c1889eb1764d1db69ac1121f7ec9fc34c4e147ee7c74bdcd49028732624	Distensioni cavi seduto (Cable chest press seated).gif	Distensioni cavi panca verticale
2026-08-11T11:25:41	Pettorali	c38469828dbe3a02f4cc3fa537742a2aea965ce76c74a22ef839f81ad1cd9355	Distensioni manubri terra (Floor press).gif	Distensioni manubri sterra
2026-08-11T11:25:42	Pettorali	c38469828dbe3a02f4cc3fa537742a2aea965ce76c74a22ef839f81ad1cd9355	Distensioni manubri terra (Floor press).gif	Distensioni manubri sdterra
2026-08-11T11:25:49	Pettorali	c38469828dbe3a02f4cc3fa537742a2aea965ce76c74a22ef839f81ad1cd9355	Distensioni manubri terra (Floor press).gif	Distensioni manubri terra
2026-08-11T11:25:53	Pettorali	c38469828dbe3a02f4cc3fa537742a2aea965ce76c74a22ef839f81ad1cd9355	Distensioni manubri terra (Floor press).gif	Distensioni manubri sdraterra
2026-08-11T11:25:54	Pettorali	c38469828dbe3a02f4cc3fa537742a2aea965ce76c74a22ef839f81ad1cd9355	Distensioni manubri terra (Floor press).gif	Distensioni manubri sdraiatoterra
2026-08-11T11:25:55	Pettorali	c38469828dbe3a02f4cc3fa537742a2aea965ce76c74a22ef839f81ad1cd9355	Distensioni manubri terra (Floor press).gif	Distensioni manubri sdraiato terra
2026-08-11T11:25:56	Pettorali	c38469828dbe3a02f4cc3fa537742a2aea965ce76c74a22ef839f81ad1cd9355	Distensioni manubri terra (Floor press).gif	Distensioni manubri sdraiato a terra
2026-08-11T11:32:18	Pettorali	c99610e4b52a83cff999f4c1188df332751b729040168477305662079829f5dd	Distensioni verticali macchina presa neutra seduto (Machine vertical neutral grip chest press seated).gif	Distensioni ori macchina presa neutra seduto
2026-08-11T11:32:19	Pettorali	c99610e4b52a83cff999f4c1188df332751b729040168477305662079829f5dd	Distensioni verticali macchina presa neutra seduto (Machine vertical neutral grip chest press seated).gif	Distensioni oriz macchina presa neutra seduto
2026-08-11T11:32:21	Pettorali	c99610e4b52a83cff999f4c1188df332751b729040168477305662079829f5dd	Distensioni verticali macchina presa neutra seduto (Machine vertical neutral grip chest press seated).gif	Distensioni orizzonal macchina presa neutra seduto
2026-08-11T11:32:22	Pettorali	c99610e4b52a83cff999f4c1188df332751b729040168477305662079829f5dd	Distensioni verticali macchina presa neutra seduto (Machine vertical neutral grip chest press seated).gif	Distensioni orizzon macchina presa neutra seduto
2026-08-11T11:32:25	Pettorali	c99610e4b52a83cff999f4c1188df332751b729040168477305662079829f5dd	Distensioni verticali macchina presa neutra seduto (Machine vertical neutral grip chest press seated).gif	Distensioni orizzontali macchina presa neutra seduto
2026-08-11T11:42:12	Pettorali	89381fcacada41033537807a56015792a2a2ec0fee6dc40614a44eb3cfb86cf7	Piegamenti alternati un braccio assistenza braccio teso (Alternate one arm push up extended arm assisted).gif	Piegamenti Archer
2026-08-11T11:42:50	Pettorali	89381fcacada41033537807a56015792a2a2ec0fee6dc40614a44eb3cfb86cf7	Piegamenti alternati un braccio assistenza braccio teso (Alternate one arm push up extended arm assisted).gif	Piegamenti rcher
2026-08-11T11:42:51	Pettorali	89381fcacada41033537807a56015792a2a2ec0fee6dc40614a44eb3cfb86cf7	Piegamenti alternati un braccio assistenza braccio teso (Alternate one arm push up extended arm assisted).gif	Piegamenti archer
2026-08-11T11:43:04	Pettorali	93bcd38bd880bcb7a24787b7bf58d65f4cd68d9e217a9df6e366d427c8c40479	Piegamenti arciere panca piana (Archer push up on flat bench).gif	Piegamenti arc panca piana
2026-08-11T11:43:07	Pettorali	93bcd38bd880bcb7a24787b7bf58d65f4cd68d9e217a9df6e366d427c8c40479	Piegamenti arciere panca piana (Archer push up on flat bench).gif	Piegamenti archer panca piana
2026-08-11T11:47:12	Pettorali	93bcd38bd880bcb7a24787b7bf58d65f4cd68d9e217a9df6e366d427c8c40479	Piegamenti arciere panca piana (Archer push up on flat bench).gif	Piegamenti archer bracpanca piana
2026-08-11T11:47:13	Pettorali	93bcd38bd880bcb7a24787b7bf58d65f4cd68d9e217a9df6e366d427c8c40479	Piegamenti arciere panca piana (Archer push up on flat bench).gif	Piegamenti archer braccio panca piana
2026-08-11T11:47:25	Pettorali	93bcd38bd880bcb7a24787b7bf58d65f4cd68d9e217a9df6e366d427c8c40479	Piegamenti arciere panca piana (Archer push up on flat bench).gif	Piegamenti archer braccio su panca piana
2026-08-11T11:47:49	Pettorali	93bcd38bd880bcb7a24787b7bf58d65f4cd68d9e217a9df6e366d427c8c40479	Piegamenti arciere panca piana (Archer push up on flat bench).gif	Piegamenti archer braccio rialza
2026-08-11T11:47:49	Pettorali	93bcd38bd880bcb7a24787b7bf58d65f4cd68d9e217a9df6e366d427c8c40479	Piegamenti arciere panca piana (Archer push up on flat bench).gif	Piegamenti archer braccio rialzato
2026-08-11T12:00:16	Pettorali	c097dbcb5d950fc4963243fbc650e25ef3ec12a516ab22f5a747c041cae8f204	Piegamenti deficit (Deficit push up floor).gif	Piegamenti deficit 
2026-08-11T12:00:38	Pettorali	c097dbcb5d950fc4963243fbc650e25ef3ec12a516ab22f5a747c041cae8f204	Piegamenti deficit (Deficit push up floor).gif	Piegamenti deficit s u
2026-08-11T12:00:39	Pettorali	c097dbcb5d950fc4963243fbc650e25ef3ec12a516ab22f5a747c041cae8f204	Piegamenti deficit (Deficit push up floor).gif	Piegamenti deficit s urialzo
2026-08-11T12:00:46	Pettorali	c097dbcb5d950fc4963243fbc650e25ef3ec12a516ab22f5a747c041cae8f204	Piegamenti deficit (Deficit push up floor).gif	Piegamenti deficit s u
2026-08-11T12:00:48	Pettorali	c097dbcb5d950fc4963243fbc650e25ef3ec12a516ab22f5a747c041cae8f204	Piegamenti deficit (Deficit push up floor).gif	Piegamenti deficit s
2026-08-11T12:00:50	Pettorali	c097dbcb5d950fc4963243fbc650e25ef3ec12a516ab22f5a747c041cae8f204	Piegamenti deficit (Deficit push up floor).gif	Piegamenti deficit su rialzo
2026-08-11T12:04:19	Pettorali	313cbb11bef1790d203d712212658a35bebad068604677ab86b6dc5615143766	Piegamenti deficit tra panche piane (Deficit push up between flat benches).gif	Piegamenti deficit su panche piane
2026-08-11T12:04:59	Pettorali	313cbb11bef1790d203d712212658a35bebad068604677ab86b6dc5615143766	Piegamenti deficit tra panche piane (Deficit push up between flat benches).gif	Piegamenti deficit s panche piane
2026-08-11T12:05:01	Pettorali	313cbb11bef1790d203d712212658a35bebad068604677ab86b6dc5615143766	Piegamenti deficit tra panche piane (Deficit push up between flat benches).gif	Piegamenti deficit salto panche piane
2026-08-11T12:05:07	Pettorali	313cbb11bef1790d203d712212658a35bebad068604677ab86b6dc5615143766	Piegamenti deficit tra panche piane (Deficit push up between flat benches).gif	Piegamenti deficit s panche piane
2026-08-11T12:05:09	Pettorali	313cbb11bef1790d203d712212658a35bebad068604677ab86b6dc5615143766	Piegamenti deficit tra panche piane (Deficit push up between flat benches).gif	Piegamenti deficit slancio panche piane
2026-08-11T12:06:10	Pettorali	926591f652a527f3897abbc998d6d82eb103e5b6e5cce02add8d046b5d7ceb1f	Piegamenti ginocchia (Knee push up floor).gif	Piegamenti  ginocchia
2026-08-11T12:06:11	Pettorali	926591f652a527f3897abbc998d6d82eb103e5b6e5cce02add8d046b5d7ceb1f	Piegamenti ginocchia (Knee push up floor).gif	Piegamenti facili ginocchia
2026-08-11T12:06:13	Pettorali	926591f652a527f3897abbc998d6d82eb103e5b6e5cce02add8d046b5d7ceb1f	Piegamenti ginocchia (Knee push up floor).gif	Piegamenti facilitati ginocchia
2026-08-11T12:09:08	Pettorali	e4908b49cdfd09f4f5ec1072fef2d890afca7dccc261128ebb36a946b26c59a5	Piegamenti kettlebell (Kettlebell push up).gif	Piegamenti deficit kettlebell
2026-08-11T12:10:11	Pettorali	c097dbcb5d950fc4963243fbc650e25ef3ec12a516ab22f5a747c041cae8f204	Piegamenti deficit (Deficit push up floor).gif	Piegamenti deficit rialzo
2026-08-11T12:12:49	Pettorali	944f9a090c4b22daa4af5e1b3665c13b46562bec056794459798e89a147c859e	Piegamenti mani step (Push up step floor).gif	Piegamenti mani nestep
2026-08-11T12:12:50	Pettorali	944f9a090c4b22daa4af5e1b3665c13b46562bec056794459798e89a147c859e	Piegamenti mani step (Push up step floor).gif	Piegamenti mani neutstep
2026-08-11T12:12:52	Pettorali	944f9a090c4b22daa4af5e1b3665c13b46562bec056794459798e89a147c859e	Piegamenti mani step (Push up step floor).gif	Piegamenti mani neutre step
2026-08-11T12:14:09	Pettorali	f2927b7cd43495b062de37422520f5bb66299c1be592a4e1192bba62189413d9	Piegamenti maniglie (Deficit push up handles floor).gif	Piegamenti dip
2026-08-11T12:14:25	Pettorali	f2927b7cd43495b062de37422520f5bb66299c1be592a4e1192bba62189413d9	Piegamenti maniglie (Deficit push up handles floor).gif	Piegamenti deficidip
2026-08-11T12:14:26	Pettorali	f2927b7cd43495b062de37422520f5bb66299c1be592a4e1192bba62189413d9	Piegamenti maniglie (Deficit push up handles floor).gif	Piegamenti deficit dip
2026-08-11T12:20:01	Pettorali	f2927b7cd43495b062de37422520f5bb66299c1be592a4e1192bba62189413d9	Piegamenti maniglie (Deficit push up handles floor).gif	Piegamenti deficit dip  station
2026-08-11T12:20:05	Pettorali	f2927b7cd43495b062de37422520f5bb66299c1be592a4e1192bba62189413d9	Piegamenti maniglie (Deficit push up handles floor).gif	Piegamenti deficit dip station
2026-08-11T12:21:30	Pettorali	6ea6bf4c198aadd24eb70b37536ded388691b88efb258caac6df4d8f91ce322a	Piegamenti tocco al petto (Chest tap push up).gif	Piegamenti pliometr tocco al petto
2026-08-11T12:21:33	Pettorali	6ea6bf4c198aadd24eb70b37536ded388691b88efb258caac6df4d8f91ce322a	Piegamenti tocco al petto (Chest tap push up).gif	Piegamenti pliometrici tocco al petto
2026-08-11T12:21:52	Pettorali	6ea6bf4c198aadd24eb70b37536ded388691b88efb258caac6df4d8f91ce322a	Piegamenti tocco al petto (Chest tap push up).gif	Piegamenti pliometrici tocco  petto
2026-08-11T12:21:53	Pettorali	6ea6bf4c198aadd24eb70b37536ded388691b88efb258caac6df4d8f91ce322a	Piegamenti tocco al petto (Chest tap push up).gif	Piegamenti pliometrici tocco petto
2026-08-11T12:22:24	Pettorali	385d984e4c4a85e50f92ea7f643e227539ceaf552beb10aaaef010b6995a9776	Piegamenti tocco incrociato spalla.gif	Piegamenti tocco incrociato
2026-08-11T12:26:47	Pettorali	b99ae6dd761ac0fbccd65d15b7006d6b520ef64741ae550bb0ce7db033f8a191	Piegamenti un braccio palla medica (Medicine ball push up single arm).gif	Piegamenti defun braccio palla medica
2026-08-11T12:26:55	Pettorali	b99ae6dd761ac0fbccd65d15b7006d6b520ef64741ae550bb0ce7db033f8a191	Piegamenti un braccio palla medica (Medicine ball push up single arm).gif	Piegamenti un braccio palla medica
2026-08-11T12:27:37	Pettorali	27efb33e875cdfdd4bbc3eaee1d4559b0508bad75dfce7c7f04cd372e1f81346	Piegamenti una mano palla medica (Medicine ball one arm push up floor).gif	Piegamenti deffuna mano palla medica
2026-08-11T12:27:38	Pettorali	27efb33e875cdfdd4bbc3eaee1d4559b0508bad75dfce7c7f04cd372e1f81346	Piegamenti una mano palla medica (Medicine ball one arm push up floor).gif	Piegamenti defiuna mano palla medica
2026-08-11T12:27:40	Pettorali	27efb33e875cdfdd4bbc3eaee1d4559b0508bad75dfce7c7f04cd372e1f81346	Piegamenti una mano palla medica (Medicine ball one arm push up floor).gif	Piegamenti deficit una mano palla medica
2026-08-11T12:27:45	Pettorali	27efb33e875cdfdd4bbc3eaee1d4559b0508bad75dfce7c7f04cd372e1f81346	Piegamenti una mano palla medica (Medicine ball one arm push up floor).gif	Piegamenti deficit un mano palla medica
2026-08-11T12:27:47	Pettorali	27efb33e875cdfdd4bbc3eaee1d4559b0508bad75dfce7c7f04cd372e1f81346	Piegamenti una mano palla medica (Medicine ball one arm push up floor).gif	Piegamenti deficit un braccio mano palla medica
2026-08-11T12:27:49	Pettorali	27efb33e875cdfdd4bbc3eaee1d4559b0508bad75dfce7c7f04cd372e1f81346	Piegamenti una mano palla medica (Medicine ball one arm push up floor).gif	Piegamenti deficit un braccio palla medica
2026-08-11T12:30:41	Pettorali	6427c363c013a15722bbf11f87d37f1ace2069b2300f15cb4b937d50839918b8	Piegamenti mani elevate box (Incline push up box).gif	Piegamenti inclinati box
2026-08-11T12:30:54	Pettorali	524675ee679f91589532c93d9ba9825fb1ab18e70bfeafd872fe7a407a30a543	Piegamenti mani elevate panca (Incline push up bench).gif	Piegamenti incl panca
2026-08-11T12:30:56	Pettorali	524675ee679f91589532c93d9ba9825fb1ab18e70bfeafd872fe7a407a30a543	Piegamenti mani elevate panca (Incline push up bench).gif	Piegamenti inclinati panca
2026-08-18T09:34:12	Pettorali	63690910f82557d8f3da73c17aa5013e8c5eb92a278194cc0e35e36e3973205f	Adduzione spalla elastico un braccio in piedi.gif	Adduzione un braccio elastico in piedi
2026-08-18T09:35:02	Pettorali	f1a212b4872d92354e7b936993b91b288cf3722802f8b21553ffcf3d93ec45c5	Dip parallele (Parallel bars dip).gif	Dip parallele ginniche
2026-08-18T09:35:29	Pettorali	02a7ea51452c3a58952530ad4803c0feb66cda048cb7d436e1ee630a13855aba	Dip coreano parallele (Korean parallel bars dip).gif	Dip parallele coreano
2026-08-18T09:36:54	Pettorali	f948db77c2d70feff5dcd3e31f51d4c2678560f6d69e8ebdacd802b9d5398fae	Piegamenti sovraccarico disco (Weighted push up with plate).gif	Piegamenti disco sovraccarico
