codice,nome,nome_en,pattern,gruppo_target,attrezzo,luogo,muscoli,livello,uso,zone_rischio,adattamento,alternativa,setup,esecuzione,errori,nota_sicurezza,surrogato_attrezzo,nota_surrogato,esecuzione_surrogato,errori_surrogato,gif_slug
EX001,Chest press,,spinta orizzontale,petto,elastico,casa;libero;palestra,pettorale;deltoide anteriore;tricipiti,intermedio,principale;finisher,spalle;lombare,"spalle: riduci il range, non portare i gomiti troppo dietro la linea del busto. lombare: core e gluteo contratti, no inarcamento",EX003,"Elastico ancorato dietro all'altezza del petto. In piedi, busto leggermente inclinato avanti. Una maniglia per mano","Spinta orizzontale in avanti delle braccia fino a estensione, senza bloccare i gomiti;Discesa controllata verso il petto 2-3 sec;Espira nello sforzo, inspira nel ritorno",Inarcamento eccessivo della schiena;Spalle che si elevano durante la spinta;Movimento troppo veloce in eccentrica,Lombari: core e gluteo SEMPRE contratti per evitare iperestensione,,,,,
EX002,Distensioni manubri panca piana,Dumbbell bench press flat bench,spinta orizzontale,petto,manubri,palestra,pettorale;deltoide anteriore;tricipiti,intermedio,principale,spalle,"spalle: presa poco piu' larga delle spalle, scapole addotte e depresse, non scendere sotto la soglia di fastidio",EX001,"Sdraiato su panca, piedi a terra, scapole retratte e depresse. Presa poco piu' larga delle spalle","Discesa controllata del bilanciere allo sterno 2-3 sec;Spinta verso l'alto fino a estensione, senza bloccare i gomiti;Inspira e tieni il core in tensione, espira spingendo; non trattenere a lungo",Rimbalzo del bilanciere sul petto;Sollevamento dei glutei dalla panca;Gomiti troppo aperti a 90 gradi,Usa sempre i fermi o uno spotter sui carichi alti,panca+elastico,"Sdraiato sulla panca con piedi a terra, elastico ancorato basso dietro la testa, una maniglia per mano all'altezza del petto, spinta orizzontale in avanti come una panca piana","Sdraiato sulla panca, piedi a terra, scapole retratte e depresse;Elastico ancorato basso dietro la testa, una maniglia per mano all'altezza del petto, gomiti a ~75° dal busto;Spingi le maniglie in avanti-alto fino a estensione senza bloccare i gomiti;Ritorno controllato 2-3 sec, senti la tensione eccentrica sull'elastico","Elastico ancorato troppo in alto: curva di resistenza invertita, perdi il picco di tensione nella spinta;Gomiti a 90° troppo aperti: stress capsulare spalla;Ritorno troppo veloce: vanifichi l'eccentrica;Scapole che si staccano dalla panca durante la spinta",distensioni-manubri-panca-piana
EX003,Piegamenti,Push up,spinta orizzontale,petto,corpo libero,casa;libero;palestra,pettorale;deltoide anteriore;tricipiti;core,principiante,principale;finisher,spalle;polsi,"polsi: usa maniglie push-up o appoggio sui pugni per polso neutro. spalle: gomiti a circa 45 gradi dal busto, non a 90",EX001,"Mani a terra poco piu' larghe delle spalle, corpo in linea retta dalla testa ai talloni","Discesa controllata fino a sfiorare il petto a terra 2-3 sec;Spinta verso l'alto mantenendo il corpo in linea;Inspira e tieni il core in tensione, espira spingendo; non trattenere a lungo",Bacino che cede verso il basso;Testa in avanti;Range incompleto,"Se troppo difficile, esegui con le ginocchia a terra (regressione)",,,,,piegamenti
EX004,Croci cavi alti,Cable cross over,isolamento,petto,cavi,palestra,pettorale basso,intermedio,finisher,spalle,"spalle: gomiti morbidi, non superare la soglia di fastidio in apertura",EX351,"In piedi al centro della torre a cavi, pulegge in alto, presa una maniglia per mano, leggero passo avanti",Porta le mani verso il basso e in avanti incrociando leggermente davanti al bacino;Ritorno controllato in apertura 2-3 sec;Gomiti fissi leggermente flessi per tutto il movimento,Gomiti che si flettono di piu' a fine corsa (diventa spinta);Busto che si inclina per aiutarsi;Apertura eccessiva con spalle in avanti,"Non superare la linea delle spalle in apertura, mantenere le scapole stabili",elastico,"Elastico ancorato in alto al posto delle pulegge, una maniglia per mano, stessa traiettoria dall'alto verso il basso","Ancora l'elastico in alto dietro di te, una maniglia per mano, leggero passo avanti;Porta le mani verso il basso e in avanti incrociando davanti al bacino;Ritorno controllato in apertura 2-3 sec;Gomiti fissi leggermente flessi per tutto il movimento",Gomiti che si flettono a fine corsa (diventa spinta);Busto che si inclina per aiutarsi;Elastico troppo lasco a inizio movimento: la tensione deve esserci gia' in allungo,croci-cavi-alti
EX005,Curl bilanciere panca Scott seduto,Barbell Preacher Curl,isolamento,bicipiti,bilanciere;panca Scott,palestra,bicipiti;brachiale;brachioradiale,intermedio,principale;finisher,gomito;polso,gomito: riduci il range e il carico se fastidio; evita di bloccare l'articolazione a fine movimento.,,"Posizione stabile, core in leggera tensione, presa salda sull'attrezzo indicato.","Fletti controllando il movimento fino a contrazione piena;Eccentrica lenta 2-3 sec;Espira nello sforzo, inspira nel ritorno",Slancio con schiena/spalle;Gomito che si sposta dalla posizione;Range incompleto,Non bloccare il gomito in estensione a fine ripetizione.,,,,,curl-bilanciere-panca-scott-seduto
EX006,Lento avanti bilanciere,Barbell shoulder press standing,spinta verticale,deltoidi anteriori,bilanciere,palestra,deltoide anteriore;deltoide laterale;tricipiti;trapezio superiore,avanzato,principale,spalle;lombari,"lombare: usa cintura e core contratto, evita inarcamento. spalle: se mobilita' limitata, passa a manubri (presa neutra)",EX425,"In piedi, bilanciere all'altezza delle clavicole, presa prona poco piu larga delle spalle, piedi larghezza anche, core e glutei contratti","Spinta verticale sopra la testa, testa che avanza leggermente a fine spinta;Estensione senza bloccare i gomiti;Discesa controllata alle clavicole 2-3 sec",Iperestensione lombare a fine spinta;Traiettoria in avanti invece che verticale;Perdere la tenuta del core,Blocca core e glutei prima di spingere: senza tenuta il carico scarica sulla lombare,elastico,"Elastico sotto i piedi, maniglie all'altezza spalle: resistenza crescente verso l'alto, utile a casa",Spinta verticale contro la resistenza crescente;Discesa controllata senza far collassare l'elastico,Elastico troppo corto che impedisce l'estensione completa;Rilasciare la tensione in basso,lento-avanti-bilanciere
EX007,Curl bilanciere arm blaster,Arm Blaster Barbell Curl,isolamento,bicipiti,bilanciere;Arm Blaster,palestra,bicipiti;brachiale;brachioradiale,intermedio,principale;finisher,gomito;polso,gomito: riduci il range e il carico se fastidio; evita di bloccare l'articolazione a fine movimento.,,"Posizione stabile, core in leggera tensione, gomiti bloccati sull'Arm Blaster.","Fletti controllando il movimento fino a contrazione piena;Eccentrica lenta 2-3 sec;Espira nello sforzo, inspira nel ritorno",Slancio con schiena/spalle;Gomiti che si staccano dal supporto;Range incompleto,Non bloccare il gomito in estensione a fine ripetizione.,,,,curl-bilanciere-dritto-arm-blaster-in-piedi-standing-arm-blaster-barbell-simultaneous-curl,curl-bilanciere-arm-blaster
EX008,Trazioni sbarra,Pull-up,tirata verticale,dorsali,sbarra,casa;libero;palestra,gran dorsale;bicipiti;romboidi;trapezio medio;core,intermedio;avanzato,principale,spalle;gomito,"spalle: se manca la forza, usa la versione assistita con elastico o il gravitron. gomito: non bloccare le braccia in basso",EX508,"Appeso alla sbarra con presa prona poco piu larga delle spalle, braccia distese, gambe leggermente flesse dietro, core contratto",Tirata verso l'alto fino a portare il mento sopra la sbarra;Contrai le scapole in basso e insieme;Discesa controllata 3 sec fino a braccia distese;Corpo senza oscillazioni,Non completare la distensione in basso;Usare slancio con le gambe (kipping);Non arrivare con il mento sopra la sbarra,"Progressione: se non riesci a fare trazioni complete, parti da eccentriche o assistite con elastico",elastico,"Trazioni rese con elastico ancorato in alto tirato verso il petto, oppure trazioni assistite con elastico alla sbarra","Elastico ancorato in alto sopra la testa, maniglie in mano a braccia distese;Tira i gomiti verso il basso-indietro portando le maniglie al petto, scapole che si abbassano;Contrai i dorsali a fine trazione, busto fermo;Ritorno lento 3 sec controllando l'eccentrica",Tirare solo di braccia senza attivare i dorsali;Spalle che salgono verso le orecchie;Busto che oscilla;Ritorno di scatto,trazioni-sbarra
EX009,Lat machine frontale,Lat pulldown,tirata verticale,dorsali,macchina,casa;palestra,gran dorsale;bicipiti;romboidi;trapezio medio,principiante;intermedio,principale,spalle;lombare,"spalle: tirata fino alla parte alta del petto, mai dietro il collo. lombare: busto leggermente indietro, core contratto",EX450,"Seduto alla lat machine, cosce bloccate sotto i pad, barra con presa prona poco piu larga delle spalle, busto leggermente inclinato indietro",Tirata della barra verso la parte alta del petto;Contrai le scapole in basso e insieme;Risalita controllata 3 sec fino a braccia distese;Gomiti che scendono lungo il corpo,Slanciare il busto avanti e indietro;Tirare con i bicipiti anziche con la schiena;Non completare la distensione in alto,"Il movimento parte dalle scapole, non dalle braccia: pensa a portare i gomiti verso le tasche",elastico,"Elastico ancorato in alto (porta o gancio), in ginocchio o seduto sotto l'ancoraggio: riproduce la tirata verticale della lat machine","Elastico ancorato sopra la testa, maniglie in mano, braccia distese in alto, core contratto;Tira i gomiti verso il basso-indietro portando le maniglie all'altezza del petto;Contrai i dorsali e abbassa le scapole a fine tirata, busto fermo;Ritorno lento 3 sec controllando l'eccentrica, senza far collassare l'elastico",Tirare solo di braccia senza attivare i dorsali;Spalle che salgono verso le orecchie;Busto che oscilla avanti e indietro;Ritorno di scatto che vanifica l'eccentrica,lat-machine-frontale
EX010,Curl hammer manubri alternato panca verticale,Dumbbell Hammer Alternating Curl vertical bench,isolamento,bicipiti,manubri;panca,palestra;casa,bicipiti;brachiale;brachioradiale,intermedio,principale;finisher,gomito;polso,gomito: riduci il range e il carico se fastidio; evita di bloccare l'articolazione a fine movimento.,,"Posizione stabile, core in leggera tensione, presa salda sull'attrezzo indicato.","Fletti controllando il movimento fino a contrazione piena;Eccentrica lenta 2-3 sec;Espira nello sforzo, inspira nel ritorno",Slancio con schiena/spalle;Gomito che si sposta dalla posizione;Range incompleto,Non bloccare il gomito in estensione a fine ripetizione.,,,,,curl-hammer-manubri-alternato-panca-verticale
EX011,Rematore bilanciere busto flesso,Barbell bent over row,tirata orizzontale,dorsali,bilanciere,casa;libero;palestra,gran dorsale;romboidi;trapezio medio;bicipiti;erettori spinali,intermedio;avanzato,principale,lombare;spalle,"lombare: schiena neutra e core contratto per tutta la serie. se non riesci a mantenerla, usa la versione con petto in appoggio",EX076,"In piedi, piedi larghezza anche, bilanciere con presa prona poco piu larga delle spalle, busto flesso a circa 45 gradi, schiena neutra, ginocchia semiflesse",Tirata del bilanciere verso l'addome portando i gomiti indietro;Contrai le scapole in chiusura;Discesa controllata 3 sec fino a braccia distese;Busto immobile per tutta la serie,Alzare il busto durante la tirata;Arrotondare la schiena;Slanciare il bilanciere con la lombare,"Lombari: schiena neutra e core sempre contratto. Il busto non si muove: se si alza a ogni ripetizione, il carico e troppo alto",elastico,"Elastico sotto i piedi o ancorato all'altezza dell'addome, tirata orizzontale verso l'addome: riproduce il rematore","Elastico ancorato all'altezza dell'addome o sotto i piedi con busto flesso, maniglie in mano, braccia distese;Tira le maniglie verso l'addome portando i gomiti indietro lungo il corpo;Contrai le scapole a fine tirata, busto immobile;Ritorno lento 3 sec senza far collassare l'elastico",Alzare il busto durante la tirata;Tirare con i bicipiti anziche con la schiena;Rilasciare bruscamente l'elastico;Spalle che si elevano verso le orecchie,rematore-bilanciere-busto-flesso
EX012,Curl un braccio cavo basso in piedi,Unilateral Low Cable Curl,isolamento,bicipiti,cavo basso,palestra,bicipiti;brachiale;brachioradiale,intermedio,principale;finisher,gomito;polso,gomito: riduci il range e il carico se fastidio; evita di bloccare l'articolazione a fine movimento.,,"Posizione stabile, core in leggera tensione, presa salda sull'attrezzo indicato.","Fletti controllando il movimento fino a contrazione piena;Eccentrica lenta 2-3 sec;Espira nello sforzo, inspira nel ritorno",Slancio con schiena/spalle;Gomito che si sposta dalla posizione;Range incompleto,Non bloccare il gomito in estensione a fine ripetizione.,elastico,"Elastico sotto il piede al posto del cavo basso, lavoro a un braccio","In piedi, elastico sotto il piede, una maniglia nella mano che lavora, gomito fermo al fianco;Fletti controllando fino a contrazione piena;Eccentrica lenta 2-3 sec contro il ritorno dell'elastico;Completa le ripetizioni, poi cambia braccio",Slancio del busto per vincere la tensione;Gomiti che si spostano dalla posizione;Range incompleto perche' l'elastico si irrigidisce a fine corsa,curl-un-braccio-cavo-basso-in-piedi
EX013,Squat corpo libero,Bodyweight squat,dominante ginocchia,quadricipiti,corpo libero,casa;libero;palestra,quadricipiti;glutei;core,principiante,principale,ginocchia;lombare,Scendi fin dove controlli senza arrotondare la schiena,EX258,"In piedi, piedi a larghezza spalle, punte leggermente extraruotate, sguardo avanti, core attivo",Scendi piegando anche e ginocchia come per sederti,schiena neutra;Spingi dai talloni per risalire;Espira nella risalita,inspira nella discesa,,,,,squat-corpo-libero
EX014,Curl hammer manubri panca inclinata,Incline Dumbbell Hammer Curl,isolamento,bicipiti,manubri;panca inclinata,palestra;casa,bicipiti;brachiale;brachioradiale,intermedio,principale;finisher,gomito;polso,gomito: riduci il range e il carico se fastidio; evita di bloccare l'articolazione a fine movimento.,,"Posizione stabile, core in leggera tensione, presa salda sull'attrezzo indicato.","Fletti controllando il movimento fino a contrazione piena;Eccentrica lenta 2-3 sec;Espira nello sforzo, inspira nel ritorno",Slancio con schiena/spalle;Gomito che si sposta dalla posizione;Range incompleto,Non bloccare il gomito in estensione a fine ripetizione.,,,,,curl-hammer-manubri-panca-inclinata
EX015,Affondo sul posto,Stationary bodyweight lunge,composto,quadricipiti,corpo libero;elastico;maniglie,casa;libero;palestra,quadricipiti;glutei;ischiocrurali;core,principiante;intermedio,principale,ginocchia;anche,Riduci la profondità e non far superare il ginocchio oltre la punta,EX013,"In piedi, mani sui fianchi",Scendi in affondo flettendo entrambe le ginocchia;Risali;Alterna la gamba avanti ad ogni ripetizione,Ginocchio anteriore che cede all'interno;Busto in avanti;Perdita di equilibrio nel cambio gamba,"Movimento controllato, mai impatto del ginocchio posteriore col suolo",,,,,affondo-sul-posto
EX016,Leg press orizzontale macchina,Seated machine horizontal leg press,pressa gambe,quadricipiti,macchina,palestra,quadricipiti;glutei;ischiocrurali,principiante,principale,ginocchia;lombare,Non bloccare le ginocchia in estensione; schiena aderente allo schienale,EX249,"Seduto alla macchina orizzontale, schiena e bacino aderenti, piedi sulla piattaforma a larghezza spalle, mani alle maniglie",Spingi la piattaforma estendendo le ginocchia senza bloccarle;Rientra controllato fino a ~90 gradi;Espira nella spinta,inspira nel ritorno,Ginocchia bloccate a fine spinta;Bacino che si stacca (lombare in flessione);Range troppo profondo con schiena sollevata,,,,,leg-press-orizzontale-macchina
EX017,Hip thrust bilanciere panca,Barbell hip thrust,dominante anca,glutei,bilanciere,palestra;casa,glutei;ischiocrurali,intermedio,principale;finisher,lombare,"lombare: chiudi le costole e contrai gli addominali in alto, non iperestendere la schiena; mento retratto",EX019,"Schiena appoggiata su panca all'altezza delle scapole, bilanciere (o elastico) sul bacino, piedi a terra","Spingi il bacino verso l'alto contraendo i glutei fino ad allineare busto e cosce;Discesa controllata 2-3 sec;Inspira e tieni il core in tensione, espira spingendo; non trattenere a lungo",Iperestensione lombare in alto;Spinta dalle punte invece che dai talloni;Range incompleto,"Lombare: la spinta finisce con il bacino in linea, NON in iperestensione",panca+elastico,"Schiena appoggiata su panca all'altezza delle scapole, elastico sopra il bacino tenuto in tensione, spinta d'anca fino al bacino allineato","Schiena appoggiata su panca all'altezza delle scapole, piedi a terra a larghezza anche, elastico sopra il bacino con estremità sotto i piedi o ancorate ai lati;Contrai i glutei e spingi il bacino verso l'alto fino ad allineare ginocchio-anca-spalla;Pausa isometrica 1 sec in massima contrazione;Ritorno controllato 2-3 sec senza toccare il pavimento tra le ripetizioni",Elastico non centrato sul bacino;Iperestensione lombare in cima;Piedi che si spostano durante la serie;Spinta dalle punte dei piedi invece che dai talloni,hip-thrust-bilanciere-panca
EX018,Stacco rumeno bilanciere,Barbell romanian deadlift,dominante anca,ischiocrurali,bilanciere,palestra,ischiocrurali;glutei;dorsali,avanzato,principale,lombare;ischiocrurali,Ginocchia leggermente flesse; schiena neutra; scendi finche i femorali lo permettono,EX283,"In piedi, bilanciere davanti alle cosce a presa prona, ginocchia leggermente flesse, schiena neutra",Spingi il bacino indietro facendo scendere il bilanciere lungo le gambe;Scendi finche senti tirare i femorali mantenendo la schiena neutra;Risali spingendo il bacino avanti,Schiena arrotondata;Bilanciere lontano dalle gambe;Flettere troppo le ginocchia,Schiena sempre neutra; il movimento parte dall'anca non dalla schiena,elastico,Bilanciere sostituito da elastico calpestato al centro con maniglie ai lati del corpo. Hip hinge puro: schiena neutra per protezione lombare.,"Piedi al centro dell'elastico, una maniglia per mano ai lati delle cosce;Hip hinge: spingi il bacino indietro mantenendo schiena neutra, elastico che accompagna lungo le gambe;Scendi fino a sentire allungamento ischiocrurali, ginocchia morbide;Risali estendendo l'anca, gluteo contratto in chiusura",Schiena che si curva in basso: rischio lombare;Ginocchia che si piegano troppo trasformando in squat;Elastico troppo lasco: nessuna tensione in basso;Risalita di reni invece che d'anca,stacco-rumeno-bilanciere
EX019,Ponte glutei,Bodyweight glute bridge,dominante anca,glutei,corpo libero,casa;libero;palestra,glutei;ischiocrurali,principiante,principale;finisher;recupero,lombare,Spingi dai talloni; non iperestendere la schiena in cima,EX251,"Supino a terra, ginocchia piegate, piedi a terra a larghezza anche, braccia lungo i fianchi",Spingi dai talloni sollevando il bacino fino ad allineare spalle-anche-ginocchia;Contrai i glutei in cima 1 sec;Scendi controllato senza appoggiare del tutto,Iperestensione lombare in cima (spinta con la schiena);Talloni che si staccano;Spinta con la punta dei piedi,La spinta parte dai glutei e dai talloni NON dalla lombare,,,,,ponte-glutei
EX020,Curl inverso manubri,Dumbbell Reverse Curl,isolamento,bicipiti,manubri,palestra;casa,bicipiti;brachiale;brachioradiale,intermedio,principale;finisher,gomito;polso,gomito: riduci il range e il carico se fastidio; evita di bloccare l'articolazione a fine movimento.,,"Posizione stabile, core in leggera tensione, presa salda sull'attrezzo indicato.","Fletti controllando il movimento fino a contrazione piena;Eccentrica lenta 2-3 sec;Espira nello sforzo, inspira nel ritorno",Slancio con schiena/spalle;Gomito che si sposta dalla posizione;Range incompleto,Non bloccare il gomito in estensione a fine ripetizione.,elastico,"Elastico a tubo calpestato a metà, un capo per mano, presa prona, dorso della mano in alto","In piedi sull'elastico, braccia distese lungo i fianchi con la tensione già presente;Fletti i gomiti verso le spalle mantenendoli fermi contro il busto;Contrai in alto un istante;Ritorno lento 3 sec senza far collassare l'elastico",Elastico troppo lasco a inizio movimento: si perde tensione nella parte bassa;Gomiti che si spostano in avanti;Busto che oscilla per aiutare la salita;Slanciare per vincere il picco di resistenza in alto,curl-inverso-manubri
EX021,Plank avambracci,,core,core anti-estensione,corpo libero,casa;libero;palestra,core;addome;trasverso,principiante,principale;finisher;recupero,lombare;spalle,"lombare: bacino leggermente retroverso, non far cedere la schiena. spalle: distribuisci il peso, gomiti sotto le spalle",EX022,"Appoggio su avambracci e punte dei piedi, gomiti sotto le spalle, corpo in linea retta","Mantieni la posizione contraendo addome e glutei, bacino in linea col corpo;Tenuta isometrica;Respira normalmente, non bloccare il fiato",Bacino che cede in basso;Bacino troppo alto;Apnea respiratoria,"Lombare: se la schiena cede, accorcia la durata e ricontrai l'addome",,,,,plank-avambracci
EX022,Dead bug,,core,core anti-estensione,corpo libero,casa;libero;palestra,core;addome;trasverso,principiante,principale;finisher;recupero,lombare,"lombare: la schiena bassa deve restare incollata al suolo per tutta la durata; se si stacca, riduci il range di movimento (braccia più vicine al corpo o gambe più alte)",EX021,"Supino, braccia tese verso il soffitto, gambe a 90 gradi (anche e ginocchia)","Abbassa lentamente braccio e gamba opposti, lombare aderente al suolo;Alterna i lati controllato;Respira normalmente, non bloccare il fiato",Lombare che si stacca dal suolo;Movimento troppo veloce;Trattenere il respiro,Ottimo per chi ha problemi lombari: mantiene la colonna neutra e protetta,,,,,dead-bug
EX023,Pallof press con elastico,,core,core anti-rotazione,elastico,casa;libero;palestra,core;obliqui;trasverso,intermedio,principale;finisher,nessuna,esercizio sicuro per qualsiasi livello: riduci la tensione dell'elastico o accorcia la distanza dall'ancoraggio se troppo intenso,EX021,"Elastico ancorato di lato all'altezza del petto, in piedi perpendicolare all'ancoraggio, maniglia con due mani al petto — inizia con il lato sinistro verso l'ancoraggio","Spingi le mani in avanti resistendo alla rotazione, busto fermo;Ritorno controllato;Respira normalmente, non bloccare il fiato;Completa tutte le reps su un lato, poi gira e ripeti dall'altro lato",Rotazione del busto;Spalle in elevazione;Movimento troppo veloce,"Anti-rotazione: il busto NON deve ruotare, e' il punto dell'esercizio",,,,,
EX024,Curl bilanciere,Barbell Curl,isolamento,bicipiti,bilanciere,palestra;casa,bicipiti;brachiale,principiante,principale,gomito;polso,Se i polsi danno fastidio usa bilanciere EZ; busto fermo,EX271,"In piedi, bilanciere dritto a presa supina larghezza spalle, braccia distese, busto eretto","Fletti entrambi i gomiti portando il bilanciere verso le spalle;Eccentrica controllata 2-3 sec;Espira nello sforzo, inspira nel ritorno",Slancio del busto;Gomiti che avanzano;Range incompleto,Gomiti fermi lungo i fianchi: muovi solo gli avambracci,,,,,curl-bilanciere
EX025,Curl spider bilanciere panca inclinata,Barbell Spider Curl On Incline Bench,isolamento,bicipiti,bilanciere;panca inclinata,palestra,bicipiti;brachiale;brachioradiale,intermedio,principale;finisher,gomito;polso,gomito: riduci il range e il carico se fastidio; evita di bloccare l'articolazione a fine movimento.,,"Posizione stabile, core in leggera tensione, presa salda sull'attrezzo indicato.","Fletti controllando il movimento fino a contrazione piena;Eccentrica lenta 2-3 sec;Espira nello sforzo, inspira nel ritorno",Slancio con schiena/spalle;Gomito che si sposta dalla posizione;Range incompleto,Non bloccare il gomito in estensione a fine ripetizione.,,,,,curl-spider-bilanciere-panca-inclinata
EX026,Pushdown corda cavo,Cable rope pushdown,isolamento,tricipiti,cavo;corda,palestra;casa,tricipiti,principiante,principale,gomiti,"gomiti fermi ai fianchi, apri la corda a fine corsa",EX549,"In piedi (in piedi corda) davanti al cavo, gomiti fermi ai fianchi, presa sull'attrezzo","Estendi gli avambracci verso il basso, gomiti immobili ai fianchi;Ritorno controllato 2-3 sec;Espira nello sforzo, inspira nel ritorno",Gomiti che si allontanano dal busto;Uso delle spalle;Slancio del tronco;Range incompleto,Gomiti fermi ai fianchi per tutta la serie: se si spostano stai usando troppo carico,elastico,"Elastico ancorato in alto, maniglie o estremità in mano, gomiti ai fianchi","In piedi, elastico ancorato in alto, gomiti fermi ai fianchi;Estendi gli avambracci verso il basso mantenendo i gomiti immobili;Ritorno controllato 2-3 sec;Espira nello sforzo, inspira nel ritorno",Gomiti che si allontanano dal busto;Uso delle spalle;Slancio del tronco;Carico eccessivo con l'elastico,pushdown-corda-cavo
EX027,French press bilanciere supino panca piana,Barbell lying tricep extension,isolamento,tricipiti,bilanciere;panca,palestra;casa,tricipiti,intermedio,principale,gomiti;spalle,"gomiti fermi puntati al soffitto, riduci range basso se fastidio",EX026,"Supino su panca piana, carico sopra il petto a braccia tese, gomiti puntati in alto e fermi",Fletti i gomiti abbassando il carico verso fronte o dietro la testa;Estendi tornando in alto senza spostare i gomiti;Eccentrica controllata 2-3 sec,Gomiti che si aprono;Spalle che si muovono;Rimbalzo a fine corsa;Carico eccessivo,Gomiti immobili e puntati al soffitto. Riduci il range basso se fastidio al gomito,elastico,"Supino su panca o a terra, elastico ancorato basso dietro la testa, estremità in mano sopra il petto, gomiti in alto","Supino, elastico ancorato basso dietro la testa;Mani sopra il petto con gomiti puntati al soffitto e fermi;Fletti i gomiti portando le mani verso la fronte;Estendi tornando in alto senza muovere i gomiti",Gomiti che si aprono lateralmente;Spalle che compensano;Ancoraggio errato che cambia l'angolo;Carico eccessivo con l'elastico,french-press-bilanciere-supino-panca-piana
EX028,Calf raise,Bodyweight calf raise,isolamento,polpacci,corpo libero,casa;libero;palestra,polpacci,principiante,principale,caviglie,caviglie: range ridotto e controllato se instabilita'; tieni un appoggio per l'equilibrio,EX066,"In piedi, punte dei piedi su un rialzo, talloni liberi di scendere","Sollevati sulle punte contraendo i polpacci al massimo;Discesa lenta e controllata in allungo 2-3 sec;Espira nello sforzo, inspira nel ritorno",Rimbalzo veloce;Range parziale;Perdita di equilibrio,"Caviglie: appoggio stabile, usa un appoggio laterale se instabile. No rimbalzi nella fase bassa",,,,,calf-raise
EX029,Cat-cow (mobilita colonna),,mobilita,,corpo libero,casa;libero;palestra,colonna;core,principiante,recupero,lombare;cervicale,"cervicale: muovi il collo dolcemente senza forzare. lombare: movimento fluido nel range comodo, no estremi",EX124,"In quadrupedia, mani sotto le spalle e ginocchia sotto le anche","Inarca lentamente la schiena verso l'alto (gatto), poi incurva verso il basso (mucca);Movimento fluido seguendo il respiro;Respira normalmente, non bloccare il fiato",Movimenti bruschi;Forzare gli estremi;Trattenere il respiro,"Esercizio di mobilita': nessun carico, ideale per riscaldamento colonna",,,,,
EX030,Band pull-apart (attivazione scapole),,isolamento,deltoidi posteriori,elastico,casa;libero;palestra,romboidi;trapezio;deltoide posteriore,principiante,principale,spalle,"spalle: usa un elastico leggero, movimento controllato nel range comodo",EX094,"In piedi, elastico teso tra le mani davanti al petto, braccia distese","Apri le braccia portando l'elastico verso il petto avvicinando le scapole;Ritorno controllato;Espira nello sforzo, inspira nel ritorno",Spalle in elevazione;Slancio;Elastico troppo duro,Ottimo in riscaldamento per attivare la muscolatura scapolare,,,,,
EX031,Mountain climber controllato,,cardio_metabolico,,corpo libero,casa;libero;palestra,core;flessori anca;spalle,intermedio,finisher,ginocchia;lombare;polsi,"ginocchia: ritmo lento e controllato, no slancio; se fastidio sostituisci con plank dinamico. lombare: bacino retroverso, non inarcare. polsi: appoggio su pugni o maniglie push-up",EX021,"Posizione di plank alto: mani sotto le spalle, corpo in linea retta","Porta alternativamente un ginocchio verso il petto, bacino fermo e basso;Ritmo controllato non a scatti;Respiro ritmico e continuo",Bacino che si alza;Schiena curva;Movimento troppo rapido che perde controllo,"Versione a basso impatto: ritmo lento e fluido, no salti tra le posizioni",,,,,
EX032,Hollow hold,,core,core anti-estensione,corpo libero,casa;libero;palestra,core;addome profondo;flessori anca,intermedio,principale;finisher,lombare;cervicale,"lombare: tieni la zona lombare SEMPRE incollata al pavimento; se si stacca, alza le gambe o piega le ginocchia. cervicale: testa appena sollevata, non tirare il collo",EX022,"Supino, braccia tese sopra la testa, gambe distese","Solleva spalle e gambe dal pavimento, lombare incollata a terra;Tieni la posizione;Respira normalmente, non bloccare il fiato",Lombare che si stacca dal pavimento;Apnea respiratoria;Spalle troppo basse,"Anti-estensione: alternativa sicura al crunch, mantiene la colonna neutra",,,,,
EX033,Step-up al ritmo,,dominante ginocchia,,corpo libero,casa;libero;palestra,quadricipiti;glutei;polpacci;core,principiante,finisher;recupero,ginocchia;caviglie,"ginocchia: altezza step contenuta (20-30 cm) per ridurre stress; non spingere col piede a terra, sali solo con la gamba sullo step. caviglie: appoggio completo del piede sullo step",EX041,"In piedi davanti a uno step o panchetta bassa, busto eretto","Sali sullo step premendo sul tallone;Scendi controllato;Alterna o ripeti per gamba;Espira nello sforzo, inspira nel ritorno",Spinta dalla gamba a terra invece che da quella sullo step;Step troppo alto;Discesa a impatto,Sostituto cardio a BASSO impatto rispetto a jumping jack o corsa sul posto,,,,,
EX034,Piegamenti a V,Pike push up floor,spinta verticale,petto,corpo libero,casa;libero;palestra,deltoidi;tricipiti;pettorale alto,principiante;intermedio;avanzato,principale,spalle;polsi,Se polsi sensibili usa parallette o pugno chiuso. ROM ridotto se necessario,EX006,"A terra in posizione di V rovesciata (mani a larghezza spalle, glutei in alto, gambe semitese, testa che guarda i piedi)","Flessione gomiti portando la corona della testa verso il pavimento;Spinta decisa al ritorno alla V;Mantieni la V durante tutto il movimento;Inspira e tieni il core in tensione, espira spingendo; non trattenere a lungo",Gomiti che si aprono troppo lateralmente;Bacino che si abbassa (la V si perde);Estendere il collo invece di flettere le braccia,Spalle: se il movimento causa fastidio alla cuffia dei rotatori riduci ROM o passa a EX007,,,,,piegamenti-a-v
EX035,Single-leg glute bridge,,dominante anca,glutei,corpo libero,casa;libero;palestra,glutei;ischiocrurali;core,principiante;intermedio;avanzato,principale,lombare,Se lombare sensibile mantieni l'altra gamba piegata a terra invece che sollevata,EX019,"Supino, una pianta del piede a terra (gamba di lavoro), altra gamba sollevata distesa o piegata al petto, braccia lungo i fianchi","Spinta del bacino verso l'alto fino ad allineare ginocchio-anca-spalla;Pausa breve in massima contrazione del gluteo;Discesa controllata senza appoggiare del tutto 2-3 sec;Espira nello sforzo, inspira nel ritorno",Iperestensione lombare in fase di salita;Bacino che si inclina lateralmente;Movimento veloce con slancio,Lombare: la spinta finisce con bacino in linea NON in iperestensione,,,,,
EX036,Bird dog,,core,core anti-rotazione,corpo libero,casa;libero;palestra,core;lombari;glutei;deltoide posteriore,principiante;intermedio;avanzato,principale,lombare,Se lombare sensibile ROM ridotto (estensione parziale di braccio e gamba),EX021,"A quattro zampe (mani sotto le spalle, ginocchia sotto le anche), schiena neutra, core attivo","Estendi braccio e gamba opposti fino a formare una linea;Pausa breve in massima estensione;Ritorno controllato, alterna lato;Respira normalmente, non bloccare il fiato",Schiena che si inarca durante l'estensione;Anche che ruotano apertamente;Movimento veloce senza controllo,Anti-estensione: la colonna deve restare neutra durante tutto il movimento,,,,,
EX037,Plank laterale avambraccio,Side Plank,core,core anti-rotazione,corpo libero,casa;libero;palestra,obliqui;core;deltoidi;glutei,principiante;intermedio;avanzato,principale,spalle,Regressione: appoggia anche il ginocchio inferiore (side plank dal ginocchio),EX021,"Sdraiato su un fianco, avambraccio a terra perpendicolare al busto (gomito sotto la spalla), gambe distese una sopra l'altra","Solleva il bacino fino ad allineare caviglia-anca-spalla;Tenuta isometrica, busto in linea senza rotazioni;Respira normalmente, non bloccare il fiato",Bacino che si abbassa (perdita allineamento);Spalla che si scrolla verso l'orecchio;Anche ruotate,Spalla: se senti fastidio all'articolazione gleno-omerale riduci il tempo di tenuta o passa alla versione dal ginocchio,,,,,plank-laterale-avambraccio
EX038,Affondo camminato,Walking lunge,dominante ginocchia,quadricipiti,corpo libero,casa;libero;palestra,quadricipiti;glutei;ischiocrurali;core,principiante;intermedio;avanzato,principale,ginocchia;lombare,Ginocchia sensibili: ROM ridotto (mezzo affondo) o passa a EX039 affondo posteriore,EX015,"In piedi, busto eretto, braccia lungo i fianchi o sui fianchi","Passo lungo in avanti;Discesa controllata fino a ginocchio posteriore vicino al pavimento (no impatto);Spinta per portare il piede posteriore al successivo affondo, cammino continuo;Inspira e tieni il core in tensione, espira spingendo; non trattenere a lungo",Ginocchio anteriore che cede verso l'interno (valgismo);Busto inclinato troppo in avanti;Passo troppo corto (carico eccessivo sul ginocchio anteriore),Ginocchia: passo lungo e controllo del ginocchio anteriore in linea col piede,,,,,
EX039,Affondo indietro manubri,Reverse lunge,dominante ginocchia,quadricipiti,corpo libero;manubri,casa;libero;palestra,quadricipiti;glutei;ischiocrurali,principiante;intermedio;avanzato,principale,ginocchia;lombare,ROM ridotto se ginocchia sensibili,EX015,"In piedi, busto eretto, mani sui fianchi o lungo il corpo","Passo lungo all'indietro;Discesa controllata fino a ginocchio posteriore vicino al pavimento;Spinta della gamba anteriore per tornare su, alterna",Busto inclinato troppo in avanti;Ginocchio anteriore che supera la punta del piede;Discesa veloce con impatto,Variante piu' sicura dell'affondo frontale per chi ha ginocchia sensibili,elastico,"Elastico calpestato con il piede anteriore, un capo per mano portato all'altezza delle spalle","In piedi con un piede sull'elastico, maniglie alle spalle;Fai un passo indietro scendendo con il ginocchio posteriore verso il basso;Busto eretto, peso sulla gamba anteriore;Risali spingendo dal tallone anteriore",Busto che si inclina in avanti;Ginocchio anteriore che collassa verso l'interno;Passo indietro troppo corto;Elastico troppo lasco a inizio movimento: si perde tensione nella parte bassa,affondo-indietro-manubri
EX040,Squat wall sit,,dominante ginocchia,quadricipiti,corpo libero,casa;libero;palestra,quadricipiti;glutei,principiante;intermedio;avanzato,principale,ginocchia,Discesa parziale se ginocchia sensibili (no 90 gradi),EX013,"Schiena appoggiata al muro, piedi a larghezza spalle a circa 50 cm dal muro","Scendi piegando le ginocchia fino a cosce parallele (90 gradi);Tenuta isometrica, schiena aderente al muro;Respira normalmente, non bloccare il fiato",Ginocchia che superano le punte dei piedi;Ginocchia in valgismo (cedono dentro);Schiena che si stacca dal muro,Ginocchia: non superare i 90 gradi se senti fastidio. La versione parziale (60 gradi) è ugualmente efficace,,,,,squat-wall-sit
EX041,Step-up alto su panca,,dominante ginocchia,quadricipiti,panca,casa;palestra,quadricipiti;glutei;ischiocrurali,principiante;intermedio;avanzato,principale,ginocchia,Altezza panca regolata in base a mobilita anca/ginocchio (piu bassa per principianti),EX033,"In piedi davanti alla panca (altezza che porta il ginocchio a circa 90 gradi quando il piede e sopra), braccia rilassate","Sali sulla panca spingendo con la gamba di sopra;Estensione completa di anca e ginocchio in cima;Discesa controllata appoggiando prima la punta, alterna;Inspira e tieni il core in tensione, espira spingendo; non trattenere a lungo",Spinta con la gamba a terra (cheating);Ginocchio in valgismo;Salto in cima invece di estensione controllata,Variante PIU' INTENSA di EX033 (panca = altezza maggiore = maggior carico sul quadricipite),,,,,
EX042,Plank rollout fitball,,core,core anti-estensione,fitball,casa;palestra,core;lombari;deltoidi;trapezio,intermedio;avanzato,principale,lombare;spalle,Regressione: plank classico a terra (EX021) finche non hai stabilita sufficiente,EX021,"Avambracci appoggiati sulla fitball (gomiti sotto le spalle), gambe distese in plank, piedi a terra","Mantieni il plank con corpo allineato (caviglie-anche-spalle);Tenuta isometrica controllando le micro-oscillazioni della fitball;Respira normalmente, non bloccare il fiato",Bacino che si abbassa;Spalle che si scrollano;Schiena inarcata,Versione PIU' DIFFICILE del plank classico (instabilita fitball richiede maggior reclutamento del core),,,,,plank-rollout-fitball
EX043,Leg curl su fitball (hamstring curl supino),,isolamento,ischiocrurali,fitball,casa;palestra,ischiocrurali;glutei;core,intermedio;avanzato,principale,lombare,Tieni bacino piu basso se lombare sensibile,EX019,"Supino, talloni appoggiati sulla fitball, gambe distese, braccia lungo i fianchi a stabilizzare","Solleva il bacino formando un ponte;Fletti le ginocchia portando la fitball verso i glutei, bacino alto;Estendi controllato tornando in posizione, bacino sempre alto;Espira nello sforzo, inspira nel ritorno",Bacino che cade durante la flessione (esercizio inutile);Movimento veloce con perdita di controllo della fitball;Inarcare la schiena,Lombare: il bacino resta allineato durante tutto il movimento NON spingere troppo in alto,,,,,
EX044,Hip thrust su fitball,,dominante anca,glutei,fitball,casa;palestra,glutei;ischiocrurali;core,intermedio;avanzato,principale,lombare,Regressione: ponte glutei a terra (EX019) finche non hai stabilita sufficiente,EX019,"Spalle appoggiate sulla fitball, piedi a terra a larghezza anche, ginocchia piegate a 90 gradi, braccia in croce o lungo i fianchi a stabilizzare","Spinta del bacino verso l'alto fino ad allineare ginocchio-anca-spalla;Pausa breve in massima contrazione gluteo;Discesa controllata 2-3 sec;Espira nello sforzo, inspira nel ritorno",Iperestensione lombare in alto;Bacino che oscilla lateralmente per instabilita fitball;Piedi che scivolano,Lombare: la spinta finisce in linea NON in iperestensione,,,,,
EX045,Squat wall fitball,Bodyweight wall squat with swiss ball,dominante ginocchia,quadricipiti,fitball,casa;palestra,quadricipiti;glutei;core,principiante,principale;recupero,ginocchia,Fitball tra schiena e parete; scendi fin dove controlli,EX013,"In piedi con la fitball tra la zona lombare e la parete, piedi leggermente avanti a larghezza spalle, braccia al petto",Scendi facendo rotolare la palla lungo la parete fino a cosce parallele;Spingi dai talloni per risalire;Espira nella risalita,Ginocchia oltre le punte in modo eccessivo;Talloni sollevati;Schiena staccata dalla palla,Ginocchia allineate ai piedi; schiena a contatto con la palla,,,,,squat-wall-fitball
EX046,Stir the pot (anti-rotazione su fitball),,core,core anti-rotazione,fitball,casa;palestra,core;obliqui;lombari;deltoidi,intermedio;avanzato,principale,lombare;spalle,Regressione: plank classico (EX021) o plank fitball statico (EX042) prima di provare lo stir,EX042,"Avambracci appoggiati sulla fitball (gomiti sotto le spalle), gambe distese in plank, piedi a terra","In plank rigido disegna piccoli cerchi con gli avambracci sulla fitball;Cerchi in senso orario poi antiorario, busto fermo;Respira normalmente, non bloccare il fiato",Bacino che ruota o oscilla;Schiena che si inarca;Cerchi troppo ampi (perdita controllo),Anti-rotazione: il busto NON deve ruotare e questo e il punto dell'esercizio,,,,,
EX047,Squat bulgaro corpo libero,,dominante ginocchia,quadricipiti,panca,casa;palestra,quadricipiti;glutei;ischiocrurali,intermedio,principale,ginocchia;lombare,Piede posteriore su panca; una gamba per volta; busto leggermente avanti,EX269,"In piedi, piede posteriore appoggiato su una panca dietro, gamba anteriore avanti, busto eretto o leggermente inclinato",Scendi piegando la gamba anteriore fino a coscia parallela;Spingi dal tallone anteriore per risalire;Ripeti tutte le ripetizioni poi cambia gamba,Ginocchio anteriore che cede all'interno;Busto troppo in avanti;Peso sulla punta del piede anteriore,Ginocchio anteriore allineato al piede; peso sul tallone,,,,,squat-bulgaro-corpo-libero
EX048,Jumping jack low-impact,,cardio_metabolico,,corpo libero,casa;libero;palestra,full body;spalle;polpacci;core,principiante;intermedio;avanzato,finisher,caviglie;ginocchia,caviglie/ginocchia: versione low-impact alternando un piede per volta invece di saltare; atterraggio sempre morbido sulle punte,EX049,"In piedi, braccia lungo i fianchi, piedi uniti, spalle rilassate","Apri il piede destro lateralmente alzando le braccia;Riporta piede e braccia, alterna col sinistro;Ritmo veloce continuo;Respiro ritmico e continuo",Atterraggio pesante sui piedi;Spalle che si scrollano alle orecchie;Movimento troppo piccolo (braccia/gambe non si aprono),"Versione low-impact: nessun salto, un piede alla volta. Adatta a chi ha problemi alle articolazioni inferiori",,,,,
EX049,Skip ginocchia alte,,cardio_metabolico,,corpo libero,casa;libero;palestra,quadricipiti;flessori anca;core;polpacci,principiante;intermedio;avanzato,finisher,ginocchia,"ginocchia: marcia lenta invece di corsa, riduzione dell'alzata del ginocchio al range comodo",EX053,"In piedi, busto eretto, mani all'altezza dell'ombelico (pronate, palmi giù)",Alza il ginocchio destro verso la mano destra;Appoggia e alza il sinistro verso la mano sinistra;Ritmo veloce ma controllato (marcia non corsa);Respiro ritmico e continuo,Curvare la schiena in avanti;Atterrare pesante sui talloni;Braccia che oscillano scomposte,Versione a marcia: impatto quasi nullo. Mantieni busto eretto per non sovraccaricare i flessori dell'anca,,,,,skip-ginocchia-alte
EX050,Skater laterale senza salto,,cardio_metabolico,,corpo libero,casa;libero;palestra,glutei;quadricipiti;adduttori;core,principiante;intermedio;avanzato,finisher,ginocchia;caviglie,ginocchia/caviglie: passi più corti e ritmo più lento; rimani sempre in posizione eretta senza accovacciarti troppo,EX115,"In piedi, leggermente piegato sulle ginocchia (mini-squat), braccia rilassate","Sposta lateralmente il piede destro a passo ampio, il sinistro segue a croce dietro;Inverti direzione, alterna ritmicamente come uno skater;Respiro ritmico e continuo",Ginocchia che cedono verso l'interno (valgismo);Busto troppo eretto (perdi il carico glutei);Passi troppo corti (esercizio inutile),Ginocchia in linea con i piedi durante tutto il movimento laterale: controllo del valgismo obbligatorio,,,,,
EX051,Squat veloci a corpo libero,,cardio_metabolico,,corpo libero,casa;libero;palestra,quadricipiti;glutei;core,principiante;intermedio;avanzato,finisher,ginocchia;lombare,Ginocchia sensibili: ROM ridotto (mezzo squat veloce). Lombare: mantieni core attivo e schiena neutra durante tutta la sequenza,EX013,"In piedi, piedi a larghezza spalle, punte leggermente aperte, braccia in avanti per bilanciamento","Scendi in squat fino a cosce parallele (o ROM disponibile);Risali con decisione senza saltare, piedi a terra;Ritmo continuo per tutto il round;Respiro ritmico e continuo",Ginocchia in valgismo (cedono all'interno);Talloni che si sollevano;Schiena che si curva nella discesa;Velocità a scapito della tecnica,Versione no-jump per protezione ginocchia. Il ritmo non deve compromettere la tecnica,,,,,
EX052,Affondi alternati a ritmo,,cardio_metabolico,,corpo libero,casa;libero;palestra,quadricipiti;glutei;ischiocrurali,principiante;intermedio;avanzato,finisher,ginocchia,Versione statica (sul posto): alterna gamba senza camminare in avanti. Riduci ritmo se ginocchia sensibili,EX039,"In piedi, busto eretto, mani sui fianchi",Passo posteriore in affondo (ginocchio vicino a terra senza toccarlo);Risali spingendo col tallone anteriore e riporta il piede;Alterna a ritmo veloce ma controllato;Respiro ritmico e continuo,Ginocchio anteriore che supera la punta del piede;Busto inclinato troppo in avanti;Atterrare pesante col ginocchio posteriore;Velocità eccessiva con perdita di tecnica,Ginocchia: controllo del ginocchio anteriore in linea col piede. Ritmo non a scapito della tecnica,,,,,
EX053,Boxe pugni alternati,,cardio_metabolico,,corpo libero,casa;libero;palestra,spalle;braccia;core;dorso,principiante;intermedio;avanzato,finisher,spalle;gomiti,spalle/gomiti: no hyper-extension del gomito a fine colpo; range ridotto se fastidio alla spalla,EX116,"In piedi, postura boxing (piede sinistro leggermente avanti, peso equamente distribuito), mani protezione viso (pugni all'altezza degli zigomi)",Pugni alternati sinistro-destro in avanti a ritmo veloce;Guardia alta tra un colpo e l'altro;Aggiungi torsione del busto per coinvolgere il core;Respiro ritmico e continuo,Spalle alte sulle orecchie;Bloccare gomito a fine colpo (no hyperextension);Movimento solo di braccio (no torsione busto = perdi il core);Postura statica,Zero impatto articolare: ottimo per chi ha ginocchia/lombare sensibili. Coinvolge braccia + core con torsione,,,,,boxe-pugni-alternati
EX054,Burpee modificato low-impact,,cardio_metabolico,,corpo libero,casa;libero;palestra,full body;quadricipiti;spalle;core,intermedio;avanzato,finisher,lombare;polsi;ginocchia,Sostituisci la camminata in plank con passo controllato (no salto). Riduci numero ripetizioni se troppo intenso,EX048,"In piedi, busto eretto, braccia lungo il corpo","Dalla posizione in piedi scendi in accovacciata appoggiando le mani a terra;Porta indietro i piedi in plank (senza salto), poi riportali alle mani;Risali in piedi, ritmo controllato continuo;Respiro ritmico e continuo",Salto durante transizioni (inseribile per avanzati ma controindicato per ginocchia/lombare);Inarcare la schiena nel plank;Spalle che si scrollano in alto;Atterrare pesante sui polsi,Versione no-jump (no salto né plank-to-stand) per chi ha ginocchia/lombare. Coordinazione richiesta = livello intermedio+,,,,,
EX055,Alzate laterali manubri,Dumbbell lateral raise standing,isolamento,deltoidi laterali,manubri,casa;libero;palestra,deltoide laterale;sovraspinato,principiante;intermedio,principale,spalle,"spalle: range ridotto fino all'altezza delle spalle, mai sopra. gomiti leggermente flessi per ridurre stress articolare",EX412,"In piedi, manubri lungo i fianchi, presa neutra, gomiti leggermente flessi, core attivo","Sollevamento laterale fino all'altezza spalle, palmi verso il basso;Eccentrica controllata 3 sec;Espira nello sforzo, inspira nel ritorno",Slancio del busto per aiutare il sollevamento;Gomiti completamente distesi;Sollevamento oltre l'altezza spalle,Mai sopra l'altezza spalle: oltre quella linea il deltoide laterale smette di lavorare e inizia il trapezio,elastico,Elastico sotto i piedi: tensione continua anche nella parte bassa del movimento,Apertura laterale contro la resistenza;Discesa controllata senza rilasciare la tensione,Rilasciare la tensione in basso;Slanciare per vincere il picco di resistenza in alto,alzate-laterali-manubri
EX056,Curl spider bilanciere panca piana,Barbell Spider Curl On Flat Bench,isolamento,bicipiti,bilanciere;panca,palestra,bicipiti;brachiale;brachioradiale,intermedio,principale;finisher,gomito;polso,gomito: riduci il range e il carico se fastidio; evita di bloccare l'articolazione a fine movimento.,,"Posizione stabile, core in leggera tensione, presa salda sull'attrezzo indicato.","Fletti controllando il movimento fino a contrazione piena;Eccentrica lenta 2-3 sec;Espira nello sforzo, inspira nel ritorno",Slancio con schiena/spalle;Gomito che si sposta dalla posizione;Range incompleto,Non bloccare il gomito in estensione a fine ripetizione.,,,,,curl-spider-bilanciere-panca-piana
EX057,Alzate laterali fianco manubrio panca inclinata,Dumbbell side lying lateral raise incline bench 30°,isolamento,deltoidi laterali,manubri;panca inclinata,palestra;casa,deltoide laterale,intermedio,principale,spalle,"spalle: riduci ROM; se fastidio, esegui in piedi (EX056)",EX055,"Sdraiato su un fianco su panca inclinata 30°, manubrio nella mano alta, braccio rilassato davanti al corpo","Sollevamento laterale fino all'altezza spalle;Eccentrica lentissima 4 sec;Variante isolante massima del deltoide laterale;Espira nello sforzo, inspira nel ritorno",Slancio per partire dal basso;Rotazione del busto;Range incompleto,Esercizio ad alta isolazione: usa carichi molto inferiori rispetto alle alzate in piedi,elastico,"In piedi, elastico bloccato sotto il piede opposto al braccio che lavora, una sola maniglia. Inclina leggermente il busto dal lato libero: l'elastico resta teso anche a braccio basso, riproducendo la tensione continua della versione sul fianco","In piedi, elastico sotto il piede opposto al braccio che lavora, maniglia nella mano esterna, busto inclinato di 15-20° dal lato libero;Sollevamento laterale fino all'altezza della spalla, gomito morbido;Eccentrica lentissima 4 sec mantenendo la tensione: il braccio non torna mai completamente scarico;Completa le ripetizioni, poi cambia lato","Raddrizzare il busto durante la serie: perde l'allungamento iniziale;Slancio per vincere la tensione di partenza;Andare oltre l'altezza della spalla: impingement;Elastico troppo forte: schiaccia l'eccentrica, che qui è la parte allenante",alzate-laterali-fianco-manubrio-panca-inclinata
EX058,Tirate al viso corda cavo alto,Cable high pulley face pull rope,isolamento,deltoidi posteriori,corda,casa;palestra,deltoide posteriore;trapezio medio;romboidi;cuffia dei rotatori,principiante;intermedio,finisher;riscaldamento,spalle;cervicale,"spalle: movimento correttivo per la salute della spalla, carichi leggeri. tira verso la fronte, non verso il petto",EX500,"In piedi davanti al cavo regolato all'altezza del viso, corda impugnata con presa neutra, braccia distese in avanti, un piede leggermente avanti, busto eretto","Tira la corda verso la fronte aprendo le mani ai lati della testa;Gomiti alti, sopra la linea delle mani;Contrai le scapole e ruota esternamente le spalle;Ritorno controllato 3 sec",Tirare verso il petto anziche verso il viso;Gomiti bassi;Usare carichi troppo alti,Esercizio correttivo per la salute della spalla: carichi leggeri e gomiti alti. Ottimo come riscaldamento prima delle spinte,elastico,"Elastico ancorato all'altezza del viso, tirata verso la fronte con gomiti alti: riproduce il face pull","Elastico ancorato all'altezza del viso, maniglie in mano con presa neutra, braccia distese in avanti;Tira verso la fronte aprendo le mani ai lati della testa;Gomiti alti sopra la linea delle mani, ruota esternamente le spalle;Ritorno lento 3 sec mantenendo la tensione",Tirare verso il petto anziche verso il viso;Gomiti bassi;Elastico troppo teso che impedisce la rotazione esterna;Ritorno di scatto,tirate-al-viso-corda-cavo-alto
EX059,Croci inverse manubri busto flesso,Bent over dumbbell rear delt fly,isolamento,deltoidi posteriori,manubri,casa;libero;palestra,deltoide posteriore;romboidi;trapezio medio,intermedio,finisher,spalle;lombare,"lombare: busto flesso con schiena neutra, ginocchia semiflesse. se non riesci a mantenerla, usa la versione su panca",EX435,"In piedi, piedi larghezza anche, busto flesso in avanti a circa 90 gradi, schiena neutra, manubri sotto il petto a braccia distese, presa neutra",Apertura laterale delle braccia fino alla linea delle spalle;Contrai le scapole in chiusura;Discesa controllata 3 sec;Busto fermo per tutta la serie,Alzare il busto durante l'apertura;Arrotondare la schiena;Trasformare il movimento in una tirata piegando i gomiti,"Lombari: schiena neutra e core sempre contratto. Carico leggero, e un isolamento",elastico,"Elastico ancorato all'altezza del petto davanti a te, un capo per mano incrociato, busto flesso in avanti","Busto flesso in avanti, braccia distese davanti con l'elastico incrociato;Apri le braccia lateralmente portando i gomiti indietro;Contrai le scapole a fine apertura;Ritorno lento 3 sec senza far collassare l'elastico",Alzare il busto durante l'apertura;Piegare i gomiti trasformando il movimento in una tirata;Elastico troppo lasco a inizio movimento: si perde tensione nella parte bassa;Spalle che salgono verso le orecchie,croci-inverse-manubri-busto-flesso
EX060,Curl hammer manubri alternato,Standing Alternating Dumbbell Hammer Curl,isolamento,bicipiti,manubri,palestra;casa,bicipiti;brachiale;brachioradiale,principiante,principale;finisher,gomito;polso,Riduci carico se fastidio al polso; busto fermo,EX004,"In piedi, un manubrio per mano lungo i fianchi, presa neutra (palmi verso l'interno), busto eretto","Fletti un gomito portando il manubrio verso la spalla mantenendo la presa neutra;Alterna un braccio alla volta;Eccentrica controllata 2-3 sec;Espira nello sforzo, inspira nel ritorno",Slancio del busto;Ruotare il polso;Range incompleto,Presa neutra costante: coinvolge brachiale e brachioradiale,elastico,"Elastico a tubo calpestato a metà, un capo per mano, presa neutra, pollici in alto, alternando le braccia","In piedi sull'elastico, braccia distese lungo i fianchi con la tensione già presente;Fletti i gomiti verso le spalle mantenendoli fermi contro il busto;Contrai in alto un istante;Ritorno lento 3 sec senza far collassare l'elastico",Elastico troppo lasco a inizio movimento: si perde tensione nella parte bassa;Gomiti che si spostano in avanti;Busto che oscilla per aiutare la salita;Slanciare per vincere il picco di resistenza in alto,curl-hammer-manubri-alternato
EX061,Curl alternato manubri panca Scott,Seated Alternating Dumbbell Preacher Curl,isolamento,bicipiti,manubri;panca,palestra,bicipiti;brachiale,intermedio,principale;finisher,gomito,Riduci carico se fastidio al gomito; non distendere mai completamente in basso sotto carico,EX010,"Seduto alla panca Scott, parte alta delle braccia appoggiata sul leggio inclinato, un manubrio per mano, presa supina","Fletti un gomito portando il manubrio verso la spalla;Alterna un braccio alla volta;Eccentrica controllata 2-3 sec senza estendere del tutto;Espira nello sforzo, inspira nel ritorno",Staccare le braccia dal leggio;Estensione completa e brusca in basso;Slancio,Braccia sempre aderenti al leggio; evita l'iperestensione del gomito in fondo,,,,,curl-alternato-manubri-panca-scott
EX062,Kickback manubri busto flesso,Dumbbell tricep kickback,isolamento,tricipiti,manubri,palestra;casa,tricipiti,principiante;intermedio,principale,lombare;gomiti,lombare: schiena neutra; gomiti alti e fermi,EX026,"Busto inclinato in avanti (busto flesso), gomito alto e fermo contro il busto, avambraccio flesso a 90°","Estendi l'avambraccio indietro fino a braccio dritto, gomito fisso;Eccentrica controllata 2-3 sec;Espira nello sforzo",Gomito che si abbassa;Movimento del braccio invece del solo avambraccio;Slancio;Schiena che si raddrizza,Il gomito non deve muoversi: lavora solo l'avambraccio. Schiena neutra,elastico,"Elastico ancorato in alto davanti a te, un capo per mano, busto flesso e gomiti alti fermi ai fianchi","Busto flesso in avanti, gomiti alti e immobili contro i fianchi;Estendi gli avambracci indietro fino a braccio disteso;Contrai i tricipiti a fine estensione;Ritorno lento 3 sec senza far collassare l'elastico",Gomiti che scendono o si allontanano dal busto;Muovere la spalla invece dell'avambraccio;Elastico troppo lasco a inizio movimento: si perde tensione nella parte bassa;Busto che si rialza durante la spinta,kickback-manubri-busto-flesso
EX063,Dip panca piedi a terra,Bench dip feet on floor,spinta verticale,tricipiti,panca;corpo libero,palestra;casa,pettorale;tricipiti;deltoide anteriore,principiante;intermedio,principale,spalle;polsi,spalle: riduci ROM non oltre il disagio. polsi: dita verso i piedi,EX514,"Dip a corpo libero (piedi a terra), mani ai lati del bacino dita avanti, piedi in appoggio","Discesa controllata flettendo i gomiti fino a circa 90°;Risalita spingendo coi tricipiti, schiena vicina all'appoggio;Espira nello sforzo",Gomiti che si aprono;Discesa eccessiva con stress spalle;Bacino lontano dall'appoggio,Spalle: se senti pinzamento ferma la discesa prima dei 90°,,,,,dip-panca-piedi-a-terra
EX064,Leg curl,,isolamento,ischiocrurali,elastico,casa;libero;palestra,ischiocrurali,principiante;intermedio,principale,ginocchia,"ginocchia: usa elastico leggero; movimento lento, no slancio della gamba",EX095,"Elastico ancorato in basso, cavigliera al tallone, in piedi appoggio mano al muro per equilibrio","Flessione del ginocchio portando il tallone verso il gluteo, coscia ferma;Eccentrica controllata 3 sec;Espira nello sforzo, inspira nel ritorno",Coscia che si sposta in avanti;Slancio della gamba;Range incompleto,Coscia FERMA: il movimento parte solo dal ginocchio,,,,,
EX065,Calf raise manubrio panca piana su step seduto,Seated dumbbell calf raise flat bench on step,isolamento,polpacci,manubri;panca,palestra;casa,soleo;polpacci,principiante;intermedio,principale,caviglie,caviglie: range ridotto se rigidità; usa un rialzo basso (2-3 cm) sotto l'avampiede per allungamento controllato,EX028,"Seduto su panca piana, manubrio appoggiato sulle ginocchia, avampiede su step/rialzo (3-5 cm), talloni liberi","Sollevamento sulle punte estendendo le caviglie;Pausa isometrica 1 sec in cima;Discesa lenta fino a massimo allungamento;Espira nello sforzo, inspira nel ritorno",Range incompleto;Movimento a scatti;Discesa veloce senza eccentrica,Variante che isola il soleo (più efficace del calf in piedi per il soleo). Carico direttamente sul ginocchio: non esagerare con il peso,,,,,calf-raise-manubrio-panca-piana-su-step-seduto
EX066,Calf raise su step una gamba,Bodyweight standing calf raise on step single leg,isolamento,polpacci,corpo libero,casa;libero;palestra,gastrocnemio;soleo;polpacci,principiante;intermedio,principale,caviglie,caviglie: usa entrambi i piedi (bilaterale) se l'equilibrio o la forza non bastano,EX028,"In piedi su step o gradino, avampiede di un piede sul bordo l'altro piede sollevato, mano al muro per equilibrio","Sollevamento sulla punta del piede d'appoggio fino a massima estensione;Pausa isometrica 1 sec;Discesa lenta fino a massimo allungamento sotto il bordo;Espira nello sforzo, inspira nel ritorno",Slancio del corpo;Range parziale (non sfrutti l'allungamento sotto step);Perdita di equilibrio,Sfrutta tutta l'altezza dello step per allungamento massimo,,,,,calf-raise-su-step-una-gamba
EX067,Abduzione laterale anca,,isolamento,glutei,elastico,casa;libero;palestra,gluteo medio;gluteo minimo,principiante;intermedio,principale,anca,"anca: movimento puro in abduzione, non portare la gamba oltre i 45°; bacino stabile senza inclinarsi",EX068,"Elastico a tubo ancorato in basso a un punto fisso, maniglia o cavigliera alla caviglia esterna. In piedi di lato all'ancoraggio, mano al muro per equilibrio, piedi a larghezza anche","Apertura laterale della gamba contro la tensione dell'elastico, gamba tesa e piede flesso;Eccentrica controllata 2-3 sec;Espira nello sforzo, inspira nel ritorno",Inclinazione del busto verso il lato opposto;Rotazione del bacino;Range eccessivo,Bacino FERMO: il movimento parte solo dall'anca,,,,,
EX068,Kickback gluteo in quadrupedia,,isolamento,glutei,elastico,casa;libero;palestra,gluteo massimo;ischiocrurali,principiante;intermedio,principale,lombare,lombare: contrai addome durante tutto il movimento; non iperestendere la schiena nella spinta,EX067,"In quadrupedia, elastico a tubo ancorato basso davanti e maniglia alla caviglia (o tenuto sotto le mani), ginocchio dell'altra gamba a 90 gradi","Estensione dell'anca portando il piede verso l'alto contro la tensione, ginocchio a 90°;Pausa 1 sec in cima;Eccentrica controllata;Espira nello sforzo, inspira nel ritorno",Iperestensione lombare;Rotazione del bacino;Slancio,"La spinta finisce quando coscia in linea col busto, non oltre",,,,,
EX069,Wrist curl da seduto,,isolamento,avambracci,manubri;panca;corda doppia,palestra;casa,avambracci;flessori polso,principiante,principale,polsi,polsi: usa carico molto leggero; se fastidio riduci ROM,EX024,"Seduto su panca, avambracci appoggiati sulle cosce, polsi oltre il ginocchio, manubri presa supinata (palmi su)","Flessione del polso verso l'alto;Pausa 1 sec in cima;Eccentrica lenta fino a massimo allungamento;Espira nello sforzo, inspira nel ritorno",Sollevamento degli avambracci dalle cosce;Range parziale;Carichi eccessivi che obbligano allo slancio,Esercizio accessorio: usato per chi pratica trazioni/dead hang o sport di presa,elastico,"Seduto, avambracci appoggiati sulle cosce, elastico sotto i piedi e maniglie in mano con palmi in alto. Fletti i polsi verso l'alto contro la tensione","Seduto su sedia o panca, avambracci appoggiati sulle cosce con i polsi oltre il bordo del ginocchio, palmi verso l'alto;Elastico bloccato sotto i piedi con maniglie in mano in presa supinata;Fletti il polso verso l'alto contro la tensione;Pausa 1 sec in cima, eccentrica lenta fino a massimo allungamento",Avambracci che si sollevano dalle cosce: perdi la stabilità e il punto di appoggio;Range parziale: sfrutta tutto il movimento del polso;Carico eccessivo che porta lo slancio;Elastico troppo corto che non consente il range completo,
EX070,Scrollate bilanciere,Barbell shrug,isolamento,trapezi,bilanciere,casa;libero;palestra,trapezio superiore;elevatore della scapola,principiante;intermedio,finisher,cervicale;spalle;polso,"cervicale: solo elevazione verticale, mai rotazione. polso: usa le fasce se il grip cede prima del trapezio",EX487,"In piedi, bilanciere impugnato con presa prona davanti alle cosce, braccia distese, piedi larghezza anche, busto eretto",Eleva le spalle verticalmente verso le orecchie;Pausa 1-2 sec in massima contrazione;Discesa controllata 3 sec fino al massimo allungamento;Braccia sempre distese,Ruotare le spalle in circolo;Piegare i gomiti;Slanciare con le gambe,"Cervicale: il movimento e solo verticale, mai rotatorio. Se il grip cede prima del trapezio, usa le fasce",elastico,"Elastico sotto i piedi, maniglie in mano lungo i fianchi: elevazione verticale delle spalle contro resistenza crescente","In piedi sopra l'elastico, maniglie in mano lungo i fianchi, braccia distese, busto eretto;Eleva le spalle verticalmente verso le orecchie contro la resistenza;Pausa 1-2 sec in massima contrazione;Discesa lenta 3 sec senza far collassare l'elastico",Piegare i gomiti trasformandolo in una tirata;Ruotare le spalle in circolo;Slanciare con le gambe;Elastico troppo corto che impedisce l'allungamento,scrollate-bilanciere
EX071,Distensioni manubri panca inclinata,Dumbbell bench press incline bench,spinta orizzontale,petto,manubri,palestra,pettorale alto;deltoide anteriore;tricipiti,intermedio,principale,spalle,"spalle: panca 30-45 gradi, scapole retratte, non scendere sotto la soglia di fastidio",EX002,"Sdraiato su panca inclinata 30-45 gradi, piedi a terra, scapole retratte","Discesa controllata verso la parte alta del petto 2-3 sec;Spinta in alto senza bloccare i gomiti;Inspira in discesa, espira nella spinta",Panca troppo verticale;Glutei sollevati;Rimbalzo,Usa fermi o spotter sui carichi alti,panca+elastico,"Su panca inclinata, elastico ancorato basso dietro, spinta verso l alto","Su panca inclinata 30-45°, piedi a terra, scapole retratte e depresse, elastico ancorato basso dietro la testa;Una maniglia per mano all'altezza della parte alta del petto, gomiti a ~75° dal busto;Spingi le maniglie verso l'alto-avanti fino a estensione, senza bloccare i gomiti;Ritorno controllato 2-3 sec, mantieni tensione sulle scapole","Panca troppo verticale (>45°): diventa un lento sopra la testa, non una panca inclinata;Glutei che si sollevano dalla panca;Elastico ancorato troppo in alto: curva di resistenza sbagliata;Scapole che si aprono durante la spinta: mantienile retratte",distensioni-manubri-panca-inclinata
EX072,Dip station,Chest dip parallel bars,spinta orizzontale,petto,corpo libero,casa;palestra,pettorale basso;tricipiti;deltoide anteriore,avanzato,principale,spalle,"spalle: busto inclinato avanti per il petto, non scendere sotto la soglia di fastidio",EX003,"Sospeso alle parallele, braccia tese, busto leggermente inclinato avanti",Discesa controllata fino a gomito a 90 gradi 2-3 sec;Spinta fino a estensione;Spalle lontane dalle orecchie,Discesa eccessiva;Spalle in elevazione;Slancio gambe,Limita il range se senti tensione alla spalla,elastico,"Dip alle parallele reso con spinta in basso-avanti con elastico ancorato in alto, enfasi su petto basso e tricipiti.","Elastico ancorato in alto dietro di te, maniglie in mano all'altezza del petto, busto leggermente inclinato avanti;Spingi le maniglie in basso-avanti fino a estensione, senza bloccare i gomiti;Spalle basse e lontane dalle orecchie;Ritorno controllato 2-3 sec",Elastico poco teso a inizio spinta;Spalle in elevazione;Slancio del busto;Ritorno troppo veloce,dip-station
EX073,Distensioni manubri sdraiato a terra,Floor press,spinta orizzontale,petto,manubri,palestra;casa,pettorale;tricipiti;deltoide anteriore,principiante,principale,spalle,ottimo per chi ha fastidi alle spalle: il pavimento limita il range e protegge la spalla,EX002,"Sdraiato a terra, ginocchia piegate, carico sopra il petto",Discesa finche i gomiti toccano terra 2-3 sec;Pausa breve;Spinta fino a quasi estensione,Rimbalzo dei gomiti a terra;Glutei sollevati;Range eccessivo,Ottimo per chi ha fastidi alle spalle: il pavimento limita automaticamente il range e protegge la capsula gleno-omerale,elastico,"Elastico ancorato basso dietro la schiena, supino a terra, un capo per mano all'altezza del petto","Supino a terra, elastico che passa sotto la schiena, mani all'altezza del petto;Spingi in avanti fino a quasi estensione delle braccia;Contrai i pettorali a fine spinta;Ritorno lento 3 sec senza far collassare l'elastico",Gomiti che si aprono oltre la linea delle spalle;Polsi che cedono;Elastico troppo lasco a inizio movimento: si perde tensione nella parte bassa;Spalle che si staccano da terra,distensioni-manubri-sdraiato-a-terra
EX074,Lento Arnold manubri,Arnold shoulder press dumbbells standing,spinta verticale,deltoidi anteriori,manubri,casa;libero;palestra,deltoide anteriore;deltoide laterale;tricipiti,intermedio,principale,spalle;lombari,"spalle: rotazione fluida senza forzare, riduci range alla soglia di fastidio",EX417,"In piedi, manubri davanti alle spalle, palmi rivolti verso il viso, gomiti stretti, core e glutei contratti",Spinta verso l'alto ruotando i palmi in avanti durante la salita;Estensione senza bloccare i gomiti;Discesa controllata invertendo la rotazione 3 sec,Ruotare i polsi fuori tempo rispetto alla spinta;Iperestensione lombare;Bloccare i gomiti in alto,La rotazione carica la spalla in posizione vulnerabile: usa carichi inferiori al lento avanti classico,elastico,"Elastico calpestato a metà, un capo per mano all'altezza delle spalle con i palmi rivolti verso di te","In piedi sull'elastico, mani all'altezza delle spalle e palmi verso il viso;Ruota i palmi verso l'esterno mentre spingi verso l'alto;Estendi le braccia sopra la testa senza bloccare i gomiti;Torna ruotando in senso inverso, lento 3 sec",Ruotare i polsi dopo la spinta invece che durante;Inarcare la schiena;Elastico troppo lasco a inizio movimento: si perde tensione nella parte bassa;Elastico troppo corto che impedisce l'estensione completa,lento-arnold-manubri
EX075,Push press bilanciere,Barbell push press,spinta verticale,deltoidi anteriori,bilanciere,palestra,deltoide anteriore;tricipiti;quadricipiti;glutei,avanzato,principale,spalle;lombari,"lombare: la spinta parte dalle gambe, core sempre attivo, non inarcare",EX434,"In piedi, bilanciere in front rack sulle clavicole, gomiti alti, presa prona larghezza spalle, piedi larghezza anche",Piegamento rapido delle ginocchia (dip);Estensione esplosiva di gambe e anche;Le braccia completano la spinta sopra la testa;Ritorno controllato alle clavicole,Dip troppo profondo che rallenta l'esplosivita;Barra che finisce davanti al piano della spalla;Spingere solo di braccia senza usare le gambe,"La spinta parte dalle gambe: se le braccia partono per prime, il carico e troppo alto o il timing sbagliato",,,,,push-press-bilanciere
EX076,Rematore manubri prono panca piana,Dumbbell row prone flat bench,tirata orizzontale,dorsali,panca,casa;palestra,gran dorsale;romboidi;trapezio medio;bicipiti;deltoide posteriore,principiante;intermedio,principale,spalle,spalle: tirata con gomiti lungo il corpo. lombare completamente protetta: variante ideale per chi ha problemi alla schiena,EX011,"Prono sulla panca piana rialzata, petto in appoggio, gambe distese dietro, manubri con presa neutra a braccia distese verso il basso",Tirata simultanea dei manubri verso i fianchi portando i gomiti indietro;Contrai le scapole in chiusura;Discesa controllata 3 sec;Petto sempre in appoggio,Staccare il petto dalla panca per aiutarsi;Tirare con i bicipiti;Non completare la distensione in basso,Chest supported: la lombare non lavora affatto. Prima scelta se hai problemi alla schiena,elastico+panca,Elastico sotto i piedi con petto in appoggio sulla panca inclinata: riproduce il rematore chest supported senza carico lombare,"Petto in appoggio sulla panca inclinata, elastico ancorato basso o sotto i piedi, maniglie in mano a braccia distese;Tira le maniglie verso il petto portando i gomiti indietro;Contrai le scapole in chiusura, petto sempre in appoggio;Ritorno lento 3 sec mantenendo la tensione",Staccare il petto dalla panca per aiutarsi;Tirare con i bicipiti;Elastico troppo corto che limita il range;Ritorno di scatto,rematore-manubri-prono-panca-piana
EX077,Rematore invertito TRX,TRX inverted row,tirata orizzontale,dorsali,trx,casa;libero;palestra,gran dorsale;romboidi;trapezio medio;bicipiti;core,principiante;intermedio,principale,spalle;lombare,"lombare: corpo in linea retta, core e glutei contratti. progressione: piu ti sposti sotto l'ancoraggio, piu diventa difficile",EX011,"In piedi di fronte all'ancoraggio TRX, maniglie impugnate con presa neutra, corpo inclinato indietro in linea retta, talloni a terra, braccia distese",Tirata del corpo verso le maniglie portando i gomiti lungo i fianchi;Contrai le scapole in chiusura;Discesa controllata 3 sec;Corpo sempre in linea retta,Far cedere il bacino verso il basso;Tirare con i bicipiti;Non completare la distensione delle braccia,"Corpo rigido come una tavola: se il bacino cede, il core non sta lavorando. Regola la difficolta cambiando l'inclinazione",,,,,rematore-invertito-trx
EX078,Renegade row,,tirata orizzontale,dorsali,manubri,palestra;casa,dorsale;bicipiti;core;spalle,avanzato,principale;finisher,lombare,"lombare: bacino stabile, non ruotare, allarga i piedi per piu stabilita",EX073,"In plank con mani sui manubri, piedi larghi, core attivo",Tira un manubrio verso il fianco senza ruotare il bacino;Ritorno controllato;Alterna i lati,Rotazione del bacino;Bacino che cede;Slancio,"Core ANTI-ROTAZIONALE attivo: il bacino non ruota di un millimetro. Se ruota, stai usando troppo carico",,,,,
EX079,Trazioni sbarra presa inversa,Chin-up,tirata verticale,dorsali,sbarra,casa;libero;palestra,gran dorsale;bicipiti;romboidi;trapezio medio;core,intermedio,principale,spalle;gomito,gomito: la presa supina carica molto i bicipiti. spalle: variante piu confortevole delle trazioni a presa prona,EX508,"Appeso alla sbarra con presa supina larghezza spalle, braccia distese, gambe leggermente flesse dietro, core contratto",Tirata verso l'alto fino a portare il mento sopra la sbarra;Contrai le scapole in basso e insieme;Discesa controllata 3 sec fino a braccia distese;Corpo senza oscillazioni,Non completare la distensione in basso;Usare slancio con le gambe;Tirare solo con i bicipiti,La presa supina coinvolge molto i bicipiti: e la variante piu accessibile per chi non riesce ancora nelle trazioni prone,elastico,"Trazioni rese con elastico ancorato in alto tirato verso il petto, oppure trazioni assistite con elastico alla sbarra","Elastico ancorato in alto sopra la testa, maniglie in mano a braccia distese;Tira i gomiti verso il basso-indietro portando le maniglie al petto, scapole che si abbassano;Contrai i dorsali a fine trazione, busto fermo;Ritorno lento 3 sec controllando l'eccentrica",Tirare solo di braccia senza attivare i dorsali;Spalle che salgono verso le orecchie;Busto che oscilla;Ritorno di scatto,trazioni-sbarra-presa-inversa
EX080,Pullup hold,,tirata verticale,,sbarra,palestra;casa,dorsale;bicipiti;core,intermedio,finisher,spalle,"isometria: tieni la posizione alta, scendi appena perdi la tenuta",EX008,"Mento sopra la sbarra, scapole attive",Mantieni la posizione alta il piu a lungo possibile;Respira;Scendi controllato,Spalle alle orecchie;Trattenere il respiro,Isometria ad alta tensione: scendi appena la posizione non è più pulita. Qualità sopra la quantità,elastico,"Pull-up hold reso con tenuta isometrica su elastico ancorato alto, maniglie tirate al petto e mantenute.","Elastico ancorato in alto, maniglie tirate al petto in posizione di trazione alta;Mantieni la posizione isometrica con scapole basse e dorsali contratti;Respira mantenendo la tensione, busto fermo;Rilascia lento a fine tempo",Spalle che salgono;Perdita di tensione dei dorsali;Busto che oscilla;Apnea prolungata,
EX081,Squat bilanciere frontale,Barbell front squat,dominante ginocchia,quadricipiti,bilanciere,palestra,quadricipiti;glutei;core,intermedio,principale,ginocchia;polsi,Bilanciere sui deltoidi anteriori; gomiti alti; busto eretto,EX263,"Bilanciere appoggiato sui deltoidi anteriori, gomiti alti in avanti, piedi a larghezza spalle, busto eretto",Scendi in squat mantenendo i gomiti alti e il busto verticale;Spingi dai talloni per risalire;Espira nella risalita,Gomiti che si abbassano;Busto che si inclina in avanti;Talloni sollevati,Gomiti sempre alti; busto verticale per non perdere il bilanciere,elastico+manubri,"Squat frontale reso con elastico calpestato e manubrio tenuto al petto (goblet), busto eretto.","Piedi a larghezza spalle sull'elastico, maniglie portate alle spalle; in alternativa manubrio verticale al petto;Scendi in squat con busto eretto e gomiti alti, ginocchia in linea coi piedi;Range controllato senza forzare oltre il fastidio al ginocchio;Risali spingendo dai talloni",Busto che crolla in avanti;Ginocchia che cedono verso l'interno;Discesa oltre la soglia di fastidio al ginocchio;Talloni che si staccano,squat-bilanciere-frontale
EX082,Squat cosacco,,dominante ginocchia,quadricipiti,corpo libero;kettlebell,casa;palestra,quadricipiti;adduttori;glutei,intermedio,principale,ginocchia,"ginocchia: scendi solo fin dove controlli, gamba tesa con punta in su",EX047,"Piedi molto larghi, punte leggermente aperte",Scendi su una gamba tenendo l altra tesa;Risali al centro;Alterna i lati,Tallone che si stacca;Ginocchio che collassa dentro;Busto crollato,Lavora prima a corpo libero per mobilita,,,,,squat-cosacco
EX083,Squat pistol corpo libero,Bodyweight pistol squat,dominante ginocchia,quadricipiti,corpo libero,casa;palestra,quadricipiti;glutei;core,avanzato,principale,ginocchia;lombare,Una gamba per volta; gamba libera tesa avanti; richiede mobilita ed equilibrio,EX272,"In piedi su una gamba, l'altra distesa in avanti sollevata da terra, braccia avanti per bilanciare",Scendi sulla gamba d'appoggio fino in accosciata completa,gamba libera tesa;Spingi dal tallone per risalire;Ripeti poi cambia gamba,Ginocchio che cede all'interno;Tallone che si stacca;Perdita di equilibrio,,,,,squat-pistol-corpo-libero
EX084,Kettlebell swing,,dominante anca,glutei,kettlebell,palestra;casa,glutei;ischiocrurali;core;dorsali,intermedio,principale;finisher,lombare,"lombare: la spinta e d anca non di schiena, dorso sempre neutro",EX018,"Piedi alla larghezza delle spalle, kettlebell a terra davanti",Hinge d anca portando il peso tra le gambe;Spinta esplosiva d anca fino a portare il peso all altezza spalle;Lascia tornare in hinge,Squat invece di hinge;Strappo con le braccia;Iperestensione lombare in alto,Cura il pattern di hinge prima del ritmo,,,,,
EX085,Good morning a corpo libero,,dominante anca,glutei,corpo libero,casa;palestra,ischiocrurali;glutei;erettori spinali,principiante,riscaldamento,,,,,,,,,,,,
EX086,Stacco da terra sumo bilanciere,Barbell sumo deadlift,dominante anca,glutei,bilanciere,palestra,glutei;adduttori;ischiocrurali;dorsali,intermedio,principale,lombare;ginocchia,Stance ampia punte extraruotate; presa interna alle gambe; schiena neutra,EX282,"In piedi con stance ampia, punte extraruotate, bilanciere a terra, presa alle mani dentro le gambe, schiena neutra",Spingi da gambe e anche sollevando il bilanciere lungo il corpo;Estendi anche e ginocchia fino a stazione eretta;Scendi controllato invertendo il movimento,Schiena arrotondata;Bacino che sale prima del petto;Ginocchia che cedono,Schiena neutra; petto e bacino salgono insieme,elastico,"Stacco sumo con elastico calpestato a base larga, maniglie tra le gambe. Enfasi anca e adduttori.","Piedi larghi e punte extraruotate sull'elastico a base ampia, maniglie tra le gambe;Hip hinge scendendo con schiena neutra, ginocchia verso le punte;Risali estendendo anca e ginocchia insieme, gluteo in chiusura;Mantieni core attivo per protezione lombare",Schiena curva;Ginocchia che collassano dentro;Elastico poco teso a base stretta;Iperestensione lombare in chiusura,stacco-da-terra-sumo-bilanciere
EX087,Stacco rumeno staggered stance,,dominante anca,glutei,manubri;kettlebell,palestra;casa,ischiocrurali;glutei;core,intermedio,principale,lombare,"lombare: dorso neutro; ponte verso il monopodalico, carico prevalente su una gamba",EX018,"Un piede leggermente arretrato sulla punta, peso sulla gamba avanti",Hinge d anca scaricando sulla gamba avanti;Risali contraendo il gluteo;Alterna le gambe per serie,Schiena curva;Peso troppo sulla gamba dietro;Rotazione del bacino,"Transizione verso il monopodalico: se la differenza di forza tra i lati è elevata, lavora prima bilateralmente",,,,,
EX088,Camminata manubri,Dumbbell farmer's walk,loaded carry,quadricipiti,manubri;kettlebell,palestra;casa,core;trapezio;avambracci;gambe,principiante,carry;finisher,lombare;cervicale,"postura eretta, spalle indietro, passi corti e controllati",EX089,"Un carico per mano lungo i fianchi, in piedi eretto",Cammina con passi corti mantenendo il busto eretto;Spalle basse e indietro;Respira regolare,Busto che si piega;Spalle in avanti;Passi troppo lunghi,"Lombare e cervicale: busto eretto, spalle indietro e basse, sguardo orizzontale. Non inclinare mai il tronco verso i carichi",,,,,camminata-manubri
EX089,Suitcase carry,,loaded carry,,kettlebell;manubri,palestra;casa,core;obliqui;trapezio;avambracci,principiante,carry;finisher,lombare,"anti-flessione laterale: un solo carico, resta dritto senza inclinarti",EX088,"Un solo carico in una mano, in piedi eretto","Cammina senza inclinarti verso il peso;Busto dritto, core attivo;Alterna il lato",Inclinazione laterale del busto;Spalla che cede;Passo irregolare,"Anti-flessione laterale: testa, spalle e fianchi devono restare in linea verticale nonostante il carico asimmetrico",elastico,"Elastico ancorato di lato all'altezza dei fianchi, tenuto in una mano, in piedi fermo: stesso lavoro anti-flessione laterale del core senza camminare. Alterna il lato.""","Elastico ancorato di lato all'altezza dei fianchi (porta, sbarra o punto fisso), tenuto in una mano con il braccio lungo il fianco;Stai in piedi fermo, corpo perfettamente dritto, resistendo alla forza laterale dell'elastico;Contrai il core e gli obliqui per non cedere lateralmente;Mantieni la posizione per il tempo o i passi richiesti, poi alterna lato",Inclinazione laterale verso l'ancoraggio: il punto dell'esercizio è NON inclinarsi;Braccio che si alza per resistere invece del core;Elastico ancorato troppo in basso: cambia l'angolo di forza;Poca tensione: l'elastico deve tirare abbastanza da richiedere sforzo attivo,
EX090,Overhead walk,,loaded carry,,kettlebell;manubri,palestra,spalle;core;trapezio,intermedio,carry,spalle,spalle: braccio teso sopra la testa stabile; carichi leggeri all inizio,EX091,"Un carico sopra la testa a braccio teso, polso saldo",Cammina mantenendo il braccio teso e stabile;Core attivo;Alterna il lato,Inarcamento lombare;Braccio che oscilla;Spalla in elevazione,"Spalle: braccio bloccato, polso saldo, scapola stabilizzata. Se la spalla trema, riduci il carico drasticamente",,,,,
EX091,Turkish get-up,,loaded carry,,kettlebell;manubri,palestra,spalle;core;total body,avanzato,carry,spalle,spalle: movimento lento e segmentato; impara senza carico,EX090,"Sdraiato a terra, un carico a braccio teso verso il soffitto",Alzati in piedi per fasi tenendo il carico sempre sopra;Inverti il movimento tornando a terra;Sguardo al peso,Movimento troppo rapido;Braccio non verticale;Saltare le fasi,Esercizio tecnico: padroneggia le fasi a vuoto prima del carico,,,,,
EX092,Curl alternato manubri,Standing Alternating Dumbbell Curl,isolamento,bicipiti,manubri,palestra;casa,bicipiti;brachiale,principiante,principale;finisher,gomito,Riduci carico se fastidio al gomito; evita di dondolare il busto,EX012,"In piedi, un manubrio per mano lungo i fianchi, presa supina, busto eretto e fermo","Fletti un gomito portando il manubrio verso la spalla;Alterna un braccio alla volta;Eccentrica controllata 2-3 sec;Espira nello sforzo, inspira nel ritorno",Slancio del busto;Gomiti che avanzano;Range incompleto,Gomiti fermi lungo i fianchi: muovi solo l'avambraccio,elastico,"Elastico a tubo calpestato a metà, un capo per mano, un capo per mano, alternando le braccia","In piedi sull'elastico, braccia distese lungo i fianchi con la tensione già presente;Fletti i gomiti verso le spalle mantenendoli fermi contro il busto;Contrai in alto un istante;Ritorno lento 3 sec senza far collassare l'elastico",Elastico troppo lasco a inizio movimento: si perde tensione nella parte bassa;Gomiti che si spostano in avanti;Busto che oscilla per aiutare la salita;Slanciare per vincere il picco di resistenza in alto,curl-alternato-manubri
EX093,Estensioni manubrio un braccio dietro nuca in piedi,Dumbbell single-arm overhead tricep extension,isolamento,tricipiti,manubri,palestra;casa,tricipiti,principiante,principale;finisher,spalle;gomiti,"un braccio per volta, gomito fermo e alto",EX524,"Supino, seduto o in piedi secondo variante (in piedi un braccio), carico impugnato sopra la testa con gomiti puntati al soffitto","Fletti i gomiti abbassando il carico dietro la testa;Estendi tornando in alto senza muovere i gomiti;Espira nello sforzo, inspira nel ritorno",Gomiti che si aprono lateralmente;Movimento delle spalle;Carico eccessivo;Iperestensione lombare,"Gomiti fermi e alti per tutta la serie. Stop se fastidio acuto a gomito o spalla, riduci il range basso",elastico,"Elastico calpestato con un piede, un capo in mano portato dietro la nuca, gomito puntato in alto","In piedi sull'elastico, braccio piegato dietro la nuca con il gomito alto e fermo;Estendi l'avambraccio verso l'alto fino a braccio disteso;Pausa breve in alto;Ritorno lento 3 sec senza far collassare l'elastico",Gomito che si apre verso l'esterno;Inarcare la schiena per aiutare la spinta;Elastico troppo lasco a inizio movimento: si perde tensione nella parte bassa;Estensione incompleta,estensioni-manubrio-un-braccio-dietro-nuca-in-piedi
EX094,Prone Y-W raise,,isolamento,deltoidi posteriori,corpo libero;manubri,casa;palestra,deltoidi posteriori;trapezio basso;romboidi,principiante,riscaldamento;finisher,spalle;lombare,"attivazione scapolare: carichi leggeri o a corpo libero, movimento lento",EX030,"Prono su panca o a terra, braccia distese",Solleva le braccia a forma di Y poi di W;Stringi le scapole in basso;Discesa controllata,Uso dello slancio;Spalle alle orecchie;Iperestensione lombare,"Lombare: non iperestendere per sollevare le braccia. Il movimento viene dal pull scapolare, non dall'arco lombare",,,,,
EX095,Leg curl macchina prona una gamba,Lying machine unilateral leg curl,isolamento,ischiocrurali,macchina,palestra,ischiocrurali,principiante,principale;finisher,ginocchia;lombare,Coscia appoggiata; una gamba per volta; bacino aderente,EX240,"Prono sulla macchina, coscia appoggiata al cuscino, rullo appena sopra il tallone, bacino aderente, mani alle maniglie",Fletti il ginocchio portando il rullo verso il gluteo,coscia ferma;Eccentrica controllata 2-3 sec;Ripeti tutte le ripetizioni poi cambia gamba,Bacino che si solleva;Slancio della lombare;Range incompleto,,,,,leg-curl-macchina-prona-una-gamba
EX096,Nordic curl panca romana,Bodyweight nordic hamstring curl,isolamento,ischiocrurali,corpo libero,palestra;casa,ischiocrurali,avanzato,principale,ginocchia,"eccentrico potente: scendi controllando, aiutati con le mani per risalire",EX043,"In ginocchio con caviglie bloccate, busto eretto",Scendi in avanti controllando con gli ischiocrurali;Frena il piu a lungo possibile;Aiutati con le mani a terra,Caduta non controllata;Hinge d'anca per barare;Range troppo ampio all'inizio,Eccentrico molto intenso: parti con range ridotto,,,,,nordic-curl-panca-romana
EX097,Leg extension macchina entrambe le gambe,Seated machine leg extension,isolamento,quadricipiti,macchina,palestra,quadricipiti,principiante,principale;finisher,ginocchia,Regola lo schienale; rullo sopra il collo del piede; non iperestendere,EX248,"Seduto alla macchina, schiena aderente allo schienale, rullo sopra il collo del piede, mani alle maniglie",Estendi entrambe le ginocchia fino quasi alla distensione completa;Eccentrica controllata 2-3 sec;Espira nello sforzo,inspira nel ritorno,Slancio del busto;Iperestensione del ginocchio a fine corsa;Discesa a caduta libera,,,,,
EX098,Croci manubri panca inclinata,Dumbbell fly incline bench,isolamento,petto,manubri,palestra;casa,pettorale,principiante,principale;finisher,spalle,"spalle: gomiti morbidi, non scendere sotto la soglia di fastidio",EX002,"Sdraiato su panca o in piedi ai cavi, braccia aperte gomiti morbidi",Avvicina le braccia davanti al petto in arco;Ritorno controllato in apertura 2-3 sec;Gomiti fissi,Gomiti che si flettono (diventa spinta);Apertura eccessiva;Spalle in avanti,Spalle: gomiti morbidi durante tutto il movimento. Non portare i gomiti sotto la linea delle spalle nella fase di apertura massima,elastico,"Elastico ancorato basso dietro la schiena, busto inclinato indietro sulla panca, un capo per mano a braccia aperte","Seduto sulla panca inclinata con l'elastico ancorato dietro, braccia aperte e gomiti morbidi;Chiudi le braccia davanti al petto ad arco, gomiti fermi nell'angolo;Contrai i pettorali a braccia unite;Ritorno lento 3 sec senza far collassare l'elastico",Piegare i gomiti trasformando il movimento in una spinta;Aprire oltre il punto di fastidio alla spalla;Elastico troppo lasco a inizio movimento: si perde tensione nella parte bassa;Spalle che si arrotolano in avanti,croci-manubri-panca-inclinata
EX099,Pullover manubrio bacino allineato panca piana,Dumbbell pullover pelvis aligned flat bench,isolamento,petto,manubri,palestra,gran dorsale;pettorale;dentato anteriore,intermedio,finisher,spalle,"spalle: gomiti morbidi, non scendere oltre la soglia di fastidio dietro la testa",EX392,"Sdraiato su panca piana lungo tutta la sua lunghezza, bacino allineato alla panca, un manubrio afferrato con entrambe le mani sopra il petto",Porta il manubrio dietro la testa in arco fino a sentire lo stretch su dorsali e petto 2-3 sec;Ritorno controllato sopra il petto,Gomiti che si flettono troppo;Scendere oltre la soglia di fastidio alle spalle;Schiena che si inarca eccessivamente,"Usare carichi leggeri, non scendere oltre la soglia di fastidio articolare alle spalle",elastico,"Elastico ancorato in alto dietro la testa, supino sulla panca piana, un capo per mano a braccia semidistese","Supino sulla panca con l'elastico ancorato dietro la testa, braccia semidistese sopra il petto;Porta le braccia indietro sopra la testa fino a sentire l'allungamento;Riporta le braccia sopra il petto contraendo il gran dorsale e i pettorali;Ritorno lento 3 sec senza far collassare l'elastico",Scendere oltre il punto di fastidio alla spalla;Piegare i gomiti trasformando il movimento in una spinta;Elastico troppo lasco a inizio movimento: si perde tensione nella parte bassa;Schiena che si inarca staccandosi dalla panca,pullover-manubrio-bacino-allineato-panca-piana
EX100,Alzate frontali manubri,Dumbbell front raise standing,isolamento,deltoidi anteriori,manubri,casa;libero;palestra,deltoidi anteriori,principiante,principale;finisher,spalle,"niente slancio, sali fino all altezza delle spalle",EX391,"In piedi, manubri davanti alle cosce, presa prona, gomiti leggermente flessi, core attivo","Sollevamento in avanti fino all'altezza spalle;Discesa controllata 2-3 sec;Espira nella salita, inspira nella discesa",Slancio del busto per aiutare la salita;Salita oltre l'altezza spalle;Iperestensione lombare a fine salita,Attenzione: le alzate frontali caricano molto il deltoide anteriore già molto stimolato nelle spinte. Usale con parsimonia,elastico,"Elastico sotto i piedi, una maniglia per mano: tensione crescente verso l'alto",Sollevamento frontale contro la resistenza fino all'altezza spalle;Discesa controllata,Rilasciare la tensione in basso;Slanciare per vincere il picco di resistenza,alzate-frontali-manubri
EX101,Extrarotazione cavo,Cable external rotation,isolamento,cuffia rotatori,cavo,palestra,cuffia dei rotatori,principiante,riscaldamento;finisher,spalle,"salute della spalla: carichi leggerissimi, movimento lento e controllato",EX416,"In piedi di fianco alla puleggia all'altezza del gomito, maniglia nella mano esterna, gomito flesso a 90 gradi e aderente al fianco","Rotazione dell'avambraccio verso l'esterno mantenendo il gomito fermo al fianco;Pausa breve;Ritorno controllato 3 sec;Completa le ripetizioni, poi cambia lato",Staccare il gomito dal fianco;Ruotare il busto per aiutare;Usare carichi che trasformano il movimento in tirata,"Movimento di attivazione, non di forza: carichi minimi e tempo sotto tensione lungo",elastico,"Extrarotazione resa con elastico ancorato all'altezza del gomito, gomito al fianco, apertura verso l'esterno.","Ancora l'elastico all'altezza del gomito, maniglia nella mano esterna, gomito flesso a 90 gradi e aderente al fianco;Ruota l'avambraccio verso l'esterno mantenendo il gomito fermo;Pausa breve in massima extrarotazione;Ritorno controllato 3 sec;Completa le ripetizioni, poi cambia lato",Staccare il gomito dal fianco;Ruotare il busto per aumentare il range;Tensione eccessiva che trasforma il movimento in tirata,extrarotazione-cavo
EX102,Wood chop,,core,core rotazione,cavi;elastico,casa;libero;palestra,obliqui;core;spalle,intermedio,principale;finisher,lombare,"anti-rotazione dinamico: ruota dal tronco non dalle braccia, bacino stabile",EX023,"In piedi di lato a un ancoraggio, elastico/cavo teso",Tira in diagonale dall alto al basso ruotando il tronco;Ritorno controllato;Alterna i lati,Rotazione del bacino;Braccia che fanno il lavoro;Slancio,"Lombare: la rotazione viene dal torace, non dalla zona lombare. Bacino fermo, piedi ben piantati",,,,,
EX103,Russian twist,Russian Twist,core,core rotazione,corpo libero,casa;libero;palestra,obliqui;core,principiante,principale;finisher,lombare;cervicale,"piedi a terra per facilitare, sollevati per intensificare",EX108,"Seduto, busto inclinato indietro, piedi a terra o sollevati",Ruota il tronco portando le mani di lato;Alterna i lati controllando;Core sempre attivo,Schiena curva;Rotazione solo delle braccia;Velocita eccessiva,"Lombare: schiena neutra o leggermente flessa, mai curva. Cervicale: non tirare la testa in avanti",,,,,russian-twist
EX104,Croci cavi medi traiettoria alta,Cable high-to-high fly,isolamento,petto,cavi,palestra,pettorale alto;deltoide anteriore,intermedio,finisher,spalle,"spalle: gomiti morbidi, traiettoria che resta sopra la linea delle spalle",EX004,"In piedi al centro della torre a cavi, pulegge in alto, presa una maniglia per mano","Porta le mani in avanti mantenendo la traiettoria alta, senza scendere sotto le spalle;Ritorno controllato in apertura 2-3 sec;Gomiti fissi leggermente flessi",Traiettoria che scende troppo (diventa croci alte-basse);Gomiti che si flettono a fine corsa;Busto inclinato in avanti,Mantenere la traiettoria costantemente sopra la linea delle spalle,elastico,"Elastico ancorato in alto, traiettoria mantenuta alta senza scendere sotto le spalle","Ancora l'elastico in alto dietro di te, una maniglia per mano;Porta le mani in avanti mantenendo la traiettoria alta, senza scendere sotto le spalle;Ritorno controllato in apertura 2-3 sec;Gomiti fissi leggermente flessi",Gomiti che si flettono a fine corsa (diventa spinta);Busto che si inclina per aiutarsi;Elastico troppo lasco a inizio movimento: la tensione deve esserci gia' in allungo,croci-cavi-medi-traiettoria-alta
EX105,Hollow rock,,core,core anti-estensione,corpo libero,casa;libero;palestra,retto addominale;core,intermedio,principale;finisher,lombare;cervicale,evoluzione dinamica dell hollow hold; riduci leva piegando le ginocchia,EX032,"Supino in posizione hollow, lombare a terra",Dondola avanti e indietro mantenendo la tensione;Lombare sempre a terra;Movimento controllato,Lombare che si stacca;Perdita di tensione;Spinta con le braccia,Lombare: deve restare a contatto col pavimento durante tutto il dondolio. Piega le ginocchia se non riesci a mantenere,,,,,
EX106,Scissor kicks,,core,core anti-estensione,corpo libero,casa;libero;palestra,retto addominale basso;flessori anca,principiante,principale;finisher,lombare,mani sotto i glutei per proteggere la lombare; alza le gambe per facilitare,EX104,"Supino, gambe tese sollevate, lombare a terra",Alterna le gambe su e giu a forbice;Lombare sempre a terra;Movimento controllato,Lombare inarcata;Gambe troppo basse;Velocita eccessiva,Lombare: mani sotto i glutei per supporto. Abbassa le gambe solo finché la lombare resta a terra,,,,,
EX108,Windshield wipers,,core,core rotazione,corpo libero,casa;libero;palestra,obliqui;core,avanzato,principale;finisher,lombare;spalle,rotazionale avanzato: piega le ginocchia per ridurre la leva,EX103,"Supino, braccia aperte, gambe sollevate",Ruota le gambe da un lato all altro come tergicristalli;Spalle a terra;Controlla la discesa,Spalle che si staccano;Caduta non controllata;Lombare sovraccarica,Molto intenso per la fascia lombare e gli obliqui. Parti con gambe piegate e range ridotto. Spalle a terra obbligatorie,,,,,
EX109,Plank shoulder taps,,core,core anti-rotazione,corpo libero,casa;libero;palestra,core;anti-rotazione;spalle,principiante,principale;finisher,lombare;spalle,"anti-rotazione: bacino fermo, allarga i piedi per stabilita",EX021,"In plank alto, piedi larghi",Tocca la spalla opposta con una mano senza ruotare il bacino;Alterna;Bacino sempre fermo,Rotazione del bacino;Bacino che cede;Velocita eccessiva,Allarga i piedi per aumentare la base di supporto se il bacino ruota troppo. Movimento lento e controllato,,,,,
EX111,Side bend,,core,core rotazione,manubri;kettlebell,casa;libero;palestra,obliqui,principiante,principale;finisher,lombare,"un carico per lato, niente rotazione, solo flessione laterale",EX023,"In piedi, un carico in una mano",Inclina il busto lateralmente verso il carico;Risali contraendo l obliquo opposto;Alterna,Rotazione del busto;Slancio;Flessione in avanti,"Lombare: solo flessione laterale pura, nessuna rotazione o flessione in avanti. Usa carichi moderati",,,,,
EX112,Box jump,,cardio_metabolico,,corpo libero,casa;libero;palestra,gambe;glutei;polpacci,intermedio,finisher,ginocchia,"alto impatto: scegli un box basso, scendi a passo non saltando giu",EX033,In piedi davanti a un box stabile,Salta sul box atterrando morbido;Estendi anche e ginocchia in cima;Scendi a passo,Atterraggio rigido;Box troppo alto;Scendere saltando,Evitare con problemi a ginocchia o caviglie. Atterraggio SEMPRE morbido sulle punte con ginocchia che cedono,,,,,
EX113,Broad jump,,cardio_metabolico,,corpo libero,casa;libero;palestra,gambe;glutei;polpacci,intermedio,finisher,ginocchia,alto impatto: atterra morbido piegando le ginocchia,EX052,"In piedi, piedi alla larghezza delle anche",Salta in avanti il piu lontano possibile;Atterra morbido in mezzo squat;Stabilizza,Atterraggio rigido;Squilibrio in atterraggio;Ginocchia che collassano,Atterraggio in mezzo squat con ginocchia in linea con i piedi. Evitare con problemi a ginocchia,,,,,
EX114,Corsa calciata sul posto,,cardio_metabolico,,corpo libero,casa;libero;palestra,ischiocrurali;polpacci;cardio,principiante;intermedio;avanzato,finisher,ginocchia,"ginocchia: versione marcia lenta, talloni verso glutei senza saltare; atterraggio sempre sulle punte",EX049,In piedi sul posto o in avanzamento,Porta i talloni verso i glutei in rapida successione;Busto eretto;Ritmo costante,Busto piegato;Falcata troppo ampia;Spalle rigide,"Versione marcia (basso impatto): atterraggio sulle punte, busto eretto. Aumenta gradualmente il ritmo",,,,,corsa-calciata-sul-posto
EX115,Lateral shuffle,,cardio_metabolico,,corpo libero,casa;libero;palestra,gambe;glutei;cardio,,finisher,ginocchia;caviglie,"ginocchia/caviglie: spostamenti più lenti, range ridotto, mantieni la posizione atletica senza accovacciarti troppo",EX050,"Posizione atletica, ginocchia morbide",Spostati lateralmente con passi rapidi;Resta basso;Cambia direzione,Busto alto;Piedi che si incrociano;Spalle che oscillano,"Posizione atletica mantenuta: ginocchia morbide, bacino basso, busto eretto. I piedi non si incrociano mai",,,,,
EX116,Combo boxe (gancio-montante),,cardio_metabolico,,corpo libero,casa;libero;palestra,spalle;core;cardio,,finisher,spalle;gomiti,spalle/gomiti: range ridotto se fastidio articolare; focus sulla rotazione del tronco più che sulla potenza del colpo,EX053,"Guardia di boxe, piedi sfalsati",Alterna ganci e montanti ruotando il tronco;Ritmo costante;Guardia sempre alta,Pugni solo di braccio;Guardia bassa;Spalle rigide,No hyperextension del gomito a fine colpo. Guardia sempre alta tra un colpo e l'altro,,,,,
EX117,World s greatest stretch,,mobilita,,corpo libero,casa;libero;palestra,anca;toracico;ischiocrurali,principiante,riscaldamento,ginocchia;toracico,"ginocchia: affondo ridotto se fastidio; toracico: rotazione solo nel range comodo, non forzare la spalla in alto",EX120,"In affondo, mano interna a terra",Ruota il tronco aprendo verso l alto;Distendi la gamba dietro;Alterna i lati,Movimento a scatti;Schiena curva;Range forzato,"Mobilità dinamica: nessun rimbalzo, nessun range forzato. Fermati alla soglia di resistenza confortevole",,,,,
EX118,Inchworm,,mobilita,,corpo libero,casa;libero;palestra,catena posteriore;core;spalle,principiante,riscaldamento,lombare;polsi,lombare: ginocchia morbide durante la flessione; polsi: usa le nocche se i polsi sono sensibili,EX029,"In piedi, gambe tese",Piegati e cammina con le mani fino al plank;Cammina indietro;Risali,Ginocchia troppo piegate;Bacino che cede in plank;Fretta,Lombare: gambe leggermente piegate durante la camminata con le mani se gli ischiocrurali sono rigidi. Polsi: peso distribuito su tutta la mano,,,,,
EX119,Slanci gamba laterali,,mobilita,,corpo libero,casa;libero;palestra,anca;adduttori,principiante,riscaldamento,anca,"anca: inizia con range ridotto, aumenta gradualmente; se senti pinzamento all'anca riduci l'altezza dello slancio",EX126,In piedi con appoggio laterale,Slancia la gamba lateralmente avanti e indietro;Busto fermo;Aumenta il range gradualmente,Slancio col busto;Range forzato;Velocita eccessiva,"Mobilità anca: range progressivo, non forzare mai il finale. Il busto rimane fermo durante gli slanci",,,,,
EX120,Affondo con rotazione,,mobilita,,corpo libero,casa;libero;palestra,anca;toracico;glutei,principiante,riscaldamento,ginocchia,ginocchia: affondo parziale se fastidio; rotazione ridotta se rigidità toracica,EX117,In piedi,Fai un affondo in avanti;Ruota il tronco verso la gamba avanti;Torna e alterna,Ginocchio oltre la punta;Rotazione solo delle braccia;Equilibrio instabile,"Ginocchio in linea col piede durante l'affondo. Rotazione dal torace, non dal bacino",,,,,
EX121,Riscaldamento spalle (circonduzioni),,mobilita,,corpo libero,casa;libero;palestra,spalle;cuffia,principiante,riscaldamento,spalle,spalle: inizia con piccoli cerchi aumentando gradualmente; se senti crepitio intenso passa alle rotazioni esterne (EX101),EX094,"In piedi, braccia lungo i fianchi",Circonduzioni ampie avanti e indietro;Aumenta gradualmente il raggio;Movimento fluido,Spalle alle orecchie;Movimento a scatti;Apnea,Spalle: circonduzioni fluide senza forzare le posizioni estreme. Ridurre il raggio se senti scricchiolii,,,,,
EX122,Halo,,mobilita,,kettlebell;manubri,casa;libero;palestra,spalle;core,principiante,riscaldamento,spalle;cervicale,"spalle/cervicale: usa un carico leggero, cerchi lenti e controllati; se spalle rigide riduci il raggio",EX121,"In piedi, carico tenuto davanti al petto",Gira il carico attorno alla testa;Inverti il senso;Core attivo per non inarcare,Inarcamento lombare;Carico eccessivo;Collo rigido,Cervicale: il carico passa vicino alla testa ma non la tocca. Core attivo per non inarcare,,,,,
EX123,Thread the needle,,mobilita,,corpo libero,casa;libero;palestra,toracico;spalle,principiante,recupero;mobilita,spalle;cervicale,spalle/cervicale: range ridotto; non forzare il braccio sotto il corpo se le spalle sono rigide,EX124,In quadrupedia,Fai passare un braccio sotto il corpo ruotando;Torna aprendo verso l alto;Alterna,Forzare la rotazione;Bacino che si sposta;Apnea,"Mobilità toracica e delle spalle: movimento lento, respira nell'allungo. Fermati se senti compressione cervicale",,,,,
EX124,Rotazione toracica (T-spine),,mobilita,,corpo libero,casa;libero;palestra,toracico,principiante,recupero;mobilita,toracico,toracico: range ridotto se rigidità; respira nell'allungo per facilitare la rotazione,EX123,"In quadrupedia, una mano dietro la testa",Ruota il gomito verso l alto aprendo il torace;Torna controllato;Alterna,Rotazione dal bacino;Forzare;Movimento rapido,"Bacino fermo durante tutta la rotazione: il movimento viene solo dal tratto toracico, non dal lombare",,,,,
EX125,Child s pose,,mobilita,,corpo libero,casa;libero;palestra,dorso;anca,principiante,recupero;mobilita,ginocchia;anche,ginocchia/anche: piazza un cuscino sotto i glutei per ridurre la flessione estrema; apri le ginocchia per allargare la base,EX126,Seduto sui talloni,Allunga le braccia avanti abbassando il petto;Respira lento;Rilassa,Tensione nelle spalle;Apnea;Forzare la posizione,"Ginocchia e anche: se senti fastidio in posizione, allarga le ginocchia o metti un supporto sotto i glutei",,,,,
EX126,Stretch flessori anca in ginocchio,,mobilita,,corpo libero,casa;libero;palestra,flessori anca;quadricipiti,principiante,recupero;mobilita,lombare;ginocchia,lombare: retroversione del bacino prima di spingere in avanti; ginocchia: usa un cuscino sotto il ginocchio a terra,EX125,"In affondo basso, ginocchio dietro a terra",Spingi il bacino in avanti;Senti l allungo davanti all anca;Cambia lato,Inarcamento lombare;Ginocchio avanti oltre la punta;Rimbalzi,Lombare: spingi il bacino in avanti senza inarcare; il focus è sull'allungo del flessore dell'anca non sull'inarcamento,,,,,
EX127,Stretch ischiocrurali seduto,,mobilita,,corpo libero,casa;libero;palestra,ischiocrurali,principiante,recupero;mobilita,lombare;ischiocrurali,lombare: schiena neutra con leggera flessione anteriore del bacino; ischiocrurali: piega il ginocchio se la tensione è eccessiva,EX129,"Seduto, una gamba tesa",Inclina il busto avanti tenendo la schiena lunga;Tieni la posizione;Cambia gamba,Schiena curva;Rimbalzi;Forzare oltre il fastidio,Schiena lunga (non curva) durante tutta la flessione in avanti. Niente rimbalzi: allungo statico progressivo,,,,,
EX128,Stretch petto al muro,,mobilita,,corpo libero,casa;libero;palestra,pettorale;spalle,principiante,recupero;mobilita,spalle,spalle: altezza del braccio regolabile (più basso = meno intenso); rotazione del busto progressiva senza rimbalzi,EX123,"In piedi accanto a un muro, avambraccio appoggiato",Ruota il busto lontano dal braccio;Senti l allungo del petto;Cambia lato,Forzare la spalla;Spalla in elevazione;Rimbalzi,Spalle: non forzare mai la rotazione. Fermati alla soglia di tensione confortevole. La spalla non sale verso l'orecchio,,,,,
EX129,Foam roll ischiocrurali,,mobilita,,foam roller,casa;libero;palestra,ischiocrurali,principiante,recupero,lombare,lombare: evita pressione diretta sulla colonna; se i tendini del ginocchio sono molto tesi inizia con pressione ridotta,EX127,Seduto con il foam roller sotto la coscia posteriore,Rotola lentamente dal ginocchio al gluteo;Fermati sui punti tesi;Respira,Rotolare troppo veloce;Sulle articolazioni;Apnea,"Non rotolare sulle articolazioni (ginocchio, anca). Pressione progressiva: parte leggera e aumenta gradualmente",,,,,
EX130,Foam roll bandelletta IT,,mobilita,,foam roller,casa;libero;palestra,tensore fascia lata;quadricipiti laterali,principiante,recupero,ginocchia,ginocchia: evita il passaggio diretto sul condilo laterale; pressione graduale e pause sui punti più tesi,EX129,Sul fianco con foam roller sotto la coscia laterale,Rotola lento lungo il lato della coscia;Fermati sui punti tesi;Cambia lato,Pressione eccessiva;Velocita alta;Sull osso,Non rotolare sul ginocchio o sul trocantere (osso prominente del fianco). Solo sulla muscolatura laterale della coscia,,,,,
EX131,Passive hang,,mobilita,,sbarra,casa;libero;palestra,spalle;dorso;decompressione,principiante,recupero;mobilita,spalle,"decompressione: appenditi rilassato, scendi se senti fastidio alla spalla",EX125,Appeso alla sbarra a braccia tese,Rilassa il corpo lasciando allungare la colonna;Respira;Scendi controllato,Tensione nelle spalle;Dondolio;Durata eccessiva all inizio,Inizia con 10-15 secondi e aumenta gradualmente. Scendi immediatamente se senti fastidio acuto alla spalla. Scapole attive (non passive) se possibile,elastico,"Passive hang reso con elastico ancorato alto per decompressione, mani in trazione e corpo che si allunga in basso.","Elastico ancorato in alto, maniglie in mano braccia tese sopra la testa;Lascia il corpo allungarsi verso il basso sentendo l'apertura di spalle e dorsali;Respira lento mantenendo la presa;Rilascia gradualmente",Spalle contratte invece che rilassate;Presa che cede;Oscillazione del corpo;Tensione al collo,
EX132,Goblet squat,,dominante ginocchia,quadricipiti,elastico;maniglie;manubri,casa;libero;palestra,quadricipiti;glutei;core,intermedio,principale,ginocchia;lombare,"ginocchia: talloni rialzati 3-5 cm non negoziabili, scendi solo nel range indolore. lombare: il carico frontale mantiene il busto verticale automaticamente",EX047,"In piedi sopra l'elastico, talloni rialzati su un disco o cuneo 3-5 cm, due maniglie tenute davanti al petto all'altezza dello sterno, gomiti bassi","Scendi piegando anche e ginocchia mantenendo il busto eretto, controllato 2-3 sec;Ginocchia in linea con le punte dei piedi;Risali spingendo dai talloni senza perdere il busto verticale;Inspira e tieni il core in tensione, espira spingendo",Attrezzo che scende durante la discesa (busto che cede in avanti);Talloni che si staccano dal rialzo;Ginocchia in valgismo,Il carico frontale scarica automaticamente la lombare rispetto allo squat tradizionale. Non inarcare mai in risalita,,,,,
EX133,Crunch bicicletta gambe tese 45 gradi,Bicycle Crunch Straight Legs,core,core flessione,corpo libero,casa;libero;palestra,retto addominale;obliqui,intermedio,principale;finisher,cervicale;lombare,"cervicale: non tirare il collo con le mani, lo sguardo resta al soffitto. lombare: zona lombare aderente al suolo, se si stacca alza le gambe",EX021,"Supino, mani dietro la nuca senza intrecciare, gambe tese sollevate a circa 45° dal suolo",Solleva le scapole in un crunch mantenendo le gambe tese e ferme a 45°;Contrai l'addome in alto 1 sec;Discesa controllata delle scapole senza appoggiare la testa,Staccare le gambe dalla posizione 45°;Tirare il collo con le mani;Slancio invece di contrazione,"Se la zona lombare si inarca, alza l'angolo delle gambe per proteggerla",,,,,crunch-bicicletta-gambe-tese-45-gradi
EX134,Crunch bicicletta,Bicycle Crunch,core,core rotazione,corpo libero,casa;libero;palestra,retto addominale;obliqui,intermedio,principale;finisher,cervicale;lombare,"cervicale: non tirare il collo, il movimento parte dal busto. lombare: mantieni la zona lombare aderente al suolo",EX133,"Supino, mani dietro la nuca, gambe sollevate con ginocchia piegate","Porta un ginocchio verso il petto estendendo la gamba opposta, ruotando il busto per avvicinare il gomito al ginocchio;Alterna in modo controllato come una pedalata;Espira nella rotazione",Velocità eccessiva che toglie tensione;Tirare il collo con le mani;Rotazione solo di gomito senza busto,Movimento controllato: la pedalata veloce disattiva gli addominali,,,,,crunch-bicicletta
EX135,Crunch obliquo rotazione,Twisting Crunch,core,core rotazione,corpo libero,casa;libero;palestra,retto addominale;obliqui,principiante,principale;finisher,cervicale,"cervicale: sostieni il capo senza tirare, lo sguardo segue il gomito",EX134,"Supino, ginocchia piegate e piedi a terra, mani dietro la nuca","Solleva le scapole ruotando il busto per portare un gomito verso il ginocchio opposto;Alterna i lati in modo controllato;Espira nella rotazione, contrai l'obliquo in alto",Ruotare solo il gomito senza coinvolgere il busto;Tirare il collo;Appoggiare completamente la schiena tra le ripetizioni,"La rotazione parte dal tronco, non dalle braccia",,,,,crunch-obliquo-rotazione
EX136,Crunch sforbiciata ampia,Scissor Crunch Straight Legs,core,core flessione,corpo libero,casa;libero;palestra,retto addominale;obliqui;ileopsoas,avanzato,principale;finisher,cervicale;lombare,"lombare: tieni la zona lombare aderente al suolo, se si stacca alza le gambe. cervicale: non tirare il collo",EX133,"Supino, mani dietro la nuca, gambe tese sollevate dal suolo",Mantieni un crunch sulle scapole mentre le gambe tese eseguono una sforbiciata continua incrociandosi;Addome sempre in tensione;Respirazione fluida e controllata,Gambe troppo basse che scaricano sulla lombare;Perdere la contrazione dell'addome;Tirare il collo,"Se la zona lombare si stacca dal suolo, alza le gambe per proteggerla",,,,,crunch-sforbiciata-ampia
EX137,Crunch obliquo tocco caviglie,Ankle Touch Crunch,core,core rotazione,corpo libero,casa;libero;palestra,obliqui,principiante,principale;finisher,cervicale,"cervicale: mantieni il capo neutro, il movimento è laterale sul busto",EX135,"Supino, ginocchia piegate e piedi a terra, busto leggermente sollevato, braccia lungo i fianchi",Fletti lateralmente il busto per toccare con la mano la caviglia dello stesso lato;Alterna i due lati mantenendo le scapole sollevate;Contrai l'obliquo a ogni tocco,Appoggiare la schiena tra le ripetizioni;Range di movimento troppo corto;Sollevare troppo il busto perdendo la flessione laterale,Le scapole restano sollevate per tutta la serie per mantenere la tensione,,,,,crunch-obliquo-tocco-caviglie
EX138,Crunch braccia tese gambe 45 gradi,Straight-Arm Crunch Legs 45°,core,core flessione,corpo libero,casa;libero;palestra,retto addominale,intermedio,principale;finisher,cervicale;lombare,"lombare: zona lombare aderente al suolo, se si stacca alza le gambe",EX133,"Supino, braccia tese verso l'alto oltre la testa, gambe tese sollevate a circa 45°",Solleva scapole e braccia insieme verso le gambe;Contrai l'addome in alto;Discesa controllata senza appoggiare la testa,Staccare le gambe dai 45°;Slancio delle braccia invece di contrazione addominale,"Se la lombare si inarca, alza l'angolo delle gambe",,,,,crunch-braccia-tese-gambe-45-gradi
EX140,Crunch cavo alto in ginocchio,Kneeling High Cable Crunch,core,core flessione,cavo,palestra,retto addominale,intermedio,principale,lombare;cervicale,"lombare: non spingere i fianchi indietro, il movimento è di flessione del busto non di seduta",EX157,"In ginocchio davanti alla puleggia alta, corda afferrata ai lati della testa, fianchi fissi",Fletti il busto portando i gomiti verso le cosce contraendo l'addome;Risali controllato senza estendere completamente la schiena,Muovere i fianchi invece del busto;Usare le braccia per tirare la corda,"Il movimento parte dall'addome, i fianchi restano fermi",elastico,"Elastico ancorato in alto al posto del cavo, stessa meccanica","Ancora l'elastico in alto, in ginocchio davanti all'ancoraggio, maniglie ai lati della testa;Fletti il busto portando i gomiti verso le cosce;Ritorno controllato 2-3 sec senza perdere tensione;Il movimento parte dagli addominali, non dalle braccia",Tirare con le braccia invece che con gli addominali;Bacino che si siede sui talloni;Rilasciare l'elastico nel ritorno,crunch-cavo-alto-in-ginocchio
EX141,Crunch cavo alto,High Cable Crunch,core,core flessione,cavo,palestra,retto addominale,intermedio,principale,lombare;cervicale,lombare: non spingere i fianchi indietro,EX140,"In piedi davanti alla puleggia alta, corda afferrata ai lati della testa, busto leggermente flesso in partenza","Fletti il busto contraendo l'addome, gomiti verso il bacino;Risali controllato",Piegare solo le anche invece del busto;Slancio,,elastico,"Elastico ancorato in alto, stessa meccanica in piedi","Ancora l'elastico in alto, in piedi davanti all'ancoraggio, maniglie ai lati della testa;Fletti il busto portando i gomiti verso il bacino;Ritorno controllato 2-3 sec senza perdere tensione;Anche e ginocchia ferme, si muove solo il tronco",Piegare le anche invece del tronco;Tirare con le braccia;Rilasciare l'elastico nel ritorno,crunch-cavo-alto
EX142,Crunch machine seduto,Seated Machine Crunch,core,core flessione,macchina,palestra,retto addominale,principiante,principale,lombare,lombare: seleziona un carico che permetta movimento controllato senza inarcare,EX153,"Seduto alla macchina crunch, schienale imbottito contro il petto, mani sulle impugnature",Fletti il busto in avanti contraendo l'addome;Ritorno controllato senza rilasciare la tensione,Carico eccessivo che porta a slancio;Range incompleto,,elastico,"Crunch alla macchina reso con elastico ancorato in alto dietro, maniglie dietro la nuca, flessione del busto.","In ginocchio o seduto, elastico ancorato in alto dietro di te, maniglie ai lati del capo;Fletti il busto avvicinando le costole al bacino, solo tratto addominale;Espira arrotolando la colonna, non tirare col collo;Ritorno controllato senza rilasciare la tensione",Trazione col collo invece che con gli addominali;Movimento d'anca invece di flessione del busto;Elastico troppo debole;Ritorno di scatto,crunch-machine-seduto
EX143,Crunch braccia tese dietro,Straight-Arm Crunch,core,core flessione,corpo libero,casa;libero;palestra,retto addominale,principiante,principale;finisher,cervicale,"cervicale: sguardo al soffitto, non al petto",EX165,"Supino, ginocchia piegate piedi a terra, braccia tese in avanti verso il soffitto",Solleva le scapole spingendo le braccia verso l'alto in avanti;Contrai l'addome in alto;Discesa controllata,Slancio delle braccia;Range troppo corto,,,,,,crunch-braccia-tese-dietro
EX144,Crunch con peso,Weighted Crunch,core,core flessione,manubri;disco;palla medica,casa;libero;palestra,retto addominale,intermedio,principale,cervicale;lombare,lombare: scegli un carico che non faccia perdere il controllo del movimento,EX143,"Supino, ginocchia piegate piedi a terra, peso tenuto con entrambe le mani sul petto","Solleva le scapole contraendo l'addome, il peso resta vicino al petto;Discesa controllata",Carico eccessivo con perdita di tecnica;Slancio,Aumenta il carico solo mantenendo il controllo completo del movimento,,,,,crunch-con-peso
EX145,Crunch mani al petto gambe 90 gradi,Crunch Hands-on-Chest Legs 90°,core,core flessione,corpo libero,casa;libero;palestra,retto addominale,principiante,principale;finisher,cervicale,cervicale: mani incrociate sul petto senza tirare il collo,EX148,"Supino, ginocchia piegate a 90° con polpacci paralleli al suolo, mani incrociate sul petto",Solleva le scapole contraendo l'addome;Discesa controllata mantenendo le gambe a 90°,Muovere le gambe durante il crunch;Range troppo corto,,,,,,crunch-mani-al-petto-gambe-90-gradi
EX146,Crunch mani al petto,Crunch Hands-on-Chest Feet Down,core,core flessione,corpo libero,casa;libero;palestra,retto addominale,principiante,principale;finisher,cervicale,cervicale: mani incrociate sul petto senza tirare il collo,EX145,"Supino, ginocchia piegate, piedi a terra, mani incrociate sul petto",Solleva le scapole contraendo l'addome;Discesa controllata senza appoggiare completamente la testa,Slancio;Range troppo corto,,,,,,crunch-mani-al-petto
EX147,Crunch mani dietro testa gambe 90 gradi,Crunch Hands-Behind-Head Legs 90°,core,core flessione,corpo libero,casa;libero;palestra,retto addominale,principiante,principale;finisher,cervicale,"cervicale: mani sostengono la testa senza tirare, gomiti aperti",EX145,"Supino, ginocchia piegate a 90°, mani dietro la nuca senza intrecciare","Solleva le scapole contraendo l'addome, gambe ferme a 90°;Discesa controllata",Tirare il collo con le mani;Muovere le gambe,,,,,,crunch-mani-dietro-testa-gambe-90-gradi
EX148,Crunch toe touch gambe verticali,Vertical-Leg Toe-Touch Crunch,core,core flessione,corpo libero,casa;libero;palestra,retto addominale,intermedio,principale;finisher,cervicale;lombare,lombare: lombare aderente al suolo,EX145,"Supino, gambe tese verticali verso il soffitto, braccia tese verso l'alto",Solleva scapole e braccia verso le punte dei piedi;Contrai l'addome in alto;Discesa controllata,Gambe che si allontanano dalla verticale;Slancio,,,,,,crunch-toe-touch-gambe-verticali
EX149,Crunch sforbiciata mani sotto glutei,Scissor Crunch Hands Under Glutes,core,core anti-estensione,corpo libero,casa;libero;palestra,retto addominale;ileopsoas,intermedio,principale;finisher,lombare,"lombare: lombare aderente al suolo, se si stacca alza le gambe",EX136,"Supino, mani sotto i glutei, gambe tese sollevate basse dal suolo",Sforbiciata continua delle gambe tese;Addome sempre in tensione;Respirazione fluida,Gambe troppo basse con lombare che si stacca;Perdere tensione addominale,"Se la lombare si stacca, alza leggermente le gambe",,,,,crunch-sforbiciata-mani-sotto-glutei
EX150,Crunch inverso doppio step,Reverse Crunch,core,core flessione,corpo libero,casa;libero;palestra,retto addominale basso,intermedio,principale;finisher,lombare;cervicale,"lombare: movimento controllato, no slancio delle gambe",EX190,"Supino, mani sotto la testa o lungo i fianchi, ginocchia piegate al petto",Solleva il bacino da terra portando le ginocchia verso il petto;Contrai l'addome basso in alto;Discesa controllata,Slancio delle gambe;Usare le mani per spingere,,,,,,crunch-inverso-doppio-step
EX152,Crunch inverso gambe tese panca piana,Reverse Crunch Straight Legs Flat Bench,core,core flessione,panca,palestra;casa,retto addominale basso,intermedio,principale,lombare,lombare: movimento controllato,EX154,"Supino su panca piana, mani che afferrano il bordo dietro la testa, gambe tese",Solleva le gambe tese e il bacino verso l'alto contraendo l'addome basso;Discesa controllata senza toccare la panca,Slancio;Range incompleto,,,,,,crunch-inverso-gambe-tese-panca-piana
EX153,Sollevamento gambe tese power tower,Roman Chair Straight Leg Raise,core,core flessione,sedia romana,palestra,retto addominale basso,avanzato,principale,lombare;spalle,"lombare: movimento controllato, no oscillazione del busto",EX142,"In appoggio su avambracci e schiena alla sedia romana, gambe tese pendenti",Solleva le gambe tese fino a circa 90° contraendo l'addome basso;Discesa controllata senza slancio,Oscillare il busto;Piegare le ginocchia per facilitare,,,,,,sollevamento-gambe-tese-power-tower
EX154,Crunch inverso gambe tese panca declinata,Reverse Crunch Decline Bench,core,core flessione,panca declinata,palestra,retto addominale basso,intermedio,principale,lombare,lombare: movimento controllato,EX152,"Supino su panca declinata, mani che afferrano il bordo dietro la testa, ginocchia piegate",Solleva il bacino portando le ginocchia verso il petto contraendo l'addome basso;Discesa controllata,Slancio;Usare le braccia per aiutarsi eccessivamente,,,,,,crunch-inverso-gambe-tese-panca-declinata
EX155,Crunch inverso seduto panca piana,Seated Reverse Crunch,core,core flessione,panca,palestra;casa,retto addominale basso,principiante,principale;finisher,lombare,lombare: movimento controllato,EX150,"Seduto sul bordo della panca, busto inclinato indietro, mani che afferrano il bordo, ginocchia piegate",Porta le ginocchia verso il petto contraendo l'addome basso;Estendi le gambe controllato senza toccare terra,Slancio;Perdere la posizione del busto,,,,,,crunch-inverso-seduto-panca-piana
EX156,Crunch isometrico barchetta,Isometric Boat Crunch,core,core anti-estensione,corpo libero,casa;libero;palestra,retto addominale;ileopsoas,avanzato,principale;finisher,lombare;cervicale,"lombare: mantieni la zona lombare a contatto col suolo, riduci l'estensione di braccia/gambe se compare fastidio",EX021,"Supino, braccia tese oltre la testa e gambe tese sollevate, corpo a forma di barchetta",Solleva scapole e gambe da terra mantenendo la posizione a barchetta;Tieni la tensione addominale per la durata prevista;Respira in modo regolare,Lombare che si stacca dal suolo;Collo in tensione,"Se la lombare si inarca, riduci l'estensione di braccia o gambe",,,,,crunch-isometrico-barchetta
EX157,Crunch laterale sul fianco,Side-Lying Lateral Crunch,core,core rotazione,corpo libero,casa;libero;palestra,obliqui,principiante,principale;finisher,cervicale,cervicale: mano libera sostiene la testa senza tirare,EX140,"Sdraiato su un fianco, ginocchia leggermente piegate, mano a terra sotto la testa o dietro la nuca",Solleva il busto lateralmente contraendo l'obliquo;Discesa controllata;Esegui la serie completa poi cambia lato,Tirare il collo;Range troppo corto,,,,,,crunch-laterale-sul-fianco
EX158,Crunch mani dietro testa,Crunch Hands Behind Head,core,core flessione,corpo libero,casa;libero;palestra,retto addominale,principiante,principale;finisher,cervicale,"cervicale: mani sostengono senza tirare, gomiti aperti",EX147,"Supino, ginocchia piegate piedi a terra, mani dietro la nuca senza intrecciare",Solleva le scapole contraendo l'addome;Discesa controllata senza appoggiare completamente la testa,Tirare il collo con le mani;Slancio,,,,,,crunch-mani-dietro-testa
EX159,Crunch obliquo sul fianco gambe flesse,Side-Lying Oblique Crunch Bent Legs,core,core rotazione,corpo libero,casa;libero;palestra,obliqui,principiante,principale;finisher,cervicale,cervicale: mano libera sostiene la testa senza tirare,EX157,"Sdraiato su un fianco, ginocchia piegate portate leggermente indietro, mano dietro la nuca",Solleva il busto lateralmente contraendo l'obliquo;Discesa controllata;Completa la serie poi cambia lato,Tirare il collo;Range troppo corto,,,,,,crunch-obliquo-sul-fianco-gambe-flesse
EX160,Crunch farfalla gomiti-ginocchia,Butterfly Elbow-to-Knee Crunch,core,core flessione,corpo libero,casa;libero;palestra,retto addominale,principiante,principale;finisher,cervicale,cervicale: non tirare il collo,EX184,"Supino, piante dei piedi unite, ginocchia aperte, mani dietro la nuca",Solleva le scapole in un crunch controllato;Contrai l'addome in alto;Discesa controllata,Tirare il collo;Range troppo corto,,,,,,crunch-farfalla-gomiti-ginocchia
EX161,Crunch flessione ginocchia,Crunch with Knee Tuck,core,core flessione,corpo libero,casa;libero;palestra,retto addominale,intermedio,principale;finisher,lombare;cervicale,"lombare: movimento controllato, no slancio",EX158,"Supino, mani dietro la nuca, ginocchia piegate piedi sollevati",Solleva contemporaneamente busto e ginocchia verso il centro contraendo l'addome;Discesa controllata,Slancio;Perdere la sincronia busto-ginocchia,,,,,,crunch-flessione-ginocchia
EX162,Crunch obliquo gamba accavallata,Oblique Crunch Crossed Leg,core,core rotazione,corpo libero,casa;libero;palestra,obliqui,intermedio,principale;finisher,cervicale,cervicale: sostieni il capo senza tirare,EX135,"Supino, una caviglia accavallata sul ginocchio opposto, mani dietro la nuca",Solleva il busto ruotando per portare il gomito verso il ginocchio accavallato;Discesa controllata;Completa poi cambia lato,Ruotare solo il gomito;Tirare il collo,,,,,,crunch-obliquo-gamba-accavallata
EX163,Croci cavi bassi,Cable low-to-high fly,isolamento,petto,cavi,palestra,pettorale alto;deltoide anteriore,intermedio,finisher,spalle,"spalle: gomiti morbidi, non scendere sotto la soglia di fastidio",EX007,"In piedi al centro della torre a cavi, pulegge in basso, presa una maniglia per mano, leggero passo avanti",Porta le mani dal basso verso l'alto davanti al petto in arco;Ritorno controllato 2-3 sec;Gomiti fissi leggermente flessi per tutto il movimento,Gomiti che si flettono a fine corsa (diventa spinta);Busto che si inclina indietro per aiutarsi;Traiettoria troppo verticale invece che ad arco,"Non bloccare i gomiti, mantenere tensione costante sul petto",elastico,"Elastico ancorato in basso al posto delle pulegge, arco dal basso verso l'alto","Ancora l'elastico in basso dietro di te, una maniglia per mano, leggero passo avanti;Porta le mani dal basso verso l'alto davanti al petto in arco;Ritorno controllato 2-3 sec;Gomiti fissi leggermente flessi",Gomiti che si flettono a fine corsa (diventa spinta);Busto che si inclina per aiutarsi;Elastico troppo lasco a inizio movimento: la tensione deve esserci gia' in allungo,croci-cavi-bassi
EX164,Dragon flag panca piana,Dragon Flag Flat Bench,core,core anti-estensione,panca,palestra;casa,retto addominale;core profondo,avanzato,principale,lombare;spalle,"lombare: solo con base solida di controllo core, regressione consigliata se manca esperienza",EX156,"Supino su panca, mani che afferrano il bordo dietro la testa, corpo teso","Solleva il corpo intero mantenendolo rigido dalle spalle ai piedi, in appoggio solo sulle scapole;Discesa lenta e controllata senza toccare la panca con i fianchi",Piegare i fianchi durante la discesa;Perdere la rigidità del corpo,Esercizio avanzato: richiede solido controllo del core prima di essere introdotto,,,,,dragon-flag-panca-piana
EX165,Flessione laterale busto cavo basso,Standing Low Cable Side Bend,core,core rotazione,cavo,palestra,obliqui,intermedio,principale,lombare,"lombare: movimento controllato, no torsione del bacino",EX143,"In piedi di fianco alla puleggia bassa, maniglia afferrata con una mano, braccio teso lungo il fianco",Fletti lateralmente il busto verso il basso contraendo l'obliquo controlaterale;Risali oltre la verticale contraendo l'obliquo attivo;Completa poi cambia lato,Piegare le anche invece del busto;Slancio,,elastico,Elastico ancorato basso al posto del cavo,"Ancora l'elastico in basso a lato, in piedi con la maniglia nella mano del lato lontano dall'ancoraggio, braccio disteso lungo il fianco;Fletti lateralmente il busto allontanandoti dall'ancoraggio;Ritorno controllato 2-3 sec;Completa le ripetizioni, poi cambia lato",Ruotare il busto invece di flettere lateralmente;Piegare le ginocchia per aiutarsi;Bacino che si sposta di lato,flessione-laterale-busto-cavo-basso
EX166,Flessione laterale busto fitball,Fitball Side Bend,core,core rotazione,fitball,casa;palestra,obliqui,intermedio,principale,lombare,"lombare: movimento controllato, piedi ben ancorati",EX165,"Sdraiato di fianco sulla fitball, piedi ancorati a un supporto, mano dietro la nuca",Fletti lateralmente il busto verso il basso seguendo la curva della palla;Risali contraendo l'obliquo;Completa poi cambia lato,Perdere l'equilibrio sulla palla;Range troppo corto,,,,,,flessione-laterale-busto-fitball
EX167,Flessione laterale busto panca romana,Incline Bench Side Bend,core,core rotazione,panca inclinata,palestra,obliqui,intermedio,principale,lombare,"lombare: movimento controllato, bacino ben bloccato",EX166,"Sdraiato di fianco sulla panca inclinata, bacino bloccato dal supporto, mani dietro la nuca",Fletti lateralmente il busto verso il basso;Risali contraendo l'obliquo fino oltre l'orizzontale;Completa poi cambia lato,Slancio;Range troppo corto,,,,,,flessione-laterale-busto-panca-romana
EX168,Crunch forbice seduto panca piana,Seated Bench Flutter Kick,core,core anti-estensione,panca,palestra;casa,retto addominale;ileopsoas,intermedio,principale,lombare,"lombare: busto stabile, no oscillazione",EX149,"Seduto sul bordo della panca, busto leggermente inclinato indietro, mani ai lati per stabilità, gambe tese sollevate",Sforbiciata alternata delle gambe tese;Addome sempre in tensione;Respirazione fluida,Busto che oscilla;Gambe troppo basse,,,,,,crunch-forbice-seduto-panca-piana
EX169,Sollevamento gambe piegate in sospensione,Hanging Knee Raise,core,core anti-estensione,sbarra,palestra;casa,retto addominale basso;flessori dell'anca,intermedio,principale,lombare;spalle,"lombare: no oscillazione del corpo, movimento controllato",EX153,"Sospeso alla sbarra con presa prona, corpo disteso",Solleva le ginocchia verso il petto contraendo l'addome;Discesa controllata senza oscillare,Oscillazione (kipping);Slancio,,corpo libero,Hanging knee raise alla sbarra reso a terra come reverse crunch supino.,"Supino a terra, mani sotto i glutei per stabilità, ginocchia piegate;Porta le ginocchia al petto arrotolando il bacino, addominali bassi contratti;Solleva il bacino a fine movimento;Discesa lenta e controllata",Slancio delle gambe;Lombare inarcata;Tirare col collo;Ritorno di scatto,sollevamento-gambe-piegate-in-sospensione
EX171,Mountain climber,Mountain Climber,core,core anti-estensione,corpo libero,casa;libero;palestra,retto addominale;flessori dell'anca,intermedio,principale;finisher,lombare;polsi,"polsi: appoggio su pugni se fastidio. lombare: bacino stabile, no sollevamento",EX031,"Posizione plank su mani, corpo in linea retta",Porta un ginocchio al petto alternando velocemente le gambe;Bacino stabile per tutto il movimento;Respirazione ritmata,Bacino che sale;Range incompleto,,,,,,mountain-climber
EX172,Mountain climber incrociato,Cross-Body Mountain Climber,core,core rotazione,corpo libero,casa;libero;palestra,obliqui;retto addominale,intermedio,principale;finisher,lombare;polsi,polsi: appoggio su pugni se fastidio. lombare: bacino stabile,EX171,"Posizione plank su mani, corpo in linea retta",Porta il ginocchio verso il gomito opposto alternando;Bacino stabile;Respirazione ritmata,Bacino che ruota eccessivamente;Range incompleto,,,,,,mountain-climber-incrociato
EX173,Plank pike fitball,Fitball Pike,core,core anti-estensione,fitball,casa;palestra,retto addominale;core profondo,avanzato,principale,lombare;polsi,"lombare: richiede buon controllo core, progressione consigliata",EX156,"Mani a terra, piedi/tibie appoggiati sulla fitball, corpo in linea retta","Solleva i fianchi verso l'alto rotolando la palla verso le mani, mantenendo le gambe tese;Ritorno controllato",Perdere il controllo della palla;Piegare le ginocchia,"Esercizio avanzato, richiede stabilità core consolidata",,,,,plank-pike-fitball
EX174,Plank spider,Spider Plank on Forearms,core,core anti-rotazione,corpo libero,casa;libero;palestra,retto addominale;obliqui,intermedio,principale;finisher,lombare,"lombare: bacino stabile, no rotazione eccessiva",EX021,"Plank su avambracci, corpo in linea retta",Porta un ginocchio verso il gomito esterno dello stesso lato;Ritorno controllato;Alterna i lati,Bacino che ruota;Cedimento lombare,,,,,,plank-spider
EX175,Plank avambracci avanti-indietro,Forearm Body Saw Plank,core,core anti-estensione,corpo libero,casa;libero;palestra,retto addominale;core profondo,intermedio,principale;finisher,lombare,lombare: bacino stabile durante lo spostamento,EX021,"Plank su avambracci, corpo in linea retta",Sposta il corpo avanti e indietro spostando gli avambracci mantenendo il bacino fermo;Movimento controllato,Bacino che sale o scende durante lo spostamento;Movimento troppo ampio,,,,,,plank-avambracci-avanti-indietro
EX177,Plank laterale crunch obliquo,Side Plank Oblique Crunch,core,core anti-rotazione,corpo libero,casa;libero;palestra,obliqui,avanzato,principale;finisher,lombare;spalle,"lombare: movimento controllato, spalla in appoggio stabile",EX037,"Plank laterale su avambraccio, mano libera dietro la nuca, gamba superiore libera",Ruota il busto portando il gomito verso il ginocchio sollevato contraendo l'obliquo;Ritorno controllato mantenendo il plank laterale,Bacino che cede;Perdere l'appoggio stabile del plank,,,,,,plank-laterale-crunch-obliquo
EX179,Rollout bilanciere,Barbell Rollout,core,core anti-estensione,bilanciere,palestra,retto addominale;core profondo,avanzato,principale,lombare,"lombare: solo con controllo core avanzato, range ridotto se necessario",EX181,"In piedi, bilanciere afferrato con presa prona davanti a sé",Fai rotolare il bilanciere in avanti flettendo il busto mantenendo l'addome contratto;Risali controllato,Inarcare la lombare;Range eccessivo senza controllo,"Esercizio avanzato, alto rischio lombare se eseguito senza controllo",elastico,"Rollout in piedi reso con fallout anti-estensione: elastico ancorato basso davanti, braccia che si allungano avanti resistendo.","In piedi di fronte all'ancoraggio basso, maniglie in mano braccia semi-tese avanti;Porta le braccia avanti-alto resistendo alla tensione senza inarcare la schiena;Core e gluteo contratti per bloccare il bacino;Ritorno lento controllando l'anti-estensione",Schiena che si inarca: perdi l'anti-estensione e stressi i lombari;Bacino in avanti;Braccia che piegano ai gomiti;Movimento troppo veloce,rollout-bilanciere
EX180,Rollout ab wheel in ginocchio,Kneeling Ab-Wheel Rollout,core,core anti-estensione,ab wheel,casa;palestra,retto addominale;core profondo,intermedio,principale,lombare,"lombare: range ridotto se manca controllo, ginocchia su tappetino",EX181,"In ginocchio, ab wheel afferrata con entrambe le mani davanti a sé",Fai rotolare la ruota in avanti mantenendo l'addome contratto;Ritorno controllato senza inarcare la lombare,Inarcare la lombare;Range eccessivo per il proprio livello,Riduci il range se compare fastidio lombare,,,,,rollout-ab-wheel-in-ginocchio
EX181,Rollout bilanciere in ginocchio,Kneeling Barbell Rollout,core,core anti-estensione,bilanciere,palestra;casa,retto addominale;core profondo,intermedio,principale,lombare,"lombare: range ridotto se manca controllo, ginocchia su tappetino",EX180,"In ginocchio, bilanciere afferrato con presa prona davanti a sé",Fai rotolare il bilanciere in avanti mantenendo l'addome contratto;Ritorno controllato senza inarcare la lombare,Inarcare la lombare;Range eccessivo per il proprio livello,Riduci il range se compare fastidio lombare,fitball,"Rollout con bilanciere reso con fitball da terra in ginocchio, stesso pattern anti-estensione.","In ginocchio, avambracci su fitball;Rotola in avanti allungando il corpo, bacino bloccato e core contratto;Estendi solo fin dove riesci a tenere la schiena neutra;Richiama contraendo gli addominali, senza spingere di reni",Schiena che cede in iperlordosi: rischio lombare;Range eccessivo oltre il controllo;Spinta di braccia invece che core;Bacino che si abbassa,rollout-bilanciere-in-ginocchio
EX182,Rotazione diagonale busto cavo alto,High Cable Diagonal Twist,core,core rotazione,cavo,palestra,obliqui;retto addominale,intermedio,principale,lombare,"lombare: rotazione dal busto, non dalla zona lombare isolata",EX165,"In piedi di fianco alla puleggia alta, maniglia afferrata con entrambe le mani sopra la spalla",Tira il cavo diagonalmente verso il fianco opposto ruotando il busto;Ritorno controllato;Completa poi cambia lato,Muovere solo le braccia senza ruotare il busto;Slancio,,elastico,Elastico ancorato in alto al posto del cavo,"Ancora l'elastico in alto a lato, in piedi di fianco all'ancoraggio, maniglia impugnata a due mani sopra la spalla;Tira in diagonale dall'alto verso l'anca opposta ruotando il tronco;Ritorno controllato 2-3 sec;Completa le ripetizioni, poi cambia lato",Ruotare il bacino insieme al tronco;Braccia che fanno il lavoro al posto del core;Slancio invece di controllo,rotazione-diagonale-busto-cavo-alto
EX183,Sit-up con peso,Weighted Sit-Up,core,core flessione,disco;manubri,casa;libero;palestra,retto addominale;flessori dell'anca,intermedio,principale,lombare;cervicale,lombare: carico moderato per mantenere il controllo del movimento,EX184,"Supino, ginocchia piegate piedi a terra, peso tenuto con entrambe le mani sul petto",Solleva l'intero busto fino alla posizione seduta contraendo l'addome;Discesa controllata,Slancio;Carico eccessivo con perdita di tecnica,Aumenta il carico solo mantenendo il controllo completo,,,,,sit-up-con-peso
EX184,Sit-up farfalla,Butterfly Sit-Up,core,core flessione,corpo libero,casa;libero;palestra,retto addominale;flessori dell'anca,principiante,principale;finisher,lombare;cervicale,"lombare: movimento controllato, no slancio",EX183,"Supino, piante dei piedi unite, ginocchia aperte, braccia tese oltre la testa",Solleva l'intero busto fino alla posizione seduta contraendo l'addome;Discesa controllata,Slancio;Range incompleto,,,,,,sit-up-farfalla
EX185,Sit-up fitball,Fitball Sit-Up,core,core flessione,fitball,casa;palestra,retto addominale;flessori dell'anca,intermedio,principale,lombare;cervicale,lombare: bacino stabile sulla palla per tutto il movimento,EX186,"Seduto sulla fitball, bacino stabile, mani dietro la nuca, busto leggermente inclinato indietro",Solleva il busto contraendo l'addome fino quasi alla verticale;Discesa controllata mantenendo l'equilibrio,Perdere l'equilibrio;Slancio,,,,,,sit-up-fitball
EX186,Sit-up mani alla nuca panca declinata,Decline Bench Sit-Up,core,core flessione,panca declinata,palestra,retto addominale;flessori dell'anca,intermedio,principale,lombare;cervicale,"lombare: movimento controllato, no slancio",EX185,"Supino su panca declinata, piedi bloccati sotto i rulli, mani dietro la nuca",Solleva il busto fino alla posizione seduta contraendo l'addome;Discesa controllata,Slancio;Tirare il collo con le mani,,,,,,sit-up-mani-alla-nuca-panca-declinata
EX187,Sit-up mani alla nuca,Sit-Up Hands Behind Head Bent Knees,core,core flessione,corpo libero,casa;libero;palestra,retto addominale;flessori dell'anca,principiante,principale;finisher,lombare;cervicale,cervicale: mani sostengono senza tirare,EX188,"Supino, ginocchia piegate piedi a terra, mani dietro la nuca",Solleva l'intero busto fino alla posizione seduta contraendo l'addome;Discesa controllata,Slancio;Tirare il collo,,,,,,sit-up-mani-alla-nuca
EX188,Sit-up mani alla fronte,Sit-Up Hands on Forehead,core,core flessione,corpo libero,casa;libero;palestra,retto addominale;flessori dell'anca,principiante,principale;finisher,lombare;cervicale,cervicale: mani alla fronte non tirano il collo,EX187,"Supino, ginocchia piegate piedi a terra, mani unite appoggiate alla fronte",Solleva l'intero busto fino alla posizione seduta contraendo l'addome;Discesa controllata,Slancio;Range incompleto,,,,,,sit-up-mani-alla-fronte
EX189,Sit-up a libro gambe tese,Jackknife Sit-Up Straight Legs,core,core flessione,corpo libero,casa;libero;palestra,retto addominale;flessori dell'anca,avanzato,principale,lombare;cervicale,"lombare: movimento controllato, no slancio",EX150,"Supino, braccia tese oltre la testa, gambe tese a terra",Solleva contemporaneamente busto e gambe tese incontrandoti a metà come un libro che si chiude;Discesa controllata,Slancio;Perdere la sincronia busto-gambe,,,,,,sit-up-a-libro-gambe-tese
EX190,Sollevamento gambe tese,Straight-Leg Raise,core,core anti-estensione,corpo libero,casa;libero;palestra,retto addominale basso,intermedio,principale,lombare,"lombare: zona lombare aderente al suolo, se si stacca riduci l'ampiezza",EX193,"Supino, braccia lungo i fianchi o sotto i glutei, gambe tese a terra",Solleva le gambe tese fino alla verticale contraendo l'addome basso;Discesa controllata senza toccare terra,Slancio;Lombare che si inarca,"Se la lombare si stacca, riduci l'ampiezza del movimento",,,,,sollevamento-gambe-tese
EX191,V-sit sforbiciata,V-Sit Vertical Scissor,core,core anti-estensione,corpo libero,casa;libero;palestra,retto addominale;flessori dell'anca,avanzato,principale,lombare,lombare: mantieni l'equilibrio sulle ischiatiche senza cedere,EX192,"Seduto in equilibrio sulle ischiatiche, busto inclinato indietro, gambe tese sollevate, mani a terra per stabilità",Sforbiciata verticale delle gambe tese mantenendo la posizione a V;Addome sempre in tensione,Perdere l'equilibrio;Busto che collassa in avanti,,,,,,v-sit-sforbiciata
EX192,V-sit tuck up,V-Sit Tuck Up,core,core flessione,corpo libero,casa;libero;palestra,retto addominale,intermedio,principale;finisher,lombare;cervicale,lombare: movimento controllato,EX191,"Supino, braccia tese oltre la testa, gambe tese a terra",Solleva contemporaneamente busto e ginocchia raccogliendoti al centro;Distendi controllato tornando alla posizione iniziale,Slancio;Perdere la sincronia,,,,,,v-sit-tuck-up
EX193,Crunch inverso gambe cavo basso,Low Cable V-Sit Tuck Up,core,core flessione,cavo,palestra,retto addominale,avanzato,principale,lombare;cervicale,lombare: resistenza moderata per mantenere il controllo,EX192,"Supino, cavigliera al cavo basso, braccia tese oltre la testa",Solleva contemporaneamente busto e ginocchia contro la resistenza del cavo;Distendi controllato,Slancio;Carico eccessivo,,elastico,Elastico ancorato basso al posto del cavo,"Ancora l'elastico in basso, supino a terra con l'elastico attorno ai piedi o alle caviglie, mani ai lati del bacino;Porta le ginocchia verso il petto sollevando il bacino da terra;Ritorno controllato 2-3 sec senza appoggiare i piedi;Il movimento parte dal basso addome",Slanciare le gambe per inerzia;Staccare la zona lombare da terra;Rilasciare l'elastico nel ritorno,crunch-inverso-gambe-cavo-basso
EX194,V-up fitball,Fitball Pass V-Up,core,core flessione,fitball,casa;palestra,retto addominale;flessori dell'anca,avanzato,principale,lombare;cervicale,"lombare: movimento controllato, palla di dimensione gestibile",EX156,"Supino, fitball tenuta tra le mani sopra la testa, gambe tese a terra",Solleva contemporaneamente busto e gambe tese passando la palla dalle mani ai piedi;Distendi controllato;Al ciclo successivo ripassa la palla dai piedi alle mani,Slancio;Perdere il controllo della palla,,,,,,v-up-fitball
EX195,Abduzione macchina spinta posteriore,rear-drive machine hip abduction,isolamento,glutei,macchina,palestra,gluteo medio;gluteo massimo,principiante;intermedio,principale,anca,,EX199,"In piedi alla macchina, avambracci sui supporti, gamba dietro sul pedale",Spinta dell'anca all'indietro e verso l'esterno contro resistenza; ritorno controllato,Inclinare il busto eccessivamente;Slancio,,elastico,"Abduzione alla macchina resa con elastico ancorato basso, loop alla caviglia, spinta laterale-posteriore in piedi.","Elastico ancorato basso al lato interno, loop alla caviglia esterna, in piedi con mano all'appoggio;Porta la gamba lateralmente-indietro contro l'elastico, busto fermo;Contrai il gluteo medio in apertura, ritorno controllato;Alterna o completa il set per lato",Busto che si inclina per compensare;Movimento dall'anca flessa invece che neutra;Elastico troppo lasco;Ritorno di scatto,abduzione-macchina-spinta-posteriore
EX196,Abduzione macchina seduto,Seated machine hip abduction,isolamento,glutei,macchina,palestra,gluteo medio;gluteo minimo,principiante;intermedio,principale,anca,,EX195,"Seduta alla macchina, ginocchia contro i cuscinetti, schiena appoggiata",Apertura delle gambe contro resistenza; ritorno controllato,Slancio;Range parziale,,elastico,"Abduzione seduta alla macchina resa con elastico legato in anello sopra le ginocchia, da seduto, apertura delle cosce.","Seduto su sedia, elastico legato in anello sopra le ginocchia, piedi a terra;Apri le ginocchia verso l'esterno contro l'elastico;Contrai i glutei in apertura, tieni il busto fermo;Chiudi lento resistendo all'elastico",Busto che si sposta;Apertura di slancio;Elastico troppo debole;Chiusura non controllata,abduzione-macchina-seduto
EX197,Abduzione appoggio in piedi,bodyweight hip abduction (supported),isolamento,glutei,corpo libero,casa;libero;palestra,gluteo medio,principiante,principale,anca,,EX199,"In piedi di lato a una panca, mano appoggiata per equilibrio",Solleva la gamba lateralmente tesa; ritorno controllato,Inclinazione del busto;Rotazione del bacino,,,,,,abduzione-appoggio-in-piedi
EX198,Abduzione una gamba cavo,cable hip abduction,isolamento,glutei,cavo,palestra,gluteo medio;gluteo minimo,principiante;intermedio,principale,anca,,EX199,"In piedi di lato al cavo basso, cavigliera alla caviglia esterna",Apertura laterale della gamba tesa contro la tensione; ritorno controllato,Inclinazione del busto;Rotazione del bacino,,elastico,"Abduzione al cavo resa con elastico ancorato basso al lato, loop alla caviglia, apertura laterale monopodalica.","Elastico ancorato basso al fianco interno, loop alla caviglia esterna, mano all'appoggio;Porta la gamba lateralmente contro la resistenza, busto eretto;Contrai il gluteo medio a fine apertura;Ritorno lento, completa il lato poi cambia",Inclinazione del busto;Anca che ruota;Range troppo ampio con compenso lombare;Elastico poco teso,abduzione-una-gamba-cavo
EX199,Abduzione una gamba macchina spinta laterale,machine hip abduction,isolamento,glutei,macchina,palestra,gluteo medio;gluteo minimo,principiante;intermedio,principale,anca,,EX198,"In piedi alla macchina, cavigliera al supporto, mano di appoggio",Apertura laterale della gamba contro resistenza; ritorno controllato,Slancio;Busto inclinato,,elastico,"Abduzione alla macchina in piedi resa con elastico ancorato basso, loop alla caviglia, apertura laterale.","Elastico ancorato basso al lato interno, loop alla caviglia, in piedi appoggiato;Abduci la gamba lateralmente contro l'elastico;Gluteo medio contratto a fine range, busto fermo;Rientro controllato",Compenso col busto;Slancio;Rotazione d'anca;Tensione insufficiente,abduzione-una-gamba-macchina-spinta-laterale
EX200,Adduzione macchina seduto,Seated machine hip adduction,isolamento,adduttori,macchina,palestra,adduttori,principiante;intermedio,principale,anca,,EX202,"Seduta alla macchina, ginocchia contro i cuscinetti esterni",Chiusura delle gambe contro resistenza; ritorno controllato,Slancio;Range parziale,,elastico,"Adduzione alla macchina resa con elastico ancorato lateralmente e loop alla caviglia, gamba portata verso il centro.","Elastico ancorato al lato esterno, loop alla caviglia interna, in piedi;Porta la gamba verso il centro/incrociando leggermente contro l'elastico;Contrai gli adduttori a fine range",Slancio invece di controllo;Busto che compensa;Range eccessivo;Elastico lasco,adduzione-macchina-seduto
EX201,Adduzione anca decubito laterale piede in appoggio,Side-lying hip adduction,isolamento,adduttori,corpo libero,casa;libero;palestra,adduttori,principiante,principale,anca,,EX202,"Sdraiata su un fianco, gamba inferiore tesa, gamba superiore flessa e appoggiata avanti",Solleva la gamba inferiore tesa verso l'alto; ritorno controllato,Slancio;Rotazione del bacino,,,,,,adduzione-anca-decubito-laterale-piede-in-appoggio
EX202,Adduzione anca cavo,cable hip adduction,isolamento,adduttori,cavo,palestra,adduttori,principiante;intermedio,principale,anca,,EX203,"In piedi, cavigliera al cavo basso posto lateralmente, gamba interna",Chiusura della gamba verso il centro e oltre contro la tensione; ritorno controllato,Slancio;Busto inclinato,,elastico,"Adduzione al cavo resa con elastico ancorato lateralmente, loop alla caviglia, gamba portata verso il centro.","Elastico ancorato basso al lato esterno, loop alla caviglia interna, mano all'appoggio;Adduci la gamba verso e oltre la linea mediana contro la resistenza;Contrai gli adduttori a fine movimento;Ritorno lento, completa il lato",Compenso del busto;Movimento di slancio;Rotazione d'anca;Tensione insufficiente,adduzione-anca-cavo
EX203,Adduzione una gamba macchina in piedi,Standing machine hip adduction,isolamento,adduttori,macchina,palestra,adduttori,principiante;intermedio,principale,anca,,EX202,"In piedi alla macchina, cavigliera al supporto laterale",Chiusura della gamba verso il centro contro resistenza; ritorno controllato,Slancio;Busto inclinato,,elastico,"Adduzione alla macchina in piedi resa con elastico ancorato lateralmente, loop alla caviglia.","Elastico ancorato al lato esterno, loop alla caviglia interna, in piedi appoggiato;Porta la gamba verso il centro contro l'elastico, busto fermo;Adduttori contratti a fine range;Rientro controllato",Inclinazione del busto;Slancio;Range eccessivo;Elastico poco teso,adduzione-una-gamba-macchina-in-piedi
EX204,Affondo avanti bilanciere,Alternating barbell forward lunge,composto,quadricipiti,bilanciere,palestra,quadricipiti;glutei;ischiocrurali,intermedio;avanzato,principale,ginocchia;lombare,"ginocchia: passo ampio, ginocchio non oltre la punta del piede",EX038,"In piedi, bilanciere su trapezio/spalle come in uno squat","Passo lungo avanti alternando le gambe, scendi flettendo entrambe le ginocchia fino a circa 90°; risali e alterna",Busto troppo inclinato avanti;Ginocchio anteriore che supera la punta del piede;Passo troppo corto,,elastico,Affondo avanti con bilanciere reso con elastico calpestato dalla gamba avanti con maniglie alle spalle.,"Maniglie elastico alle spalle, piede avanti sull'elastico;Passo avanti scendendo in affondo, ginocchio posteriore verso il basso;Busto eretto, ginocchio avanti stabile in linea col piede;Spingi dal tallone avanti per tornare, alterna",Ginocchio avanti che supera troppo la punta;Busto che crolla avanti;Passo troppo corto;Discesa oltre il fastidio al ginocchio,affondo-avanti-bilanciere
EX205,Affondo avanti manubri,Alternating dumbbell forward lunge,composto,quadricipiti,manubri,casa;libero;palestra,quadricipiti;glutei;ischiocrurali,intermedio,principale,ginocchia,,EX204,"In piedi, manubri lungo i fianchi","Passo lungo avanti alternando le gambe, scendi flettendo entrambe le ginocchia; risali e alterna",Busto inclinato avanti;Ginocchio anteriore oltre la punta del piede,,elastico,"Elastico calpestato con il piede anteriore, un capo per mano portato all'altezza delle spalle","In piedi con un piede sull'elastico, maniglie alle spalle e core attivo;Fai un passo avanti e scendi piegando entrambe le ginocchia;Ginocchio anteriore in linea col piede, busto eretto;Risali spingendo dal tallone anteriore",Ginocchio anteriore che collassa verso l'interno;Busto che si inclina in avanti;Passo troppo corto;Elastico troppo lasco a inizio movimento: si perde tensione nella parte bassa,affondo-avanti-manubri
EX206,Affondo avanti parziale manubri,Partial alternating dumbbell forward lunge,composto,quadricipiti,manubri,casa;libero;palestra,quadricipiti;glutei,principiante;intermedio,principale,ginocchia,"Range ridotto, indicato per chi ha ginocchia sensibili",EX205,"In piedi, manubri lungo i fianchi",Passo avanti con discesa parziale (metà range); risali e alterna,Scendere troppo in profondità vanificando la parzializzazione,,elastico,"Elastico calpestato con il piede anteriore, un capo per mano portato all'altezza delle spalle","In piedi con un piede sull'elastico, maniglie alle spalle;Fai un passo avanti e scendi solo fino a metà escursione;Mantieni la tensione senza risalire del tutto;Ripeti nel range parziale controllando ogni ripetizione",Estendere completamente perdendo la tensione;Ginocchio anteriore che collassa;Busto che si inclina in avanti;Elastico troppo lasco a inizio movimento: si perde tensione nella parte bassa,affondo-avanti-parziale-manubri
EX207,Croci cavi medi in piedi,Cable fly standing,isolamento,petto,cavi,palestra,pettorale,principiante,finisher,spalle,"spalle: gomiti morbidi, non scendere sotto la soglia di fastidio",EX163,"In piedi al centro della torre a cavi, pulegge all altezza spalle, presa una maniglia per mano, leggero passo avanti, presa neutra",Porta le mani in avanti davanti al petto in arco;Ritorno controllato in apertura 2-3 sec;Gomiti fissi leggermente flessi per tutto il movimento,Gomiti che si flettono a fine corsa (diventa spinta);Busto che si inclina per aiutarsi;Apertura eccessiva con spalle in avanti,Non superare la linea delle spalle in apertura,elastico,"Elastico ancorato all'altezza delle spalle, presa neutra, stesso arco davanti al petto","Ancora l'elastico all'altezza delle spalle dietro di te, una maniglia per mano, leggero passo avanti;Porta le mani in avanti davanti al petto in arco;Ritorno controllato in apertura 2-3 sec;Gomiti fissi leggermente flessi",Gomiti che si flettono a fine corsa (diventa spinta);Busto che si inclina per aiutarsi;Elastico troppo lasco a inizio movimento: la tensione deve esserci gia' in allungo,croci-cavi-medi-in-piedi
EX208,Affondo incrociato indietro bilanciere,Alternating barbell curtsy lunge,composto,glutei,bilanciere,palestra,glutei;adduttori;quadricipiti,intermedio;avanzato,principale,ginocchia;equilibrio,,EX210,"In piedi, bilanciere su trapezio/spalle","Passo indietro incrociando dietro alla gamba d'appoggio (curtsy), scendi flettendo entrambe le ginocchia; risali e alterna",Perdita di equilibrio;Busto ruotato,,elastico,"Affondo incrociato indietro (curtsy) con bilanciere reso con elastico calpestato, enfasi gluteo medio.","Elastico calpestato con maniglie alle spalle;Porta una gamba dietro incrociata dietro l'altra, scendi in affondo;Busto eretto, controlla il ginocchio avanti;Risali spingendo dal tallone della gamba avanti",Ginocchio avanti che collassa dentro;Perdita di equilibrio;Busto che ruota troppo;Range oltre il fastidio articolare,affondo-incrociato-indietro-bilanciere
EX209,Affondo indietro bilanciere,Alternating barbell reverse lunge,composto,quadricipiti,bilanciere,palestra,quadricipiti;glutei;ischiocrurali,intermedio;avanzato,principale,ginocchia;lombare,,EX039,"In piedi, bilanciere su trapezio/spalle","Passo lungo indietro, scendi flettendo entrambe le ginocchia; risali e alterna",Busto inclinato avanti;Ginocchio anteriore oltre la punta del piede,,elastico,Affondo indietro con bilanciere reso con elastico calpestato dalla gamba avanti. Versione più protettiva per il ginocchio.,"Maniglie elastico alle spalle, piede avanti sull'elastico;Passo indietro scendendo in affondo, ginocchio posteriore verso il basso;Busto eretto, ginocchio avanti stabile;Spingi dal tallone avanti per tornare, alterna",Busto che crolla avanti;Ginocchio avanti oltre la punta;Instabilità nel passo indietro;Discesa dolorosa al ginocchio,affondo-indietro-bilanciere
EX210,Affondo laterale bilanciere,Alternating barbell side lunge,composto,adduttori,bilanciere,palestra,adduttori;glutei;quadricipiti,intermedio;avanzato,principale,ginocchia;anca,,EX211,"In piedi, bilanciere su trapezio/spalle","Passo laterale ampio, scendi flettendo il ginocchio della gamba laterale mantenendo l'altra tesa; risali e alterna",Ginocchio che cede verso l'interno;Busto inclinato avanti,,elastico,"Affondo laterale con bilanciere reso con elastico calpestato, enfasi adduttori.","Maniglie elastico alle spalle, elastico calpestato dal piede della gamba d'appoggio;Passo ampio laterale, piega la gamba di appoggio tenendo l'altra tesa;Busto inclinato leggermente avanti, schiena neutra;Spingi per tornare al centro, alterna i lati",Ginocchio che supera la punta del piede;Schiena curva;Passo troppo stretto;Talloni che si staccano,affondo-laterale-bilanciere
EX211,Affondo laterale manubri,Alternating dumbbell side lunge,composto,adduttori,manubri,casa;libero;palestra,adduttori;glutei;quadricipiti,intermedio,principale,ginocchia;anca,,EX210,"In piedi, manubri lungo i fianchi","Passo laterale ampio, scendi flettendo il ginocchio della gamba laterale mantenendo l'altra tesa; risali e alterna",Ginocchio che cede verso l'interno;Busto inclinato avanti,,elastico,"Elastico calpestato con il piede d'appoggio, un capo per mano all'altezza del petto","In piedi sull'elastico, maniglie al petto e core attivo;Fai un passo largo di lato piegando la gamba che riceve il peso;L'altra gamba resta distesa, busto eretto;Spingi dal tallone per tornare al centro",Ginocchio che supera la punta del piede;Busto che crolla in avanti;Passo troppo stretto;Elastico troppo lasco a inizio movimento: si perde tensione nella parte bassa,affondo-laterale-manubri
EX212,Jumping pliometrico manubri,Dumbbell jumping lunge,composto,quadricipiti,manubri,palestra,quadricipiti;glutei;polpacci,avanzato,principale,ginocchia;caviglie,Sconsigliato con problemi articolari a ginocchia/caviglie,EX205,"In piedi in affondo, manubri lungo i fianchi","Spinta esplosiva verso l'alto cambiando gamba a mezz'aria, atterraggio ammortizzato in affondo opposto",Atterraggio rigido;Ginocchio che cede verso l'interno,,,,,,jumping-pliometrico-manubri
EX213,Affondo multipower,Stationary smith machine lunge,composto,quadricipiti,multipower,palestra,quadricipiti;glutei;ischiocrurali,intermedio,principale,ginocchia,,EX214,"In piedi sotto il multipower, bilanciere su trapezio/spalle, un piede avanti fisso",Scendi flettendo entrambe le ginocchia sul posto senza alternare; risali,Ginocchio anteriore oltre la punta del piede;Busto inclinato avanti,,elastico,"Affondo sul posto al multipower reso con elastico calpestato dalla gamba avanti, posizione fissa.","Posizione affondo fissa, elastico sotto il piede avanti e maniglie alle spalle;Scendi verticalmente piegando entrambe le ginocchia;Busto eretto, ginocchio avanti in linea col piede;Risali senza spostare i piedi, completa il lato",Busto in avanti;Ginocchio avanti oltre la punta;Baricentro spostato avanti;Discesa oltre il fastidio,affondo-multipower
EX214,Affondo bilanciere sul posto,Stationary barbell lunge,composto,quadricipiti,bilanciere,palestra,quadricipiti;glutei;ischiocrurali,intermedio,principale,ginocchia,,EX213,"In piedi, bilanciere su trapezio/spalle, un piede avanti fisso",Scendi flettendo entrambe le ginocchia sul posto senza alternare; risali,Ginocchio anteriore oltre la punta del piede;Busto inclinato avanti,,elastico,Affondo sul posto con bilanciere reso con elastico calpestato dalla gamba avanti.,"Posizione affondo fissa, elastico sotto il piede avanti con maniglie alle spalle;Scendi verticalmente, ginocchio posteriore verso il basso;Busto eretto, controllo del ginocchio avanti;Risali sul posto, completa il lato poi cambia",Busto che crolla;Ginocchio avanti instabile;Range doloroso;Perdita di equilibrio,affondo-bilanciere-sul-posto
EX215,Calf raise su gradino,Standing bodyweight calf raise on step,isolamento,polpacci,corpo libero,casa;libero;palestra,gastrocnemio;soleo,principiante,principale,caviglie,,EX066,"In piedi su un gradino, avampiedi sul bordo, talloni nel vuoto",Sali sulle punte il più possibile; scendi controllato oltre il bordo del gradino,Range parziale;Rimbalzo,,,,,,calf-raise-su-gradino
EX216,Calf raise leg press orizzontale,Horizontal leg press calf raise,isolamento,polpacci,macchina,palestra,gastrocnemio;soleo,principiante;intermedio,principale,caviglie,,EX065,"Sdraiato alla leg press, ginocchia estese, punte dei piedi sul bordo basso della pedana",Spingi sulle punte estendendo le caviglie; ritorno controllato,Range parziale;Ginocchia che si flettono,,elastico,"Calf raise alla leg press reso con elastico calpestato e maniglie alle spalle, su rialzo.","Avampiedi su un rialzo (gradino/disco), talloni liberi, elastico calpestato con maniglie alle spalle;Sali sulle punte contraendo i polpacci al massimo;Pausa in alto, poi scendi lento sotto il livello del rialzo;Range completo, controllo in eccentrica",Rimbalzo in basso;Range parziale;Ginocchia che si piegano;Perdita di equilibrio senza appoggio,calf-raise-leg-press-orizzontale
EX217,Donkey kick mani a terra,Bodyweight donkey kick,isolamento,glutei,corpo libero,casa;libero;palestra,gluteo massimo,principiante,principale,lombare,,EX218,"In quadrupedia, mani sotto le spalle, ginocchia sotto i fianchi",Spingi il piede verso il soffitto flettendo l'anca con ginocchio a 90°; ritorno controllato,Iperestensione lombare;Rotazione del bacino,,,,,,donkey-kick-mani-a-terra
EX218,Donkey kick avambracci a terra,Straight-leg bodyweight donkey kick,isolamento,glutei,corpo libero,casa;libero;palestra,gluteo massimo;ischiocrurali,intermedio,principale,lombare,,EX217,"In plank su avambracci o mani, gamba tesa dietro",Solleva la gamba tesa verso l'alto contraendo il gluteo; ritorno controllato,Iperestensione lombare;Rotazione del bacino,,,,,,donkey-kick-avambracci-a-terra
EX219,Donkey kick macchina,Machine donkey kick,isolamento,glutei,macchina,palestra,gluteo massimo,principiante;intermedio,principale,lombare,,EX217,"In quadrupedia alla macchina, piede contro la piastra",Spingi il piede all'indietro/alto contro resistenza con ginocchio a 90°; ritorno controllato,Iperestensione lombare;Slancio,,elastico,"Donkey kick alla macchina reso con elastico ancorato basso, loop attorno al piede, spinta d'anca in quadrupedia.","In quadrupedia, loop dell'elastico attorno alla pianta del piede ancorato basso davanti;Spingi il tallone verso l'alto-indietro estendendo l'anca;Contrai il gluteo a fine range, schiena neutra;Ritorno lento senza inarcare i lombari, completa il lato",Iperestensione lombare per guadagnare range;Rotazione del bacino;Slancio invece di contrazione;Elastico poco teso,donkey-kick-macchina
EX220,Donkey kick tesa panca,Side-lying bodyweight donkey kick,isolamento,glutei,panca,casa;libero;palestra,gluteo massimo,principiante;intermedio,principale,lombare,,EX217,"In appoggio su una panca con mani e ginocchio, altra gamba libera",Spingi il piede verso l'alto flettendo l'anca con ginocchio a 90°; ritorno controllato,Iperestensione lombare;Rotazione del bacino,,,,,,donkey-kick-tesa-panca
EX221,Estensione anca elastico,unilateral hip extension with vertical barbell support,isolamento,glutei,elastico,casa;libero;palestra,gluteo massimo;ischiocrurali,principiante,principale,lombare,,,"In piedi, mani appoggiate a un bilanciere verticale/struttura fissa per equilibrio",Spingi la gamba tesa indietro contraendo il gluteo; ritorno controllato,Iperestensione lombare;Slancio,,,,,,estensione-anca-elastico
EX222,Curl spider manubri panca inclinata,Dumbbell Spider Curl,isolamento,bicipiti,manubri;panca inclinata,palestra;casa,bicipiti;brachiale;brachioradiale,intermedio,principale;finisher,gomito;polso,gomito: riduci il range e il carico se fastidio; evita di bloccare l'articolazione a fine movimento.,,"Posizione stabile, core in leggera tensione, presa salda sull'attrezzo indicato.","Fletti controllando il movimento fino a contrazione piena;Eccentrica lenta 2-3 sec;Espira nello sforzo, inspira nel ritorno",Slancio con schiena/spalle;Gomito che si sposta dalla posizione;Range incompleto,Non bloccare il gomito in estensione a fine ripetizione.,,,,,curl-spider-manubri-panca-inclinata
EX223,Estensione anca cavo busto flesso,Bent-over cable hip extension,isolamento,glutei,cavo,palestra,gluteo massimo;ischiocrurali,intermedio,principale,lombare,,EX227,"Busto flesso in avanti alla macchina a doppia colonna, mani ai supporti, cavigliera al cavo basso",Spingi la gamba tesa indietro e in alto contraendo il gluteo; ritorno controllato,Iperestensione lombare;Slancio,,elastico,"Estensione al cavo a busto flesso resa con elastico ancorato basso, loop alla caviglia, kickback con busto inclinato.","Busto flesso in avanti mano all'appoggio, loop alla caviglia elastico ancorato basso davanti;Estendi l'anca portando la gamba indietro-alto contro l'elastico;Gluteo contratto a fine range, schiena neutra;Ritorno lento, completa il lato",Iperestensione lombare;Rotazione del bacino;Slancio;Busto che si solleva durante la spinta,estensione-anca-cavo-busto-flesso
EX224,Estensione anca cavo,cable hip extension,isolamento,glutei,cavo,palestra,gluteo massimo,principiante;intermedio,principale,lombare,,EX222,"In piedi al cavo basso, cavigliera alla caviglia posteriore, mani ai supporti per equilibrio",Spingi la gamba tesa indietro contraendo il gluteo; ritorno controllato,Iperestensione lombare;Slancio,,elastico,"Estensione al cavo in piedi resa con elastico ancorato basso, loop alla caviglia, kickback in piedi.","In piedi mano all'appoggio, loop alla caviglia elastico ancorato basso davanti;Porta la gamba indietro estendendo l'anca contro l'elastico;Contrai il gluteo a fine range, busto fermo;Ritorno controllato, completa il lato",Inarcamento lombare;Busto che si inclina avanti;Slancio;Tensione insufficiente,estensione-anca-cavo
EX225,Estensione anca glute machine,glute machine hip extension,isolamento,glutei,macchina,palestra,gluteo massimo,principiante;intermedio,principale,lombare,,EX226,"In piedi alla glute machine, avambracci sui supporti, piede sul pedale posteriore",Spingi il pedale indietro e in alto contraendo il gluteo; ritorno controllato,Iperestensione lombare;Slancio,,elastico,"Estensione alla glute machine resa con elastico ancorato basso, loop alla caviglia, spinta posteriore in piedi.","In piedi appoggiato, loop alla caviglia elastico ancorato basso davanti;Estendi l'anca spingendo la gamba indietro contro l'elastico;Gluteo contratto a fine movimento, core attivo;Ritorno lento, completa il lato",Iperestensione dei lombari;Rotazione dell'anca;Movimento di slancio;Elastico lasco,estensione-anca-glute-machine
EX226,Estensione anca macchina,machine hip extension,isolamento,glutei,macchina,palestra,gluteo massimo,principiante;intermedio,principale,lombare,,EX225,"In piedi alla macchina graviton, avambracci sui supporti, gamba dietro sul pedale",Spingi il pedale indietro e in alto contraendo il gluteo; ritorno controllato,Iperestensione lombare;Slancio,,elastico,"Estensione alla graviton resa con elastico ancorato basso, loop alla caviglia, spinta posteriore in piedi.","In piedi appoggiato, loop alla caviglia elastico ancorato basso davanti;Porta la gamba indietro-alto estendendo l'anca;Gluteo contratto a fine range, schiena neutra;Ritorno controllato, completa il lato",Inarcamento lombare;Busto che compensa;Slancio;Tensione insufficiente,estensione-anca-macchina
EX227,Estensione anca elastico busto flesso,Bent-over band hip extension,isolamento,glutei,elastico,casa;libero;palestra,gluteo massimo;ischiocrurali,principiante;intermedio,principale,lombare,,EX223,"Busto flesso in avanti, mani su un supporto fisso, elastico ancorato basso alla caviglia",Spingi la gamba tesa indietro e in alto contraendo il gluteo; ritorno controllato,Iperestensione lombare;Slancio,,,,,,estensione-anca-elastico-busto-flesso
EX230,Girata al petto bilanciere,Barbell clean,composto,quadricipiti,bilanciere,palestra,quadricipiti;glutei;trapezio;core,avanzato,principale,lombare;ginocchia;spalle,"Movimento tecnico, richiede apprendimento guidato",,"In piedi, bilanciere a terra, presa prona poco oltre le spalle","Tirata esplosiva estendendo anche e ginocchia, seguita da rotazione dei gomiti per ricevere il bilanciere sul petto in semi-squat",Tirata solo di braccia;Schiena curva;Ricezione rigida sulle ginocchia,,kettlebell,Girata al petto resa con kettlebell (clean). Enfasi sulla catena estensoria.,"Piedi larghezza spalle, kettlebell a terra tra i piedi;Hip hinge, poi estendi esplosivamente anca e ginocchia;Guida il peso verso le spalle 'rackando' ai lati del petto;Riporta giù controllato, ripeti mantenendo schiena neutra",Tirata di sole braccia senza spinta d'anca;Schiena curva nella presa;Perdita di controllo in ricezione;Iperestensione lombare in chiusura,girata-al-petto-bilanciere
EX231,Good morning bilanciere,Barbell good morning,composto,ischiocrurali,bilanciere,palestra,ischiocrurali;glutei;lombari,intermedio;avanzato,principale,lombare,,EX085,"In piedi, bilanciere su trapezio/spalle, ginocchia leggermente flesse","Cerniera d'anca spingendo i fianchi indietro, busto scende quasi parallelo al suolo; risali contraendo glutei e femorali",Curvare la schiena;Piegare troppo le ginocchia,,elastico,Good morning con bilanciere reso con elastico calpestato e maniglie tenute alle spalle/nuca. Hip hinge con carico sulla schiena alta.,"Piedi a larghezza spalle sull'elastico, maniglie portate dietro alle spalle/nuca;Hip hinge: bacino indietro, busto che scende con schiena neutra;Scendi fino allungamento ischiocrurali, ginocchia morbide;Risali estendendo l'anca, gluteo in chiusura",Schiena che si curva: rischio lombare elevato;Ginocchia che si piegano troppo;Range oltre il controllo della schiena neutra;Risalita di reni,good-morning-bilanciere
EX232,Good morning manubrio,Dumbbell good morning,composto,ischiocrurali,manubri,casa;libero;palestra,ischiocrurali;glutei;lombari,intermedio,principale,lombare,,EX231,"In piedi, manubrio tenuto al petto o dietro la nuca","Cerniera d'anca spingendo i fianchi indietro, busto scende quasi parallelo al suolo; risali contraendo glutei e femorali",Curvare la schiena;Piegare troppo le ginocchia,,elastico,"Elastico calpestato a larghezza spalle, un capo per mano portato all'altezza delle spalle","Piedi a larghezza spalle sull'elastico, maniglie alle spalle e schiena neutra;Fletti in avanti dalle anche mantenendo la schiena piatta;Ginocchia morbide, scendi fino a sentire gli ischiocrurali;Risali contraendo glutei e ischiocrurali",Curvare la schiena durante la discesa;Piegare le ginocchia trasformando il movimento in uno squat;Elastico troppo lasco a inizio movimento: si perde tensione nella parte bassa;Scendere oltre il punto in cui la schiena perde la neutralita,good-morning-manubrio
EX233,Hip thrust corpo libero panca,Bodyweight hip thrust,isolamento,glutei,corpo libero,casa;libero;palestra,gluteo massimo,principiante,principale,lombare,,EX017,"Sdraiato supino, scapole appoggiate a una panca, ginocchia flesse, piedi a terra",Spinta dei fianchi verso l'alto contraendo il gluteo fino a estensione completa dell'anca; ritorno controllato,Iperestensione lombare;Spinta con i talloni assente,,,,,,hip-thrust-corpo-libero-panca
EX234,Hip thrust multipower panca,Smith machine hip thrust,isolamento,glutei,multipower,palestra,gluteo massimo,intermedio,principale,lombare,,EX017,"Sdraiato supino, scapole a una panca, bilanciere del multipower sui fianchi (con protezione)",Spinta dei fianchi verso l'alto contraendo il gluteo fino a estensione completa dell'anca; ritorno controllato,Iperestensione lombare;Range parziale,,elastico+panca,"Hip thrust al multipower reso con elastico loop sopra il bacino ancorato ai lati/calpestato, spalle su panca.","Spalle appoggiate su panca/divano, elastico loop sopra le anche ancorato ai lati o sotto i piedi;Spingi il bacino in alto estendendo l'anca contro l'elastico;Gluteo massimo contratto in cima, mento retratto;Scendi controllato senza appoggiare a terra",Iperestensione lombare in cima invece di estensione d'anca;Spinta di quadricipiti;Range parziale;Collo in iperestensione,hip-thrust-multipower-panca
EX235,Hip thrust bilanciere piedi su panca,Barbell hip thrust with feet elevated,isolamento,glutei,bilanciere,palestra,gluteo massimo;ischiocrurali,avanzato,principale,lombare,Aumenta il ROM: sconsigliato a chi ha lombare sensibile,EX017,"Sdraiato supino, scapole a una panca, piedi su un'altra panca, bilanciere sui fianchi",Spinta dei fianchi verso l'alto contraendo il gluteo fino a estensione completa dell'anca; ritorno controllato,Iperestensione lombare;Instabilità dei piedi,,elastico+panca,"Hip thrust con bilanciere e piedi su panca reso con elastico loop sopra il bacino, spalle a terra e piedi rialzati.","Spalle a terra, piedi su panca/rialzo, elastico loop sopra le anche calpestato o ancorato;Spingi il bacino verso l'alto estendendo l'anca;Contrai il gluteo in cima, costato basso;Discesa controllata mantenendo tensione",Iperestensione lombare;Spinta dai quadricipiti;Piedi instabili sul rialzo;Range ridotto,hip-thrust-bilanciere-piedi-su-panca
EX236,Hip thrust talloni elevati,Bodyweight heel-elevated hip thrust,isolamento,glutei,corpo libero,casa;libero;palestra,gluteo massimo,principiante;intermedio,principale,lombare,Talloni su rialzo aumenta il ROM,EX233,"Sdraiato supino, scapole a una panca, talloni su un rialzo (step/disco)",Spinta dei fianchi verso l'alto contraendo il gluteo fino a estensione completa dell'anca; ritorno controllato,Iperestensione lombare;Spinta con le punte,,,,,,hip-thrust-talloni-elevati
EX237,Hip thrust una gamba panca,Single-leg bodyweight hip thrust,isolamento,glutei,corpo libero,casa;libero;palestra,gluteo massimo,intermedio,principale,lombare,,,"Sdraiato supino, scapole a una panca, una gamba flessa a terra, l'altra tesa in aria",Spinta del fianco verso l'alto sulla gamba d'appoggio contraendo il gluteo; ritorno controllato,Rotazione del bacino;Iperestensione lombare,,,,,,hip-thrust-una-gamba-panca
EX238,Iperestensione inversa panca romana,Reverse hyperextension on bench,isolamento,glutei,panca,palestra;casa,gluteo massimo;ischiocrurali;lombari,intermedio,principale,lombare,,,"Prono su una panca, busto e braccia ancorati, gambe libere oltre il bordo",Solleva le gambe tese all'indietro e in alto contraendo glutei e lombari; ritorno controllato,Slancio;Iperestensione eccessiva,,corpo libero,"Iperestensione inversa su panca resa con estensione anca a terra (superman/bird dog), controllo lombare.","Prono a terra (o busto su superficie stabile con gambe libere), gambe tese;Solleva le gambe estendendo l'anca senza iperestendere la lombare;Contrai glutei e lombari a fine range, schiena neutra;Discesa lenta controllata",Iperestensione lombare eccessiva: rischio per la tua limitazione lombare;Slancio delle gambe;Collo in estensione;Range oltre il controllo,iperestensione-inversa-panca-romana
EX239,Leg curl cavo sdraiato,Lying cable leg curl,isolamento,ischiocrurali,cavo,palestra,ischiocrurali,intermedio,principale;finisher,ginocchia;lombare,Riduci carico se fastidio al ginocchio; bacino aderente alla panca,EX095,"Prono su panca piana davanti al cavo basso, cavigliera doppia ai talloni, cavo teso, mani a impugnare i bordi della panca",Fletti entrambe le ginocchia portando i talloni verso i glutei;Eccentrica controllata 2-3 sec;Espira nello sforzo,inspira nel ritorno,Bacino che si stacca dalla panca;Slancio della zona lombare;Range incompleto,elastico+panca,"Elastico ancorato basso davanti alla panca e passato attorno alle caviglie, al posto del cavo con cavigliera","Prono su panca piana, elastico ancorato in basso davanti e passato attorno a entrambe le caviglie;Fletti entrambe le ginocchia portando i talloni verso i glutei;Eccentrica controllata 2-3 sec contro il ritorno dell'elastico;Espira nello sforzo, inspira nel ritorno",Bacino che si stacca dalla panca;Ritorno lasciato all'elastico;Range incompleto,leg-curl-cavo-sdraiato
EX240,Leg curl macchina prona entrambe le gambe,Lying machine leg curl,isolamento,ischiocrurali,macchina,palestra,ischiocrurali,principiante,principale;finisher,ginocchia;lombare,Regola il rullo appena sopra il tallone; bacino aderente al cuscino,EX239,"Prono sulla macchina, rullo appena sopra i talloni, bacino e busto aderenti al cuscino, mani alle maniglie",Fletti entrambe le ginocchia portando il rullo verso i glutei;Eccentrica controllata 2-3 sec;Espira nello sforzo,inspira nel ritorno,Bacino che si solleva dal cuscino;Slancio con la lombare;Range incompleto,,,,,
EX241,Leg curl macchina seduto,Seated machine leg curl,isolamento,ischiocrurali,macchina,palestra,ischiocrurali,principiante,principale;finisher,ginocchia,Regola schienale e rullo sulla lunghezza della gamba; schiena aderente,EX240,"Seduto sulla macchina, schiena aderente allo schienale, rullo sopra le caviglie, cosce bloccate dal cuscino, mani alle maniglie",Fletti le ginocchia spingendo il rullo verso il basso;Eccentrica controllata 2-3 sec;Espira nello sforzo,inspira nel ritorno,Bacino che si solleva dal sedile;Estensione incompleta;Movimento a scatti,,,,,
EX242,Leg curl macchina prese anteriori seduto,Seated machine leg curl with front grips,isolamento,ischiocrurali,macchina,palestra,ischiocrurali,principiante,principale;finisher,ginocchia,Impugnatura anteriore per maggiore stabilizzazione del busto; schiena aderente,EX241,"Seduto sulla macchina, schiena allo schienale, mani sulle maniglie anteriori, rullo sopra le caviglie, cosce bloccate",Fletti le ginocchia spingendo il rullo verso il basso;Eccentrica controllata 2-3 sec;Espira nello sforzo,inspira nel ritorno,Bacino che si solleva;Tirare con le braccia;Range incompleto,,,,,leg-curl-macchina-prese-anteriori-seduto
EX243,Leg curl macchina prese laterali seduto,Seated machine leg curl with side grips,isolamento,ischiocrurali,macchina,palestra,ischiocrurali,principiante,principale;finisher,ginocchia,Impugnatura laterale; schiena aderente allo schienale,EX241,"Seduto sulla macchina, schiena allo schienale, mani sulle maniglie laterali, rullo sopra le caviglie, cosce bloccate",Fletti le ginocchia spingendo il rullo verso il basso;Eccentrica controllata 2-3 sec;Espira nello sforzo,inspira nel ritorno,Bacino che si solleva;Slancio del busto;Range incompleto,,,,,leg-curl-macchina-prese-laterali-seduto
EX244,Leg curl cavo basso,cable leg curl,isolamento,ischiocrurali,cavo,palestra,ischiocrurali,intermedio,principale;finisher,ginocchia;lombare,Una gamba per volta; appoggio mani alla struttura per equilibrio,EX064,"In piedi davanti al cavo basso, cavigliera a una caviglia, mani a impugnare la struttura, coscia verticale ferma",Fletti il ginocchio portando il tallone verso il gluteo,coscia ferma;Eccentrica controllata 3 sec;Ripeti tutte le ripetizioni poi cambia gamba,Coscia che si sposta in avanti;Slancio della gamba;Inarcare la lombare,elastico,"Elastico ancorato basso davanti e passato attorno alla caviglia, al posto del cavo con cavigliera","In piedi davanti all'ancoraggio basso, elastico attorno a una caviglia, mani a un supporto stabile, coscia verticale ferma;Fletti il ginocchio portando il tallone verso il gluteo;Eccentrica controllata 3 sec;Completa le ripetizioni, poi cambia gamba",Coscia che si sposta per aiutare;Bacino che ruota;Ritorno lasciato all'elastico invece che controllato,
EX245,Leg curl macchina in piedi,Standing machine leg curl,isolamento,ischiocrurali,macchina,palestra,ischiocrurali,principiante,principale;finisher,ginocchia,Una gamba per volta; busto appoggiato al supporto,EX244,"In piedi alla macchina, busto appoggiato al supporto, rullo dietro una caviglia, mani alle maniglie",Fletti il ginocchio portando il rullo verso il gluteo,coscia ferma;Eccentrica controllata 2-3 sec;Ripeti tutte le ripetizioni poi cambia gamba,Coscia che si sposta;Slancio del bacino;Range incompleto,,,,,
EX246,Leg curl macchina supporto coscia,machine leg curl with thigh support,isolamento,ischiocrurali,macchina,palestra,ischiocrurali,principiante,principale;finisher,ginocchia,Coscia bloccata sul cuscino di supporto; una gamba per volta,EX245,"In piedi alla macchina, coscia appoggiata sul cuscino di supporto, rullo dietro la caviglia, mani alle maniglie",Fletti il ginocchio portando il rullo verso il gluteo,coscia bloccata sul cuscino;Eccentrica controllata 2-3 sec;Ripeti tutte le ripetizioni poi cambia gamba,Coscia che si stacca dal cuscino;Slancio;Range incompleto,,,,,
EX247,Leg curl una gamba macchina ginocchio rialzato,machine leg curl with elevated knee support,isolamento,ischiocrurali,macchina,palestra,ischiocrurali,intermedio,principale;finisher,ginocchia,Ginocchio appoggiato sul supporto rialzato; una gamba per volta,EX245,"In piedi alla macchina, ginocchio della gamba lavorante appoggiato sul supporto rialzato, rullo dietro la caviglia, mani alle maniglie",Fletti il ginocchio portando il rullo verso il gluteo;Eccentrica controllata 2-3 sec;Ripeti tutte le ripetizioni poi cambia gamba,Bacino che ruota;Slancio;Range incompleto,Bacino fermo: solo la gamba lavora,elastico,"Leg curl in piedi reso con elastico ancorato basso, loop alla caviglia, flessione del ginocchio in piedi.","In piedi appoggiato, loop alla caviglia elastico ancorato basso davanti;Fletti il ginocchio portando il tallone verso il gluteo contro l'elastico;Contrai gli ischiocrurali a fine flessione, coscia ferma;Estendi lento controllando l'eccentrica, completa il lato",Anca che si flette compensando;Slancio del tallone;Coscia che si muove;Elastico poco teso,leg-curl-una-gamba-macchina-ginocchio-rialzato
EX248,Leg extension macchina una gamba,Seated machine unilateral leg extension,isolamento,quadricipiti,macchina,palestra,quadricipiti,principiante,principale;finisher,ginocchia,Una gamba per volta; rullo sopra il collo del piede,EX097,"Seduto alla macchina, schiena allo schienale, rullo sopra il collo del piede di una gamba, mani alle maniglie",Estendi il ginocchio fino quasi alla distensione completa;Eccentrica controllata 2-3 sec;Ripeti tutte le ripetizioni poi cambia gamba,Slancio del busto;Iperestensione del ginocchio;Discesa incontrollata,Controlla la discesa; non bloccare di scatto il ginocchio,elastico,"Leg extension resa con elastico ancorato basso dietro, loop alla caviglia, estensione del ginocchio da seduto.","Seduto su sedia/panca, loop alla caviglia elastico ancorato basso dietro di te;Estendi il ginocchio portando la gamba avanti-alto contro l'elastico;Contrai il quadricipite a fine estensione;Ritorno lento, non far cadere la gamba, completa il lato",Slancio invece di controllo;Busto che si sposta indietro;Range parziale;Tensione insufficiente,leg-extension-macchina-una-gamba
EX249,Leg press 45 gradi,45-degree machine leg press,pressa gambe,quadricipiti,macchina,palestra,quadricipiti;glutei;ischiocrurali,principiante,principale,ginocchia;lombare,Non bloccare le ginocchia; controlla la profondita per non staccare il bacino,EX016,"Sdraiato sulla macchina a 45 gradi, schiena e bacino aderenti, piedi sulla piattaforma a larghezza spalle",Spingi la piattaforma estendendo le ginocchia senza bloccarle;Rientra controllato fino a ~90 gradi;Espira nella spinta,inspira nel ritorno,Ginocchia bloccate in cima;Bacino che si arrotola (lombare staccata);Discesa troppo profonda,,,,,leg-press-45-gradi
EX250,Leg press 45 gradi una gamba,45-degree machine unilateral leg press,pressa gambe,quadricipiti,macchina,palestra,quadricipiti;glutei;ischiocrurali,intermedio,principale,ginocchia;lombare,Una gamba per volta; carico ridotto; controlla la profondita,EX249,"Sdraiato sulla macchina a 45 gradi, schiena aderente, un piede al centro della piattaforma",Spingi la piattaforma estendendo il ginocchio senza bloccarlo;Rientra controllato fino a ~90 gradi;Ripeti tutte le ripetizioni poi cambia gamba,Ginocchio bloccato in cima;Bacino che si arrotola;Ginocchio che cede verso l'interno,Ginocchio allineato al piede; bacino sempre aderente,elastico,"Leg press a 45° resa con single-leg press elastico: supino, elastico attorno alla pianta del piede, spinta monopodalica.","Supino, ginocchio al petto, elastico attorno alla pianta del piede con maniglie/estremi in mano;Spingi il piede lontano estendendo ginocchio e anca contro l'elastico;Non bloccare del tutto il ginocchio in cima;Ritorno lento riportando il ginocchio al petto, completa il lato",Blocco articolare del ginocchio in estensione;Perdita di tensione dell'elastico;Bacino che si stacca da terra;Range parziale,leg-press-45-gradi-una-gamba
EX251,Ponte glutei piedi su panca,Bodyweight glute bridge with feet elevated,dominante anca,glutei,panca,casa;libero;palestra,glutei;ischiocrurali,principiante;intermedio,principale;finisher,lombare,Piedi stabili sulla panca; non iperestendere la schiena,EX019,"Supino a terra, piedi appoggiati su una panca, ginocchia piegate ~90 gradi, braccia lungo i fianchi",Spingi dai talloni sollevando il bacino fino all'allineamento spalle-anche-ginocchia;Contrai i glutei in cima 1 sec;Scendi controllato,Iperestensione lombare in cima;Piedi che scivolano sulla panca;Spinta di slancio,Range maggiore del ponte a terra: controlla senza inarcare la lombare,,,,,ponte-glutei-piedi-su-panca
EX252,Ponte glutei gambe tese piedi su panca,Straight-leg bodyweight glute bridge with feet elevated,dominante anca,ischiocrurali,panca,casa;libero;palestra,ischiocrurali;glutei,intermedio,principale;finisher,lombare;ginocchia,Gambe quasi tese; talloni sulla panca; enfasi femorali,EX251,"Supino a terra, talloni appoggiati sul bordo di una panca, gambe quasi distese, braccia lungo i fianchi",Spingi dai talloni sollevando il bacino con le gambe tese;Contrai glutei e femorali in cima 1 sec;Scendi controllato,Piegare troppo le ginocchia (diventa un ponte classico);Iperestensione lombare;Talloni che scivolano,Gambe tese: il lavoro si sposta sui femorali; non inarcare la schiena,,,,,ponte-glutei-gambe-tese-piedi-su-panca
EX253,Ponte glutei manubrio,Dumbbell glute bridge,dominante anca,glutei,manubri,casa;libero;palestra,glutei;ischiocrurali,principiante;intermedio,principale;finisher,lombare,Manubrio sul bacino tenuto con le mani; spingi dai talloni,EX019,"Supino a terra, ginocchia piegate, piedi a terra, un manubrio appoggiato sulle creste iliache tenuto con entrambe le mani",Spingi dai talloni sollevando il bacino fino all'allineamento;Contrai i glutei in cima 1 sec;Scendi controllato,Iperestensione lombare;Manubrio che si sposta;Spinta con la lombare,Tieni il manubrio fermo sul bacino; la spinta parte dai glutei,elastico,"Elastico che passa sopra il bacino con i capi calpestati ai lati, supino a terra con le ginocchia piegate",Supino a terra con l'elastico sopra il bacino e i capi bloccati sotto i piedi;Spingi il bacino verso l'alto contraendo i glutei;Pausa breve in alto con il corpo allineato;Ritorno lento 3 sec senza far collassare l'elastico,Inarcare la zona lombare invece di contrarre i glutei;Spingere con le punte invece che con i talloni;Elastico troppo lasco a inizio movimento: si perde tensione nella parte bassa;Salita di slancio,ponte-glutei-manubrio
EX254,Ponte glutei frog pump,Bodyweight frog pump glute bridge,dominante anca,glutei,corpo libero,casa;libero;palestra,glutei,principiante,principale;finisher,lombare,Piante dei piedi unite ginocchia aperte a rana; range breve e contratto,EX019,"Supino a terra, piante dei piedi unite tra loro e ginocchia aperte verso l'esterno (posizione a rana), braccia lungo i fianchi",Spingi dalle piante dei piedi sollevando il bacino verso l'alto;Contrai i glutei in cima 1 sec;Scendi controllato senza appoggiare del tutto,Iperestensione lombare;Ginocchia che si chiudono;Movimento di slancio,Range breve e controllato: cerca la contrazione dei glutei non l'altezza,,,,,ponte-glutei-frog-pump
EX255,Ponte glutei una gamba piede posteriore panca,Single-leg bodyweight glute bridge with feet elevated,dominante anca,glutei,panca,casa;libero;palestra,glutei;ischiocrurali,intermedio,principale;finisher,lombare,Una gamba per volta; piede d'appoggio sulla panca; bacino stabile,EX035,"Supino a terra, un piede appoggiato su una panca, l'altra gamba sollevata, braccia lungo i fianchi",Spingi dal tallone sulla panca sollevando il bacino;Contrai il gluteo in cima 1 sec;Scendi controllato;Ripeti poi cambia gamba,Bacino che ruota;Iperestensione lombare;Spinta di slancio,Bacino allineato: non ruotare; la spinta parte dal gluteo,,,,,ponte-glutei-una-gamba-piede-posteriore-panca
EX256,Ponte glutei una gamba tesa allineata corpo libero,Straight-leg aligned bodyweight single-leg glute bridge,dominante anca,glutei,corpo libero,casa;libero;palestra,glutei;ischiocrurali,intermedio,principale;finisher,lombare,Una gamba tesa allineata al busto; bacino stabile,EX255,"Supino a terra, una gamba piegata con piede a terra, l'altra distesa e allineata al busto, braccia lungo i fianchi",Spingi dal tallone a terra sollevando il bacino,gamba libera sempre allineata;Contrai il gluteo in cima 1 sec;Scendi controllato;Ripeti poi cambia gamba,Bacino che si inclina;Gamba libera che si abbassa;Iperestensione lombare,,,,,ponte-glutei-una-gamba-tesa-allineata-corpo-libero
EX257,Ponte glutei una gamba verticale corpo libero,Vertical-leg bodyweight single-leg glute bridge,dominante anca,glutei,corpo libero,casa;libero;palestra,glutei;ischiocrurali,intermedio,principale;finisher,lombare,Una gamba puntata verticale; bacino stabile,EX256,"Supino a terra, una gamba piegata con piede a terra, l'altra sollevata verticale verso il soffitto, braccia lungo i fianchi",Spingi dal tallone a terra sollevando il bacino,gamba libera verticale;Contrai il gluteo in cima 1 sec;Scendi controllato;Ripeti poi cambia gamba,Bacino che ruota;Gamba verticale che oscilla;Iperestensione lombare,,,,,ponte-glutei-una-gamba-verticale-corpo-libero
EX258,Squat cavo basso,Cable low squat,dominante ginocchia,quadricipiti,cavo,palestra,quadricipiti;glutei;core,principiante;intermedio,principale,ginocchia;lombare,Impugna la maniglia bassa; usa il cavo per bilanciarti in discesa,EX013,"In piedi davanti al cavo basso, maniglia impugnata all'altezza del petto, piedi a larghezza spalle",Scendi in squat mantenendo la schiena neutra e il cavo in tensione;Spingi dai talloni per risalire;Espira nella risalita,Ginocchia che cedono;Schiena arrotondata;Tirare con le braccia,Le braccia solo stabilizzano; la spinta parte dalle gambe,elastico,"Squat al cavo basso reso con elastico calpestato e maniglie alle spalle, squat verticale.","Piedi a larghezza spalle sull'elastico, maniglie portate alle spalle;Scendi in squat con busto eretto, ginocchia in linea coi piedi;Range controllato entro la soglia di comfort al ginocchio;Risali spingendo dai talloni, glutei in chiusura",Busto in avanti;Ginocchia che collassano;Talloni che si staccano;Discesa oltre il fastidio,squat-cavo-basso
EX259,Squat cavi bassi,Dual cable squat,dominante ginocchia,quadricipiti,cavo,palestra,quadricipiti;glutei;core,intermedio,principale,ginocchia;lombare,Due cavi incrociati per stabilita; schiena neutra,EX258,"In piedi al centro della cross-over, una maniglia per mano dai cavi bassi incrociati, piedi a larghezza spalle",Scendi in squat con schiena neutra e cavi in tensione;Spingi dai talloni per risalire;Espira nella risalita,Ginocchia che cedono;Slancio delle braccia;Schiena arrotondata,I cavi bilanciano; il lavoro resta sulle gambe,elastico,Squat al cavo incrociato reso con elastico calpestato a doppia tensione (incrociato) e maniglie alle spalle.,"Piedi sull'elastico, maniglie incrociate portate alle spalle opposte per tensione uniforme;Scendi in squat con busto eretto e core attivo;Range controllato, ginocchia stabili;Risali dai talloni contraendo i glutei",Elastico che scivola;Busto che crolla;Ginocchia dentro;Range doloroso al ginocchio,squat-cavi-bassi
EX260,Squat multipower,Smith machine squat,dominante ginocchia,quadricipiti,multipower,palestra,quadricipiti;glutei;core,principiante;intermedio,principale,ginocchia;lombare,Bilanciere guidato; piedi leggermente avanti; non bloccare le ginocchia,EX013,"Bilanciere del multipower sui trapezi, piedi leggermente avanti rispetto alla barra, core attivo",Sblocca e scendi in squat con schiena neutra;Spingi dai talloni per risalire senza bloccare le ginocchia;Espira nella risalita,Ginocchia oltre le punte in modo eccessivo;Schiena arrotondata;Talloni sollevati,Guida controllata; ginocchia allineate ai piedi,elastico,"Squat al multipower reso con elastico calpestato e maniglie alle spalle, squat guidato verticale.","Piedi a larghezza spalle sull'elastico, maniglie alle spalle;Scendi verticale con busto eretto, controllo del ginocchio;Range entro comfort articolare;Risali dai talloni, glutei in chiusura",Busto avanti;Ginocchia instabili;Talloni sollevati;Discesa oltre il fastidio,squat-multipower
EX261,Squat hack machine,Hack machine squat,dominante ginocchia,quadricipiti,macchina,palestra,quadricipiti;glutei,principiante;intermedio,principale,ginocchia;lombare,Schiena e spalle aderenti agli appoggi; piedi sulla pedana,EX260,"Spalle sotto gli appoggi della hack machine, schiena aderente allo schienale inclinato, piedi sulla pedana a larghezza spalle",Sblocca e scendi piegando le ginocchia con schiena aderente;Spingi dai talloni per risalire senza bloccare;Espira nella risalita,Schiena che si stacca dallo schienale;Ginocchia che cedono;Talloni sollevati,Schiena sempre aderente; ginocchia allineate ai piedi,elastico,"Hack squat reso con elastico calpestato e maniglie alle spalle, busto leggermente inclinato indietro per enfasi quadricipiti.","Piedi leggermente avanzati sull'elastico, maniglie alle spalle, busto lievemente indietro;Scendi in squat mantenendo i talloni a terra;Enfasi sui quadricipiti, ginocchia in linea coi piedi;Risali controllato entro il comfort articolare",Talloni che si staccano;Ginocchia oltre il fastidio;Busto troppo inclinato;Perdita di equilibrio,squat-hack-machine
EX262,Squat inverso hack machine,Reverse hack machine squat,dominante ginocchia,quadricipiti,macchina,palestra,quadricipiti;glutei,intermedio,principale,ginocchia;lombare,Rivolto verso la macchina; petto e spalle contro gli appoggi,EX261,"Rivolto verso la hack machine, petto e spalle contro gli appoggi, piedi sulla pedana a larghezza spalle",Scendi piegando le ginocchia col busto sostenuto dalla macchina;Spingi dai talloni per risalire;Espira nella risalita,Busto che si stacca dagli appoggi;Ginocchia che cedono;Talloni sollevati,Busto aderente agli appoggi; ginocchia allineate ai piedi,elastico,"Hack squat inverso reso con elastico calpestato e maniglie alle spalle, busto eretto/leggermente avanti.","Piedi sull'elastico a larghezza spalle, maniglie alle spalle, busto eretto;Scendi in squat con controllo, ginocchia stabili;Range entro comfort del ginocchio;Risali spingendo dai talloni",Busto che crolla;Ginocchia dentro;Talloni sollevati;Range doloroso,squat-inverso-hack-machine
EX263,Squat bilanciere,Barbell squat,dominante ginocchia,quadricipiti,bilanciere,palestra,quadricipiti;glutei;core,intermedio,principale,ginocchia;lombare,Bilanciere sui trapezi; schiena neutra; scendi controllato,EX013,"Bilanciere sui trapezi, piedi a larghezza spalle, punte leggermente extraruotate, core attivo",Scendi in squat con schiena neutra fino a cosce parallele;Spingi dai talloni per risalire;Espira nella risalita,Schiena arrotondata;Ginocchia che cedono;Talloni sollevati,Schiena neutra; ginocchia allineate ai piedi per tutta la discesa,elastico,Back squat con bilanciere reso con elastico calpestato e maniglie portate dietro alle spalle.,"Piedi a larghezza spalle sull'elastico, maniglie dietro alle spalle;Scendi in squat con busto eretto e core attivo;Ginocchia in linea coi piedi, range controllato;Risali dai talloni contraendo i glutei",Busto avanti;Ginocchia che collassano;Talloni che si staccano;Discesa oltre la soglia di fastidio,squat-bilanciere
EX264,Squat bilanciere al rack,Barbell rack squat,dominante ginocchia,quadricipiti,bilanciere,palestra,quadricipiti;glutei;core,intermedio,principale,ginocchia;lombare,Estrai il bilanciere dal rack; scendi controllato; usa i fermi di sicurezza,EX263,"Bilanciere sui trapezi estratto dai supporti del rack, un passo indietro, piedi a larghezza spalle",Scendi in squat con schiena neutra fino a cosce parallele;Spingi dai talloni per risalire;Espira nella risalita,Schiena arrotondata;Ginocchia che cedono;Passi eccessivi in uscita dal rack,Regola i fermi di sicurezza; schiena neutra; ginocchia allineate,elastico,"Back squat al rack reso con elastico calpestato e maniglie dietro alle spalle, stesso schema del back squat libero.","Piedi sull'elastico a larghezza spalle, maniglie dietro alle spalle;Scendi in squat, busto eretto, schiena neutra;Range controllato entro il comfort articolare;Risali dai talloni, glutei in chiusura",Busto che crolla;Ginocchia dentro;Talloni sollevati;Range doloroso,squat-bilanciere-al-rack
EX265,Squat bilanciere landmine,Landmine squat,dominante ginocchia,quadricipiti,bilanciere,palestra,quadricipiti;glutei;core,principiante;intermedio,principale,ginocchia;lombare,Estremita del bilanciere nel landmine; tieni l'altra al petto,EX263,"Un'estremita del bilanciere ancorata al landmine, l'altra tenuta con entrambe le mani al petto, piedi a larghezza spalle",Scendi in squat con schiena neutra;Spingi dai talloni per risalire;Espira nella risalita,Schiena arrotondata;Ginocchia che cedono;Busto troppo in avanti,Busto eretto; ginocchia allineate ai piedi,elastico,"Squat landmine reso con elastico ancorato basso davanti, estremo al petto, squat con leggera assistenza anteriore.","Elastico ancorato basso davanti, estremo tenuto al petto a due mani, piedi a larghezza spalle;Scendi in squat con busto eretto, l'elastico aiuta il controllo;Ginocchia in linea coi piedi, range comodo;Risali spingendo dai talloni",Busto in avanti;Ginocchia dentro;Elastico poco teso;Discesa oltre il fastidio,squat-bilanciere-landmine
EX266,Squat sumo bilanciere,Barbell sumo squat,dominante ginocchia,quadricipiti,bilanciere,palestra,quadricipiti;glutei;adduttori,intermedio,principale,ginocchia;lombare,Stance ampia punte extraruotate; enfasi adduttori e glutei,EX263,"Bilanciere sui trapezi, piedi molto piu larghi delle spalle, punte extraruotate a 45 gradi",Scendi in squat mantenendo le ginocchia in linea con le punte;Spingi dai talloni per risalire;Espira nella risalita,Ginocchia che cedono all'interno;Schiena arrotondata;Stance troppo stretta,Ginocchia sempre in linea con le punte dei piedi,elastico,Squat sumo con bilanciere reso con elastico calpestato a base larga e maniglie alle spalle.,"Piedi larghi e punte extraruotate sull'elastico a base ampia, maniglie alle spalle;Scendi mantenendo le ginocchia verso le punte;Busto eretto, enfasi adduttori e glutei;Risali dai talloni, glutei in chiusura",Ginocchia che cedono dentro;Busto che crolla;Punte e ginocchia non allineate;Range doloroso,squat-sumo-bilanciere
EX267,Squat manubri,Dumbbell squat,dominante ginocchia,quadricipiti,manubri,casa;libero;palestra,quadricipiti;glutei;core,principiante,principale,ginocchia;lombare,Un manubrio per mano lungo i fianchi; schiena neutra,EX013,"In piedi, un manubrio per mano lungo i fianchi, piedi a larghezza spalle, core attivo",Scendi in squat con schiena neutra fino a cosce parallele;Spingi dai talloni per risalire;Espira nella risalita,Schiena arrotondata;Ginocchia che cedono;Talloni sollevati,Manubri fermi lungo i fianchi; schiena neutra,elastico,"Elastico calpestato a larghezza spalle, un capo per mano portato all'altezza delle spalle","Piedi a larghezza spalle sull'elastico, maniglie alle spalle e core attivo;Scendi in squat con busto eretto e ginocchia in linea coi piedi;Range controllato senza cedimenti;Risali dai talloni contraendo i glutei",Busto che si inclina in avanti;Ginocchia che collassano verso l'interno;Talloni che si staccano;Elastico troppo lasco a inizio movimento: si perde tensione nella parte bassa,squat-manubri
EX268,Squat pliometrico manubri,Dumbbell jump squat,cardio_metabolico,quadricipiti,manubri,casa;libero;palestra,quadricipiti;glutei;polpacci,intermedio;avanzato,principale;finisher,ginocchia;lombare,Movimento esplosivo con salto; atterraggio morbido; carico leggero,EX267,"In piedi, un manubrio per mano lungo i fianchi, piedi a larghezza spalle",Scendi in mezzo squat poi esplodi in un salto verticale;Atterra morbido riassorbendo con le ginocchia;Incatena le ripetizioni con ritmo controllato,Atterraggio rigido a ginocchia bloccate;Schiena arrotondata;Ginocchia che cedono all'atterraggio,Atterra morbido piegando le ginocchia; evita se problemi articolari,,,,,squat-pliometrico-manubri
EX269,Squat bulgaro bilanciere,Barbell bulgarian split squat,dominante ginocchia,quadricipiti,bilanciere,palestra,quadricipiti;glutei;ischiocrurali,intermedio;avanzato,principale,ginocchia;lombare,Piede posteriore su panca; bilanciere sui trapezi; una gamba per volta,EX047,"Bilanciere sui trapezi, piede posteriore appoggiato su una panca dietro, gamba anteriore avanti",Scendi piegando la gamba anteriore fino a coscia parallela;Spingi dal tallone anteriore per risalire;Ripeti tutte le ripetizioni poi cambia gamba,Ginocchio anteriore che cede;Busto troppo in avanti;Perdita di equilibrio,Ginocchio anteriore allineato al piede; core attivo per l'equilibrio,elastico+panca,"Bulgarian split squat con bilanciere reso con elastico calpestato dalla gamba avanti, piede posteriore su panca.","Piede posteriore su panca, gamba avanti a distanza utile, elastico sotto il piede avanti con maniglie alle spalle;Scendi in verticale piegando la gamba avanti, busto lievemente inclinato;Ginocchio avanti in linea col piede, range entro comfort;Risali dal tallone avanti, completa il lato",Ginocchio avanti oltre la punta;Busto che crolla;Baricentro troppo avanti;Discesa oltre il fastidio al ginocchio,squat-bulgaro-bilanciere
EX270,Squat bulgaro manubri,Dumbbell bulgarian split squat,dominante ginocchia,quadricipiti,manubri,casa;libero;palestra,quadricipiti;glutei;ischiocrurali,intermedio,principale,ginocchia;lombare,Piede posteriore su panca; un manubrio per mano; una gamba per volta,EX047,"In piedi, piede posteriore su una panca dietro, un manubrio per mano lungo i fianchi, gamba anteriore avanti",Scendi piegando la gamba anteriore fino a coscia parallela;Spingi dal tallone anteriore per risalire;Ripeti poi cambia gamba,Ginocchio anteriore che cede;Busto troppo in avanti;Peso sulla punta,Ginocchio anteriore allineato al piede; peso sul tallone,elastico,"Elastico calpestato con il piede anteriore, un capo per mano alle spalle, piede posteriore appoggiato in alto dietro","Piede anteriore sull'elastico, piede posteriore appoggiato su panca o rialzo, maniglie alle spalle;Scendi piegando la gamba anteriore con busto eretto;Ginocchio anteriore in linea col piede;Risali spingendo dal tallone anteriore",Busto che si inclina in avanti;Ginocchio anteriore che supera troppo la punta del piede;Perdita di equilibrio per fretta;Elastico troppo lasco a inizio movimento: si perde tensione nella parte bassa,squat-bulgaro-manubri
EX271,Curl bilanciere EZ,EZ-Bar Curl,isolamento,bicipiti,bilanciere,palestra;casa,bicipiti;brachiale,principiante,principale,gomito,Impugna sulle pieghe della barra EZ per scaricare i polsi; busto fermo,EX024,"In piedi, bilanciere EZ impugnato sulle pieghe interne a presa semi-supina, braccia distese, busto eretto","Fletti entrambi i gomiti portando la barra verso le spalle;Eccentrica controllata 2-3 sec;Espira nello sforzo, inspira nel ritorno",Slancio del busto;Gomiti che avanzano;Range incompleto,La barra EZ riduce lo stress sui polsi rispetto al bilanciere dritto,,,,,curl-bilanciere-ez
EX272,Squat pistol manubrio,Dumbbell pistol squat,dominante ginocchia,quadricipiti,manubri,casa;libero;palestra,quadricipiti;glutei;core,avanzato,principale,ginocchia;lombare,Un manubrio al petto come contrappeso; una gamba per volta,EX083,"In piedi su una gamba, l'altra distesa avanti, un manubrio tenuto al petto con entrambe le mani",Scendi sulla gamba d'appoggio fino in accosciata completa,gamba libera tesa;Spingi dal tallone per risalire;Ripeti poi cambia gamba,Ginocchio che cede;Tallone che si stacca;Perdita di equilibrio,elastico,"Elastico calpestato con il piede d'appoggio, un capo per mano all'altezza del petto, gamba libera distesa in avanti","In piedi sull'elastico con una gamba, l'altra distesa in avanti e maniglie al petto;Scendi lentamente sulla gamba d'appoggio mantenendo il busto eretto;Ginocchio in linea col piede;Risali spingendo dal tallone",Ginocchio che collassa verso l'interno;Perdere il controllo nella discesa;Tallone che si stacca;Elastico troppo lasco a inizio movimento: si perde tensione nella parte bassa,squat-pistol-manubrio
EX273,Squat profondo bilanciere,Barbell deep squat,dominante ginocchia,quadricipiti,bilanciere,palestra,quadricipiti;glutei;ischiocrurali,avanzato,principale,ginocchia;lombare,Accosciata sotto il parallelo; richiede mobilita di caviglia e anca,EX263,"Bilanciere sui trapezi, piedi a larghezza spalle, punte leggermente extraruotate",Scendi in squat sotto il parallelo mantenendo la schiena neutra;Spingi dai talloni per risalire;Espira nella risalita,Schiena che si arrotonda in basso (butt wink);Talloni sollevati;Ginocchia che cedono,Scendi in profondita solo se mantieni la schiena neutra e i talloni a terra,elastico,"Squat profondo con bilanciere reso con elastico calpestato e maniglie alle spalle, range profondo entro il comfort.","Piedi a larghezza spalle sull'elastico, maniglie alle spalle;Scendi in squat profondo mantenendo talloni a terra e schiena neutra;Vai in profondità solo se il ginocchio non dà fastidio;Risali dai talloni, glutei in chiusura",Schiena che si arrotonda in basso (butt wink);Talloni sollevati;Profondità oltre il fastidio al ginocchio;Ginocchia dentro,squat-profondo-bilanciere
EX274,Squat manubri seduto su panca,Dumbbell box/bench squat,dominante ginocchia,quadricipiti,manubri,casa;libero;palestra,quadricipiti;glutei,principiante,principale,ginocchia;lombare,Sfiora la panca a fine discesa; un manubrio per mano; controlla la profondita,EX267,"In piedi davanti a una panca, un manubrio per mano lungo i fianchi, piedi a larghezza spalle",Scendi in squat fino a sfiorare la panca con i glutei;Spingi dai talloni per risalire senza sederti del tutto;Espira nella risalita,Lasciarsi cadere sulla panca;Schiena arrotondata;Talloni sollevati,Sfiora la panca senza rilassarti; mantieni la tensione,elastico,"Elastico calpestato a larghezza spalle, un capo per mano alle spalle, panca dietro come riferimento","Piedi a larghezza spalle sull'elastico, panca dietro, maniglie alle spalle;Scendi controllando fino a sfiorare la panca senza sederti del tutto;Busto eretto e core attivo;Risali dai talloni contraendo i glutei",Lasciarsi cadere sulla panca;Busto che si inclina in avanti;Talloni che si staccano;Elastico troppo lasco a inizio movimento: si perde tensione nella parte bassa,squat-manubri-seduto-su-panca
EX275,Squat sumo corpo libero braccia distese,Bodyweight sumo squat with arms down,dominante ginocchia,quadricipiti,corpo libero,casa;libero;palestra,quadricipiti;glutei;adduttori,principiante,principale,ginocchia,Stance ampia punte extraruotate; braccia distese avanti per bilanciare,EX276,"In piedi, piedi molto piu larghi delle spalle, punte extraruotate, braccia distese in avanti",Scendi mantenendo le ginocchia in linea con le punte;Spingi dai talloni per risalire;Espira nella risalita,Ginocchia che cedono all'interno;Busto troppo in avanti;Stance troppo stretta,Ginocchia sempre in linea con le punte dei piedi,,,,,squat-sumo-corpo-libero-braccia-distese
EX276,Squat sumo corpo libero mani al petto,Bodyweight sumo squat with hands to chest,dominante ginocchia,quadricipiti,corpo libero,casa;libero;palestra,quadricipiti;glutei;adduttori,principiante,principale,ginocchia,Stance ampia punte extraruotate; mani unite al petto,EX275,"In piedi, piedi molto piu larghi delle spalle, punte extraruotate, mani unite davanti al petto",Scendi mantenendo le ginocchia in linea con le punte;Spingi dai talloni per risalire;Espira nella risalita,Ginocchia che cedono all'interno;Busto troppo in avanti;Stance troppo stretta,Ginocchia sempre in linea con le punte dei piedi,,,,,squat-sumo-corpo-libero-mani-al-petto
EX277,Squat sumo bilanciere frontale,Wide-stance barbell front squat,dominante ginocchia,quadricipiti,bilanciere,palestra,quadricipiti;glutei;adduttori;core,intermedio,principale,ginocchia;polsi,Stance ampia; bilanciere in front rack; gomiti alti,EX275,"Bilanciere in front rack sui deltoidi anteriori, gomiti alti, piedi molto piu larghi delle spalle, punte extraruotate",Scendi mantenendo le ginocchia in linea con le punte e il busto verticale;Spingi dai talloni per risalire;Espira nella risalita,Gomiti che si abbassano;Ginocchia che cedono;Busto in avanti,Gomiti alti; busto verticale; ginocchia in linea con le punte,elastico+manubri,"Squat sumo frontale con bilanciere reso con elastico calpestato a base larga e manubrio al petto (goblet), busto eretto.","Piedi larghi punte extraruotate sull'elastico, manubrio verticale al petto;Scendi mantenendo busto eretto e ginocchia verso le punte;Enfasi adduttori, glutei e core;Risali dai talloni contraendo i glutei",Busto che crolla;Ginocchia dentro;Punte disallineate;Range doloroso al ginocchio,squat-sumo-bilanciere-frontale
EX278,Squat sumo manubrio,Dumbbell sumo squat,dominante ginocchia,quadricipiti,manubri,casa;libero;palestra,quadricipiti;glutei;adduttori,principiante,principale,ginocchia;lombare,Stance ampia; un manubrio tenuto verticale davanti; punte extraruotate,EX275,"In piedi con stance ampia, punte extraruotate, un manubrio tenuto verticale con entrambe le mani davanti al corpo",Scendi in squat sumo mantenendo le ginocchia in linea con le punte;Spingi dai talloni per risalire;Espira nella risalita,Ginocchia che cedono all'interno;Busto in avanti;Stance troppo stretta,Ginocchia in linea con le punte; busto eretto,elastico,"Elastico calpestato a gambe larghe, un capo per mano all'altezza del petto, punte dei piedi ruotate all'esterno","Piedi larghi con punte ruotate all'esterno sull'elastico, maniglie al petto;Scendi tenendo le ginocchia aperte in linea con le punte;Busto eretto e core attivo;Risali contraendo glutei e adduttori",Ginocchia che collassano verso l'interno;Busto che si inclina in avanti;Escursione oltre il fastidio all'anca;Elastico troppo lasco a inizio movimento: si perde tensione nella parte bassa,squat-sumo-manubrio
EX279,Stacco gambe tese multipower,Smith machine stiff-leg deadlift,dominante anca,ischiocrurali,multipower,palestra,ischiocrurali;glutei;dorsali,intermedio,principale,lombare;ischiocrurali,Bilanciere guidato; gambe quasi tese; schiena neutra,EX280,"In piedi al multipower, bilanciere davanti alle cosce, gambe quasi tese, schiena neutra",Spingi il bacino indietro facendo scendere il bilanciere lungo le gambe;Scendi finche senti tirare i femorali;Risali spingendo il bacino avanti,Schiena arrotondata;Piegare troppo le ginocchia;Bilanciere lontano dalle gambe,Schiena neutra; movimento dall'anca; gambe quasi tese,elastico,"Stacco gambe tese al multipower reso con elastico calpestato e maniglie ai lati, hip hinge a gambe quasi tese.","Piedi a larghezza anche sull'elastico, maniglie ai lati delle cosce;Hip hinge scendendo con gambe quasi tese, schiena neutra;Scendi fino allungamento ischiocrurali;Risali estendendo l'anca, gluteo in chiusura",Schiena curva: rischio lombare;Ginocchia troppo piegate;Elastico lasco in basso;Iperestensione in chiusura,stacco-gambe-tese-multipower
EX280,Stacco gambe tese bilanciere,Barbell stiff-leg deadlift,dominante anca,ischiocrurali,bilanciere,palestra,ischiocrurali;glutei;dorsali,intermedio,principale,lombare;ischiocrurali,Gambe quasi tese; schiena neutra; scendi finche i femorali lo permettono,EX281,"In piedi, bilanciere davanti alle cosce a presa prona, gambe quasi tese, schiena neutra",Spingi il bacino indietro facendo scendere il bilanciere lungo le gambe;Scendi finche senti tirare i femorali;Risali spingendo il bacino avanti,Schiena arrotondata;Piegare le ginocchia;Bilanciere lontano dal corpo,Schiena neutra; gambe quasi tese per tutto il movimento,elastico,"Stacco gambe tese con bilanciere reso con elastico calpestato e maniglie ai lati, hip hinge a gambe quasi tese.","Piedi a larghezza anche sull'elastico, una maniglia per mano ai lati;Hip hinge: bacino indietro, gambe quasi tese, schiena neutra;Scendi fino allungamento ischiocrurali controllato;Risali di anca, glutei contratti",Schiena che si curva;Ginocchia che si piegano troppo;Tensione persa in basso;Iperestensione lombare in chiusura,stacco-gambe-tese-bilanciere
EX281,Stacco gambe tese manubri,Dumbbell stiff-leg deadlift,dominante anca,ischiocrurali,manubri,casa;libero;palestra,ischiocrurali;glutei;dorsali,intermedio,principale,lombare;ischiocrurali,Un manubrio per mano; gambe quasi tese; schiena neutra,EX280,"In piedi, un manubrio per mano davanti alle cosce, gambe quasi tese, schiena neutra",Spingi il bacino indietro facendo scendere i manubri lungo le gambe;Scendi finche senti tirare i femorali;Risali spingendo il bacino avanti,Schiena arrotondata;Piegare le ginocchia;Manubri lontani dalle gambe,Schiena neutra; gambe quasi tese; manubri vicini al corpo,elastico,"Elastico calpestato a larghezza anche, un capo per mano, braccia distese davanti alle cosce","Piedi a larghezza anche sull'elastico, braccia distese e schiena neutra;Fletti dalle anche con le gambe quasi tese;Scendi fino a sentire l'allungamento degli ischiocrurali;Risali contraendo glutei e ischiocrurali",Curvare la schiena;Piegare troppo le ginocchia;Elastico troppo lasco a inizio movimento: si perde tensione nella parte bassa;Scendere oltre il punto in cui la schiena perde la neutralita,stacco-gambe-tese-manubri
EX282,Stacco da terra bilanciere,Barbell deadlift,dominante anca,glutei,bilanciere,palestra,glutei;ischiocrurali;dorsali;quadricipiti,intermedio,principale,lombare;ginocchia,Bilanciere a terra vicino agli stinchi; schiena neutra; spinta di gambe e anche,EX283,"In piedi, bilanciere a terra vicino agli stinchi, presa prona a larghezza spalle, schiena neutra, petto alto",Spingi da gambe e anche sollevando il bilanciere lungo il corpo;Estendi fino a stazione eretta;Scendi controllato invertendo il movimento,Schiena arrotondata;Bacino che sale prima del petto;Bilanciere lontano dagli stinchi,Schiena neutra; bilanciere vicino al corpo; petto e bacino salgono insieme,elastico,"Stacco da terra con bilanciere reso con elastico calpestato e maniglie ai lati, hip hinge completo.","Piedi a larghezza anche sull'elastico, maniglie ai lati;Hip hinge scendendo con schiena neutra e core attivo;Ginocchia che si piegano quel tanto da raggiungere la tensione;Risali estendendo anca e ginocchia insieme, glutei in chiusura",Schiena curva: rischio lombare;Bacino che sale prima delle spalle;Elastico poco teso;Iperestensione in chiusura,stacco-da-terra-bilanciere
EX283,Stacco da terra manubri,Dumbbell deadlift,dominante anca,glutei,manubri,casa;libero;palestra,glutei;ischiocrurali;dorsali;quadricipiti,principiante,principale,lombare;ginocchia,Un manubrio per mano a terra; schiena neutra; spinta di gambe e anche,EX282,"In piedi, un manubrio per mano a terra ai lati dei piedi, schiena neutra, petto alto",Spingi da gambe e anche sollevando i manubri lungo il corpo;Estendi fino a stazione eretta;Scendi controllato,Schiena arrotondata;Bacino che sale prima del petto;Manubri lontani dal corpo,Schiena neutra; manubri vicini alle gambe,,,,,stacco-da-terra-manubri
EX284,Stacco da terra trap bar,Trap bar deadlift,dominante anca,glutei,trap bar,palestra,glutei;ischiocrurali;quadricipiti;dorsali,principiante,principale,lombare;ginocchia,Dentro la trap bar; presa neutra ai lati; schiena neutra,EX282,"In piedi dentro la trap bar, presa neutra alle maniglie laterali, schiena neutra, petto alto",Spingi da gambe e anche sollevando la trap bar;Estendi fino a stazione eretta;Scendi controllato,Schiena arrotondata;Bacino che sale prima del petto;Ginocchia che cedono,Schiena neutra; la presa neutra riduce lo stress lombare,,,,,stacco-da-terra-trap-bar
EX285,Stacco da terra macchina presa neutra,Machine low-pulley deadlift with neutral grip,dominante anca,glutei,macchina,palestra,glutei;ischiocrurali;dorsali;quadricipiti,principiante,principale,lombare;ginocchia,Macchina con carrucola bassa; presa neutra; schiena neutra,EX282,"In piedi alla macchina low-pulley, presa neutra alla barra, schiena neutra, petto alto",Spingi da gambe e anche sollevando il carico lungo il corpo;Estendi fino a stazione eretta;Scendi controllato,Schiena arrotondata;Bacino che sale prima del petto;Strappo iniziale,Schiena neutra; movimento fluido senza strappi,elastico,"Stacco alla macchina a presa neutra reso con elastico calpestato e maniglie ai lati (presa neutra), hip hinge completo.","Piedi a larghezza anche sull'elastico, maniglie ai lati con palmi rivolti al corpo;Hip hinge con schiena neutra e core attivo;Scendi fino a tensione, ginocchia semipiegate;Risali estendendo anca e ginocchia, glutei contratti",Schiena che si arrotonda;Spalle che cedono avanti;Elastico lasco;Iperestensione lombare in cima,stacco-da-terra-macchina-presa-neutra
EX286,Stacco rumeno manubri,Dumbbell romanian deadlift,dominante anca,ischiocrurali,manubri,casa;libero;palestra,ischiocrurali;glutei;dorsali,intermedio,principale,lombare;ischiocrurali,Un manubrio per mano; gambe leggermente flesse; schiena neutra,EX018,"In piedi, un manubrio per mano davanti alle cosce, ginocchia leggermente flesse, schiena neutra",Spingi il bacino indietro facendo scendere i manubri lungo le gambe;Scendi finche senti tirare i femorali;Risali spingendo il bacino avanti,Schiena arrotondata;Manubri lontani dalle gambe;Flettere troppo le ginocchia,Schiena neutra; movimento dall'anca; manubri vicini al corpo,elastico,"Elastico calpestato a larghezza anche, un capo per mano, braccia distese davanti alle cosce","Piedi a larghezza anche sull'elastico, braccia distese e schiena neutra;Spingi il bacino indietro con le ginocchia leggermente piegate;Scendi mantenendo l'elastico vicino alle gambe;Risali spingendo il bacino in avanti e contraendo i glutei",Curvare la schiena;Trasformare il movimento in uno squat;Elastico troppo lasco a inizio movimento: si perde tensione nella parte bassa;Allontanare l'elastico dalle gambe,stacco-rumeno-manubri
EX287,Stacco rumeno una gamba palla medica,Single-leg romanian deadlift with medicine ball,dominante anca,ischiocrurali,palla medica,casa;libero;palestra,ischiocrurali;glutei;core,intermedio,principale,lombare;equilibrio,Una gamba per volta; palla al petto; gamba libera si estende indietro,EX288,"In piedi su una gamba, palla medica tenuta al petto, gamba libera pronta a estendersi indietro",Spingi il bacino indietro inclinando il busto avanti e la gamba libera indietro;Scendi finche il busto e la gamba sono paralleli a terra;Risali controllato;Ripeti poi cambia gamba,Schiena arrotondata;Perdita di equilibrio;Ruotare il bacino,Bacino orizzontale; busto e gamba in linea; movimento lento e controllato,,,,,stacco-rumeno-una-gamba-palla-medica
EX288,Stacco rumeno una gamba multipower,Smith machine unilateral romanian deadlift,dominante anca,ischiocrurali,multipower,palestra,ischiocrurali;glutei;dorsali,intermedio,principale,lombare;equilibrio,Bilanciere guidato; una gamba per volta; gamba libera indietro,EX289,"In piedi al multipower su una gamba, bilanciere davanti alle cosce, gamba libera pronta a estendersi indietro",Spingi il bacino indietro facendo scendere il bilanciere e la gamba libera indietro;Scendi finche senti tirare il femorale;Risali controllato;Ripeti poi cambia gamba,Schiena arrotondata;Bacino che ruota;Perdita di equilibrio,Bacino orizzontale; schiena neutra; la guida aiuta la stabilita,elastico,"Stacco rumeno unilaterale al multipower reso con elastico calpestato dalla gamba d'appoggio, maniglia controlaterale.","Elastico sotto il piede d'appoggio, maniglia nella mano opposta, gamba libera che si estende dietro;Hip hinge su una gamba, busto e gamba libera in linea, schiena neutra;Scendi fino allungamento ischiocrurale della gamba d'appoggio;Risali di anca, gluteo contratto, completa il lato",Perdita di equilibrio;Schiena curva;Rotazione del bacino;Ginocchio d'appoggio che collassa,stacco-rumeno-una-gamba-multipower
EX289,Stacco rumeno una gamba bilanciere,Barbell unilateral romanian deadlift,dominante anca,ischiocrurali,bilanciere,palestra,ischiocrurali;glutei;dorsali,avanzato,principale,lombare;equilibrio,Una gamba per volta; bilanciere; richiede equilibrio,EX288,"In piedi su una gamba, bilanciere davanti alle cosce a presa prona, gamba libera pronta indietro",Spingi il bacino indietro facendo scendere il bilanciere lungo la gamba e la gamba libera indietro;Scendi finche senti tirare il femorale;Risali controllato;Ripeti poi cambia gamba,Schiena arrotondata;Bacino che ruota;Perdita di equilibrio,Bacino orizzontale; schiena neutra; bilanciere vicino alla gamba,elastico,Stacco rumeno unilaterale con bilanciere reso con elastico calpestato dalla gamba d'appoggio.,"Elastico sotto il piede d'appoggio, gamba libera dietro;Hip hinge monopodalico, busto e gamba in linea, schiena neutra;Scendi fino allungamento ischiocrurale;Risali estendendo l'anca, gluteo in chiusura, completa il lato",Instabilità;Schiena che si curva;Bacino che ruota;Ginocchio d'appoggio dentro,stacco-rumeno-una-gamba-bilanciere
EX290,Stacco rumeno una gamba kettlebell,Single-leg kettlebell romanian deadlift,dominante anca,ischiocrurali,kettlebell,casa;libero;palestra,ischiocrurali;glutei;core,intermedio,principale,lombare;equilibrio,Kettlebell nella mano opposta alla gamba d'appoggio; gamba libera indietro,EX291,"In piedi su una gamba, kettlebell nella mano opposta, gamba libera pronta a estendersi indietro",Spingi il bacino indietro facendo scendere la kettlebell e la gamba libera indietro;Scendi finche senti tirare il femorale;Risali controllato;Ripeti poi cambia gamba,Schiena arrotondata;Bacino che ruota;Perdita di equilibrio,Bacino orizzontale; schiena neutra; movimento controllato,,,,,stacco-rumeno-una-gamba-kettlebell
EX291,Stacco rumeno una gamba manubri,Single-leg dumbbell romanian deadlift,dominante anca,ischiocrurali,manubri,casa;libero;palestra,ischiocrurali;glutei;core,intermedio,principale,lombare;equilibrio,Un manubrio per mano; una gamba per volta; gamba libera indietro,EX290,"In piedi su una gamba, un manubrio per mano davanti, gamba libera pronta a estendersi indietro",Spingi il bacino indietro facendo scendere i manubri e la gamba libera indietro;Scendi finche senti tirare il femorale;Risali controllato;Ripeti poi cambia gamba,Schiena arrotondata;Bacino che ruota;Perdita di equilibrio,Bacino orizzontale; schiena neutra; manubri vicini alla gamba,elastico,"Elastico calpestato con il piede d'appoggio, un capo in mano, gamba libera pronta a estendersi indietro","In piedi su una gamba sull'elastico, schiena neutra e core attivo;Fletti dall'anca portando la gamba libera indietro come contrappeso;Scendi mantenendo il bacino chiuso e le spalle parallele al pavimento;Risali contraendo gluteo e ischiocrurali",Bacino che ruota verso l'esterno;Curvare la schiena;Perdere l'equilibrio per fretta;Elastico troppo lasco a inizio movimento: si perde tensione nella parte bassa,stacco-rumeno-una-gamba-manubri
EX292,Step-up bilanciere,Barbell step-up,dominante ginocchia,quadricipiti,bilanciere,palestra,quadricipiti;glutei;ischiocrurali,intermedio,principale,ginocchia;equilibrio,Bilanciere sui trapezi; sali alternando le gambe su un rialzo,EX293,"Bilanciere sui trapezi, di fronte a una panca o rialzo stabile, un piede pronto a salire",Sali sul rialzo spingendo con la gamba d'appoggio fino a estensione completa;Scendi controllato con l'altra gamba;Alterna le gambe a ogni ripetizione,Spinta con la gamba a terra invece che con quella sul rialzo;Ginocchio che cede;Slancio del busto,Spingi dalla gamba sul rialzo; ginocchio allineato al piede,elastico,"Step-up con bilanciere reso con elastico calpestato dal piede a terra, salita su rialzo.","Elastico sotto il piede a terra con maniglie alle spalle, davanti a un rialzo stabile;Sali spingendo con la gamba sul rialzo, senza slancio dell'altra;Estendi anca e ginocchio in cima, busto eretto;Scendi controllato con la stessa gamba, completa il lato",Spinta di slancio dalla gamba a terra;Busto che crolla avanti;Rialzo troppo alto per il ginocchio;Discesa non controllata,step-up-bilanciere
EX293,Step-up cavo basso,Cable low-pulley step-up,dominante ginocchia,quadricipiti,cavo,palestra,quadricipiti;glutei;ischiocrurali,intermedio,principale,ginocchia;equilibrio,Cintura o maniglia al cavo basso; una gamba per volta su rialzo,EX292,"Cavo basso agganciato a cintura, di fronte a un rialzo stabile, una gamba pronta a salire",Sali sul rialzo spingendo con la gamba d'appoggio contro la resistenza del cavo;Scendi controllato;Ripeti tutte le ripetizioni poi cambia gamba,Spinta con la gamba a terra;Ginocchio che cede;Slancio,Spingi dalla gamba sul rialzo; ginocchio allineato al piede,elastico,"Step-up al cavo basso reso con elastico calpestato dal piede a terra e maniglie alle spalle, salita su rialzo.","Elastico sotto il piede a terra, maniglie alle spalle, davanti a un rialzo stabile;Sali spingendo con la gamba sul rialzo senza slancio;Estendi anca e ginocchio in cima, busto eretto;Scendi lento con la stessa gamba, completa il lato",Slancio della gamba a terra;Busto in avanti;Altezza eccessiva del rialzo;Discesa di scatto,step-up-cavo-basso
EX294,Curl bilanciere EZ panca Scott seduto,Barbell Preacher Curl,isolamento,bicipiti,bilanciere;panca,palestra,bicipiti;brachiale,intermedio,principale,gomito;polso,Non estendere del tutto in fondo; impugna sulle pieghe della barra EZ,EX014,"Seduto alla panca Scott, parte alta delle braccia sul leggio, bilanciere EZ impugnato sulle pieghe a presa semi-supina","Fletti entrambi i gomiti portando la barra verso le spalle;Eccentrica controllata 2-3 sec senza distendere del tutto;Espira nello sforzo, inspira nel ritorno",Staccare le braccia dal leggio;Estensione brusca in fondo;Slancio,Braccia aderenti al leggio; evita l'iperestensione del gomito a fine discesa,,,,,curl-bilanciere-ez-panca-scott-seduto
EX295,Curl bilanciere EZ panca Scott in piedi,Standing EZ-Bar Preacher Curl,isolamento,bicipiti,bilanciere;panca,palestra,bicipiti;brachiale,intermedio,principale,gomito;polso,Non estendere del tutto in fondo; impugna sulle pieghe della barra EZ,EX294,"In piedi dietro la panca Scott, parte alta delle braccia sul leggio dal lato in piedi, bilanciere EZ a presa semi-supina","Fletti entrambi i gomiti portando la barra verso le spalle;Eccentrica controllata 2-3 sec senza distendere del tutto;Espira nello sforzo, inspira nel ritorno",Staccare le braccia dal leggio;Estensione brusca in fondo;Slancio del busto,Braccia aderenti al leggio; evita l'iperestensione del gomito a fine discesa,,,,,curl-bilanciere-ez-panca-scott-in-piedi
EX296,Curl bilanciere EZ presa inversa,EZ-Bar Reverse Curl,isolamento,avambracci,bilanciere,palestra;casa,brachioradiale;avambracci;bicipiti,principiante,principale;finisher,polso;gomito,Carico più basso del curl classico; se fastidio al polso impugna sulle pieghe della barra EZ,EX271,"In piedi, bilanciere EZ a presa prona (dorso delle mani in alto), braccia distese, busto eretto","Fletti entrambi i gomiti portando la barra verso le spalle mantenendo la presa prona;Eccentrica controllata 2-3 sec;Espira nello sforzo, inspira nel ritorno",Slancio del busto;Estendere i polsi;Range incompleto,Polsi neutri e fermi; la presa inversa sposta il lavoro su brachioradiale e avambraccio,,,,,curl-bilanciere-ez-presa-inversa
EX297,Curl bilanciere EZ presa larga,Wide-Grip EZ-Bar Curl,isolamento,bicipiti,bilanciere,palestra;casa,bicipiti;brachiale,principiante,principale,gomito;polso,Impugna sulle pieghe esterne della barra EZ; busto fermo,EX271,"In piedi, bilanciere EZ impugnato sulle pieghe esterne (presa larga semi-supina), braccia distese","Fletti entrambi i gomiti portando la barra verso le spalle;Eccentrica controllata 2-3 sec;Espira nello sforzo, inspira nel ritorno",Slancio del busto;Gomiti che avanzano;Range incompleto,Gomiti fermi lungo i fianchi; presa larga enfatizza il capo corto,,,,,curl-bilanciere-ez-presa-larga
EX298,Curl bilanciere EZ presa stretta,EZ-Bar Curl,isolamento,bicipiti,bilanciere,palestra;casa,bicipiti;brachiale,principiante,principale,gomito;polso,Impugna sulle pieghe interne della barra EZ; busto fermo,EX271,"In piedi, bilanciere EZ impugnato sulle pieghe interne (presa stretta semi-supina), braccia distese","Fletti entrambi i gomiti portando la barra verso le spalle;Eccentrica controllata 2-3 sec;Espira nello sforzo, inspira nel ritorno",Slancio del busto;Gomiti che avanzano;Range incompleto,Gomiti fermi lungo i fianchi; presa stretta enfatizza il capo lungo,,,,,curl-bilanciere-ez-presa-stretta
EX299,Curl bilanciere EZ seduto,Seated EZ-Bar Curl,isolamento,bicipiti,bilanciere;panca,palestra,bicipiti;brachiale,principiante,principale,gomito;polso,Impugna sulle pieghe della barra EZ; schiena eretta,EX271,"Seduto sul bordo di una panca piana, bilanciere EZ a presa semi-supina, braccia distese ai lati","Fletti entrambi i gomiti portando la barra verso le spalle;Eccentrica controllata 2-3 sec;Espira nello sforzo, inspira nel ritorno",Slancio del busto;Gomiti che avanzano;Range incompleto,Da seduto è più difficile barare col busto: sfrutta lo stretto controllo,,,,,curl-bilanciere-ez-seduto
EX300,Curl croce cavi alti,High Cable Crucifix Curl,isolamento,bicipiti,cavo,palestra,bicipiti;brachiale,intermedio,principale;finisher,spalla;gomito,Regola i cavi all'altezza delle spalle; riduci carico se fastidio alla spalla,EX303,"In piedi al centro del cross-over, un'impugnatura per mano dai cavi alti, braccia aperte a croce all'altezza delle spalle, presa supina","Fletti entrambi i gomiti portando le mani verso le tempie;Gomiti alti e fermi, braccia parallele al pavimento;Eccentrica controllata 2-3 sec;Espira nello sforzo, inspira nel ritorno",Abbassare i gomiti;Avanzare col busto;Range incompleto,"Gomiti sempre all'altezza delle spalle: è un curl di picco, carichi bassi",elastico,"Elastico ancorato in alto ai due lati al posto dei cavi alti, braccia aperte a croce","In piedi al centro, elastico ancorato in alto ai due lati, una maniglia per mano, braccia aperte all'altezza delle spalle, presa supina;Fletti entrambi i gomiti portando le mani verso le tempie;Gomiti alti e fermi, braccia parallele al pavimento;Eccentrica controllata 2-3 sec",Abbassare i gomiti;Avanzare col busto;Range incompleto,curl-croce-cavi-alti
EX301,Curl croci cavi bassi panca inclinata,Incline Bench Supine Cable Curl,isolamento,bicipiti,cavo;panca,palestra,bicipiti;brachiale,intermedio,principale;finisher,spalla;gomito,Riduci carico se fastidio alla spalla in allungo; braccia lungo il corpo,EX302,"Sdraiato supino su panca inclinata tra due cavi bassi, un'impugnatura per mano, braccia distese verso il basso in massimo allungo, presa supina","Fletti entrambi i gomiti portando le mani verso le spalle;Gomiti fermi lungo il corpo;Eccentrica controllata 2-3 sec sfruttando l'allungo;Espira nello sforzo, inspira nel ritorno",Muovere i gomiti in avanti;Perdere l'allungo iniziale;Range incompleto,La panca inclinata dà massimo stiramento: controlla l'eccentrica,elastico+panca,"Elastico ancorato in basso ai lati della panca inclinata, stesso allungo iniziale","Supino su panca inclinata, elastico ancorato in basso ai due lati, una maniglia per mano, braccia distese in massimo allungo, presa supina;Fletti entrambi i gomiti portando le mani verso le spalle;Gomiti fermi lungo il corpo;Eccentrica controllata 2-3 sec sfruttando l'allungo",Muovere i gomiti in avanti;Perdere l'allungo iniziale;Range incompleto,curl-croci-cavi-bassi-panca-inclinata
EX302,Curl barra cavo panca piana,Bench Cable Straight-Bar Curl,isolamento,bicipiti,cavo;panca,palestra,bicipiti;brachiale,intermedio,principale;finisher,spalla;gomito,Regola la panca sotto al cavo alto; riduci carico se fastidio alla spalla,EX301,"Sdraiato supino su panca piana sotto un cavo alto, barra dritta agganciata, braccia distese sopra la testa, presa supina","Fletti entrambi i gomiti portando la barra verso la fronte;Gomiti alti e fermi;Eccentrica controllata 2-3 sec;Espira nello sforzo, inspira nel ritorno",Abbassare i gomiti;Slancio;Range incompleto,Gomiti fissi: solo l'avambraccio si muove; carichi moderati,elastico+panca,"Elastico ancorato in alto dietro la panca, impugnato a due mani al posto della barra","Supino su panca piana, elastico ancorato in alto dietro la testa, una maniglia per mano vicine, braccia distese sopra la testa, presa supina;Fletti entrambi i gomiti portando le mani verso la fronte;Gomiti alti e fermi;Eccentrica controllata 2-3 sec",Abbassare i gomiti;Slancio;Range incompleto,curl-barra-cavo-panca-piana
EX303,Curl cavo barra EZ,High Cable EZ-Bar Curl,isolamento,bicipiti,cavo,palestra,bicipiti;brachiale,intermedio,principale;finisher,spalla;gomito,Regola il cavo in alto; gomiti all'altezza delle spalle,EX300,"In piedi davanti al cavo alto, barra EZ agganciata, braccia in alto verso la puleggia, presa semi-supina","Fletti entrambi i gomiti portando la barra verso il viso;Gomiti alti e fermi;Eccentrica controllata 2-3 sec;Espira nello sforzo, inspira nel ritorno",Abbassare i gomiti;Avanzare col busto;Range incompleto,Gomiti all'altezza delle spalle per tutta la serie: curl di picco,elastico,"Elastico ancorato in alto al posto del cavo alto, presa semi-supina a due mani","In piedi davanti all'ancoraggio alto, una maniglia per mano, braccia in alto verso l'ancoraggio, presa semi-supina;Fletti entrambi i gomiti portando le mani verso il viso;Gomiti alti e fermi;Eccentrica controllata 2-3 sec",Abbassare i gomiti;Avanzare col busto;Range incompleto,curl-cavo-barra-ez
EX304,Curl cavo basso barra EZ,Cable EZ-Bar Curl,isolamento,bicipiti,cavo,palestra,bicipiti;brachiale,principiante,principale,gomito;polso,Regola il cavo in basso; busto fermo,EX271,"In piedi davanti al cavo basso, barra EZ agganciata, braccia distese in basso, presa semi-supina, busto eretto","Fletti entrambi i gomiti portando la barra verso le spalle;Gomiti fermi lungo i fianchi;Eccentrica controllata 2-3 sec;Espira nello sforzo, inspira nel ritorno",Slancio del busto;Gomiti che avanzano;Range incompleto,Il cavo mantiene tensione costante: controlla la discesa,elastico,"Elastico sotto i piedi al posto del cavo basso, presa semi-supina a due mani","In piedi sull'elastico a larghezza spalle, una maniglia per mano, braccia distese in basso, presa semi-supina, busto eretto;Fletti entrambi i gomiti portando le mani verso le spalle;Gomiti fermi lungo i fianchi;Eccentrica controllata 2-3 sec",Slancio del busto;Gomiti che avanzano;Range incompleto,curl-cavo-basso-barra-ez
EX305,Curl squat cavo basso,Squatting Cable Curl,isolamento,bicipiti,cavo,palestra,bicipiti;brachiale,intermedio,finisher,gomito;ginocchia,Mantieni la posizione di squat comoda e stabile; riduci carico per non perdere l'assetto,EX304,"Accovacciato in posizione di squat davanti al cavo basso, gomiti appoggiati all'interno delle cosce, impugnatura a presa supina","Fletti i gomiti portando l'impugnatura verso le spalle;Gomiti fermi contro le cosce (effetto concentration);Eccentrica controllata 2-3 sec;Espira nello sforzo, inspira nel ritorno",Alzarsi dallo squat;Staccare i gomiti dalle cosce;Range incompleto,"Cosce come leggio Scott: isolamento massimo, carichi bassi",elastico,"Elastico sotto i piedi, gomiti appoggiati all'interno delle cosce in posizione di squat","Accovacciato in squat, elastico sotto i piedi, gomiti appoggiati all'interno delle cosce, presa supina;Fletti i gomiti portando le maniglie verso le spalle;Gomiti fermi contro le cosce;Eccentrica controllata 2-3 sec",Alzarsi dallo squat;Staccare i gomiti dalle cosce;Range incompleto,curl-squat-cavo-basso
EX306,Curl cavo basso panca inclinata,Incline Bench Supine Cable Curl,isolamento,bicipiti,cavo;panca,palestra;casa,bicipiti;brachiale,intermedio,principale;finisher,spalla;gomito,Riduci carico se fastidio alla spalla in allungo,EX301,"Supino su panca inclinata davanti a un cavo basso, impugnatura a presa supina, braccia distese in basso in allungo","Fletti i gomiti portando l'impugnatura verso le spalle;Gomiti fermi lungo il corpo;Eccentrica 2-3 sec;Espira nello sforzo, inspira nel ritorno",Gomiti in avanti;Perdere l'allungo;Range incompleto,Massimo stiramento sulla panca inclinata: controlla l'eccentrica,elastico,Elastico a tubo ancorato in basso davanti alla panca inclinata,Stesso gesto: fletti i gomiti verso le spalle mantenendo la tensione dell'elastico,Ancoraggio troppo alto che annulla l'allungo,curl-cavo-basso-panca-inclinata
EX307,Curl cavo basso panca Scott,Cable Preacher Curl,isolamento,bicipiti,cavo;panca,palestra;casa,bicipiti;brachiale,intermedio,principale,gomito,Non estendere del tutto in fondo sotto carico,EX061,"Seduto alla panca Scott davanti a un cavo basso, braccia sul leggio, impugnatura a presa supina","Fletti i gomiti portando l'impugnatura verso le spalle;Eccentrica 2-3 sec senza distendere del tutto;Espira nello sforzo, inspira nel ritorno",Staccare le braccia dal leggio;Estensione brusca in fondo;Slancio,Braccia aderenti al leggio; evita l'iperestensione del gomito,elastico,Elastico a tubo ancorato in basso + panca Scott o supporto inclinato,"Braccia sul supporto inclinato, fletti i gomiti con l'elastico teso",Supporto instabile; gomiti che scivolano,curl-cavo-basso-panca-scott
EX308,Curl hammer corda cavo basso,Cable Rope Hammer Curl,isolamento,bicipiti,cavo,palestra;casa,bicipiti;brachiale;brachioradiale,principiante,principale;finisher,gomito,Busto fermo; gomiti lungo i fianchi,EX060,"In piedi davanti al cavo basso, corda agganciata impugnata a presa neutra (martello), braccia distese","Fletti i gomiti portando la corda verso le spalle mantenendo la presa neutra;Eccentrica 2-3 sec;Espira nello sforzo, inspira nel ritorno",Slancio del busto;Ruotare i polsi;Range incompleto,Presa neutra costante: coinvolge brachiale e brachioradiale,elastico,Elastico a tubo con doppia impugnatura ancorato in basso,"Impugnatura neutra, fletti i gomiti verso le spalle con l'elastico teso",Elastico troppo corto che limita il range,curl-hammer-corda-cavo-basso
EX309,Curl macchina panca Scott,Machine Preacher Curl,isolamento,bicipiti,macchina,palestra,bicipiti;brachiale,principiante,principale,gomito,Regola sedile e leva; non estendere del tutto in fondo,EX061,"Seduto alla macchina curl con appoggio Scott, braccia sul cuscino, impugnatura a presa supina","Fletti i gomiti portando l'impugnatura verso le spalle;Eccentrica 2-3 sec;Espira nello sforzo, inspira nel ritorno",Staccare le braccia dal cuscino;Estensione brusca;Slancio del busto,Braccia sempre sul cuscino: isolamento massimo,elastico,Elastico a tubo ancorato in basso + panca Scott,"Braccia sul leggio, fletti i gomiti con l'elastico teso",Supporto inclinato assente o instabile,curl-macchina-panca-scott
EX310,Curl hammer macchina panca Scott,Machine Preacher Hammer Curl,isolamento,bicipiti,macchina,palestra,bicipiti;brachiale;brachioradiale,principiante,principale,gomito,Regola sedile e leva; non estendere del tutto in fondo,EX309,"Seduto alla macchina curl con appoggio Scott, braccia sul cuscino, impugnatura a presa neutra (martello)","Fletti i gomiti portando l'impugnatura verso le spalle a presa neutra;Eccentrica 2-3 sec;Espira nello sforzo, inspira nel ritorno",Staccare le braccia dal cuscino;Ruotare la presa;Slancio,Presa neutra costante: più carico su brachiale e brachioradiale,elastico,"Elastico a tubo ancorato in basso + panca Scott, impugnatura neutra","Braccia sul leggio, fletti i gomiti a presa neutra con l'elastico teso",Supporto inclinato assente; presa che ruota,curl-hammer-macchina-panca-scott
EX311,Curl macchina,Machine Curl,isolamento,bicipiti,macchina,palestra,bicipiti;brachiale,principiante,principale,gomito,Regola sedile e impugnature all'altezza delle spalle,EX010,"Seduto alla macchina curl, schiena appoggiata, impugnature laterali a presa supina, gomiti in linea con l'asse","Fletti i gomiti portando le impugnature verso le spalle;Eccentrica 2-3 sec;Espira nello sforzo, inspira nel ritorno",Staccare la schiena;Slancio;Range incompleto,Schiena aderente allo schienale: isola i bicipiti,elastico,"Elastico a tubo ancorato all'altezza delle spalle, da seduto","Seduto, fletti i gomiti verso le spalle con l'elastico teso",Ancoraggio troppo basso; busto che si sposta,curl-macchina
EX312,Curl Zottman manubri seduto,Seated Zottman Curl,isolamento,bicipiti,manubri;panca,palestra;casa,bicipiti;brachiale;brachioradiale;avambracci,intermedio,principale;finisher,gomito;polso,Carico moderato: la fase inversa affatica i polsi,EX296,"Seduto sul bordo di una panca, un manubrio per mano, braccia distese, presa supina","Sali a presa supina;In alto ruota i polsi a presa prona;Scendi controllato a presa prona;In basso torna supino;Espira in salita, inspira in discesa",Discesa troppo veloce;Rotazione incompleta dei polsi;Slancio,Discesa prona lenta: è la fase che allena avambracci e brachioradiale,elastico,"Elastico a tubo sotto i piedi, un capo per mano","Sali supino, ruota prono in alto, scendi prono con l'elastico teso",Tensione insufficiente in alto per sentire la rotazione,curl-zottman-manubri-seduto
EX313,Curl diagonale manubri,Diagonal Dumbbell Curl,isolamento,bicipiti,manubri,palestra;casa,bicipiti;brachiale,principiante,principale,gomito,Busto fermo; traiettoria leggermente verso l'esterno,EX314,"In piedi, un manubrio per mano lungo i fianchi, presa supina, busto eretto","Fletti i gomiti portando i manubri in diagonale verso l'esterno delle spalle;Eccentrica 2-3 sec;Espira nello sforzo, inspira nel ritorno",Slancio del busto;Gomiti che avanzano;Range incompleto,Traiettoria diagonale: enfasi sul capo esterno del bicipite,elastico,"Elastico a tubo sotto i piedi, un capo per mano",Fletti i gomiti in diagonale verso l'esterno con l'elastico teso,Tensione che si scarica a fine movimento,curl-diagonale-manubri
EX314,Curl manubri in piedi,Standing Dumbbell Curl,isolamento,bicipiti,manubri,palestra;casa,bicipiti;brachiale,principiante,principale,gomito,Busto fermo; gomiti lungo i fianchi,EX024,"In piedi, un manubrio per mano lungo i fianchi, presa supina, busto eretto","Fletti entrambi i gomiti portando i manubri verso le spalle;Eccentrica 2-3 sec;Espira nello sforzo, inspira nel ritorno",Slancio del busto;Gomiti che avanzano;Range incompleto,Gomiti fermi lungo i fianchi: muovi solo gli avambracci,elastico,"Elastico a tubo sotto i piedi, un capo per mano",Fletti entrambi i gomiti verso le spalle con l'elastico teso,Elastico troppo lasco a inizio movimento,curl-manubri-in-piedi
EX315,Curl rotazione manubri panca inclinata,Incline Dumbbell Curl,isolamento,bicipiti,manubri;panca,palestra;casa,bicipiti;brachiale,intermedio,principale;finisher,gomito;spalla,Schiena aderente allo schienale; riduci carico se fastidio alla spalla,EX012,"Seduto su panca inclinata, schiena appoggiata, un manubrio per mano, braccia distese verso il basso, presa supina","Fletti entrambi i gomiti portando i manubri verso le spalle;Massimo allungo in basso;Eccentrica 2-3 sec;Espira nello sforzo, inspira nel ritorno",Slancio con le spalle;Gomiti in avanti;Range incompleto,Gomiti dietro il busto: sfrutta l'allungo della panca inclinata,elastico,Elastico a tubo ancorato in basso dietro la panca inclinata,"Braccia in allungo dietro il busto, fletti i gomiti con l'elastico teso",Ancoraggio troppo avanti che annulla l'allungo,curl-rotazione-manubri-panca-inclinata
EX316,Curl presa inversa manubri,Dumbbell Reverse Curl,isolamento,avambracci,manubri,palestra;casa,brachioradiale;avambracci;bicipiti,principiante,principale;finisher,polso;gomito,Carico più basso del curl classico,EX296,"In piedi, un manubrio per mano, presa prona (dorso mani in alto), braccia distese","Fletti entrambi i gomiti mantenendo la presa prona;Eccentrica 2-3 sec;Espira nello sforzo, inspira nel ritorno",Slancio del busto;Estendere i polsi;Range incompleto,Polsi neutri e fermi; enfasi su brachioradiale e avambraccio,elastico,"Elastico a tubo sotto i piedi, presa prona",Fletti i gomiti a presa prona con l'elastico teso,Polso che cede in estensione,curl-presa-inversa-manubri
EX317,Curl hammer manubri arm blaster,Arm Blaster Dumbbell Hammer Curl,isolamento,bicipiti,manubri,palestra,bicipiti;brachiale;brachioradiale,intermedio,principale,gomito,Regola la fascia comoda al collo,EX060,"In piedi, Arm Blaster al collo, gomiti fermi sulla piastra, un manubrio per mano a presa neutra","Fletti entrambi i gomiti a presa neutra, gomiti sempre sulla piastra;Eccentrica 2-3 sec;Espira nello sforzo, inspira nel ritorno",Staccare i gomiti dalla piastra;Slancio;Range incompleto,L'Arm Blaster blocca i gomiti: non serve slanciare,elastico,"Elastico a tubo calpestato a metà, un capo per mano, presa neutra, gomiti bloccati contro il busto","In piedi sull'elastico, braccia distese lungo i fianchi con la tensione già presente;Fletti i gomiti verso le spalle mantenendoli fermi contro il busto;Contrai in alto un istante;Ritorno lento 3 sec senza far collassare l'elastico",Elastico troppo lasco a inizio movimento: si perde tensione nella parte bassa;Gomiti che si spostano in avanti;Busto che oscilla per aiutare la salita;Slanciare per vincere il picco di resistenza in alto,curl-hammer-manubri-arm-blaster
EX318,Curl hammer panca Scott,Dumbbell Hammer Preacher Curl,isolamento,bicipiti,manubri;panca,palestra,bicipiti;brachiale;brachioradiale,intermedio,principale,gomito,Non estendere del tutto in fondo,EX061,"Seduto alla panca Scott, braccia sul leggio, un manubrio per mano a presa neutra","Fletti entrambi i gomiti a presa neutra;Eccentrica 2-3 sec senza distendere del tutto;Espira nello sforzo, inspira nel ritorno",Staccare le braccia dal leggio;Estensione brusca;Slancio,Braccia aderenti al leggio; evita l'iperestensione del gomito,,,,,curl-hammer-panca-scott
EX319,Croci cavi medi presa prona,Cable fly pronated grip,isolamento,petto,cavi,palestra,pettorale;deltoide anteriore,principiante,finisher,spalle,"spalle: gomiti morbidi, presa prona enfatizza leggermente la parte alta del petto",EX207,"In piedi al centro della torre a cavi, pulegge all altezza spalle, presa prona (palmi verso il basso) una maniglia per mano, leggero passo avanti",Porta le mani in avanti davanti al petto in arco con presa prona;Ritorno controllato in apertura 2-3 sec;Gomiti fissi leggermente flessi,Gomiti che si flettono a fine corsa;Polso che cede per via della presa prona;Busto che si inclina per aiutarsi,Mantenere il polso stabile durante tutto il movimento con la presa prona,elastico,"Elastico ancorato all'altezza delle spalle, presa prona come nella versione a cavi","Ancora l'elastico all'altezza delle spalle dietro di te, presa prona una maniglia per mano;Porta le mani in avanti davanti al petto in arco mantenendo la presa prona;Ritorno controllato in apertura 2-3 sec;Gomiti fissi leggermente flessi",Gomiti che si flettono a fine corsa;Polso che cede per via della presa prona;Busto che si inclina per aiutarsi,croci-cavi-medi-presa-prona
EX320,Curl manubri panca verticale,Dumbbell Curl vertical bench,isolamento,bicipiti,manubri;panca,palestra;casa,bicipiti;brachiale,principiante,principale,gomito,Schiena aderente allo schienale verticale,EX314,"Seduto su panca con schienale a 90°, schiena appoggiata, un manubrio per mano, braccia distese","Fletti entrambi i gomiti verso le spalle;Eccentrica 2-3 sec;Espira nello sforzo, inspira nel ritorno",Slancio con le spalle;Staccare la schiena dallo schienale;Range incompleto,Schienale verticale isola meglio il bicipite: niente slancio,elastico,"Elastico a tubo sotto i piedi, da seduto con schiena dritta",Fletti i gomiti verso le spalle con l'elastico teso,Perdere la schiena dritta,curl-manubri-panca-verticale
EX321,Curl hammer manubri,Standing Dumbbell Hammer Curl,isolamento,bicipiti,manubri,palestra;casa,bicipiti;brachiale;brachioradiale,principiante,principale;finisher,gomito;polso,Riduci carico se fastidio al polso; busto fermo,EX060,"In piedi, un manubrio per mano lungo i fianchi, presa neutra, busto eretto","Fletti entrambi i gomiti portando i manubri verso le spalle a presa neutra;Eccentrica 2-3 sec;Espira nello sforzo, inspira nel ritorno",Slancio del busto;Ruotare il polso;Range incompleto,Presa neutra costante: coinvolge brachiale e brachioradiale,elastico,"Elastico a tubo sotto i piedi, presa neutra",Fletti i gomiti a presa neutra con l'elastico teso,Busto che oscilla,curl-hammer-manubri
EX324,Curl un braccio cavo alto,Cable Single-Arm Curl,isolamento,bicipiti,cavo alto,palestra,bicipiti;brachiale;brachioradiale,intermedio,principale;finisher,gomito;polso,gomito: riduci il range e il carico se fastidio; evita di bloccare l'articolazione a fine movimento.,,"Posizione stabile, core in leggera tensione, presa salda sull'attrezzo indicato.","Fletti controllando il movimento fino a contrazione piena;Eccentrica lenta 2-3 sec;Espira nello sforzo, inspira nel ritorno",Slancio con schiena/spalle;Gomito che si sposta dalla posizione;Range incompleto,Non bloccare il gomito in estensione a fine ripetizione.,elastico,"Elastico ancorato in alto al posto del cavo alto, lavoro a un braccio","In piedi davanti all'ancoraggio alto, una maniglia nella mano che lavora, gomito alto e fermo;Fletti controllando fino a contrazione piena;Eccentrica lenta 2-3 sec contro il ritorno dell'elastico;Completa le ripetizioni, poi cambia braccio",Slancio del busto per vincere la tensione;Gomiti che si spostano dalla posizione;Range incompleto perche' l'elastico si irrigidisce a fine corsa,curl-un-braccio-cavo-alto
EX325,Curl un braccio dietro schiena cavo basso,Behind The Back Cable Single-Arm Curl,isolamento,bicipiti,cavo basso,palestra,bicipiti;brachiale;brachioradiale,intermedio,principale;finisher,gomito;polso,gomito: riduci il range e il carico se fastidio; evita di bloccare l'articolazione a fine movimento.,,"Posizione stabile, core in leggera tensione, presa salda sull'attrezzo indicato.","Fletti controllando il movimento fino a contrazione piena;Eccentrica lenta 2-3 sec;Espira nello sforzo, inspira nel ritorno",Slancio con schiena/spalle;Gomito che si sposta dalla posizione;Range incompleto,Non bloccare il gomito in estensione a fine ripetizione.,elastico,"Elastico ancorato in basso dietro di te, braccio che lavora dietro la linea del corpo","In piedi con l'ancoraggio basso dietro, una maniglia nella mano che lavora, braccio dietro la linea del busto;Fletti controllando fino a contrazione piena senza portare il gomito avanti;Eccentrica lenta 2-3 sec;Completa le ripetizioni, poi cambia braccio",Slancio del busto per vincere la tensione;Gomiti che si spostano dalla posizione;Range incompleto perche' l'elastico si irrigidisce a fine corsa,curl-un-braccio-dietro-schiena-cavo-basso
EX326,Curl un braccio panca Scott cavo basso,Cable Single-Arm Preacher Curl,isolamento,bicipiti,cavo basso;panca Scott,palestra,bicipiti;brachiale;brachioradiale,intermedio,principale;finisher,gomito;polso,gomito: riduci il range e il carico se fastidio; evita di bloccare l'articolazione a fine movimento.,,"Posizione stabile, core in leggera tensione, presa salda sull'attrezzo indicato.","Fletti controllando il movimento fino a contrazione piena;Eccentrica lenta 2-3 sec;Espira nello sforzo, inspira nel ritorno",Slancio con schiena/spalle;Gomito che si sposta dalla posizione;Range incompleto,Non bloccare il gomito in estensione a fine ripetizione.,elastico+panca,"Elastico sotto il piede o ancorato basso, braccio appoggiato al leggio della panca Scott","Seduto alla panca Scott, elastico ancorato in basso davanti, una maniglia nella mano che lavora, braccio appoggiato al leggio;Fletti controllando fino a contrazione piena;Eccentrica lenta 2-3 sec senza staccare il braccio dal leggio;Completa le ripetizioni, poi cambia braccio",Slancio del busto per vincere la tensione;Gomiti che si spostano dalla posizione;Range incompleto perche' l'elastico si irrigidisce a fine corsa,curl-un-braccio-panca-scott-cavo-basso
EX327,Curl concentrato un braccio cavo basso,Seated Cable Concentration Curl,isolamento,bicipiti,cavo basso;panca,palestra,bicipiti;brachiale;brachioradiale,intermedio,principale;finisher,gomito;polso,gomito: riduci il range e il carico se fastidio; evita di bloccare l'articolazione a fine movimento.,,"Posizione stabile, core in leggera tensione, presa salda sull'attrezzo indicato.","Fletti controllando il movimento fino a contrazione piena;Eccentrica lenta 2-3 sec;Espira nello sforzo, inspira nel ritorno",Slancio con schiena/spalle;Gomito che si sposta dalla posizione;Range incompleto,Non bloccare il gomito in estensione a fine ripetizione.,elastico+panca,"Elastico ancorato in basso, gomito appoggiato all'interno della coscia da seduto","Seduto sul bordo della panca, elastico ancorato in basso davanti, una maniglia nella mano che lavora, gomito appoggiato all'interno della coscia;Fletti controllando fino a contrazione piena;Eccentrica lenta 2-3 sec;Completa le ripetizioni, poi cambia braccio",Slancio del busto per vincere la tensione;Gomiti che si spostano dalla posizione;Range incompleto perche' l'elastico si irrigidisce a fine corsa,curl-concentrato-un-braccio-cavo-basso
EX328,Curl hammer un braccio corda cavo,Cable Rope Single-Arm Hammer Curl,isolamento,bicipiti,cavo basso;corda,palestra,bicipiti;brachiale;brachioradiale,intermedio,principale;finisher,gomito;polso,gomito: riduci il range e il carico se fastidio; evita di bloccare l'articolazione a fine movimento.,,"Posizione stabile, core in leggera tensione, presa salda sull'attrezzo indicato.","Fletti controllando il movimento fino a contrazione piena;Eccentrica lenta 2-3 sec;Espira nello sforzo, inspira nel ritorno",Slancio con schiena/spalle;Gomito che si sposta dalla posizione;Range incompleto,Non bloccare il gomito in estensione a fine ripetizione.,elastico,"Elastico sotto il piede al posto del cavo basso, presa neutra al posto della corda","In piedi, elastico sotto il piede, una maniglia nella mano che lavora con presa neutra, gomito fermo al fianco;Fletti mantenendo il pollice verso l'alto fino a contrazione piena;Eccentrica lenta 2-3 sec;Completa le ripetizioni, poi cambia braccio",Slancio del busto per vincere la tensione;Gomiti che si spostano dalla posizione;Range incompleto perche' l'elastico si irrigidisce a fine corsa,curl-hammer-un-braccio-corda-cavo
EX329,Curl un braccio corpo libero seduto,Bodyweight Single-Arm Self-Resisted Curl,isolamento,bicipiti,corpo libero,casa;palestra;libero,bicipiti;brachiale;brachioradiale,principiante,principale;finisher,gomito;polso,gomito: riduci il range e il carico se fastidio; evita di bloccare l'articolazione a fine movimento.,,"Posizione stabile, core in leggera tensione, presa salda sull'attrezzo indicato.","Fletti controllando il movimento fino a contrazione piena;Eccentrica lenta 2-3 sec;Espira nello sforzo, inspira nel ritorno",Slancio con schiena/spalle;Gomito che si sposta dalla posizione;Range incompleto,Non bloccare il gomito in estensione a fine ripetizione.,,,,,curl-un-braccio-corpo-libero-seduto
EX330,Curl hammer manubri un braccio panca verticale,Seated Unilateral Dumbbell Hammer Curl,isolamento,bicipiti,manubri;panca,palestra;casa,bicipiti;brachiale;brachioradiale,intermedio,principale;finisher,gomito;polso,gomito: riduci il range e il carico se fastidio; evita di bloccare l'articolazione a fine movimento.,,"Posizione stabile, core in leggera tensione, presa salda sull'attrezzo indicato.","Fletti controllando il movimento fino a contrazione piena;Eccentrica lenta 2-3 sec;Espira nello sforzo, inspira nel ritorno",Slancio con schiena/spalle;Gomito che si sposta dalla posizione;Range incompleto,Non bloccare il gomito in estensione a fine ripetizione.,,,,,curl-hammer-manubri-un-braccio-panca-verticale
EX331,Curl un braccio manubrio panca inclinata,Incline Dumbbell Concentration Curl,isolamento,bicipiti,manubri;panca inclinata,palestra;casa,bicipiti;brachiale;brachioradiale,intermedio,principale;finisher,gomito;polso,gomito: riduci il range e il carico se fastidio; evita di bloccare l'articolazione a fine movimento.,,"Posizione stabile, core in leggera tensione, presa salda sull'attrezzo indicato.","Fletti controllando il movimento fino a contrazione piena;Eccentrica lenta 2-3 sec;Espira nello sforzo, inspira nel ritorno",Slancio con schiena/spalle;Gomito che si sposta dalla posizione;Range incompleto,Non bloccare il gomito in estensione a fine ripetizione.,,,,,curl-un-braccio-manubrio-panca-inclinata
EX332,Curl un braccio manubrio panca Scott seduto,Seated Dumbbell Single-Arm Preacher Curl,isolamento,bicipiti,manubri;panca Scott,palestra;casa,bicipiti;brachiale;brachioradiale,intermedio,principale;finisher,gomito;polso,gomito: riduci il range e il carico se fastidio; evita di bloccare l'articolazione a fine movimento.,,"Posizione stabile, core in leggera tensione, presa salda sull'attrezzo indicato.","Fletti controllando il movimento fino a contrazione piena;Eccentrica lenta 2-3 sec;Espira nello sforzo, inspira nel ritorno",Slancio con schiena/spalle;Gomito che si sposta dalla posizione;Range incompleto,Non bloccare il gomito in estensione a fine ripetizione.,,,,,curl-un-braccio-manubrio-panca-scott-seduto
EX333,Curl un braccio manubrio panca Scott in piedi,Dumbbell Preacher Curl,isolamento,bicipiti,manubri;panca Scott,palestra;casa,bicipiti;brachiale;brachioradiale,intermedio,principale;finisher,gomito;polso,gomito: riduci il range e il carico se fastidio; evita di bloccare l'articolazione a fine movimento.,,"Posizione stabile, core in leggera tensione, presa salda sull'attrezzo indicato.","Fletti controllando il movimento fino a contrazione piena;Eccentrica lenta 2-3 sec;Espira nello sforzo, inspira nel ritorno",Slancio con schiena/spalle;Gomito che si sposta dalla posizione;Range incompleto,Non bloccare il gomito in estensione a fine ripetizione.,,,,,curl-un-braccio-manubrio-panca-scott-in-piedi
EX334,Curl hammer manubri un braccio in piedi,Standing Single-Arm Dumbbell Hammer Curl,isolamento,bicipiti,manubri,palestra;casa,bicipiti;brachiale;brachioradiale,intermedio,principale;finisher,gomito;polso,gomito: riduci il range e il carico se fastidio; evita di bloccare l'articolazione a fine movimento.,,"Posizione stabile, core in leggera tensione, presa salda sull'attrezzo indicato.","Fletti controllando il movimento fino a contrazione piena;Eccentrica lenta 2-3 sec;Espira nello sforzo, inspira nel ritorno",Slancio con schiena/spalle;Gomito che si sposta dalla posizione;Range incompleto,Non bloccare il gomito in estensione a fine ripetizione.,elastico,"Elastico a tubo calpestato a metà, un capo per mano, un capo solo, gomito bloccato al fianco","In piedi sull'elastico, braccia distese lungo i fianchi con la tensione già presente;Fletti i gomiti verso le spalle mantenendoli fermi contro il busto;Contrai in alto un istante;Ritorno lento 3 sec senza far collassare l'elastico",Elastico troppo lasco a inizio movimento: si perde tensione nella parte bassa;Gomiti che si spostano in avanti;Busto che oscilla per aiutare la salita;Slanciare per vincere il picco di resistenza in alto,curl-hammer-manubri-un-braccio-in-piedi
EX335,Curl hammer manubri un braccio panca Scott,Seated Dumbbell Hammer Single-Arm Preacher Curl,isolamento,bicipiti,manubri;panca Scott,palestra;casa,bicipiti;brachiale;brachioradiale,intermedio,principale;finisher,gomito;polso,gomito: riduci il range e il carico se fastidio; evita di bloccare l'articolazione a fine movimento.,,"Posizione stabile, core in leggera tensione, presa salda sull'attrezzo indicato.","Fletti controllando il movimento fino a contrazione piena;Eccentrica lenta 2-3 sec;Espira nello sforzo, inspira nel ritorno",Slancio con schiena/spalle;Gomito che si sposta dalla posizione;Range incompleto,Non bloccare il gomito in estensione a fine ripetizione.,,,,,curl-hammer-manubri-un-braccio-panca-scott
EX336,Curl concentrato un braccio manubrio,Dumbbell Concentration Curl,isolamento,bicipiti,manubri;panca,palestra;casa,bicipiti;brachiale;brachioradiale,intermedio,principale;finisher,gomito;polso,gomito: riduci il range e il carico se fastidio; evita di bloccare l'articolazione a fine movimento.,,"Posizione stabile, core in leggera tensione, presa salda sull'attrezzo indicato.","Fletti controllando il movimento fino a contrazione piena;Eccentrica lenta 2-3 sec;Espira nello sforzo, inspira nel ritorno",Slancio con schiena/spalle;Gomito che si sposta dalla posizione;Range incompleto,Non bloccare il gomito in estensione a fine ripetizione.,,,,,curl-concentrato-un-braccio-manubrio
EX337,Flessione polsi bilanciere dietro schiena,Behind-The-Back Barbell Wrist Curl,isolamento,avambracci,bilanciere,palestra,flessori avambraccio;estensori avambraccio,intermedio,principale;finisher,polso,polso: riduci carico e range se fastidio; movimento lento e controllato.,,"Avambraccio in appoggio stabile, polso libero di muoversi oltre il bordo di appoggio.","Fletti/estendi il polso nel range indicato;Movimento lento e controllato;Espira nello sforzo, inspira nel ritorno",Movimento troppo veloce;Uso dell'avambraccio invece del polso;Range incompleto,"Carichi bassi, priorità al controllo del movimento.",,,,,flessione-polsi-bilanciere-dietro-schiena
EX338,Flessione polsi bilanciere appoggio su panca,Flat Bench Barbell Wrist Curl,isolamento,avambracci,bilanciere;panca,palestra,flessori avambraccio;estensori avambraccio,intermedio,principale;finisher,polso,polso: riduci carico e range se fastidio; movimento lento e controllato.,,"Avambraccio in appoggio stabile, polso libero di muoversi oltre il bordo di appoggio.","Fletti/estendi il polso nel range indicato;Movimento lento e controllato;Espira nello sforzo, inspira nel ritorno",Movimento troppo veloce;Uso dell'avambraccio invece del polso;Range incompleto,"Carichi bassi, priorità al controllo del movimento.",,,,,flessione-polsi-bilanciere-appoggio-su-panca
EX339,Flessione polsi inversa bilanciere in ginocchio su panca,Kneeling On Bench Barbell Reverse Wrist Curl,isolamento,avambracci,bilanciere;panca,palestra,flessori avambraccio;estensori avambraccio,intermedio,principale;finisher,polso,polso: riduci carico e range se fastidio; movimento lento e controllato.,,"Avambraccio in appoggio stabile, polso libero di muoversi oltre il bordo di appoggio.","Fletti/estendi il polso nel range indicato;Movimento lento e controllato;Espira nello sforzo, inspira nel ritorno",Movimento troppo veloce;Uso dell'avambraccio invece del polso;Range incompleto,"Carichi bassi, priorità al controllo del movimento.",,,,,flessione-polsi-inversa-bilanciere-in-ginocchio-su-panca
EX340,Flessione hammer polso un braccio seduto,Seated Single-Arm Hammer Grip Wrist Curl,isolamento,avambracci,manubri,palestra;casa,flessori avambraccio;estensori avambraccio,intermedio,principale;finisher,polso,polso: riduci carico e range se fastidio; movimento lento e controllato.,,"Avambraccio in appoggio stabile, polso libero di muoversi oltre il bordo di appoggio.","Fletti/estendi il polso nel range indicato;Movimento lento e controllato;Espira nello sforzo, inspira nel ritorno",Movimento troppo veloce;Uso dell'avambraccio invece del polso;Range incompleto,"Carichi bassi, priorità al controllo del movimento.",elastico,"Elastico calpestato con un piede, un capo in mano, avambraccio appoggiato sulla coscia con il pollice in alto","Seduto con l'avambraccio appoggiato sulla coscia, presa neutra e polso oltre il ginocchio;Fletti il polso portando il pollice verso l'alto;Pausa breve in contrazione;Ritorno lento 3 sec senza far collassare l'elastico",Sollevare l'avambraccio dalla coscia;Muovere il gomito;Elastico troppo lasco a inizio movimento: si perde tensione nella parte bassa;Escursione troppo ampia che carica il polso,flessione-hammer-polso-un-braccio-seduto
EX341,Flessione dita pinza a molla,Hand Grip Crushing,isolamento,avambracci,pinza a molla,casa;palestra;libero,flessori avambraccio;estensori avambraccio,principiante,principale;finisher,polso,polso: riduci carico e range se fastidio; movimento lento e controllato.,,"Avambraccio in appoggio stabile, polso libero di muoversi oltre il bordo di appoggio.","Fletti/estendi il polso nel range indicato;Movimento lento e controllato;Espira nello sforzo, inspira nel ritorno",Movimento troppo veloce;Uso dell'avambraccio invece del polso;Range incompleto,"Carichi bassi, priorità al controllo del movimento.",,,,,flessione-dita-pinza-a-molla
EX342,Flessione estensione polsi rullino,Wrist Roller,isolamento,avambracci,rullino,palestra;casa,flessori avambraccio;estensori avambraccio,intermedio,principale;finisher,polso,polso: riduci carico e range se fastidio; movimento lento e controllato.,,"Avambraccio in appoggio stabile, polso libero di muoversi oltre il bordo di appoggio.","Fletti/estendi il polso nel range indicato;Movimento lento e controllato;Espira nello sforzo, inspira nel ritorno",Movimento troppo veloce;Uso dell'avambraccio invece del polso;Range incompleto,"Carichi bassi, priorità al controllo del movimento.",,,,,flessione-estensione-polsi-rullino
EX343,Flessione polsi manubri panca piana,Dumbbell Wrist Curl On Bench,isolamento,avambracci,manubri;panca,palestra;casa,flessori avambraccio;estensori avambraccio,intermedio,principale;finisher,polso,polso: riduci carico e range se fastidio; movimento lento e controllato.,,"Avambraccio in appoggio stabile, polso libero di muoversi oltre il bordo di appoggio.","Fletti/estendi il polso nel range indicato;Movimento lento e controllato;Espira nello sforzo, inspira nel ritorno",Movimento troppo veloce;Uso dell'avambraccio invece del polso;Range incompleto,"Carichi bassi, priorità al controllo del movimento.",,,,,flessione-polsi-manubri-panca-piana
EX344,Flessione polsi inversa bilanciere seduto,Seated Barbell Reverse Wrist Curl,isolamento,avambracci,bilanciere,palestra,flessori avambraccio;estensori avambraccio,intermedio,principale;finisher,polso,polso: riduci carico e range se fastidio; movimento lento e controllato.,,"Avambraccio in appoggio stabile, polso libero di muoversi oltre il bordo di appoggio.","Fletti/estendi il polso nel range indicato;Movimento lento e controllato;Espira nello sforzo, inspira nel ritorno",Movimento troppo veloce;Uso dell'avambraccio invece del polso;Range incompleto,"Carichi bassi, priorità al controllo del movimento.",,,,,flessione-polsi-inversa-bilanciere-seduto
EX345,Flessione polsi inversa manubri seduto,Seated Dumbbell Reverse Wrist Curl,isolamento,avambracci,manubri,palestra;casa,flessori avambraccio;estensori avambraccio,intermedio,principale;finisher,polso,polso: riduci carico e range se fastidio; movimento lento e controllato.,,"Avambraccio in appoggio stabile, polso libero di muoversi oltre il bordo di appoggio.","Fletti/estendi il polso nel range indicato;Movimento lento e controllato;Espira nello sforzo, inspira nel ritorno",Movimento troppo veloce;Uso dell'avambraccio invece del polso;Range incompleto,"Carichi bassi, priorità al controllo del movimento.",elastico,"Elastico calpestato a metà, un capo per mano, avambracci appoggiati sulle cosce con i palmi rivolti verso il basso","Seduto con gli avambracci sulle cosce, palmi verso il basso e polsi oltre le ginocchia;Estendi i polsi verso l'alto;Pausa breve in contrazione;Ritorno lento 3 sec senza far collassare l'elastico",Sollevare gli avambracci dalle cosce;Elastico troppo lasco a inizio movimento: si perde tensione nella parte bassa;Escursione forzata oltre il fastidio;Muovere i gomiti,flessione-polsi-inversa-manubri-seduto
EX346,Flessione radiale polso manubrio,Dumbbell Wrist Radial Deviation,isolamento,avambracci,manubri,palestra;casa,flessori avambraccio;estensori avambraccio,intermedio,principale;finisher,polso,polso: riduci carico e range se fastidio; movimento lento e controllato.,,"Avambraccio in appoggio stabile, polso libero di muoversi oltre il bordo di appoggio.","Fletti/estendi il polso nel range indicato;Movimento lento e controllato;Espira nello sforzo, inspira nel ritorno",Movimento troppo veloce;Uso dell'avambraccio invece del polso;Range incompleto,"Carichi bassi, priorità al controllo del movimento.",elastico,"Elastico calpestato con un piede, un capo in mano, braccio disteso lungo il fianco con il pollice in alto","In piedi o seduto, braccio disteso lungo il fianco e presa neutra;Devia il polso verso l'alto portando il pollice verso l'avambraccio;Pausa breve in contrazione;Ritorno lento 3 sec senza far collassare l'elastico",Piegare il gomito per aiutare;Ruotare l'avambraccio invece di deviare il polso;Elastico troppo lasco a inizio movimento: si perde tensione nella parte bassa;Escursione forzata oltre il fastidio,flessione-radiale-polso-manubrio
EX347,Flessione polso disco,Seated Single-Arm Plate Wrist Curl,isolamento,avambracci,disco,palestra;casa,flessori avambraccio;estensori avambraccio,intermedio,principale;finisher,polso,polso: riduci carico e range se fastidio; movimento lento e controllato.,,"Avambraccio in appoggio stabile, polso libero di muoversi oltre il bordo di appoggio.","Fletti/estendi il polso nel range indicato;Movimento lento e controllato;Espira nello sforzo, inspira nel ritorno",Movimento troppo veloce;Uso dell'avambraccio invece del polso;Range incompleto,"Carichi bassi, priorità al controllo del movimento.",,,,,flessione-polso-disco
EX348,Flessione polso manubrio,Seated Single-Arm Dumbbell Wrist Curl,isolamento,avambracci,manubri,palestra;casa,flessori avambraccio;estensori avambraccio,intermedio,principale;finisher,polso,polso: riduci carico e range se fastidio; movimento lento e controllato.,,"Avambraccio in appoggio stabile, polso libero di muoversi oltre il bordo di appoggio.","Fletti/estendi il polso nel range indicato;Movimento lento e controllato;Espira nello sforzo, inspira nel ritorno",Movimento troppo veloce;Uso dell'avambraccio invece del polso;Range incompleto,"Carichi bassi, priorità al controllo del movimento.",elastico,"Elastico calpestato con un piede, un capo in mano, avambraccio appoggiato sulla coscia con il palmo rivolto verso l'alto","Seduto con l'avambraccio sulla coscia, palmo verso l'alto e polso oltre il ginocchio;Fletti il polso verso l'alto arrotolando l'elastico;Pausa breve in contrazione;Ritorno lento 3 sec senza far collassare l'elastico",Sollevare l'avambraccio dalla coscia;Muovere il gomito;Elastico troppo lasco a inizio movimento: si perde tensione nella parte bassa;Escursione forzata oltre il fastidio,flessione-polso-manubrio
EX349,Curl spider bilanciere seduto,Seated Barbell Spider Curl,isolamento,bicipiti,bilanciere;panca,palestra,bicipiti;brachiale;brachioradiale,intermedio,principale;finisher,gomito;polso,gomito: riduci il range e il carico se fastidio; evita di bloccare l'articolazione a fine movimento.,,"Seduto, busto inclinato in avanti, braccia appoggiate sulla panca inclinata davanti a sé.","Fletti controllando il movimento fino a contrazione piena;Eccentrica lenta 2-3 sec;Espira nello sforzo, inspira nel ritorno",Slancio con schiena/spalle;Gomiti che si staccano dall'appoggio;Range incompleto,Non bloccare il gomito in estensione a fine ripetizione.,,,,,curl-spider-bilanciere-seduto
EX350,Croci cavi bassi panca declinata,Cable fly decline bench,isolamento,petto,cavi,palestra,pettorale basso,intermedio,finisher,spalle,"spalle: gomiti morbidi, non scendere sotto la soglia di fastidio",EX351,"Sdraiato su panca declinata tra le due torri a cavi, pulegge in alto, presa una maniglia per mano, braccia aperte",Porta le mani verso l'alto sopra il petto basso in arco;Ritorno controllato in apertura 2-3 sec;Gomiti fissi leggermente flessi,Gomiti che si flettono a fine corsa;Busto che si stacca dalla panca;Apertura eccessiva con stress alle spalle,Non scendere oltre la soglia di fastidio articolare alle spalle,elastico+panca,Elastico ancorato in alto ai lati della panca declinata al posto delle pulegge,"Sdraiato su panca declinata, elastico ancorato in alto ai due lati, una maniglia per mano, braccia aperte;Porta le mani verso l'alto sopra il petto basso in arco;Ritorno controllato in apertura 2-3 sec;Gomiti fissi leggermente flessi",Gomiti che si flettono a fine corsa;Busto che si stacca dalla panca;Apertura eccessiva con stress alle spalle,croci-cavi-bassi-panca-declinata
EX351,Croci cavi bassi panca inclinata,Cable fly incline bench,isolamento,petto,cavi,palestra,pettorale alto,intermedio,finisher,spalle,"spalle: gomiti morbidi, non scendere sotto la soglia di fastidio",EX352,"Sdraiato su panca inclinata 30-45 gradi tra le due torri a cavi, pulegge in basso, presa una maniglia per mano, braccia aperte",Porta le mani verso l'alto sopra il petto alto in arco;Ritorno controllato in apertura 2-3 sec;Gomiti fissi leggermente flessi,Gomiti che si flettono a fine corsa;Panca troppo verticale (diventa spinta sopra la testa);Apertura eccessiva,Non scendere oltre la soglia di fastidio articolare alle spalle,elastico+panca,Elastico ancorato in basso ai lati della panca inclinata al posto delle pulegge,"Sdraiato su panca inclinata 30-45 gradi, elastico ancorato in basso ai due lati, una maniglia per mano, braccia aperte;Porta le mani verso l'alto sopra il petto alto in arco;Ritorno controllato in apertura 2-3 sec;Gomiti fissi leggermente flessi",Gomiti che si flettono a fine corsa;Panca troppo verticale (diventa spinta sopra la testa);Apertura eccessiva,croci-cavi-bassi-panca-inclinata
EX352,Croci cavi bassi panca piana,Cable fly flat bench,isolamento,petto,cavi,palestra,pettorale,intermedio,finisher,spalle,"spalle: gomiti morbidi, non scendere sotto la soglia di fastidio",EX010,"Sdraiato su panca piana tra le due torri a cavi, pulegge in basso, presa una maniglia per mano, braccia aperte",Porta le mani verso l'alto sopra il petto in arco;Ritorno controllato in apertura 2-3 sec;Gomiti fissi leggermente flessi,Gomiti che si flettono a fine corsa;Busto che si stacca dalla panca;Apertura eccessiva con stress alle spalle,Non scendere oltre la soglia di fastidio articolare alle spalle,elastico+panca,Elastico ancorato in basso ai lati della panca piana al posto delle pulegge,"Sdraiato su panca piana, elastico ancorato in basso ai due lati, una maniglia per mano, braccia aperte;Porta le mani verso l'alto sopra il petto in arco;Ritorno controllato in apertura 2-3 sec;Gomiti fissi leggermente flessi",Gomiti che si flettono a fine corsa;Busto che si stacca dalla panca;Apertura eccessiva con stress alle spalle,croci-cavi-bassi-panca-piana
EX353,Croci macchina seduto,Machine fly seated,isolamento,petto,macchina,palestra,pettorale,principiante,finisher,spalle,spalle: regolare la seduta cosi' che le maniglie siano all'altezza del petto,EX352,"Seduto alla macchina, schiena aderente allo schienale, maniglie all altezza del petto, gomiti leggermente flessi","Porta le maniglie in avanti fino quasi a toccarle davanti al petto;Ritorno controllato in apertura 2-3 sec, senza far sbattere i pesi",Slancio con la schiena per completare il movimento;Gomiti che si flettono troppo (diventa spinta);Apertura eccessiva oltre la soglia confortevole,Regolare l'altezza della seduta prima di iniziare per allineare le spalle alle maniglie,,,,,croci-macchina-seduto
EX354,Croci manubri panca piana,Dumbbell fly flat bench,isolamento,petto,manubri,palestra,pettorale,intermedio,finisher,spalle,"spalle: gomiti morbidi, non scendere sotto la soglia di fastidio in apertura",EX098,"Sdraiato su panca piana, un manubrio per mano sopra il petto, palmi rivolti l uno verso l altro, gomiti morbidi","Apri le braccia in arco fino a sentire lo stretch sul petto 2-3 sec;Richiudi le braccia sopra il petto senza toccare i manubri, gomiti fissi",Gomiti che si flettono a fine corsa (diventa spinta);Apertura eccessiva oltre la soglia di fastidio;Manubri che si scontrano in alto,"Non scendere oltre la soglia di fastidio articolare alle spalle, usare carichi leggeri",elastico,"Elastico ancorato basso dietro la schiena, supino sulla panca piana, un capo per mano a braccia aperte","Supino sulla panca con l'elastico che passa sotto, braccia aperte e gomiti morbidi;Chiudi le braccia sopra il petto ad arco mantenendo l'angolo del gomito;Contrai i pettorali a braccia unite;Ritorno lento 3 sec senza far collassare l'elastico",Piegare i gomiti e spingere invece di chiudere ad arco;Aprire troppo in basso caricando la spalla;Elastico troppo lasco a inizio movimento: si perde tensione nella parte bassa;Schiena che si stacca dalla panca,croci-manubri-panca-piana
EX355,Croci cavi bassi un braccio panca declinata,Cable one arm fly decline bench,isolamento,petto,cavi,palestra,pettorale basso,avanzato,finisher,spalle,"spalle: gomito morbido, non scendere sotto la soglia di fastidio",EX350,"Sdraiato su panca declinata a lato di una torre a cavi, puleggia in alto, presa una maniglia con un braccio, l altro libero",Porta la mano verso l'alto sopra il petto basso in arco;Ritorno controllato in apertura 2-3 sec;Gomito fisso leggermente flesso per tutto il movimento,Busto che ruota per compensare l'asimmetria;Gomito che si flette a fine corsa;Apertura eccessiva,Mantenere il busto stabile e non ruotare verso il lato di lavoro,elastico+panca,"Elastico ancorato in alto a un solo lato della panca declinata, lavoro monolaterale","Sdraiato su panca declinata, elastico ancorato in alto a un lato, una maniglia nella mano che lavora;Porta la mano verso l'alto sopra il petto basso in arco;Ritorno controllato in apertura 2-3 sec;Gomito fisso leggermente flesso;Completa le ripetizioni, poi cambia lato",Busto che ruota per compensare l'asimmetria;Gomito che si flette a fine corsa;Apertura eccessiva,croci-cavi-bassi-un-braccio-panca-declinata
EX356,Dip assistiti macchina,Assisted chest dip machine,spinta orizzontale,petto,macchina,palestra,pettorale basso;tricipiti;deltoide anteriore,principiante,principale,spalle,"spalle: busto inclinato in avanti per enfatizzare il petto, non scendere oltre la soglia di fastidio alle spalle",EX072,"In ginocchio sulla pedana della macchina, mani sulle maniglie parallele, busto inclinato leggermente in avanti, peso di assistenza selezionato",Scendi flettendo i gomiti fino a sentire stretch sul petto 2-3 sec;Spingi verso l'alto fino a quasi estensione dei gomiti;Mantieni il busto inclinato in avanti per tutta la ripetizione,Busto troppo verticale (sposta il lavoro sui tricipiti);Scendere troppo in basso stressando le spalle;Rimbalzo in basso,"Selezionare un peso di assistenza adeguato al livello, non scendere oltre la soglia di fastidio alle spalle",,,,,dip-assistiti-macchina
EX357,Dip station sovraccarico,Weighted chest dip parallel bars,spinta orizzontale,petto,corpo libero,casa;palestra,pettorale basso;tricipiti;deltoide anteriore,avanzato,principale,spalle,"spalle: busto inclinato in avanti, non scendere oltre la soglia di fastidio, aggiungere carico solo con tecnica gia' solida a corpo libero",EX072,"Sospeso alle parallele, braccia estese, cintura con disco o zavorra agganciata, busto inclinato leggermente in avanti",Scendi flettendo i gomiti fino a sentire stretch sul petto 2-3 sec;Spingi verso l'alto fino a quasi estensione dei gomiti;Mantieni il busto inclinato in avanti,Scendere troppo in basso stressando le spalle;Busto troppo verticale;Rimbalzo in basso per usare lo slancio,"Aggiungere carico in modo progressivo, mai oltre la soglia di fastidio alle spalle",,,,,dip-station-sovraccarico
EX358,Distensioni alternate manubri panca piana,Dumbbell alternate bench press flat bench,spinta orizzontale,petto,manubri,palestra,pettorale;deltoide anteriore;tricipiti,intermedio,finisher,spalle,"spalle: presa poco piu' larga delle spalle, scapole addotte e depresse",EX027,"Sdraiato su panca piana, piedi a terra, un manubrio per mano all altezza del petto",Spingi un manubrio in alto fino a estensione mentre l'altro resta in basso in tenuta isometrica;Alterna il lato spingendo ora l'altro braccio;Mantieni il core in tensione per non ruotare il busto,Busto che ruota per compensare l'asimmetria;Rimbalzo dei manubri sul petto;Velocita' eccessiva nell'alternanza,Mantenere il core stabile per evitare rotazioni del busto durante l'alternanza,elastico,"Elastico ancorato basso dietro la schiena, supino sulla panca piana, un capo per mano all'altezza del petto","Supino sulla panca, mani all'altezza del petto con la tensione già presente;Spingi in alto un braccio alla volta fino a quasi estensione;L'altro braccio resta fermo in tensione;Ritorno lento 3 sec senza far collassare l'elastico",Ruotare il busto per accompagnare il braccio che spinge;Rilasciare il braccio fermo;Elastico troppo lasco a inizio movimento: si perde tensione nella parte bassa;Gomiti che si aprono oltre la linea delle spalle,distensioni-alternate-manubri-panca-piana
EX359,Distensioni bilanciere panca declinata,Barbell decline bench press,spinta orizzontale,petto,bilanciere,palestra,pettorale basso;tricipiti,intermedio,principale,spalle,"spalle: presa poco piu' larga delle spalle, scapole addotte e depresse",EX360,"Sdraiato su panca declinata, piedi bloccati nei supporti, scapole retratte e depresse, presa poco piu larga delle spalle","Discesa controllata del bilanciere alla parte bassa del petto 2-3 sec;Spinta verso l'alto fino a estensione, senza bloccare i gomiti;Espira spingendo",Rimbalzo del bilanciere sul petto;Sollevamento del bacino dalla panca;Gomiti troppo aperti a 90 gradi,"Usa sempre i fermi o uno spotter sui carichi alti, verifica il blocco dei piedi prima di iniziare",,,,,distensioni-bilanciere-panca-declinata
EX360,Distensioni bilanciere panca inclinata,Barbell incline bench press,spinta orizzontale,petto,bilanciere,palestra,pettorale alto;deltoide anteriore;tricipiti,intermedio,principale,spalle,"spalle: panca 30-45 gradi, scapole retratte, non scendere sotto la soglia di fastidio",EX071,"Sdraiato su panca inclinata 30-45 gradi, piedi a terra, scapole retratte, presa poco piu larga delle spalle","Discesa controllata verso la parte alta del petto 2-3 sec;Spinta in alto senza bloccare i gomiti;Inspira in discesa, espira nella spinta",Panca troppo verticale;Glutei sollevati dalla panca;Rimbalzo sul petto,Usa fermi o spotter sui carichi alti,,,,,distensioni-bilanciere-panca-inclinata
EX361,Distensioni bilanciere panca piana,Barbell bench press flat bench,spinta orizzontale,petto,bilanciere,palestra,pettorale;deltoide anteriore;tricipiti,intermedio,principale,spalle,"spalle: presa poco piu' larga delle spalle, scapole addotte e depresse, non scendere sotto la soglia di fastidio",EX002,"Sdraiato su panca, piedi a terra, scapole retratte e depresse, presa poco piu larga delle spalle","Discesa controllata del bilanciere allo sterno 2-3 sec;Spinta verso l'alto fino a estensione, senza bloccare i gomiti;Inspira e tieni il core in tensione, espira spingendo",Rimbalzo del bilanciere sul petto;Sollevamento dei glutei dalla panca;Gomiti troppo aperti a 90 gradi,Usa sempre i fermi o uno spotter sui carichi alti,,,,,distensioni-bilanciere-panca-piana
EX362,Distensioni bilanciere piedi sollevati panca piana,Barbell feet up bench press flat bench,spinta orizzontale,petto,bilanciere,palestra,pettorale;deltoide anteriore;tricipiti,avanzato,finisher,spalle;bacino,"spalle: senza spinta dei piedi il core deve stabilizzare di piu' il bacino, ridurre il carico rispetto alla versione standard",EX361,"Sdraiato su panca, piedi sollevati e incrociati a mezz aria o appoggiati sulla panca, scapole retratte, presa poco piu larga delle spalle",Discesa controllata del bilanciere allo sterno 2-3 sec;Spinta verso l'alto fino a estensione senza bloccare i gomiti;Mantieni il bacino fermo sulla panca per tutta la ripetizione,Bacino che si solleva per compensare l'instabilita';Rimbalzo sul petto;Carico eccessivo rispetto al controllo disponibile,"Ridurre il carico rispetto alla panca standard, usare sempre i fermi",,,,,distensioni-bilanciere-piedi-sollevati-panca-piana
EX363,Distensioni bilanciere presa larga panca piana,Barbell wide grip bench press flat bench,spinta orizzontale,petto,bilanciere,palestra,pettorale;deltoide anteriore,intermedio,finisher,spalle,"spalle: presa larga aumenta lo stress articolare, non scendere sotto la soglia di fastidio",EX361,"Sdraiato su panca, piedi a terra, scapole retratte, presa larga oltre la larghezza delle spalle","Discesa controllata allo sterno 2-3 sec, range ridotto rispetto alla presa standard;Spinta verso l'alto senza bloccare i gomiti",Scendere troppo con presa larga stressando le spalle;Rimbalzo sul petto;Gomiti che si aprono oltre i 90 gradi,"Ridurre il range di discesa se compare fastidio alle spalle, usa fermi o spotter",,,,,distensioni-bilanciere-presa-larga-panca-piana
EX364,Distensioni cavi panca inclinata,Cable bench press incline bench,spinta orizzontale,petto,cavi,palestra,pettorale alto;deltoide anteriore;tricipiti,intermedio,principale,spalle,"spalle: panca 30-45 gradi, mantenere tensione costante sul cavo",EX365,"Panca inclinata 30-45 gradi posizionata tra le torri a cavi basse, una maniglia per mano all altezza del petto alto",Spingi le maniglie in avanti-alto fino a quasi estensione;Ritorno controllato 2-3 sec mantenendo tensione sul cavo;Non far toccare i pesi tra una ripetizione e l altra,Gomiti troppo aperti;Perdita di tensione a fine corsa;Panca troppo verticale,Mantenere tensione costante sul cavo per tutta la serie,elastico+panca,"Elastico ancorato in basso dietro la panca inclinata, spinta in avanti-alto","Panca inclinata 30-45 gradi, elastico ancorato in basso dietro, una maniglia per mano all'altezza del petto alto;Spingi le maniglie in avanti-alto fino a quasi estensione;Ritorno controllato 2-3 sec mantenendo la tensione;Non lasciare andare l'elastico tra una ripetizione e l'altra",Gomiti troppo aperti;Perdita di tensione a fine corsa;Panca troppo verticale,distensioni-cavi-panca-inclinata
EX365,Distensioni cavi bassi panca piana,Cable bench press flat bench,spinta orizzontale,petto,cavi,palestra,pettorale;deltoide anteriore;tricipiti,intermedio,principale,spalle,"spalle: mantenere tensione costante sul cavo, gomiti non oltre 90 gradi",EX366,"Panca piana posizionata tra le torri a cavi basse, una maniglia per mano all altezza del petto",Spingi le maniglie in avanti fino a quasi estensione;Ritorno controllato 2-3 sec mantenendo tensione sul cavo;Non far toccare i pesi tra una ripetizione e l altra,Gomiti troppo aperti a 90 gradi;Perdita di tensione a fine corsa;Rimbalzo in basso,Mantenere tensione costante sul cavo per tutta la serie,elastico+panca,"Elastico ancorato in basso dietro la panca piana, spinta orizzontale","Panca piana, elastico ancorato in basso dietro la testa, una maniglia per mano all'altezza del petto;Spingi le maniglie in avanti fino a quasi estensione;Ritorno controllato 2-3 sec mantenendo la tensione;Non lasciare andare l'elastico tra una ripetizione e l'altra",Gomiti troppo aperti a 90 gradi;Perdita di tensione a fine corsa;Rimbalzo in basso,distensioni-cavi-bassi-panca-piana
EX366,Distensioni cavi panca verticale,Cable chest press seated,spinta orizzontale,petto,cavi,palestra,pettorale;deltoide anteriore;tricipiti,principiante,principale,spalle,"spalle: schiena aderente allo schienale, gomiti non oltre 90 gradi",EX367,"Seduto su panca o sgabello tra le torri a cavi, schiena dritta, una maniglia per mano all altezza del petto",Spingi le maniglie in avanti fino a quasi estensione;Ritorno controllato 2-3 sec mantenendo tensione sul cavo,Busto che si inclina in avanti per aiutarsi;Gomiti troppo aperti;Perdita di tensione a fine corsa,Mantenere la schiena dritta per tutta la serie,elastico+panca,"Elastico ancorato dietro all'altezza del petto, spinta da seduto","Seduto su panca o sedia solida, elastico ancorato dietro all'altezza del petto, una maniglia per mano;Spingi le maniglie in avanti fino a quasi estensione;Ritorno controllato 2-3 sec mantenendo la tensione",Busto che si inclina in avanti per aiutarsi;Gomiti troppo aperti;Perdita di tensione a fine corsa,distensioni-cavi-panca-verticale
EX367,Distensioni macchina seduto,Machine chest press seated,spinta orizzontale,petto,macchina,palestra,pettorale;deltoide anteriore;tricipiti,principiante,principale,spalle,spalle: regolare la seduta cosi' che le maniglie siano all'altezza del petto,EX366,"Seduto alla macchina, schiena aderente allo schienale, maniglie all altezza del petto",Spingi le maniglie in avanti fino a quasi estensione dei gomiti;Ritorno controllato 2-3 sec senza far sbattere i pesi,Slancio con la schiena per completare il movimento;Gomiti bloccati con forza a fine corsa;Regolazione sedile errata,Regolare l'altezza della seduta prima di iniziare,,,,,distensioni-macchina-seduto
EX368,Distensioni manubri presa stretta panca piana,Dumbbell close grip bench press flat bench,spinta orizzontale,petto,manubri,palestra,pettorale interno;tricipiti,intermedio,finisher,spalle;polsi,polsi: mantenere il polso in linea con l avambraccio per tutta la ripetizione,EX027,"Sdraiato su panca piana, un manubrio per mano vicino al centro del petto, gomiti stretti al busto",Discesa controllata mantenendo i gomiti vicini al busto 2-3 sec;Spinta verso l'alto fino a estensione senza bloccare i gomiti,Gomiti che si aprono verso l'esterno (perde l'enfasi sui tricipiti);Polsi che cedono;Rimbalzo sul petto,"Mantenere il polso allineato all'avambraccio, non bloccare i gomiti con forza",elastico,"Elastico ancorato basso dietro la schiena, supino sulla panca piana, mani ravvicinate e gomiti stretti al busto","Supino sulla panca, mani vicine all'altezza del petto e gomiti aderenti ai fianchi;Spingi in alto mantenendo i gomiti stretti al busto;Contrai i tricipiti a fine spinta;Ritorno lento 3 sec senza far collassare l'elastico",Gomiti che si aprono verso l'esterno;Polsi che cedono all'indietro;Elastico troppo lasco a inizio movimento: si perde tensione nella parte bassa;Spalle che compensano la spinta,distensioni-manubri-presa-stretta-panca-piana
EX369,Distensioni multipower panca declinata,Smith machine decline bench press,spinta orizzontale,petto,multipower,palestra,pettorale basso;tricipiti,principiante,principale,spalle,"spalle: bilanciere guidato riduce la richiesta di stabilizzazione, utile per progressioni di carico controllate",EX359,"Panca declinata posizionata sotto la guida del multipower, piedi bloccati, presa poco piu larga delle spalle, sgancia i fermi ruotando i polsi",Discesa controllata alla parte bassa del petto 2-3 sec;Spinta verso l'alto fino a quasi estensione;Riaggancia i fermi a fine serie ruotando i polsi,Rimbalzo sul petto;Bacino sollevato dalla panca;Traiettoria forzata non allineata al proprio angolo di spalla naturale,Verificare il blocco dei fermi di sicurezza prima di iniziare,,,,,distensioni-multipower-panca-declinata
EX370,Distensioni multipower panca inclinata,Smith machine incline bench press,spinta orizzontale,petto,multipower,palestra,pettorale alto;deltoide anteriore;tricipiti,principiante,principale,spalle,"spalle: bilanciere guidato riduce la richiesta di stabilizzazione, panca 30-45 gradi",EX360,"Panca inclinata 30-45 gradi posizionata sotto la guida del multipower, scapole retratte, sgancia i fermi ruotando i polsi",Discesa controllata verso la parte alta del petto 2-3 sec;Spinta in alto fino a quasi estensione;Riaggancia i fermi a fine serie,Panca troppo verticale;Rimbalzo sul petto;Traiettoria forzata non allineata al proprio angolo di spalla,Verificare il blocco dei fermi di sicurezza prima di iniziare,,,,,distensioni-multipower-panca-inclinata
EX371,Distensioni multipower panca piana,Smith machine bench press flat bench,spinta orizzontale,petto,multipower,palestra,pettorale;deltoide anteriore;tricipiti,principiante,principale,spalle,"spalle: bilanciere guidato riduce la richiesta di stabilizzazione, utile per chi inizia con il bench press",EX361,"Panca piana posizionata sotto la guida del multipower, scapole retratte, presa poco piu larga delle spalle, sgancia i fermi ruotando i polsi",Discesa controllata allo sterno 2-3 sec;Spinta verso l'alto fino a quasi estensione;Riaggancia i fermi a fine serie,Rimbalzo sul petto;Bacino sollevato dalla panca;Traiettoria forzata non allineata al proprio angolo di spalla naturale,Verificare il blocco dei fermi di sicurezza prima di iniziare,,,,,distensioni-multipower-panca-piana
EX372,Distensioni multipower presa larga panca piana,Smith machine wide grip bench press flat bench,spinta orizzontale,petto,multipower,palestra,pettorale;deltoide anteriore,intermedio,finisher,spalle,"spalle: presa larga aumenta lo stress articolare, non scendere sotto la soglia di fastidio",EX371,"Panca piana posizionata sotto la guida del multipower, presa larga oltre la larghezza delle spalle, sgancia i fermi ruotando i polsi",Discesa controllata allo sterno con range ridotto rispetto alla presa standard 2-3 sec;Spinta verso l'alto fino a quasi estensione,Scendere troppo con presa larga stressando le spalle;Rimbalzo sul petto;Gomiti troppo aperti,Ridurre il range di discesa se compare fastidio alle spalle,,,,,distensioni-multipower-presa-larga-panca-piana
EX373,Distensioni orizzontali macchina seduto,Machine horizontal chest press seated,spinta orizzontale,petto,macchina,palestra,pettorale;deltoide anteriore;tricipiti,principiante,principale,spalle,"spalle: regolare la seduta cosi' che le maniglie siano all'altezza del petto, traiettoria fissa orizzontale",EX367,"Seduto alla macchina con traiettoria orizzontale fissa, schiena aderente allo schienale, maniglie all altezza del petto",Spingi le maniglie in avanti fino a quasi estensione dei gomiti;Ritorno controllato 2-3 sec senza far sbattere i pesi,Slancio con la schiena;Regolazione sedile errata;Gomiti bloccati con forza a fine corsa,Regolare l'altezza della seduta prima di iniziare,,,,,distensioni-orizzontali-macchina-seduto
EX374,Distensioni macchina articolata panca piana,Lever chest press flat bench,spinta orizzontale,petto,macchina,palestra,pettorale;deltoide anteriore;tricipiti,intermedio,principale,spalle,spalle: braccio articolato segue una traiettoria naturale piu' libera rispetto alla macchina guidata,EX367,"Sdraiato o seduto alla leva articolata (hammer strength), presa sulle maniglie all altezza del petto","Spingi le maniglie in avanti fino a quasi estensione;Ritorno controllato 2-3 sec, senti lo stretch sul petto",Slancio con il busto;Gomiti bloccati con forza a fine corsa;Range di movimento incompleto,Regolare il sedile prima di iniziare per allineare le spalle alle maniglie,,,,,distensioni-macchina-articolata-panca-piana
EX375,Distensioni manubri un braccio panca piana,Dumbbell one arm bench press flat bench,spinta orizzontale,petto,manubri,palestra,pettorale;deltoide anteriore;tricipiti;core,avanzato,finisher,spalle;core,"spalle: l'asimmetria richiede maggiore stabilizzazione del core, ridurre il carico rispetto alla versione bilaterale",EX358,"Sdraiato su panca piana, un manubrio in una mano all altezza del petto, l altro braccio libero lungo il fianco per bilanciare","Spingi il manubrio verso l'alto fino a estensione, senza bloccare il gomito;Discesa controllata 2-3 sec;Mantieni il core in tensione per non ruotare il busto",Busto che ruota verso il lato opposto per compensare;Rimbalzo del manubrio sul petto;Carico eccessivo rispetto al controllo disponibile,Mantenere il core stabile per evitare rotazioni del busto,elastico,"Elastico ancorato basso dietro la schiena, supino sulla panca piana, un capo solo in mano all'altezza del petto","Supino sulla panca, un braccio in tensione all'altezza del petto, l'altro a terra a stabilizzare;Spingi in alto fino a quasi estensione senza ruotare il busto;Pausa breve in alto;Ritorno lento 3 sec senza far collassare l'elastico",Busto che ruota verso il lato che spinge;Bacino che si solleva;Elastico troppo lasco a inizio movimento: si perde tensione nella parte bassa;Gomito che si apre oltre la linea della spalla,distensioni-manubri-un-braccio-panca-piana
EX376,Distensioni orizzontali macchina presa neutra seduto,Machine vertical neutral grip chest press seated,spinta orizzontale,petto,macchina,palestra,pettorale;tricipiti;deltoide anteriore,principiante,principale,spalle,spalle: presa neutra riduce lo stress sulle spalle rispetto alla presa prona,EX367,"Seduto alla macchina, schiena aderente allo schienale, maniglie verticali con presa neutra (palmi rivolti l uno verso l altro) all altezza del petto",Spingi le maniglie in avanti fino a quasi estensione dei gomiti;Ritorno controllato 2-3 sec senza far sbattere i pesi,Slancio con la schiena;Regolazione sedile errata;Gomiti bloccati con forza a fine corsa,Regolare l'altezza della seduta prima di iniziare,,,,,distensioni-orizzontali-macchina-presa-neutra-seduto
EX377,Piegamenti archer,Alternate one arm push up extended arm assisted,spinta orizzontale,petto,corpo libero,casa;palestra,pettorale;tricipiti;deltoide anteriore;core,avanzato,finisher,spalle;polsi,"polsi: distribuire il peso sul palmo, non sulle dita, in appoggio monolaterale",EX003,"Posizione plank, un braccio in appoggio verticale sotto la spalla, l altro braccio esteso lateralmente a terra per assistenza","Scendi flettendo il gomito del braccio in appoggio verso il petto 2-3 sec;Spingi verso l'alto fino a estensione;Il braccio esteso resta a terra solo per equilibrio, non per spingere",Bacino che ruota o cede lateralmente;Braccio esteso che spinge invece di assistere solamente;Gomito del braccio in appoggio che si apre verso l'esterno,"Mantenere il bacino allineato, non ruotare il busto durante la discesa",,,,,piegamenti-archer
EX378,Piegamenti assistiti elastico,Band assisted push up floor,spinta orizzontale,petto,elastico,casa;palestra,pettorale;tricipiti;deltoide anteriore;core,principiante,principale,spalle;polsi,"polsi: distribuire il peso sul palmo, non sulle dita",EX003,"Elastico ancorato sopra, passato dietro la schiena, mani a terra larghezza spalle, corpo in linea in posizione plank","Scendi flettendo i gomiti fino a sfiorare il petto a terra 2-3 sec;Spingi verso l'alto fino a estensione, assistito dall'elastico",Bacino che cede verso il basso;Elastico posizionato troppo in alto o troppo in basso sulla schiena;Gomiti troppo aperti a 90 gradi,Regolare la tensione dell'elastico in base al livello di assistenza necessario,,,,,piegamenti-assistiti-elastico
EX379,Piegamenti declinati panca,Decline push up bench,spinta orizzontale,petto,corpo libero,casa;palestra,pettorale alto;deltoide anteriore;tricipiti,intermedio,principale,spalle;polsi,"polsi: distribuire il peso sul palmo, non sulle dita",EX003,"Piedi appoggiati su una panca, mani a terra larghezza spalle, corpo in linea in posizione plank inclinata",Scendi flettendo i gomiti fino a sfiorare il petto a terra 2-3 sec;Spingi verso l'alto fino a estensione dei gomiti,Bacino che cede verso il basso;Gomiti troppo aperti a 90 gradi;Testa che cade in avanti,Mantenere il core in tensione per non far cedere il bacino,,,,,piegamenti-declinati-panca
EX380,Piegamenti deficit rialzo,Deficit push up floor,spinta orizzontale,petto,corpo libero,casa;palestra,pettorale;deltoide anteriore;tricipiti,avanzato,principale,spalle;polsi,"spalle: il maggiore range di movimento aumenta lo stretch, non scendere oltre la soglia di fastidio",EX003,"Mani appoggiate su rialzi (dischi o step) per aumentare il range di discesa, corpo in linea in posizione plank","Scendi flettendo i gomiti oltre il livello delle mani, sfruttando il deficit 2-3 sec;Spingi verso l'alto fino a estensione dei gomiti",Bacino che cede verso il basso;Scendere troppo oltre la soglia di fastidio alle spalle;Rialzi instabili,"Verificare la stabilita' dei rialzi prima di iniziare, non scendere oltre la soglia di fastidio",,,,,piegamenti-deficit-rialzo
EX381,Piegamenti facilitati ginocchia,Knee push up floor,spinta orizzontale,petto,corpo libero,casa;palestra,pettorale;tricipiti;deltoide anteriore,principiante,principale,spalle;polsi,"polsi: distribuire il peso sul palmo, non sulle dita",EX003,"Ginocchia a terra, mani a terra larghezza spalle, corpo in linea dalle ginocchia alla testa",Scendi flettendo i gomiti fino a sfiorare il petto a terra 2-3 sec;Spingi verso l'alto fino a estensione dei gomiti,Bacino che cede verso il basso o si alza troppo;Gomiti troppo aperti a 90 gradi;Testa che cade in avanti,Mantenere l'allineamento ginocchia-bacino-spalle-testa per tutta la ripetizione,,,,,piegamenti-facilitati-ginocchia
EX382,Piegamenti inclinati box,Incline push up box,spinta orizzontale,petto,corpo libero,casa;palestra,pettorale basso;tricipiti,principiante,principale,spalle;polsi,"polsi: distribuire il peso sul palmo, non sulle dita",EX383,"Mani appoggiate su un box stabile, piedi a terra, corpo in linea in posizione plank inclinata",Scendi flettendo i gomiti fino a sfiorare il box con il petto 2-3 sec;Spingi verso l'alto fino a estensione dei gomiti,Bacino che cede verso il basso;Box instabile;Gomiti troppo aperti a 90 gradi,Verificare la stabilita' del box prima di iniziare,,,,,piegamenti-inclinati-box
EX383,Piegamenti inclinati panca,Incline push up bench,spinta orizzontale,petto,corpo libero,casa;palestra,pettorale basso;tricipiti,principiante,principale,spalle;polsi,"polsi: distribuire il peso sul palmo, non sulle dita",EX382,"Mani appoggiate sul bordo di una panca, piedi a terra, corpo in linea in posizione plank inclinata",Scendi flettendo i gomiti fino a sfiorare la panca con il petto 2-3 sec;Spingi verso l'alto fino a estensione dei gomiti,Bacino che cede verso il basso;Gomiti troppo aperti a 90 gradi;Testa che cade in avanti,Verificare la stabilita' della panca prima di iniziare,,,,,piegamenti-inclinati-panca
EX384,Piegamenti mani larghe,Wide grip push up floor,spinta orizzontale,petto,corpo libero,casa;palestra,pettorale;deltoide anteriore,intermedio,finisher,spalle;polsi,"spalle: presa larga aumenta lo stress articolare, non scendere sotto la soglia di fastidio",EX003,"Mani a terra oltre la larghezza delle spalle, corpo in linea in posizione plank",Scendi flettendo i gomiti con range ridotto rispetto alla presa standard 2-3 sec;Spingi verso l'alto fino a estensione dei gomiti,Scendere troppo con presa larga stressando le spalle;Bacino che cede verso il basso;Gomiti che si aprono oltre i 90 gradi,Ridurre il range di discesa se compare fastidio alle spalle,,,,,piegamenti-mani-larghe
EX385,Piegamenti mani neutre step,Push up step floor,spinta orizzontale,petto,corpo libero,casa;palestra,pettorale;tricipiti;deltoide anteriore;core,intermedio,finisher,spalle;polsi,polsi: distribuire il peso sul palmo durante il passo laterale,EX003,"Posizione plank, mani a terra larghezza spalle, uno step laterale a disposizione per spostare le mani tra una ripetizione e l altra",Esegui un piegamento completo 2-3 sec;Nella fase alta sposta lateralmente una mano poi l'altra sullo step;Ripeti alternando il lato di spostamento,Bacino che ruota durante lo spostamento laterale;Gomiti troppo aperti a 90 gradi;Perdita di allineamento del busto,Mantenere il bacino stabile durante lo spostamento laterale delle mani,,,,,piegamenti-mani-neutre-step
EX386,Piegamenti deficit dip station,Deficit push up handles floor,spinta orizzontale,petto,maniglie,casa;palestra,pettorale;deltoide anteriore;tricipiti,intermedio,principale,spalle;polsi,"polsi: le maniglie mantengono il polso in posizione neutra, riducendo lo stress articolare",EX380,"Maniglie push-up a terra larghezza spalle, corpo in linea in posizione plank, presa neutra sulle maniglie",Scendi flettendo i gomiti sfruttando il deficit dato dalle maniglie 2-3 sec;Spingi verso l'alto fino a estensione dei gomiti,Bacino che cede verso il basso;Maniglie instabili o posizionate in modo asimmetrico;Gomiti troppo aperti a 90 gradi,Verificare che le maniglie siano stabili e ben posizionate prima di iniziare,,,,,piegamenti-deficit-dip-station
EX387,Piegamenti pliometrici mani,Plyometric push up floor,spinta orizzontale,petto,corpo libero,casa;palestra,pettorale;tricipiti;deltoide anteriore;core,avanzato,finisher,spalle;polsi,polsi: atterraggio ammortizzato con i gomiti morbidi per assorbire l'impatto,EX003,"Posizione plank, mani a terra larghezza spalle, corpo in linea",Scendi flettendo i gomiti fino a sfiorare il petto a terra 2-3 sec;Spingi con forza esplosiva fino a staccare le mani da terra;Atterra con i gomiti morbidi ammortizzando l'impatto,Atterraggio rigido con i gomiti bloccati;Bacino che cede durante la fase di volo;Superficie non adatta all'impatto,"Eseguire su superficie adeguata, non praticare con affaticamento articolare alle spalle o ai polsi",,,,,piegamenti-pliometrici-mani
EX388,Piegamenti deficit un braccio palla medica,Medicine ball one arm push up floor,spinta orizzontale,petto,palla medica,casa;palestra,pettorale;tricipiti;deltoide anteriore;core,avanzato,finisher,spalle;polsi;core,"spalle: instabilita' della palla richiede maggiore controllo, ridurre il ritmo rispetto alla versione standard",EX003,"Una mano appoggiata sopra una palla medica, l altra a terra leggermente piu larga, corpo in linea in posizione plank",Scendi flettendo entrambi i gomiti mantenendo l'equilibrio sulla palla 2-3 sec;Spingi verso l'alto fino a estensione dei gomiti,Palla che rotola per instabilita';Bacino che ruota per compensare;Gomiti troppo aperti a 90 gradi,"Iniziare con palle di diametro maggiore per piu' stabilita', progredire gradualmente",,,,,piegamenti-deficit-un-braccio-palla-medica
EX389,Pullover bilanciere panca piana,Barbell pullover flat bench,isolamento,petto,bilanciere,palestra,gran dorsale;pettorale;dentato anteriore,intermedio,finisher,spalle,"spalle: gomiti morbidi, non scendere oltre la soglia di fastidio dietro la testa",EX099,"Sdraiato su panca piana solo con le spalle appoggiate (o disteso lungo la panca), bilanciere afferrato sopra il petto, gomiti leggermente flessi",Porta il bilanciere dietro la testa in arco fino a sentire lo stretch su dorsali e petto 2-3 sec;Ritorno controllato sopra il petto,Gomiti che si flettono troppo (diventa un french press);Scendere oltre la soglia di fastidio alle spalle;Bacino che si solleva per compensare,"Usare carichi leggeri, non scendere oltre la soglia di fastidio articolare alle spalle",,,,,pullover-bilanciere-panca-piana
EX390,Pullover macchina seduto,Machine pullover seated,isolamento,petto,macchina,palestra,gran dorsale;pettorale;dentato anteriore,principiante,finisher,spalle,spalle: regolare la seduta cosi' che i gomiti siano allineati al perno della macchina,EX389,"Seduto alla macchina, schiena aderente allo schienale, gomiti appoggiati sui supporti imbottiti, presa sulla barra sopra la testa",Porta la barra verso il basso davanti al corpo in arco 2-3 sec;Ritorno controllato sopra la testa senza far sbattere i pesi,Slancio con la schiena;Gomiti che scivolano dai supporti;Regolazione sedile errata,Regolare l'altezza della seduta prima di iniziare per allineare i gomiti al perno,,,,,pullover-macchina-seduto
EX391,Alzate frontali alternate manubri,Dumbbell alternating front raise,isolamento,deltoidi anteriori,manubri,casa;libero;palestra,deltoide anteriore;deltoide laterale;trapezio superiore,principiante;intermedio,finisher,spalle,"spalle: fermarsi all'altezza spalle, mai sopra. gomiti leggermente flessi per ridurre lo stress articolare",EX100,"In piedi, manubri davanti alle cosce, presa prona, gomiti leggermente flessi, core attivo","Sollevamento di un braccio fino all'altezza spalle;Discesa controllata 2 sec mentre l'altro braccio sale;Espira nella salita, inspira nella discesa",Slancio del busto per aiutare la salita;Salita oltre l'altezza spalle;Alternanza troppo rapida che diventa slancio,Non superare l'altezza spalle e non inarcare la schiena per aiutare la salita,elastico,"Elastico calpestato a metà, un capo per mano, alternando le braccia, braccia distese davanti alle cosce","In piedi sull'elastico, braccia distese davanti alle cosce con la tensione già presente;Sali fino all'altezza delle spalle mantenendo i gomiti morbidi;Pausa breve in alto;Ritorno lento 3 sec senza far collassare l'elastico",Slanciare per vincere il picco di resistenza in alto;Salire oltre l'altezza delle spalle;Inarcare la schiena per aiutare la salita;Elastico troppo lasco a inizio movimento: si perde tensione nella parte bassa,alzate-frontali-alternate-manubri
EX392,Pullover manubrio bacino declinato panca piana,Dumbbell pullover pelvis declined flat bench,isolamento,petto,manubri,palestra,gran dorsale;pettorale;dentato anteriore,intermedio,finisher,spalle;core,"spalle: bacino piu' basso rispetto alle spalle aumenta lo stretch, non scendere oltre la soglia di fastidio",EX099,"Sdraiato solo con la parte alta della schiena sulla panca, bacino declinato verso il basso fuori dalla panca, un manubrio afferrato con entrambe le mani sopra il petto",Porta il manubrio dietro la testa in arco fino a sentire lo stretch su dorsali e petto 2-3 sec;Ritorno controllato sopra il petto;Mantieni il core in tensione per stabilizzare il bacino declinato,Bacino che cede per mancanza di controllo del core;Gomiti che si flettono troppo;Scendere oltre la soglia di fastidio alle spalle,"Mantenere il core in tensione per tutta la ripetizione, usare carichi leggeri",elastico,"Elastico ancorato in alto dietro la testa, supino sulla panca con il bacino piu basso delle spalle, un capo per mano","Supino con il bacino piu basso delle spalle, braccia semidistese sopra il petto;Porta le braccia indietro sopra la testa controllando l'allungamento;Riporta le braccia sopra il petto contraendo;Ritorno lento 3 sec senza far collassare l'elastico",Scendere oltre il punto di fastidio;Inarcare la zona lombare;Elastico troppo lasco a inizio movimento: si perde tensione nella parte bassa;Piegare i gomiti durante l'arco,pullover-manubrio-bacino-declinato-panca-piana
EX393,Pullover manubrio fitball,Dumbbell pullover swiss ball,isolamento,petto,manubri,palestra,gran dorsale;pettorale;dentato anteriore;core,intermedio,finisher,spalle;core,"spalle: instabilita' della fitball richiede maggiore controllo del core, non scendere oltre la soglia di fastidio",EX099,"Parte alta della schiena appoggiata su una fitball, piedi a terra, bacino sollevato in linea con il busto, un manubrio afferrato con entrambe le mani sopra il petto",Porta il manubrio dietro la testa in arco fino a sentire lo stretch su dorsali e petto 2-3 sec;Ritorno controllato sopra il petto;Mantieni il bacino sollevato e stabile per tutta la ripetizione,Bacino che cede verso il basso per instabilita';Fitball che rotola per posizionamento scorretto;Gomiti che si flettono troppo,"Verificare la stabilita' della fitball prima di iniziare, usare carichi leggeri",elastico,"Elastico ancorato in alto dietro la testa, schiena appoggiata sulla fitball, un capo per mano a braccia semidistese","Schiena sulla fitball con bacino alto e core attivo, braccia semidistese sopra il petto;Porta le braccia indietro sopra la testa mantenendo il bacino fermo;Riporta le braccia sopra il petto contraendo;Ritorno lento 3 sec senza far collassare l'elastico",Bacino che crolla verso il basso;Fitball che rotola durante il movimento;Elastico troppo lasco a inizio movimento: si perde tensione nella parte bassa;Scendere oltre il punto di fastidio alla spalla,pullover-manubrio-fitball
EX394,Alzate frontali barra cavo basso,Cable bar front raise,isolamento,deltoidi anteriori,cavo basso,palestra,deltoide anteriore;deltoide laterale;trapezio superiore,principiante;intermedio,finisher,spalle,"spalle: fermarsi all'altezza spalle, mai sopra. gomiti leggermente flessi per ridurre lo stress articolare",EX395,"In piedi davanti alla puleggia bassa, barra agganciata al cavo, presa prona larghezza spalle, braccia distese","Sollevamento della barra fino all'altezza spalle;Discesa controllata 2-3 sec contro la trazione del cavo;Espira nella salita, inspira nella discesa",Inarcare la schiena per vincere il carico;Gomiti troppo flessi che trasformano il movimento in tirata;Rilasciare il cavo in discesa,Non superare l'altezza spalle e non inarcare la schiena per aiutare la salita,elastico,"Elastico sotto i piedi al posto del cavo basso, impugnato a due mani larghezza spalle","In piedi sull'elastico a larghezza spalle, una maniglia per mano davanti alle cosce, presa prona, braccia distese;Sollevamento fino all'altezza delle spalle;Discesa controllata 2-3 sec contro il ritorno dell'elastico;Espira nella salita, inspira nella discesa",Inarcare la schiena per vincere la tensione;Gomiti troppo flessi che trasformano il movimento in tirata;Rilasciare l'elastico in discesa,alzate-frontali-barra-cavo-basso
EX395,Alzate frontali bilanciere,Barbell front raise,isolamento,deltoidi anteriori,bilanciere,palestra,deltoide anteriore;deltoide laterale;trapezio superiore,principiante;intermedio,finisher,spalle,"spalle: fermarsi all'altezza spalle, mai sopra. gomiti leggermente flessi per ridurre lo stress articolare",EX394,"In piedi, bilanciere davanti alle cosce, presa prona poco piu larga delle spalle, gomiti quasi distesi","Sollevamento del bilanciere fino all'altezza spalle;Discesa controllata 2-3 sec;Espira nella salita, inspira nella discesa",Slancio delle anche;Salita oltre l'altezza spalle;Iperestensione lombare a fine salita,Non superare l'altezza spalle e non inarcare la schiena per aiutare la salita,,,,,alzate-frontali-bilanciere
EX396,Alzate frontali diagonali manubri,Dumbbell diagonal front raise,isolamento,deltoidi anteriori,manubri,casa;libero;palestra,deltoide anteriore;deltoide laterale;trapezio superiore,intermedio,finisher,spalle,"spalle: fermarsi all'altezza spalle, mai sopra. gomiti leggermente flessi per ridurre lo stress articolare",EX100,"In piedi, manubri davanti alle cosce, presa neutra, gomiti leggermente flessi","Sollevamento in diagonale verso l'esterno, a circa 45 gradi rispetto alla linea frontale;Stop all'altezza spalle;Discesa controllata 2-3 sec",Aprire troppo la diagonale trasformando il movimento in alzata laterale;Slancio del busto;Salita oltre l'altezza spalle,Non superare l'altezza spalle e non inarcare la schiena per aiutare la salita,elastico,"Elastico calpestato a metà, un capo per mano, salendo in diagonale verso l'esterno, braccia distese davanti alle cosce","In piedi sull'elastico, braccia distese davanti alle cosce con la tensione già presente;Sali fino all'altezza delle spalle mantenendo i gomiti morbidi;Pausa breve in alto;Ritorno lento 3 sec senza far collassare l'elastico",Slanciare per vincere il picco di resistenza in alto;Salire oltre l'altezza delle spalle;Inarcare la schiena per aiutare la salita;Elastico troppo lasco a inizio movimento: si perde tensione nella parte bassa,alzate-frontali-diagonali-manubri
EX397,Alzate frontali incrociate cavi bassi,Cable crossover front raise,isolamento,deltoidi anteriori,cavi,palestra,deltoide anteriore;deltoide laterale;trapezio superiore,intermedio,finisher,spalle,"spalle: fermarsi all'altezza spalle, mai sopra. gomiti leggermente flessi per ridurre lo stress articolare",EX394,"In piedi al centro del crossover, cavo destro nella mano sinistra e viceversa, braccia incrociate davanti al corpo",Sollevamento simultaneo delle due maniglie fino all'altezza spalle mantenendo l'incrocio;Discesa controllata 2-3 sec;Espira nella salita,Perdere l'incrocio durante la salita;Ruotare il busto;Usare carichi che costringono a slanciare,Non superare l'altezza spalle e non inarcare la schiena per aiutare la salita,elastico,Elastico sotto i piedi con le maniglie incrociate davanti al corpo,"In piedi sull'elastico, maniglia destra nella mano sinistra e viceversa, braccia incrociate davanti al corpo;Sollevamento simultaneo fino all'altezza delle spalle mantenendo l'incrocio;Discesa controllata 2-3 sec;Espira nella salita",Perdere l'incrocio durante la salita;Ruotare il busto;Tensione eccessiva che costringe a slanciare,alzate-frontali-incrociate-cavi-bassi
EX398,Alzate frontali manubri panca verticale,Dumbbell front raise vertical bench,isolamento,deltoidi anteriori,manubri;panca,palestra,deltoide anteriore;deltoide laterale;trapezio superiore,principiante;intermedio,finisher,spalle,"spalle: fermarsi all'altezza spalle, mai sopra. gomiti leggermente flessi per ridurre lo stress articolare",EX100,"Seduto su panca con schienale a 90 gradi, schiena aderente, manubri lungo i fianchi, presa prona",Sollevamento fino all'altezza spalle;Discesa controllata 2-3 sec;Schiena sempre aderente allo schienale,Staccare la schiena dallo schienale;Slancio delle gambe;Salita oltre l'altezza spalle,"Lo schienale elimina il compenso lombare: se devi staccarti dalla panca, il carico e troppo alto",,,,,alzate-frontali-manubri-panca-verticale
EX399,Alzate frontali manubri prono panca inclinata,Dumbbell chest supported front raise incline bench,isolamento,deltoidi anteriori,manubri;panca inclinata,palestra,deltoide anteriore;deltoide laterale;trapezio superiore,intermedio,finisher,spalle,"spalle: fermarsi all'altezza spalle, mai sopra. gomiti leggermente flessi per ridurre lo stress articolare",EX398,"Prono su panca inclinata a 45 gradi, petto appoggiato, manubri appesi sotto le spalle, presa prona",Sollevamento in avanti fino alla linea delle spalle;Pausa breve in contrazione;Discesa controllata 3 sec,Staccare il petto dalla panca;Usare slancio;Estendere il collo per sbirciare avanti,L'appoggio del petto azzera lo slancio: qualsiasi movimento del busto significa carico eccessivo,,,,,alzate-frontali-manubri-prono-panca-inclinata
EX400,Alzate frontali un braccio cavo basso,Cable one arm front raise,isolamento,deltoidi anteriori,cavo basso,palestra,deltoide anteriore;deltoide laterale;trapezio superiore,principiante;intermedio,finisher,spalle,"spalle: fermarsi all'altezza spalle, mai sopra. gomiti leggermente flessi per ridurre lo stress articolare",EX394,"In piedi di spalle alla puleggia bassa, maniglia in una mano, cavo che passa lateralmente alla coscia, braccio disteso","Sollevamento in avanti fino all'altezza spalla;Discesa controllata 3 sec contro la trazione;Completa tutte le ripetizioni, poi cambia braccio",Ruotare il busto verso il braccio che lavora;Inclinarsi lateralmente per compensare;Rilasciare il cavo in discesa,Il carico monolaterale spinge a ruotare: tieni le anche quadrate e il core attivo,elastico,"Elastico sotto il piede al posto del cavo basso, lavoro a un braccio","In piedi con l'elastico sotto il piede, una maniglia nella mano che lavora lungo il fianco, braccio disteso;Sollevamento in avanti fino all'altezza della spalla;Discesa controllata 3 sec contro il ritorno;Completa le ripetizioni, poi cambia braccio",Ruotare il busto verso il braccio che lavora;Inclinarsi lateralmente per compensare;Rilasciare l'elastico in discesa,alzate-frontali-un-braccio-cavo-basso
EX401,Alzate frontali un manubrio mani unite,Dumbbell close grip front raise,isolamento,deltoidi anteriori,manubri,casa;libero;palestra,deltoide anteriore;deltoide laterale;trapezio superiore,principiante,finisher,spalle,"spalle: fermarsi all'altezza spalle, mai sopra. gomiti leggermente flessi per ridurre lo stress articolare",EX100,"In piedi, un solo manubrio tenuto con entrambe le mani ai lati dell'impugnatura, braccia distese davanti alle cosce","Sollevamento del manubrio fino all'altezza spalle;Discesa controllata 2-3 sec;Espira nella salita, inspira nella discesa",Slancio del busto;Salita oltre l'altezza spalle;Gomiti che si flettono progressivamente,Non superare l'altezza spalle e non inarcare la schiena per aiutare la salita,elastico,"Elastico calpestato a metà, entrambi i capi in mano con le mani unite, braccia distese davanti alle cosce","In piedi sull'elastico, braccia distese davanti alle cosce con la tensione già presente;Sali fino all'altezza delle spalle mantenendo i gomiti morbidi;Pausa breve in alto;Ritorno lento 3 sec senza far collassare l'elastico",Slanciare per vincere il picco di resistenza in alto;Salire oltre l'altezza delle spalle;Inarcare la schiena per aiutare la salita;Elastico troppo lasco a inizio movimento: si perde tensione nella parte bassa,alzate-frontali-un-manubrio-mani-unite
EX402,Alzate laterali discesa frontale manubri,Dumbbell lateral raise to front lower,isolamento,deltoidi laterali,manubri,casa;libero;palestra,deltoide laterale;sovraspinato;trapezio superiore,intermedio,finisher,spalle,"spalle: range ridotto fino all'altezza spalle, mai sopra. gomiti leggermente flessi per ridurre lo stress articolare",EX055,"In piedi, manubri lungo i fianchi, presa neutra, gomiti leggermente flessi",Salita laterale fino all'altezza spalle;Portare le braccia in avanti mantenendo l'altezza;Discesa controllata davanti al corpo 3 sec,Perdere l'altezza durante il passaggio laterale-frontale;Slancio del busto;Discesa in caduta libera,Mai sopra l'altezza spalle: oltre quella linea il deltoide laterale smette di lavorare e subentra il trapezio,elastico,"Elastico calpestato a metà, un capo per mano, braccia distese lungo i fianchi","In piedi sull'elastico, braccia lungo i fianchi con la tensione già presente;Apri lateralmente fino all'altezza delle spalle;Scendi davanti al corpo lungo un arco frontale;Ritorno lento 3 sec senza far collassare l'elastico",Slanciare per vincere il picco di resistenza in alto;Salire sopra la linea delle spalle;Gomiti che si piegano per accorciare la leva;Elastico troppo lasco a inizio movimento: si perde tensione nella parte bassa,alzate-laterali-discesa-frontale-manubri
EX403,Alzate laterali incrociate cavi bassi,Cable crossover lateral raise,isolamento,deltoidi laterali,cavi,palestra,deltoide laterale;sovraspinato;trapezio superiore,intermedio,finisher,spalle,"spalle: range ridotto fino all'altezza spalle, mai sopra. gomiti leggermente flessi per ridurre lo stress articolare",EX411,"In piedi al centro del crossover, cavo destro nella mano sinistra e viceversa, braccia incrociate davanti al bacino",Apertura laterale simultanea fino all'altezza spalle;Pausa breve in contrazione;Discesa controllata 3 sec contro la trazione,Salire oltre l'altezza spalle;Inclinare il busto all'indietro;Rilasciare la tensione in basso,Mai sopra l'altezza spalle: oltre quella linea il deltoide laterale smette di lavorare e subentra il trapezio,elastico,Elastico sotto i piedi con le maniglie incrociate davanti al bacino,"In piedi sull'elastico, maniglia destra nella mano sinistra e viceversa, braccia incrociate davanti al bacino;Apertura laterale simultanea fino all'altezza delle spalle;Pausa breve in contrazione;Discesa controllata 3 sec",Salire oltre l'altezza delle spalle;Inclinare il busto all'indietro;Rilasciare la tensione in basso,alzate-laterali-incrociate-cavi-bassi
EX404,Alzate laterali macchina a leve seduto,Lever lateral raise machine seated,isolamento,deltoidi laterali,macchina,palestra,deltoide laterale;sovraspinato;trapezio superiore,principiante,finisher,spalle,"spalle: range ridotto fino all'altezza spalle, mai sopra. gomiti leggermente flessi per ridurre lo stress articolare",EX405,"Seduto sulla macchina a leve, schiena aderente, avambracci contro i cuscinetti, gomiti allineati con l'asse di rotazione",Apertura laterale fino all'altezza spalle;Pausa breve in contrazione;Discesa controllata 3 sec,Staccare la schiena dallo schienale;Spingere con i polsi invece che con i gomiti;Discesa in rilascio,"Allinea sempre il gomito all'asse della macchina: fuori asse, il carico va sull'articolazione",,,,,alzate-laterali-macchina-a-leve-seduto
EX405,Alzate laterali macchina appoggio gomito seduto,Machine lateral raise elbow pad seated,isolamento,deltoidi laterali,macchina,palestra,deltoide laterale;sovraspinato;trapezio superiore,principiante,finisher,spalle,"spalle: range ridotto fino all'altezza spalle, mai sopra. gomiti leggermente flessi per ridurre lo stress articolare",EX404,"Seduto sulla macchina, gomiti appoggiati sui pad laterali, busto eretto e aderente allo schienale",Sollevamento laterale dei gomiti fino all'altezza spalle;Pausa breve;Discesa controllata 3 sec,Alzare le spalle verso le orecchie;Staccare la schiena;Superare l'altezza spalle,Mai sopra l'altezza spalle: oltre quella linea il deltoide laterale smette di lavorare e subentra il trapezio,,,,,alzate-laterali-macchina-appoggio-gomito-seduto
EX406,Alzate laterali manubri panca piana,Dumbbell lateral raise flat bench,isolamento,deltoidi laterali,manubri;panca,palestra,deltoide laterale;sovraspinato;trapezio superiore,principiante;intermedio,finisher,spalle,"spalle: range ridotto fino all'altezza spalle, mai sopra. gomiti leggermente flessi per ridurre lo stress articolare",EX055,"Seduto sul bordo della panca piana, busto eretto, manubri lungo i fianchi, presa neutra, piedi a terra","Sollevamento laterale fino all'altezza spalle;Eccentrica controllata 3 sec;Espira nella salita, inspira nella discesa",Slanciare il busto avanti e indietro;Salire oltre l'altezza spalle;Alzare le spalle verso le orecchie,"Da seduto lo slancio delle gambe e escluso: se il busto oscilla, il carico e troppo alto",,,,,alzate-laterali-manubri-panca-piana
EX407,Alzate laterali manubri prono panca inclinata,Dumbbell chest supported lateral raise incline bench 45°,isolamento,deltoidi laterali,manubri;panca inclinata,palestra,deltoide laterale;sovraspinato;trapezio superiore,intermedio,finisher,spalle,"spalle: range ridotto fino all'altezza spalle, mai sopra. gomiti leggermente flessi per ridurre lo stress articolare",EX055,"Prono su panca inclinata a 45 gradi, petto appoggiato, manubri appesi sotto le spalle, presa neutra",Apertura laterale fino alla linea delle spalle;Pausa breve in contrazione;Discesa controllata 3 sec,Staccare il petto dalla panca;Portare le braccia troppo indietro trasformando il movimento in reverse fly;Usare slancio,L'appoggio del petto elimina ogni compenso: qualsiasi oscillazione del busto significa carico eccessivo,,,,,alzate-laterali-manubri-prono-panca-inclinata
EX409,Alzate laterali un braccio cavo basso,Cable one arm lateral raise,isolamento,deltoidi laterali,cavo basso,palestra,deltoide laterale;sovraspinato;trapezio superiore,principiante;intermedio,finisher,spalle,"spalle: range ridotto fino all'altezza spalle, mai sopra. gomiti leggermente flessi per ridurre lo stress articolare",EX412,"In piedi di fianco alla puleggia bassa, maniglia nella mano esterna, cavo che passa davanti al corpo, braccio disteso","Apertura laterale fino all'altezza spalla;Pausa breve in contrazione;Discesa controllata 3 sec;Completa le ripetizioni, poi cambia braccio",Inclinare il busto verso il lato opposto per compensare;Superare l'altezza spalla;Rilasciare la tensione in basso,Mai sopra l'altezza spalle: oltre quella linea il deltoide laterale smette di lavorare e subentra il trapezio,elastico,"Elastico sotto il piede opposto al posto del cavo basso, lavoro a un braccio","In piedi con l'elastico sotto il piede opposto, maniglia nella mano esterna, elastico che passa davanti al corpo, braccio disteso;Apertura laterale fino all'altezza della spalla;Pausa breve in contrazione;Discesa controllata 3 sec;Completa le ripetizioni, poi cambia braccio",Inclinare il busto verso il lato opposto per compensare;Superare l'altezza della spalla;Rilasciare la tensione in basso,alzate-laterali-un-braccio-cavo-basso
EX410,Alzate laterali un braccio manubrio gomito 90 gradi,Dumbbell one arm 90 degrees elbow lateral raise,isolamento,deltoidi laterali,manubri,casa;libero;palestra,deltoide laterale;sovraspinato;trapezio superiore,intermedio,finisher,spalle,"spalle: range ridotto fino all'altezza spalle, mai sopra. gomiti leggermente flessi per ridurre lo stress articolare",EX412,"In piedi, un manubrio in una mano, gomito flesso a 90 gradi, avambraccio parallelo al terreno, mano libera sul fianco",Sollevamento laterale mantenendo il gomito fisso a 90 gradi;Stop all'altezza spalla;Discesa controllata 3 sec,Aprire l'angolo del gomito durante la salita;Inclinare il busto;Ruotare l'avambraccio verso il basso,"L'angolo a 90 gradi accorcia la leva: il carico va scelto di conseguenza, non alzato",elastico,"Elastico calpestato con un piede, un capo in mano, gomito piegato a 90 gradi e fermo al fianco","In piedi sull'elastico, gomito piegato a 90 gradi e bloccato in quell'angolo;Apri lateralmente fino all'altezza della spalla;Pausa breve in alto;Ritorno lento 3 sec senza far collassare l'elastico",Aprire o chiudere l'angolo del gomito durante la salita;Inclinare il busto dal lato opposto;Slanciare per vincere il picco di resistenza in alto;Elastico troppo lasco a inizio movimento: si perde tensione nella parte bassa,alzate-laterali-un-braccio-manubrio-gomito-90-gradi
EX411,Alzate laterali un braccio cavo basso inclinazione laterale,Cable lean away lateral raise,isolamento,deltoidi laterali,cavo basso,palestra,deltoide laterale;sovraspinato;trapezio superiore,intermedio;avanzato,finisher,spalle,"spalle: range ridotto fino all'altezza spalle, mai sopra. gomiti leggermente flessi per ridurre lo stress articolare",EX413,"In piedi di fianco al montante, mano libera che afferra la colonna, corpo inclinato lontano dalla puleggia, maniglia nella mano esterna",Apertura laterale fino all'altezza spalla mantenendo l'inclinazione;Pausa breve in contrazione;Discesa controllata 3 sec,Raddrizzare il busto durante la salita;Tirare con il braccio di appoggio;Superare l'altezza spalla,L'inclinazione aumenta il range e la tensione in allungamento: parti con carichi leggeri,elastico,"Elastico sotto il piede, corpo inclinato lontano dall'ancoraggio tenendosi a un montante o allo stipite","In piedi con l'elastico sotto il piede, mano libera che afferra un montante stabile, corpo inclinato lontano, maniglia nella mano esterna;Apertura laterale fino all'altezza della spalla mantenendo l'inclinazione;Pausa breve in contrazione;Discesa controllata 3 sec",Raddrizzare il busto durante la salita;Tirare con il braccio di appoggio;Superare l'altezza della spalla,alzate-laterali-un-braccio-cavo-basso-inclinazione-laterale
EX412,Alzate laterali un braccio manubrio,Dumbbell one arm lateral raise,isolamento,deltoidi laterali,manubri,casa;libero;palestra,deltoide laterale;sovraspinato;trapezio superiore,principiante;intermedio,finisher,spalle,"spalle: range ridotto fino all'altezza spalle, mai sopra. gomiti leggermente flessi per ridurre lo stress articolare",EX055,"In piedi, un manubrio nella mano che lavora, mano libera sul fianco o su un appoggio, gomito leggermente flesso","Sollevamento laterale fino all'altezza spalla;Eccentrica controllata 3 sec;Completa le ripetizioni, poi cambia braccio",Inclinare il busto verso il lato opposto;Slancio dell'anca;Superare l'altezza spalla,Mai sopra l'altezza spalle: oltre quella linea il deltoide laterale smette di lavorare e subentra il trapezio,elastico,"Elastico calpestato con un piede, un capo in mano, braccio disteso lungo il fianco","In piedi sull'elastico, braccio lungo il fianco con la tensione già presente;Apri lateralmente fino all'altezza della spalla, gomito morbido;Pausa breve in alto;Ritorno lento 3 sec senza far collassare l'elastico",Inclinare il busto dal lato opposto per aiutare;Slanciare per vincere il picco di resistenza in alto;Salire sopra la linea della spalla;Elastico troppo lasco a inizio movimento: si perde tensione nella parte bassa,alzate-laterali-un-braccio-manubrio
EX413,Alzate laterali un braccio manubrio inclinazione laterale,Dumbbell lean away lateral raise,isolamento,deltoidi laterali,manubri,palestra;casa,deltoide laterale;sovraspinato;trapezio superiore,intermedio;avanzato,finisher,spalle,"spalle: range ridotto fino all'altezza spalle, mai sopra. gomiti leggermente flessi per ridurre lo stress articolare",EX411,"In piedi di fianco a un montante o rack, mano libera che afferra il supporto, corpo inclinato lontano, manubrio nella mano esterna",Apertura laterale fino all'altezza spalla mantenendo l'inclinazione;Pausa breve;Discesa controllata 3 sec,Raddrizzare il busto durante la salita;Tirarsi su con il braccio di appoggio;Slanciare il manubrio,"L'inclinazione allunga il deltoide in partenza: carico piu leggero del solito, movimento lento",elastico,"Elastico calpestato con un piede, un capo in mano, busto inclinato lateralmente verso il lato che lavora","In piedi sull'elastico con il busto inclinato lateralmente, braccio disteso in basso;Apri lateralmente fino all'altezza della spalla mantenendo l'inclinazione;Pausa breve in alto;Ritorno lento 3 sec senza far collassare l'elastico",Raddrizzare il busto durante la salita;Slanciare per vincere il picco di resistenza in alto;Piegare il gomito per accorciare la leva;Elastico troppo lasco a inizio movimento: si perde tensione nella parte bassa,alzate-laterali-un-braccio-manubrio-inclinazione-laterale
EX414,Alzate multi-angolo manubri,Dumbbell multi-angle raise,isolamento,deltoidi laterali,manubri,casa;libero;palestra,deltoide laterale;deltoide anteriore;sovraspinato,intermedio,finisher,spalle,spalle: mai sopra l'altezza spalle su nessuno degli angoli. ridurre le serie se compare fastidio,EX055,"In piedi, manubri lungo i fianchi, presa neutra, gomiti leggermente flessi, core attivo","Serie di alzate frontali;Senza pausa, serie di alzate diagonali a 45 gradi;Senza pausa, serie di alzate laterali;Stop sempre all'altezza spalle",Rallentare fino a perdere la tensione tra un angolo e l'altro;Slancio crescente con l'affaticamento;Superare l'altezza spalle nelle ultime ripetizioni,"E un finisher ad alta fatica: il carico va scelto sull'angolo piu debole, non sul piu forte",elastico,"Elastico calpestato a metà, un capo per mano, braccia distese lungo i fianchi","In piedi sull'elastico, braccia lungo i fianchi con la tensione già presente;Esegui aperture su angoli diversi: laterale, a 45 gradi e frontale;Mantieni i gomiti morbidi e fermi su ogni angolo;Ritorno lento 3 sec senza far collassare l'elastico",Slanciare per vincere il picco di resistenza in alto;Cambiare angolo a metà salita;Salire sopra la linea delle spalle;Elastico troppo lasco a inizio movimento: si perde tensione nella parte bassa,alzate-multi-angolo-manubri
EX415,Distensioni landmine in ginocchio,Landmine press kneeling,spinta verticale,deltoidi anteriori,bilanciere,palestra,deltoide anteriore;deltoide laterale;tricipiti;trapezio superiore,principiante;intermedio,principale,spalle;lombari,"spalle: se manca mobilita overhead ridurre il range o passare a inclinata. lombari: core attivo, evitare iperestensione",EX430,"In ginocchio davanti al landmine, estremita del bilanciere all'altezza della spalla, presa neutra, core e glutei attivi","Spinta in avanti e in alto lungo la diagonale del bilanciere;Estensione senza bloccare il gomito;Ritorno controllato 2-3 sec;Completa le ripetizioni, poi cambia braccio",Inarcare la lombare per aiutare la spinta;Ruotare il busto;Perdere l'allineamento anca-ginocchio-spalla,La traiettoria diagonale e piu sicura per la spalla del press verticale puro: e l'esercizio d'elezione se la mobilita overhead e limitata,,,,,distensioni-landmine-in-ginocchio
EX416,Intrarotazione cavo,Cable internal rotation,isolamento,cuffia rotatori,cavo,palestra,sottospinato;piccolo rotondo;sottoscapolare,principiante,riscaldamento,spalle,"spalle: carichi bassissimi, movimento lento, gomito sempre aderente al fianco",EX101,"In piedi di fianco alla puleggia all'altezza del gomito, maniglia nella mano interna, gomito flesso a 90 gradi e aderente al fianco","Rotazione dell'avambraccio verso l'ombelico mantenendo il gomito fermo al fianco;Pausa breve;Ritorno controllato 3 sec;Completa le ripetizioni, poi cambia lato",Staccare il gomito dal fianco;Ruotare il busto per aiutare;Usare carichi che trasformano il movimento in tirata,"Movimento di attivazione, non di forza: carichi minimi e tempo sotto tensione lungo",elastico,"Elastico ancorato all'altezza del gomito al posto della puleggia, gomito aderente al fianco","In piedi di fianco all'ancoraggio all'altezza del gomito, maniglia nella mano interna, gomito flesso a 90 gradi e aderente al fianco;Rotazione dell'avambraccio verso l'ombelico mantenendo il gomito fermo;Pausa breve;Ritorno controllato 3 sec;Completa le ripetizioni, poi cambia lato",Staccare il gomito dal fianco;Ruotare il busto per aiutare;Tensione eccessiva che trasforma il movimento in tirata,intrarotazione-cavo
EX417,Lento Arnold manubri panca verticale,Arnold shoulder press dumbbells vertical bench,spinta verticale,deltoidi anteriori,manubri;panca,palestra,deltoide anteriore;deltoide laterale;tricipiti;trapezio superiore,intermedio,principale,spalle;lombari,"spalle: se manca mobilita overhead ridurre il range o passare a inclinata. lombari: core attivo, evitare iperestensione",EX074,"Seduto su panca con schienale a 90 gradi, manubri davanti alle spalle, palmi rivolti verso il viso, gomiti stretti",Spinta verso l'alto ruotando i palmi in avanti durante la salita;Estensione senza bloccare i gomiti;Discesa controllata invertendo la rotazione 3 sec,Ruotare i polsi troppo presto o troppo tardi rispetto alla spinta;Staccare la schiena dallo schienale;Bloccare i gomiti in alto,La rotazione carica la spalla in posizione vulnerabile: usa carichi inferiori al lento avanti classico,,,,,lento-arnold-manubri-panca-verticale
EX418,Lento avanti alternato manubri,Dumbbell alternating isometric shoulder press,spinta verticale,deltoidi anteriori,manubri,casa;libero;palestra,deltoide anteriore;deltoide laterale;tricipiti;trapezio superiore,intermedio;avanzato,finisher,spalle;lombari,"spalle: se manca mobilita overhead ridurre il range o passare a inclinata. lombari: core attivo, evitare iperestensione",EX425,"In piedi, manubri all'altezza delle spalle, presa prona, core e glutei contratti",Spinta di un braccio mentre l'altro resta bloccato in isometria all'altezza spalla;Discesa controllata;Alterna senza mai rilasciare il braccio fermo,Rilasciare il braccio in isometria;Inarcare la lombare;Accelerare l'alternanza perdendo il controllo,"Il braccio isometrico e la parte dura: se cede l'altezza, la serie e finita",elastico,"Elastico calpestato a metà, un capo per mano all'altezza delle spalle","In piedi sull'elastico, mani all'altezza delle spalle;Spingi un braccio verso l'alto mentre l'altro resta fermo in tensione a metà corsa;Mantieni l'isometria sul braccio fermo;Ritorno lento 3 sec senza far collassare l'elastico",Rilasciare la tensione sul braccio in isometria;Inarcare la schiena durante la spinta;Elastico troppo lasco a inizio movimento: si perde tensione nella parte bassa;Elastico troppo corto che impedisce l'estensione completa,lento-avanti-alternato-manubri
EX419,Lento avanti bilanciere rack panca piana,Barbell shoulder press bench,spinta verticale,deltoidi anteriori,bilanciere;panca,palestra,deltoide anteriore;deltoide laterale;tricipiti;trapezio superiore,intermedio,principale,spalle;lombari,"spalle: se manca mobilita overhead ridurre il range o passare a inclinata. lombari: core attivo, evitare iperestensione",EX006,"Seduto su panca piana senza schienale dentro il rack, bilanciere sui supporti all'altezza delle spalle, presa prona poco piu larga delle spalle, piedi a terra",Stacco del bilanciere dai supporti;Spinta verticale sopra la testa senza bloccare i gomiti;Discesa controllata all'altezza del mento 2-3 sec,Inarcare la lombare per compensare la mancanza di schienale;Traiettoria in avanti invece che verticale;Rimbalzo sui supporti,Senza schienale il core e l'unico stabilizzatore: regola i fermi del rack all'altezza spalle prima di iniziare,,,,,lento-avanti-bilanciere-rack-panca-piana
EX420,Lento avanti bilanciere rack,Barbell shoulder press rack standing,spinta verticale,deltoidi anteriori,bilanciere,palestra,deltoide anteriore;deltoide laterale;tricipiti;trapezio superiore,intermedio,principale,spalle;lombari,"spalle: se manca mobilita overhead ridurre il range o passare a inclinata. lombari: core attivo, evitare iperestensione",EX006,"In piedi nel rack, bilanciere sui supporti all'altezza delle clavicole, presa prona poco piu larga delle spalle, piedi larghezza anche","Stacco del bilanciere e passo indietro;Spinta verticale sopra la testa, testa che si sposta leggermente avanti a fine spinta;Discesa controllata alle clavicole 2-3 sec",Iperestensione lombare a fine spinta;Traiettoria in avanti che carica le spalle;Bloccare la respirazione per tutta la serie,Blocca il core e i glutei prima di spingere: senza tenuta il carico scarica sulla lombare,,,,,lento-avanti-bilanciere-rack
EX421,Lento avanti bilanciere seduto a terra,Barbell shoulder press seated on floor,spinta verticale,deltoidi anteriori,bilanciere,palestra,deltoide anteriore;deltoide laterale;tricipiti;trapezio superiore,intermedio;avanzato,finisher,spalle;lombari,"spalle: se manca mobilita overhead ridurre il range o passare a inclinata. lombari: core attivo, evitare iperestensione",EX420,"Seduto a terra a gambe distese, bilanciere all'altezza delle clavicole, presa prona poco piu larga delle spalle, busto eretto",Spinta verticale sopra la testa senza inarcare;Estensione completa;Discesa controllata alle clavicole 3 sec,Inarcare la lombare;Ruotare il bacino all'indietro;Usare le gambe per stabilizzarsi spingendo a terra,Da seduto a terra ogni compenso di gambe e anche e escluso: e il test piu onesto della spinta verticale pura,,,,,lento-avanti-bilanciere-seduto-a-terra
EX422,Lento avanti cavi bassi,Cable shoulder press,spinta verticale,deltoidi anteriori,cavi,palestra,deltoide anteriore;deltoide laterale;tricipiti;trapezio superiore,principiante;intermedio,finisher,spalle;lombari,"spalle: se manca mobilita overhead ridurre il range o passare a inclinata. lombari: core attivo, evitare iperestensione",EX425,"In piedi al centro del crossover, maniglie delle pulegge basse all'altezza delle spalle, presa neutra o prona, core attivo",Spinta verticale sopra la testa contro la trazione dei cavi;Estensione senza bloccare i gomiti;Discesa controllata 3 sec,Inclinarsi in avanti per vincere la trazione;Traiettoria delle mani che si allarga in alto;Rilasciare la tensione in basso,I cavi mantengono tensione anche in alto: aspettati un bruciore diverso dal bilanciere a parita di carico,elastico,"Elastico sotto i piedi al posto delle pulegge basse, spinta verticale sopra la testa","In piedi sull'elastico a larghezza spalle, maniglie all'altezza delle spalle, presa neutra o prona, core attivo;Spinta verticale sopra la testa contro la tensione;Estensione senza bloccare i gomiti;Discesa controllata 3 sec",Inclinarsi in avanti per vincere la tensione;Traiettoria delle mani che si allarga in alto;Rilasciare la tensione in basso,lento-avanti-cavi-bassi
EX423,Lento avanti macchina a dischi seduto,Lever shoulder press seated,spinta verticale,deltoidi anteriori,macchina,palestra,deltoide anteriore;deltoide laterale;tricipiti;trapezio superiore,principiante,principale,spalle;lombari,"spalle: se manca mobilita overhead ridurre il range o passare a inclinata. lombari: core attivo, evitare iperestensione",EX424,"Seduto sulla macchina a leve, schiena aderente allo schienale, impugnature all'altezza delle spalle, piedi a terra",Spinta verticale fino a quasi completa estensione;Discesa controllata 3 sec fino all'altezza spalle;Espira nella spinta,Staccare la schiena dallo schienale;Bloccare i gomiti in alto;Discesa in rilascio,La macchina guida la traiettoria: e la scelta piu sicura se la spalla e sensibile o sei alle prime armi,,,,,lento-avanti-macchina-a-dischi-seduto
EX424,Lento avanti macchina pacco pesi seduto,Selectorized shoulder press seated,spinta verticale,deltoidi anteriori,macchina,palestra,deltoide anteriore;deltoide laterale;tricipiti;trapezio superiore,principiante,principale,spalle;lombari,"spalle: se manca mobilita overhead ridurre il range o passare a inclinata. lombari: core attivo, evitare iperestensione",EX423,"Seduto sulla macchina a pacco pesi, schiena aderente, sedile regolato con le impugnature all'altezza delle spalle","Spinta verticale fino a quasi completa estensione;Discesa controllata 3 sec;Espira nella spinta, inspira nella discesa",Sedile troppo basso o troppo alto rispetto alla spalla;Staccare la schiena;Far sbattere il pacco pesi in discesa,"Regola sempre il sedile prima della serie: l'impugnatura deve partire all'altezza delle spalle, non sopra",,,,,lento-avanti-macchina-pacco-pesi-seduto
EX425,Lento avanti manubri,Dumbbell shoulder press standing,spinta verticale,deltoidi anteriori,manubri,casa;libero;palestra,deltoide anteriore;deltoide laterale;tricipiti;trapezio superiore,principiante;intermedio,principale,spalle;lombari,"spalle: se manca mobilita overhead ridurre il range o passare a inclinata. lombari: core attivo, evitare iperestensione",EX006,"In piedi, manubri all'altezza delle spalle, presa prona, piedi larghezza anche, core e glutei contratti",Spinta verticale sopra la testa senza bloccare i gomiti;Discesa controllata all'altezza spalle 2-3 sec;Espira nella spinta,Iperestensione lombare;Manubri che si allontanano davanti al corpo;Spinta asimmetrica tra i due braccia,Blocca il core e i glutei prima di spingere: senza tenuta il carico scarica sulla lombare,elastico,"Elastico calpestato a metà, un capo per mano all'altezza delle spalle, gomiti sotto i polsi","In piedi sull'elastico, mani all'altezza delle spalle e core attivo;Spingi verticalmente contro la resistenza crescente;Estendi sopra la testa senza bloccare i gomiti;Ritorno lento 3 sec senza far collassare l'elastico",Inarcare la zona lombare per aiutare la spinta;Elastico troppo lasco a inizio movimento: si perde tensione nella parte bassa;Elastico troppo corto che impedisce l'estensione completa;Spalle che salgono verso le orecchie,lento-avanti-manubri
EX426,Lento avanti manubri panca verticale,Dumbbell shoulder press vertical bench,spinta verticale,deltoidi anteriori,manubri;panca,palestra,deltoide anteriore;deltoide laterale;tricipiti;trapezio superiore,principiante;intermedio,principale,spalle;lombari,"spalle: se manca mobilita overhead ridurre il range o passare a inclinata. lombari: core attivo, evitare iperestensione",EX425,"Seduto su panca con schienale a 90 gradi, schiena aderente, manubri all'altezza delle spalle, presa prona, piedi a terra",Spinta verticale sopra la testa;Estensione senza bloccare i gomiti;Discesa controllata all'altezza spalle 2-3 sec,Staccare la lombare dallo schienale;Far sbattere i manubri in alto;Discesa parziale che riduce il range,Lo schienale toglie il compenso lombare: e la variante da preferire se la lombare e sensibile,,,,,lento-avanti-manubri-panca-verticale
EX427,Lento avanti multipower,Smith machine shoulder press standing,spinta verticale,deltoidi anteriori,multipower,palestra,deltoide anteriore;deltoide laterale;tricipiti;trapezio superiore,principiante;intermedio,principale,spalle;lombari,"spalle: se manca mobilita overhead ridurre il range o passare a inclinata. lombari: core attivo, evitare iperestensione",EX420,"In piedi sotto il multipower, bilanciere all'altezza delle clavicole, presa prona poco piu larga delle spalle, piedi leggermente avanti rispetto alla barra",Sgancio della barra;Spinta verticale lungo la guida;Discesa controllata alle clavicole 2-3 sec,Posizionare i piedi troppo indietro creando una traiettoria innaturale per la spalla;Iperestensione lombare;Riagganciare la barra a braccia stanche,"La guida fissa impone la traiettoria: se senti fastidio alla spalla, sposta i piedi, non forzare",,,,,lento-avanti-multipower
EX428,Lento avanti multipower seduto,Smith machine shoulder press seated,spinta verticale,deltoidi anteriori,multipower;panca,palestra,deltoide anteriore;deltoide laterale;tricipiti;trapezio superiore,principiante;intermedio,principale,spalle;lombari,"spalle: se manca mobilita overhead ridurre il range o passare a inclinata. lombari: core attivo, evitare iperestensione",EX427,"Seduto su panca con schienale posizionata sotto il multipower, barra all'altezza delle clavicole, presa prona poco piu larga delle spalle",Sgancio della barra;Spinta verticale lungo la guida;Discesa controllata alle clavicole 2-3 sec,Panca mal centrata rispetto alla barra;Staccare la schiena dallo schienale;Bloccare i gomiti in alto,Centra la panca prima di caricare: fuori asse la barra scende davanti o dietro il piano della spalla,,,,,lento-avanti-multipower-seduto
EX429,Lento avanti bilanciere pin press,Barbell pin press,spinta verticale,deltoidi anteriori,bilanciere,palestra,deltoide anteriore;deltoide laterale;tricipiti;trapezio superiore,intermedio;avanzato,finisher,spalle;lombari,"spalle: se manca mobilita overhead ridurre il range o passare a inclinata. lombari: core attivo, evitare iperestensione",EX420,"In piedi nel rack, bilanciere appoggiato sui pin all'altezza delle clavicole o poco sopra, presa prona, core attivo","Spinta dalla posizione statica sui pin, senza pre-caricamento;Estensione completa;Riappoggio controllato sui pin e pausa completa tra le ripetizioni",Rimbalzare sui pin;Usare le gambe per avviare la spinta;Non fermarsi tra una ripetizione e l'altra,"Ogni ripetizione parte da fermo: serve a rompere il punto morto, non a spostare carichi massimali",,,,,lento-avanti-bilanciere-pin-press
EX430,Lento avanti un braccio manubrio,Dumbbell one arm shoulder press,spinta verticale,deltoidi anteriori,manubri,casa;libero;palestra,deltoide anteriore;deltoide laterale;tricipiti;trapezio superiore,intermedio,finisher,spalle;lombari,"spalle: se manca mobilita overhead ridurre il range o passare a inclinata. lombari: core attivo, evitare iperestensione",EX425,"In piedi, un manubrio all'altezza della spalla, presa prona o neutra, mano libera sul fianco, core e glutei contratti","Spinta verticale sopra la testa;Discesa controllata 3 sec;Completa le ripetizioni, poi cambia braccio",Inclinarsi lateralmente verso il lato opposto;Ruotare il busto;Iperestensione lombare,"Il carico monolaterale e un esercizio anti-flessione laterale mascherato: se il busto si piega, scendi di carico",elastico,"Elastico calpestato con un piede, un capo in mano all'altezza della spalla","In piedi sull'elastico, una mano all'altezza della spalla e core attivo;Spingi verticalmente fino a braccio disteso senza ruotare il busto;Pausa breve in alto;Ritorno lento 3 sec senza far collassare l'elastico",Busto che si inclina dal lato opposto;Inarcare la schiena;Elastico troppo lasco a inizio movimento: si perde tensione nella parte bassa;Elastico troppo corto che impedisce l'estensione completa,lento-avanti-un-braccio-manubrio
EX431,Lento dietro bilanciere,Behind the neck barbell shoulder press standing,spinta verticale,deltoidi anteriori,bilanciere,palestra,deltoide anteriore;deltoide laterale;tricipiti;trapezio superiore,avanzato,finisher,spalle;lombari,"spalle: se manca mobilita overhead ridurre il range o passare a inclinata. lombari: core attivo, evitare iperestensione",EX420,"In piedi, bilanciere dietro la nuca appoggiato sui trapezi, presa prona larga, gomiti sotto la barra, core attivo","Spinta verticale sopra la testa;Estensione senza bloccare i gomiti;Discesa controllata fino all'altezza delle orecchie, non oltre",Scendere troppo in basso dietro la nuca;Portare il collo in avanti;Usare carichi elevati,"Movimento a rischio impingement: eseguire solo con buona mobilita di spalle, carichi moderati, mai a cedimento",,,,,lento-dietro-bilanciere
EX432,Lento dietro bilanciere seduto,Behind the neck barbell shoulder press flat bench,spinta verticale,deltoidi anteriori,bilanciere;panca,palestra,deltoide anteriore;deltoide laterale;tricipiti;trapezio superiore,avanzato,finisher,spalle;lombari,"spalle: se manca mobilita overhead ridurre il range o passare a inclinata. lombari: core attivo, evitare iperestensione",EX431,"Seduto su panca piana senza schienale, bilanciere dietro la nuca sui trapezi, presa prona larga, piedi a terra, busto eretto",Spinta verticale sopra la testa;Estensione senza bloccare i gomiti;Discesa controllata fino all'altezza delle orecchie,Scendere sotto la linea delle orecchie;Inarcare la lombare;Perdere l'allineamento del collo,"Movimento a rischio impingement: eseguire solo con buona mobilita di spalle, carichi moderati, mai a cedimento",,,,,lento-dietro-bilanciere-seduto
EX433,Lento dietro multipower seduto,Smith machine behind the neck press seated,spinta verticale,deltoidi anteriori,multipower;panca,palestra,deltoide anteriore;deltoide laterale;tricipiti;trapezio superiore,intermedio;avanzato,finisher,spalle;lombari,"spalle: se manca mobilita overhead ridurre il range o passare a inclinata. lombari: core attivo, evitare iperestensione",EX432,"Seduto su panca con schienale sotto il multipower, barra dietro la nuca, presa prona larga, panca centrata sull'asse della barra",Sgancio della barra;Spinta verticale lungo la guida;Discesa controllata fino all'altezza delle orecchie,Panca fuori asse;Scendere troppo in basso;Spingere il collo in avanti per far passare la barra,"La guida fissa non perdona errori di posizionamento: se la barra ti costringe a spostare il collo, ricentra la panca",,,,,lento-dietro-multipower-seduto
EX434,Push jerk bilanciere,Barbell push jerk,spinta verticale,deltoidi anteriori,bilanciere,palestra,deltoide anteriore;deltoide laterale;tricipiti;trapezio superiore,avanzato,principale,spalle;lombari,"spalle: se manca mobilita overhead ridurre il range o passare a inclinata. lombari: core attivo, evitare iperestensione",EX075,"In piedi, bilanciere in front rack sulle clavicole, gomiti alti, presa prona larghezza spalle, piedi larghezza anche",Piegamento rapido delle ginocchia (dip);Estensione esplosiva di gambe e anche che lancia la barra;Riaccosciata rapida sotto la barra per riceverla a braccia tese;Risalita in piedi con la barra sopra la testa,Ricevere la barra a braccia flesse;Dip troppo profondo che rallenta l'esplosivita;Barra che finisce davanti al piano della spalla,"Movimento tecnico ed esplosivo: impararlo a bilanciere scarico prima di caricare. In caso di mancata presa, lascia cadere la barra in avanti e allontanati",,,,,push-jerk-bilanciere
EX435,Croci inverse cavi alti,Cable rear delt fly,isolamento,deltoidi posteriori,cavi,casa;palestra,deltoide posteriore;romboidi;trapezio medio,intermedio,finisher,spalle;cervicale,"spalle: non superare la linea delle spalle in apertura, gomiti morbidi. cervicale: collo rilassato, non spingere il mento avanti",EX059,"In piedi al centro del cable crossover, cavi alti incrociati davanti al corpo, maniglia destra nella mano sinistra e viceversa, braccia distese",Apertura laterale delle braccia fino alla linea delle spalle;Pausa breve in massima contrazione scapolare;Ritorno controllato 3 sec senza rilasciare la tensione;Mantieni i gomiti leggermente flessi per tutto il movimento,Piegare i gomiti trasformando il movimento in una tirata;Usare slancio del busto;Elevare le spalle verso le orecchie,"Carico leggero: e un isolamento. Se devi slanciare, il peso e troppo alto",elastico,"Elastico teso tra le mani all'altezza del petto, apertura laterale delle braccia: riproduce le croci inverse","In piedi o seduto, elastico teso tra le mani all'altezza del petto, braccia distese in avanti;Apri lateralmente le braccia contro la resistenza fino alla linea delle spalle;Contrai le scapole a fine apertura;Ritorno lento 3 sec senza far collassare l'elastico",Piegare i gomiti;Superare la linea delle spalle;Usare slancio del busto;Elevare le spalle verso le orecchie,croci-inverse-cavi-alti
EX436,Croci inverse cavi bassi busto flesso,Bent over cable rear delt fly,isolamento,deltoidi posteriori,cavo basso,casa;palestra,deltoide posteriore;romboidi;trapezio medio,intermedio;avanzato,finisher,spalle;lombare,"lombare: schiena neutra, ginocchia semiflesse, non arrotondare. spalle: range fino alla linea spalle",EX059,"In piedi tra due pulegge basse, busto flesso a 90 gradi, schiena neutra, cavi incrociati sotto il corpo, una maniglia per mano",Apertura laterale fino alla linea delle spalle;Contrai le scapole in chiusura;Discesa controllata 3 sec;Busto immobile per tutta la serie,Alzare il busto durante l'apertura;Arrotondare la schiena;Tirare con i gomiti anziche aprire,"Lombari: schiena neutra e core contratto. Se non riesci a mantenerla, riduci il carico o passa alla versione su panca",elastico,"Elastico teso tra le mani all'altezza del petto, apertura laterale delle braccia: riproduce le croci inverse","In piedi o seduto, elastico teso tra le mani all'altezza del petto, braccia distese in avanti;Apri lateralmente le braccia contro la resistenza fino alla linea delle spalle;Contrai le scapole a fine apertura;Ritorno lento 3 sec senza far collassare l'elastico",Piegare i gomiti;Superare la linea delle spalle;Usare slancio del busto;Elevare le spalle verso le orecchie,croci-inverse-cavi-bassi-busto-flesso
EX437,Croci inverse cavi prono panca piana,Cable rear delt fly flat bench,isolamento,deltoidi posteriori,cavi,casa;palestra,deltoide posteriore;romboidi;trapezio medio,principiante;intermedio,finisher,spalle,"spalle: apertura fino alla linea spalle, gomiti morbidi. lombare protetta dall'appoggio del petto",EX059,"Panca piana posizionata tra due pulegge basse, petto in appoggio sulla panca, cavi incrociati sotto, una maniglia per mano, braccia distese verso il basso",Apertura laterale delle braccia fino alla linea delle spalle;Pausa in contrazione;Ritorno controllato 3 sec;Petto sempre in appoggio,Staccare il petto dalla panca per aiutarsi;Piegare troppo i gomiti;Movimento troppo veloce,Il petto in appoggio elimina il carico sulla lombare: e la variante piu sicura per chi ha problemi alla schiena,elastico,"Elastico teso tra le mani all'altezza del petto, apertura laterale delle braccia: riproduce le croci inverse","In piedi o seduto, elastico teso tra le mani all'altezza del petto, braccia distese in avanti;Apri lateralmente le braccia contro la resistenza fino alla linea delle spalle;Contrai le scapole a fine apertura;Ritorno lento 3 sec senza far collassare l'elastico",Piegare i gomiti;Superare la linea delle spalle;Usare slancio del busto;Elevare le spalle verso le orecchie,croci-inverse-cavi-prono-panca-piana
EX438,Croci inverse elastico,Banded rear delt fly,isolamento,deltoidi posteriori,elastico,casa;libero;palestra,deltoide posteriore;romboidi;trapezio medio,principiante,finisher;riscaldamento,spalle,"spalle: apertura progressiva, mai forzare oltre la linea delle spalle",EX059,"In piedi, elastico teso tra le mani all'altezza del petto, braccia distese in avanti, piedi larghezza anche",Apertura laterale delle braccia contro la resistenza dell'elastico;Contrai le scapole a fine apertura;Ritorno controllato senza far collassare l'elastico;Braccia sempre distese,Piegare i gomiti;Usare slancio;Elevare le spalle,Ottimo per riscaldare le spalle prima delle sedute di spinta,,,,,croci-inverse-elastico
EX439,Croci inverse macchina seduto,Machine rear delt fly seated,isolamento,deltoidi posteriori,macchina,casa;palestra,deltoide posteriore;romboidi;trapezio medio,principiante;intermedio,finisher,spalle,spalle: regola il sedile in modo che le maniglie siano all'altezza delle spalle. range fino alla linea spalle,EX059,"Seduto alla pec deck invertita, petto contro lo schienale, maniglie all'altezza spalle, braccia distese in avanti",Apertura laterale delle braccia fino alla linea delle spalle;Pausa in contrazione scapolare;Ritorno controllato 3 sec;Petto sempre contro lo schienale,Staccare il petto dallo schienale;Iperestendere le braccia dietro la linea del corpo;Rilasciare la tensione al ritorno,"Regola l'altezza del sedile: le maniglie devono essere allineate alle spalle, non piu in alto",elastico,"Elastico teso tra le mani all'altezza del petto, apertura laterale delle braccia: riproduce le croci inverse","In piedi o seduto, elastico teso tra le mani all'altezza del petto, braccia distese in avanti;Apri lateralmente le braccia contro la resistenza fino alla linea delle spalle;Contrai le scapole a fine apertura;Ritorno lento 3 sec senza far collassare l'elastico",Piegare i gomiti;Superare la linea delle spalle;Usare slancio del busto;Elevare le spalle verso le orecchie,croci-inverse-macchina-seduto
EX440,Croci inverse manubri prono panca inclinata,Dumbbell rear delt fly incline bench,isolamento,deltoidi posteriori,panca inclinata,casa;palestra,deltoide posteriore;romboidi;trapezio medio,principiante;intermedio,finisher,spalle,"spalle: apertura fino alla linea spalle, gomiti morbidi. lombare protetta dall'appoggio",EX059,"Panca inclinata a 30-45 gradi, petto in appoggio sullo schienale, manubri a braccia distese verso il basso, presa neutra",Apertura laterale delle braccia fino alla linea delle spalle;Pausa in contrazione;Discesa controllata 3 sec;Petto sempre in appoggio,Staccare il petto dalla panca;Slanciare i manubri;Piegare eccessivamente i gomiti,L'appoggio del petto azzera il carico lombare: variante ideale per isolare davvero il deltoide posteriore,elastico,"Elastico teso tra le mani all'altezza del petto, apertura laterale delle braccia: riproduce le croci inverse","In piedi o seduto, elastico teso tra le mani all'altezza del petto, braccia distese in avanti;Apri lateralmente le braccia contro la resistenza fino alla linea delle spalle;Contrai le scapole a fine apertura;Ritorno lento 3 sec senza far collassare l'elastico",Piegare i gomiti;Superare la linea delle spalle;Usare slancio del busto;Elevare le spalle verso le orecchie,croci-inverse-manubri-prono-panca-inclinata
EX441,Croci inverse manubri seduto,Dumbbell rear delt fly seated,isolamento,deltoidi posteriori,manubri,casa;libero;palestra,deltoide posteriore;romboidi;trapezio medio,principiante;intermedio,finisher,spalle;lombare,"lombare: seduto con busto flesso sulle cosce, schiena neutra. spalle: range fino alla linea spalle",EX435,"Seduto sul bordo della panca, piedi a terra, busto flesso in avanti sulle cosce, manubri sotto i polpacci a braccia distese, presa neutra",Apertura laterale delle braccia fino alla linea delle spalle;Contrai le scapole;Discesa controllata 3 sec;Busto fermo appoggiato sulle cosce,Alzare il busto per aiutarsi;Slanciare i manubri;Elevare le spalle,La posizione seduta con busto sulle cosce riduce il carico lombare rispetto alla versione in piedi,elastico,"Elastico ancorato all'altezza del petto davanti a te, un capo per mano incrociato, seduto con busto eretto","Seduto con busto eretto, braccia distese davanti con l'elastico incrociato;Apri le braccia lateralmente portando i gomiti indietro;Contrai le scapole a fine apertura;Ritorno lento 3 sec senza far collassare l'elastico",Piegare i gomiti durante l'apertura;Inarcare la schiena per aiutare;Elastico troppo lasco a inizio movimento: si perde tensione nella parte bassa;Spalle che salgono verso le orecchie,croci-inverse-manubri-seduto
EX442,Estensione dorsale mani alla nuca a terra,Floor back extension hands behind head,isolamento,lombari,corpo libero,casa;libero;palestra,erettori spinali;glutei;trapezio medio,principiante,finisher;riscaldamento,lombare;cervicale,"lombare: estensione dolce, mai forzare oltre la linea neutra. cervicale: sguardo a terra, non estendere il collo",EX443,"Prono a terra, gambe distese, mani dietro la nuca, gomiti aperti, sguardo verso il pavimento",Solleva il petto da terra estendendo la schiena;Pausa breve in alto contraendo lombari e glutei;Discesa controllata 2-3 sec;Sguardo sempre verso il basso,Iperestendere la lombare;Tirare la testa con le mani;Sollevare troppo in alto perdendo il controllo,"Estensione limitata: l'obiettivo e contrarre, non arrivare piu in alto possibile. Mai forzare la lombare",,,,,estensione-dorsale-mani-alla-nuca-a-terra
EX443,Estensione dorsale macchina,Machine back extension,isolamento,lombari,macchina,casa;palestra,erettori spinali;glutei;ischiocrurali,principiante;intermedio,finisher,lombare,"lombare: carico progressivo, range controllato. non arrivare a fine corsa in iperestensione",EX442,"Seduto alla macchina, schiena contro il pad, piedi bloccati, cintura addominale allacciata se presente",Estensione del busto all'indietro contro la resistenza;Pausa breve in contrazione;Ritorno controllato 3 sec;Non superare la linea neutra della schiena,Slanciare il busto;Arrivare in iperestensione;Rilasciare bruscamente il carico,La macchina permette carico progressivo controllato: ideale per rinforzare la lombare in sicurezza,corpo libero,Superman a terra o hip hinge con elastico: riproduce l'estensione lombare senza panca romana,"Prono a terra, braccia distese avanti o mani alla nuca, sguardo verso il pavimento;Solleva contemporaneamente petto e gambe estendendo la schiena;Pausa 2 sec contraendo lombari e glutei;Discesa controllata, collo sempre in linea con la colonna",Iperestendere la lombare;Alzare la testa guardando avanti;Sollevare troppo in alto perdendo il controllo;Movimento a scatti,estensione-dorsale-macchina
EX444,Estensione dorsale panca piana,Flat bench back extension,isolamento,lombari,panca,casa;palestra,erettori spinali;glutei;ischiocrurali,principiante;intermedio,finisher,lombare,"lombare: estensione fino alla linea neutra, mai oltre. serve un partner o un ancoraggio per le gambe",EX442,"Prono sulla panca piana con il bacino al bordo, gambe bloccate o tenute da un partner, busto libero di scendere, mani al petto",Discesa controllata del busto verso il basso;Risalita estendendo la schiena fino alla linea neutra;Contrai glutei e lombari in alto;Movimento lento in entrambe le fasi,Iperestendere la schiena in alto;Scendere troppo in basso arrotondando;Usare slancio,Ferma la risalita quando il busto e allineato alle gambe: oltre quella linea la lombare va in iperestensione,corpo libero,Superman a terra o hip hinge con elastico: riproduce l'estensione lombare senza panca romana,"Prono a terra, braccia distese avanti o mani alla nuca, sguardo verso il pavimento;Solleva contemporaneamente petto e gambe estendendo la schiena;Pausa 2 sec contraendo lombari e glutei;Discesa controllata, collo sempre in linea con la colonna",Iperestendere la lombare;Alzare la testa guardando avanti;Sollevare troppo in alto perdendo il controllo;Movimento a scatti,estensione-dorsale-panca-piana
EX445,Estensione dorsale panca romana 45 gradi,Hyperextension 45 bench,isolamento,lombari,panca romana,casa;palestra,erettori spinali;glutei;ischiocrurali,principiante,finisher;riscaldamento,lombare,"lombare: schiena neutra in tutto il movimento, risalita fino all'allineamento con le gambe",EX442,"Panca romana a 45 gradi, cuscino sotto le anche, caviglie bloccate, braccia incrociate al petto, schiena neutra",Discesa controllata flettendo le anche;Risalita fino ad allineare busto e gambe;Contrai glutei e lombari in alto;Non superare la linea di allineamento,Iperestendere in alto;Arrotondare la schiena in discesa;Movimento a scatti,"Il movimento parte dall'anca, non dalla schiena: la colonna resta neutra dall'inizio alla fine",corpo libero,Superman a terra o hip hinge con elastico: riproduce l'estensione lombare senza panca romana,"Prono a terra, braccia distese avanti o mani alla nuca, sguardo verso il pavimento;Solleva contemporaneamente petto e gambe estendendo la schiena;Pausa 2 sec contraendo lombari e glutei;Discesa controllata, collo sempre in linea con la colonna",Iperestendere la lombare;Alzare la testa guardando avanti;Sollevare troppo in alto perdendo il controllo;Movimento a scatti,estensione-dorsale-panca-romana-45-gradi
EX446,Estensione dorsale panca romana 45 gradi con disco,Weighted hyperextension 45 bench plate,isolamento,lombari,panca romana,casa;palestra,erettori spinali;glutei;ischiocrurali,intermedio,finisher,lombare,lombare: aggiungi il disco solo dopo aver padroneggiato la versione a corpo libero. schiena sempre neutra,EX442,"Panca romana a 45 gradi, disco tenuto stretto al petto con entrambe le braccia, caviglie bloccate, schiena neutra",Discesa controllata flettendo le anche;Risalita fino ad allineare busto e gambe;Contrai glutei in alto;Disco sempre aderente al petto,Iperestendere in alto;Allontanare il disco dal petto aumentando la leva;Arrotondare la schiena,"Carico progressivo: il disco aumenta la leva sulla lombare. Aumenta di 2-3 kg alla volta, non di piu",corpo libero,Superman a terra o hip hinge con elastico: riproduce l'estensione lombare senza panca romana,"Prono a terra, braccia distese avanti o mani alla nuca, sguardo verso il pavimento;Solleva contemporaneamente petto e gambe estendendo la schiena;Pausa 2 sec contraendo lombari e glutei;Discesa controllata, collo sempre in linea con la colonna",Iperestendere la lombare;Alzare la testa guardando avanti;Sollevare troppo in alto perdendo il controllo;Movimento a scatti,estensione-dorsale-panca-romana-45-gradi-con-disco
EX447,Estensione dorsale panca romana 45 gradi con manubrio,Weighted hyperextension 45 bench dumbbell,isolamento,lombari,panca romana,casa;palestra,erettori spinali;glutei;ischiocrurali,intermedio,finisher,lombare,"lombare: manubrio stretto al petto, schiena neutra. carico progressivo",EX442,"Panca romana a 45 gradi, manubrio tenuto verticale stretto al petto, caviglie bloccate, schiena neutra",Discesa controllata flettendo le anche;Risalita fino ad allineare busto e gambe;Contrai glutei e lombari in alto;Manubrio sempre aderente al petto,Iperestendere in alto;Allontanare il manubrio dal petto;Movimento a scatti,Il manubrio permette carichi maggiori del disco: aumenta gradualmente e mantieni sempre la schiena neutra,corpo libero,Superman a terra o hip hinge con elastico: riproduce l'estensione lombare senza panca romana,"Prono a terra, braccia distese avanti o mani alla nuca, sguardo verso il pavimento;Solleva contemporaneamente petto e gambe estendendo la schiena;Pausa 2 sec contraendo lombari e glutei;Discesa controllata, collo sempre in linea con la colonna",Iperestendere la lombare;Alzare la testa guardando avanti;Sollevare troppo in alto perdendo il controllo;Movimento a scatti,estensione-dorsale-panca-romana-45-gradi-con-manubrio
EX448,Superman,Superman,isolamento,lombari,corpo libero,casa;libero;palestra,erettori spinali;glutei;deltoide posteriore,principiante,finisher;riscaldamento,lombare;cervicale,"lombare: estensione dolce, mai forzare. cervicale: sguardo a terra, collo in linea con la colonna",EX443,"Prono a terra, gambe distese, braccia distese sopra la testa, sguardo verso il pavimento","Solleva contemporaneamente braccia, petto e gambe da terra;Pausa 2 sec in contrazione;Discesa controllata;Collo sempre in linea con la colonna",Iperestendere la lombare;Alzare la testa guardando avanti;Sollevare solo le braccia dimenticando le gambe,"Sollevamento contenuto: bastano pochi centimetri. L'obiettivo e la contrazione, non l'altezza",,,,,superman-a-terra
EX449,Lat machine V-bar,V-bar lat pulldown,tirata verticale,dorsali,macchina,casa;palestra,gran dorsale;bicipiti;romboidi;trapezio medio,principiante;intermedio,principale,spalle;lombare,"spalle: tirata fino al petto, mai forzare oltre. lombare: busto leggermente inclinato indietro, non slanciare",EX450,"Seduto alla lat machine, cosce bloccate sotto i pad, V-bar agganciata al cavo alto, presa neutra sulle due impugnature, busto leggermente inclinato indietro",Tirata verso la parte alta del petto contraendo le scapole;Pausa breve in contrazione;Risalita controllata 3 sec fino a braccia distese;Gomiti che scendono lungo il corpo,Slanciare il busto all'indietro;Tirare con i bicipiti anziche con la schiena;Rilasciare la barra in alto perdendo il controllo,La presa neutra della V-bar e la piu confortevole per le spalle: ottima se il pulldown a presa larga ti da fastidio,elastico,"Elastico ancorato in alto (porta o gancio), in ginocchio o seduto sotto l'ancoraggio: riproduce la tirata verticale della lat machine","Elastico ancorato sopra la testa, maniglie in mano, braccia distese in alto, core contratto;Tira i gomiti verso il basso-indietro portando le maniglie all'altezza del petto;Contrai i dorsali e abbassa le scapole a fine tirata, busto fermo;Ritorno lento 3 sec controllando l'eccentrica, senza far collassare l'elastico",Tirare solo di braccia senza attivare i dorsali;Spalle che salgono verso le orecchie;Busto che oscilla avanti e indietro;Ritorno di scatto che vanifica l'eccentrica,lat-machine-v-bar
EX450,Lat machine cavi incrociati in ginocchio,Cable crossover kneeling lat pulldown,tirata verticale,dorsali,cavi,casa;palestra,gran dorsale;bicipiti;romboidi;deltoide posteriore,intermedio,principale;finisher,spalle;lombare,"spalle: tirata controllata, non forzare l'apertura. lombare: core contratto, busto eretto",EX009,"In ginocchio al centro del cable crossover, cavi alti incrociati, maniglia destra nella mano sinistra e viceversa, braccia distese sopra la testa, core contratto",Tirata verso il basso portando le mani ai fianchi;Contrai le scapole in chiusura;Risalita controllata 3 sec;Busto eretto e immobile,Inclinare il busto indietro per aiutarsi;Tirare con le braccia anziche con la schiena;Sedersi sui talloni,Core contratto e busto eretto: la posizione in ginocchio elimina la possibilita di barare con le gambe,elastico,"Elastico ancorato in alto (porta o gancio), in ginocchio o seduto sotto l'ancoraggio: riproduce la tirata verticale della lat machine","Elastico ancorato sopra la testa, maniglie in mano, braccia distese in alto, core contratto;Tira i gomiti verso il basso-indietro portando le maniglie all'altezza del petto;Contrai i dorsali e abbassa le scapole a fine tirata, busto fermo;Ritorno lento 3 sec controllando l'eccentrica, senza far collassare l'elastico",Tirare solo di braccia senza attivare i dorsali;Spalle che salgono verso le orecchie;Busto che oscilla avanti e indietro;Ritorno di scatto che vanifica l'eccentrica,lat-machine-cavi-incrociati-in-ginocchio
EX451,Lat machine dietro nuca barra dritta,Behind the neck lat pulldown,tirata verticale,dorsali,macchina,casa;palestra,gran dorsale;romboidi;trapezio medio;deltoide posteriore,avanzato,finisher,spalle;cervicale,"spalle: richiede ottima mobilita in extrarotazione. se manca, usa la lat machine frontale. cervicale: mai sbattere la barra sul collo",EX450,"Seduto alla lat machine, cosce bloccate, barra dritta con presa prona larga, busto perfettamente eretto, testa leggermente flessa in avanti",Tirata della barra dietro la nuca fino alla base del collo;Pausa breve;Risalita controllata 3 sec;Busto sempre eretto,Flettere troppo il collo in avanti;Scendere sotto la base del collo;Usare carichi eccessivi,"Esercizio avanzato ad alto rischio per le spalle: se non hai mobilita overhead completa, scegli la versione frontale",elastico,"Elastico ancorato in alto (porta o gancio), in ginocchio o seduto sotto l'ancoraggio: riproduce la tirata verticale della lat machine","Elastico ancorato sopra la testa, maniglie in mano, braccia distese in alto, core contratto;Tira i gomiti verso il basso-indietro portando le maniglie all'altezza del petto;Contrai i dorsali e abbassa le scapole a fine tirata, busto fermo;Ritorno lento 3 sec controllando l'eccentrica, senza far collassare l'elastico",Tirare solo di braccia senza attivare i dorsali;Spalle che salgono verso le orecchie;Busto che oscilla avanti e indietro;Ritorno di scatto che vanifica l'eccentrica,lat-machine-dietro-nuca-barra-dritta
EX452,Lat machine dietro nuca macchina,Behind the neck machine lat pulldown,tirata verticale,dorsali,macchina,casa;palestra,gran dorsale;romboidi;trapezio medio;deltoide posteriore,intermedio;avanzato,finisher,spalle;cervicale,spalle: la macchina guida il movimento e riduce il rischio rispetto alla barra libera. serve comunque mobilita,EX450,"Seduto alla macchina guidata, schienale in appoggio, impugnature all'altezza delle spalle, busto eretto",Tirata verso il basso dietro la nuca lungo la traiettoria guidata;Pausa in contrazione scapolare;Risalita controllata 3 sec;Schiena aderente allo schienale,Staccare la schiena dallo schienale;Flettere eccessivamente il collo;Carichi eccessivi,La traiettoria guidata riduce ma non elimina il rischio: serve comunque buona mobilita di spalla,elastico,"Elastico ancorato in alto (porta o gancio), in ginocchio o seduto sotto l'ancoraggio: riproduce la tirata verticale della lat machine","Elastico ancorato sopra la testa, maniglie in mano, braccia distese in alto, core contratto;Tira i gomiti verso il basso-indietro portando le maniglie all'altezza del petto;Contrai i dorsali e abbassa le scapole a fine tirata, busto fermo;Ritorno lento 3 sec controllando l'eccentrica, senza far collassare l'elastico",Tirare solo di braccia senza attivare i dorsali;Spalle che salgono verso le orecchie;Busto che oscilla avanti e indietro;Ritorno di scatto che vanifica l'eccentrica,lat-machine-dietro-nuca-macchina
EX453,Lat machine frontale presa inversa larga,Wide grip reverse lat pulldown,tirata verticale,dorsali,macchina,casa;palestra,gran dorsale;bicipiti;romboidi;trapezio medio,intermedio,principale;finisher,spalle;gomito,"gomito: la presa supina larga stressa i bicipiti, riduci il carico. spalle: tirata al petto, mai forzare",EX450,"Seduto alla lat machine, cosce bloccate, barra con presa supina larga, busto leggermente inclinato indietro",Tirata della barra verso la parte alta del petto;Contrai le scapole;Risalita controllata 3 sec;Gomiti che scendono lungo il corpo,Slanciare il busto;Tirare solo con i bicipiti;Presa troppo larga che stressa i polsi,La presa supina larga carica molto i bicipiti e i gomiti: usa carichi moderati e non forzare la distensione,elastico,"Elastico ancorato in alto (porta o gancio), in ginocchio o seduto sotto l'ancoraggio: riproduce la tirata verticale della lat machine","Elastico ancorato sopra la testa, maniglie in mano, braccia distese in alto, core contratto;Tira i gomiti verso il basso-indietro portando le maniglie all'altezza del petto;Contrai i dorsali e abbassa le scapole a fine tirata, busto fermo;Ritorno lento 3 sec controllando l'eccentrica, senza far collassare l'elastico",Tirare solo di braccia senza attivare i dorsali;Spalle che salgono verso le orecchie;Busto che oscilla avanti e indietro;Ritorno di scatto che vanifica l'eccentrica,lat-machine-frontale-presa-inversa-larga
EX454,Lat machine frontale presa stretta barra dritta,Close grip lat pulldown,tirata verticale,dorsali,macchina,casa;palestra,gran dorsale;bicipiti;romboidi;trapezio medio,principiante;intermedio,principale,spalle;gomito,spalle: presa stretta piu confortevole di quella larga. gomito: non bloccare le braccia in alto,EX450,"Seduto alla lat machine, cosce bloccate, barra dritta con presa prona stretta larghezza spalle, busto leggermente inclinato indietro",Tirata verso la parte alta del petto;Gomiti che scendono vicini al corpo;Pausa in contrazione;Risalita controllata 3 sec,Slanciare il busto;Tirare con i bicipiti;Sollevare le spalle verso le orecchie in alto,La presa stretta aumenta il coinvolgimento dei bicipiti: concentrati sulla contrazione scapolare,elastico,"Elastico ancorato in alto (porta o gancio), in ginocchio o seduto sotto l'ancoraggio: riproduce la tirata verticale della lat machine","Elastico ancorato sopra la testa, maniglie in mano, braccia distese in alto, core contratto;Tira i gomiti verso il basso-indietro portando le maniglie all'altezza del petto;Contrai i dorsali e abbassa le scapole a fine tirata, busto fermo;Ritorno lento 3 sec controllando l'eccentrica, senza far collassare l'elastico",Tirare solo di braccia senza attivare i dorsali;Spalle che salgono verso le orecchie;Busto che oscilla avanti e indietro;Ritorno di scatto che vanifica l'eccentrica,lat-machine-frontale-presa-stretta-barra-dritta
EX455,Lat machine macchina a leve,Plate-loaded lat pulldown machine,tirata verticale,dorsali,macchina,casa;palestra,gran dorsale;bicipiti;romboidi;trapezio medio,principiante;intermedio,principale,spalle,spalle: la traiettoria guidata riduce il rischio. regola il sedile in modo da avere le braccia distese in alto,EX450,"Seduto alla macchina a dischi, petto contro il pad, impugnature in alto, braccia distese, cosce bloccate",Tirata verso il basso lungo la traiettoria guidata;Contrai le scapole in chiusura;Risalita controllata 3 sec;Petto sempre in appoggio,Staccare il petto dal pad;Non completare la distensione in alto;Slanciare,La traiettoria guidata rende questa variante sicura anche per principianti: ottima per imparare la contrazione dorsale,elastico,"Elastico ancorato in alto (porta o gancio), in ginocchio o seduto sotto l'ancoraggio: riproduce la tirata verticale della lat machine","Elastico ancorato sopra la testa, maniglie in mano, braccia distese in alto, core contratto;Tira i gomiti verso il basso-indietro portando le maniglie all'altezza del petto;Contrai i dorsali e abbassa le scapole a fine tirata, busto fermo;Ritorno lento 3 sec controllando l'eccentrica, senza far collassare l'elastico",Tirare solo di braccia senza attivare i dorsali;Spalle che salgono verso le orecchie;Busto che oscilla avanti e indietro;Ritorno di scatto che vanifica l'eccentrica,lat-machine-macchina-a-leve
EX456,Lat machine maniglia un braccio,One arm lat pulldown handle,tirata verticale,dorsali,cavo alto,casa;palestra,gran dorsale;bicipiti;romboidi;obliqui,intermedio,finisher,spalle;lombare,"spalle: range completo, la versione unilaterale permette maggiore allungamento. lombare: busto fermo, non ruotare",EX009,"Seduto alla lat machine, cosce bloccate, maniglia singola agganciata al cavo alto, presa neutra, braccio disteso in alto, busto eretto","Tirata verso il basso portando il gomito lungo il fianco;Contrai il dorsale in chiusura;Risalita controllata 3 sec fino al massimo allungamento;Completa le ripetizioni, poi cambia braccio",Ruotare il busto per aiutarsi;Tirare con il bicipite;Non sfruttare l'allungamento completo in alto,Il lavoro unilaterale permette di correggere gli squilibri: parti sempre dal lato debole,elastico,"Elastico ancorato in alto (porta o gancio), in ginocchio o seduto sotto l'ancoraggio: riproduce la tirata verticale della lat machine","Elastico ancorato sopra la testa, maniglie in mano, braccia distese in alto, core contratto;Tira i gomiti verso il basso-indietro portando le maniglie all'altezza del petto;Contrai i dorsali e abbassa le scapole a fine tirata, busto fermo;Ritorno lento 3 sec controllando l'eccentrica, senza far collassare l'elastico",Tirare solo di braccia senza attivare i dorsali;Spalle che salgono verso le orecchie;Busto che oscilla avanti e indietro;Ritorno di scatto che vanifica l'eccentrica,lat-machine-maniglia-un-braccio
EX457,Pullover barra dritta cavo alto,Cable straight arm pulldown bar,isolamento,dorsali,cavo alto,casa;palestra,gran dorsale;tricipiti;deltoide posteriore;core,principiante;intermedio,finisher,spalle;lombare,"spalle: braccia distese ma gomiti morbidi, non bloccati. lombare: core contratto, busto leggermente inclinato avanti",EX458,"In piedi davanti al cavo alto, barra dritta con presa prona larghezza spalle, braccia distese in avanti in alto, busto leggermente inclinato, core contratto",Spingi la barra verso il basso ad arco fino alle cosce tenendo le braccia distese;Contrai il dorsale in basso;Ritorno controllato 3 sec seguendo lo stesso arco;Gomiti sempre morbidi ma mai flessi,Piegare i gomiti trasformandolo in un pushdown per tricipiti;Slanciare il busto;Rilasciare la tensione in alto,"Braccia distese per tutta la serie: se pieghi i gomiti stai allenando i tricipiti, non il dorsale",elastico,"Elastico ancorato in alto, braccia distese, spinta ad arco verso le cosce: riproduce il pullover a braccia tese","In piedi davanti all'ancoraggio alto, maniglie in mano, braccia distese in avanti verso l'alto, busto leggermente inclinato;Spingi le braccia distese ad arco verso il basso fino alle cosce;Contrai il dorsale in basso, gomiti morbidi ma mai flessi;Ritorno lento 3 sec seguendo lo stesso arco",Piegare i gomiti trasformandolo in un pushdown per tricipiti;Slanciare il busto;Rilasciare la tensione in alto;Elastico troppo corto che limita l'arco,pullover-barra-dritta-cavo-alto
EX458,Pullover corda cavo alto,Cable straight arm pulldown rope,isolamento,dorsali,corda,casa;palestra,gran dorsale;tricipiti;deltoide posteriore;core,principiante;intermedio,finisher,spalle;lombare,"spalle: la corda permette di aprire le mani a fine movimento, piu confortevole. lombare: core contratto",EX457,"In piedi davanti al cavo alto, corda impugnata con presa neutra, braccia distese in avanti in alto, busto leggermente inclinato, core contratto",Spingi la corda verso il basso ad arco fino alle cosce tenendo le braccia distese;Apri le mani a fine movimento;Ritorno controllato 3 sec;Gomiti sempre morbidi,Piegare i gomiti;Slanciare il busto;Non aprire la corda in contrazione,La corda consente una contrazione dorsale piu ampia rispetto alla barra: apri le mani in chiusura,elastico,"Elastico ancorato in alto, braccia distese, spinta ad arco verso le cosce: riproduce il pullover a braccia tese","In piedi davanti all'ancoraggio alto, maniglie in mano, braccia distese in avanti verso l'alto, busto leggermente inclinato;Spingi le braccia distese ad arco verso il basso fino alle cosce;Contrai il dorsale in basso, gomiti morbidi ma mai flessi;Ritorno lento 3 sec seguendo lo stesso arco",Piegare i gomiti trasformandolo in un pushdown per tricipiti;Slanciare il busto;Rilasciare la tensione in alto;Elastico troppo corto che limita l'arco,pullover-corda-cavo-alto
EX459,Pullover corda cavo basso panca piana,Cable rope pullover low pulley flat bench,isolamento,dorsali,corda,casa;palestra,gran dorsale;pettorale;tricipiti;dentato anteriore,intermedio,finisher,spalle;lombare,"spalle: allungamento progressivo, mai forzare oltre il comfort. lombare: costole basse, non inarcare",EX457,"Supino sulla panca piana posizionata davanti alla puleggia bassa, testa verso il cavo, corda impugnata con presa neutra sopra la testa a braccia distese",Porta la corda ad arco sopra il petto tenendo le braccia distese;Contrai il dorsale in chiusura;Ritorno controllato 3 sec fino al massimo allungamento;Costole sempre basse,Piegare i gomiti;Inarcare la lombare per aumentare il range;Scendere troppo in basso forzando la spalla,"Il cavo mantiene tensione costante in tutto il range, a differenza del manubrio: ottimo per l'allungamento del dorsale",elastico,"Elastico ancorato in alto, braccia distese, spinta ad arco verso le cosce: riproduce il pullover a braccia tese","In piedi davanti all'ancoraggio alto, maniglie in mano, braccia distese in avanti verso l'alto, busto leggermente inclinato;Spingi le braccia distese ad arco verso il basso fino alle cosce;Contrai il dorsale in basso, gomiti morbidi ma mai flessi;Ritorno lento 3 sec seguendo lo stesso arco",Piegare i gomiti trasformandolo in un pushdown per tricipiti;Slanciare il busto;Rilasciare la tensione in alto;Elastico troppo corto che limita l'arco,pullover-corda-cavo-basso-panca-piana
EX460,Rematore V-bar cavo prono panca piana,Cable V-bar row prone flat bench,tirata orizzontale,dorsali,cavi,casa;palestra,gran dorsale;romboidi;trapezio medio;bicipiti;deltoide posteriore,principiante;intermedio,principale,spalle,"spalle: tirata al petto, gomiti lungo il corpo. lombare protetta dall'appoggio del petto",EX011,"Panca piana davanti alla puleggia bassa, petto in appoggio sulla panca, V-bar agganciata al cavo, braccia distese verso il basso, presa neutra",Tirata verso il petto portando i gomiti indietro;Contrai le scapole in chiusura;Ritorno controllato 3 sec fino a braccia distese;Petto sempre in appoggio,Staccare il petto dalla panca per aiutarsi;Tirare con i bicipiti;Elevare le spalle,Il petto in appoggio elimina ogni compenso lombare: e la variante piu sicura del rematore,elastico+panca,Elastico sotto i piedi con petto in appoggio sulla panca inclinata: riproduce il rematore chest supported senza carico lombare,"Petto in appoggio sulla panca inclinata, elastico ancorato basso o sotto i piedi, maniglie in mano a braccia distese;Tira le maniglie verso il petto portando i gomiti indietro;Contrai le scapole in chiusura, petto sempre in appoggio;Ritorno lento 3 sec mantenendo la tensione",Staccare il petto dalla panca per aiutarsi;Tirare con i bicipiti;Elastico troppo corto che limita il range;Ritorno di scatto,rematore-v-bar-cavo-prono-panca-piana
EX461,Rematore barra dritta cavo basso,Cable low pulley bar row,tirata orizzontale,dorsali,cavo basso,casa;palestra,gran dorsale;romboidi;trapezio medio;bicipiti;erettori spinali,intermedio,principale,lombare;spalle,"lombare: busto flesso con schiena neutra, core contratto. se non riesci a mantenerla, passa alla versione su panca",EX011,"In piedi davanti alla puleggia bassa, busto flesso in avanti, schiena neutra, ginocchia semiflesse, barra dritta con presa prona, braccia distese",Tirata verso l'addome portando i gomiti indietro;Contrai le scapole;Ritorno controllato 3 sec;Busto fermo per tutta la serie,Alzare il busto durante la tirata;Arrotondare la schiena;Tirare con i bicipiti,"Lombari: schiena neutra e core sempre contratto. Se il busto si alza a ogni ripetizione, il carico e troppo alto",elastico,"Elastico sotto i piedi o ancorato all'altezza dell'addome, tirata orizzontale verso l'addome: riproduce il rematore","Elastico ancorato all'altezza dell'addome o sotto i piedi con busto flesso, maniglie in mano, braccia distese;Tira le maniglie verso l'addome portando i gomiti indietro lungo il corpo;Contrai le scapole a fine tirata, busto immobile;Ritorno lento 3 sec senza far collassare l'elastico",Alzare il busto durante la tirata;Tirare con i bicipiti anziche con la schiena;Rilasciare bruscamente l'elastico;Spalle che si elevano verso le orecchie,rematore-barra-dritta-cavo-basso
EX462,Rematore barra dritta cavo prono panca inclinata,Cable bar row prone incline bench,tirata orizzontale,dorsali,panca inclinata,casa;palestra,gran dorsale;romboidi;trapezio medio;bicipiti;deltoide posteriore,principiante;intermedio,principale,spalle,spalle: tirata al petto con gomiti lungo il corpo. lombare protetta dall'appoggio,EX011,"Panca inclinata a 30-45 gradi davanti alla puleggia bassa, petto in appoggio sullo schienale, barra dritta con presa prona, braccia distese",Tirata verso il petto portando i gomiti indietro;Contrai le scapole in chiusura;Ritorno controllato 3 sec;Petto sempre in appoggio,Staccare il petto dalla panca;Tirare con i bicipiti;Rilasciare la tensione al ritorno,L'inclinazione della panca cambia l'angolo di tirata: lavora piu sulla parte alta del dorsale,elastico+panca,Elastico sotto i piedi con petto in appoggio sulla panca inclinata: riproduce il rematore chest supported senza carico lombare,"Petto in appoggio sulla panca inclinata, elastico ancorato basso o sotto i piedi, maniglie in mano a braccia distese;Tira le maniglie verso il petto portando i gomiti indietro;Contrai le scapole in chiusura, petto sempre in appoggio;Ritorno lento 3 sec mantenendo la tensione",Staccare il petto dalla panca per aiutarsi;Tirare con i bicipiti;Elastico troppo corto che limita il range;Ritorno di scatto,rematore-barra-dritta-cavo-prono-panca-inclinata
EX463,Rematore barra dritta cavo seduto,Cable seated row straight bar,tirata orizzontale,dorsali,cavo basso,casa;palestra,gran dorsale;romboidi;trapezio medio;bicipiti;erettori spinali,principiante;intermedio,principale,lombare;spalle,"lombare: busto eretto, non slanciare avanti e indietro. spalle: tirata all'addome con gomiti lungo il corpo",EX011,"Seduto alla pulley bassa, piedi sulla pedana, ginocchia semiflesse, busto eretto, barra dritta con presa prona, braccia distese",Tirata verso l'addome portando i gomiti indietro;Contrai le scapole in chiusura;Ritorno controllato 3 sec fino a braccia distese;Busto sempre eretto,Slanciare il busto avanti e indietro;Arrotondare la schiena in allungamento;Tirare con i bicipiti,Il busto resta fermo: se oscilli avanti e indietro stai usando la lombare al posto del dorsale,elastico,"Elastico sotto i piedi o ancorato all'altezza dell'addome, tirata orizzontale verso l'addome: riproduce il rematore","Elastico ancorato all'altezza dell'addome o sotto i piedi con busto flesso, maniglie in mano, braccia distese;Tira le maniglie verso l'addome portando i gomiti indietro lungo il corpo;Contrai le scapole a fine tirata, busto immobile;Ritorno lento 3 sec senza far collassare l'elastico",Alzare il busto durante la tirata;Tirare con i bicipiti anziche con la schiena;Rilasciare bruscamente l'elastico;Spalle che si elevano verso le orecchie,rematore-barra-dritta-cavo-seduto
EX464,Rematore bilanciere Yates,Yates barbell row,tirata orizzontale,dorsali,bilanciere,casa;libero;palestra,gran dorsale;romboidi;trapezio medio;bicipiti;erettori spinali,intermedio;avanzato,principale,lombare;spalle;gomito,"lombare: busto piu eretto rispetto al rematore classico, minore stress lombare. gomito: presa supina, riduci il carico",EX076,"In piedi, bilanciere con presa supina larghezza spalle, busto flesso a circa 60-70 gradi (piu eretto del rematore classico), schiena neutra",Tirata del bilanciere verso l'addome basso portando i gomiti indietro e vicini al corpo;Contrai le scapole;Discesa controllata 3 sec;Busto fermo,Alzare il busto durante la tirata;Presa troppo larga che stressa i polsi;Slanciare con la lombare,La presa supina e il busto piu eretto riducono il carico lombare ma aumentano il lavoro dei bicipiti,elastico,"Elastico sotto i piedi o ancorato all'altezza dell'addome, tirata orizzontale verso l'addome: riproduce il rematore","Elastico ancorato all'altezza dell'addome o sotto i piedi con busto flesso, maniglie in mano, braccia distese;Tira le maniglie verso l'addome portando i gomiti indietro lungo il corpo;Contrai le scapole a fine tirata, busto immobile;Ritorno lento 3 sec senza far collassare l'elastico",Alzare il busto durante la tirata;Tirare con i bicipiti anziche con la schiena;Rilasciare bruscamente l'elastico;Spalle che si elevano verso le orecchie,rematore-bilanciere-yates
EX465,Rematore bilanciere presa inversa busto flesso,Barbell reverse grip bent over row,tirata orizzontale,dorsali,bilanciere,casa;libero;palestra,gran dorsale;romboidi;bicipiti;trapezio medio;erettori spinali,intermedio,principale,lombare;gomito;polso,"lombare: schiena neutra, core contratto. gomito: la presa supina carica i bicipiti, riduci il peso rispetto alla presa prona",EX076,"In piedi, bilanciere con presa supina larghezza spalle, busto flesso a circa 45 gradi, schiena neutra, ginocchia semiflesse",Tirata verso l'addome basso con i gomiti che scorrono vicini al corpo;Contrai le scapole in chiusura;Discesa controllata 3 sec;Busto immobile,Alzare il busto;Tirare con i bicipiti anziche con la schiena;Iperestendere i polsi,La presa supina enfatizza la parte bassa del dorsale ma sovraccarica i bicipiti: usa carichi moderati,elastico,"Elastico sotto i piedi o ancorato all'altezza dell'addome, tirata orizzontale verso l'addome: riproduce il rematore","Elastico ancorato all'altezza dell'addome o sotto i piedi con busto flesso, maniglie in mano, braccia distese;Tira le maniglie verso l'addome portando i gomiti indietro lungo il corpo;Contrai le scapole a fine tirata, busto immobile;Ritorno lento 3 sec senza far collassare l'elastico",Alzare il busto durante la tirata;Tirare con i bicipiti anziche con la schiena;Rilasciare bruscamente l'elastico;Spalle che si elevano verso le orecchie,rematore-bilanciere-presa-inversa-busto-flesso
EX466,Rematore bilanciere presa larga busto flesso,Barbell wide grip bent over row,tirata orizzontale,dorsali,bilanciere,casa;libero;palestra,gran dorsale;romboidi;trapezio medio;deltoide posteriore;erettori spinali,intermedio;avanzato,principale,lombare;spalle,"lombare: schiena neutra, core contratto. spalle: la presa larga aumenta il lavoro del deltoide posteriore, gomiti aperti",EX076,"In piedi, bilanciere con presa prona molto larga, busto flesso a circa 45 gradi, schiena neutra, ginocchia semiflesse",Tirata verso la parte alta dell'addome con i gomiti aperti a 90 gradi;Contrai le scapole;Discesa controllata 3 sec;Busto fermo,Alzare il busto;Tirare all'ombelico anziche in alto;Arrotondare la schiena,La presa larga con gomiti aperti sposta il lavoro su trapezio medio e deltoide posteriore: carico piu basso del rematore classico,elastico,"Elastico sotto i piedi o ancorato all'altezza dell'addome, tirata orizzontale verso l'addome: riproduce il rematore","Elastico ancorato all'altezza dell'addome o sotto i piedi con busto flesso, maniglie in mano, braccia distese;Tira le maniglie verso l'addome portando i gomiti indietro lungo il corpo;Contrai le scapole a fine tirata, busto immobile;Ritorno lento 3 sec senza far collassare l'elastico",Alzare il busto durante la tirata;Tirare con i bicipiti anziche con la schiena;Rilasciare bruscamente l'elastico;Spalle che si elevano verso le orecchie,rematore-bilanciere-presa-larga-busto-flesso
EX467,Rematore bilanciere prono panca inclinata,Barbell row prone incline bench,tirata orizzontale,dorsali,panca inclinata,casa;palestra,gran dorsale;romboidi;trapezio medio;bicipiti;deltoide posteriore,principiante;intermedio,principale,spalle,spalle: tirata al petto con gomiti lungo il corpo. lombare completamente protetta dall'appoggio,EX011,"Panca inclinata a 30-45 gradi, petto in appoggio sullo schienale, bilanciere impugnato con presa prona sotto la panca, braccia distese",Tirata del bilanciere verso il petto portando i gomiti indietro;Contrai le scapole;Discesa controllata 3 sec;Petto sempre in appoggio,Staccare il petto dalla panca per aiutarsi;Tirare con i bicipiti;Non completare la distensione in basso,Il petto in appoggio azzera il carico lombare: la variante piu sicura per chi ha problemi alla schiena,elastico+panca,Elastico sotto i piedi con petto in appoggio sulla panca inclinata: riproduce il rematore chest supported senza carico lombare,"Petto in appoggio sulla panca inclinata, elastico ancorato basso o sotto i piedi, maniglie in mano a braccia distese;Tira le maniglie verso il petto portando i gomiti indietro;Contrai le scapole in chiusura, petto sempre in appoggio;Ritorno lento 3 sec mantenendo la tensione",Staccare il petto dalla panca per aiutarsi;Tirare con i bicipiti;Elastico troppo corto che limita il range;Ritorno di scatto,rematore-bilanciere-prono-panca-inclinata
EX468,Rematore corda cavo alto in ginocchio,Kneeling cable rope row,tirata verticale,dorsali,corda,casa;palestra,gran dorsale;romboidi;trapezio medio;bicipiti;core,intermedio,principale;finisher,spalle;lombare,"spalle: tirata al viso/petto con gomiti alti. lombare: core contratto, busto eretto",EX008,"In ginocchio davanti al cavo alto, corda impugnata con presa neutra, braccia distese in alto, busto eretto, core contratto",Tirata della corda verso il basso portando i gomiti indietro;Contrai le scapole in chiusura;Risalita controllata 3 sec;Busto eretto e immobile,Sedersi sui talloni;Inclinare il busto indietro per aiutarsi;Tirare con i bicipiti,La posizione in ginocchio impedisce di barare con le gambe: il core lavora in isometria per tutta la serie,elastico,"Elastico sotto i piedi o ancorato all'altezza dell'addome, tirata orizzontale verso l'addome: riproduce il rematore","Elastico ancorato all'altezza dell'addome o sotto i piedi con busto flesso, maniglie in mano, braccia distese;Tira le maniglie verso l'addome portando i gomiti indietro lungo il corpo;Contrai le scapole a fine tirata, busto immobile;Ritorno lento 3 sec senza far collassare l'elastico",Alzare il busto durante la tirata;Tirare con i bicipiti anziche con la schiena;Rilasciare bruscamente l'elastico;Spalle che si elevano verso le orecchie,rematore-corda-cavo-alto-in-ginocchio
EX469,Rematore corda cavo prono panca piana,Cable rope row prone flat bench,tirata orizzontale,dorsali,corda,casa;palestra,gran dorsale;romboidi;trapezio medio;bicipiti;deltoide posteriore,principiante;intermedio,principale,spalle,spalle: la corda permette di aprire le mani in chiusura. lombare protetta dall'appoggio,EX011,"Panca piana davanti alla puleggia bassa, petto in appoggio sulla panca, corda impugnata con presa neutra, braccia distese verso il basso",Tirata verso il petto portando i gomiti indietro;Apri le mani in massima contrazione;Ritorno controllato 3 sec;Petto sempre in appoggio,Staccare il petto dalla panca;Tirare con i bicipiti;Non aprire la corda in chiusura,La corda consente una contrazione scapolare piu ampia rispetto alla barra: apri le mani a fine tirata,elastico+panca,Elastico sotto i piedi con petto in appoggio sulla panca inclinata: riproduce il rematore chest supported senza carico lombare,"Petto in appoggio sulla panca inclinata, elastico ancorato basso o sotto i piedi, maniglie in mano a braccia distese;Tira le maniglie verso il petto portando i gomiti indietro;Contrai le scapole in chiusura, petto sempre in appoggio;Ritorno lento 3 sec mantenendo la tensione",Staccare il petto dalla panca per aiutarsi;Tirare con i bicipiti;Elastico troppo corto che limita il range;Ritorno di scatto,rematore-corda-cavo-prono-panca-piana
EX470,Rematore elastico busto flesso,Banded bent over row,tirata orizzontale,dorsali,elastico,casa;libero;palestra,gran dorsale;romboidi;trapezio medio;bicipiti;erettori spinali,principiante,principale,lombare;spalle,"lombare: schiena neutra, ginocchia semiflesse, core contratto. l'elastico consente carichi progressivi senza stress articolare",EX011,"In piedi sopra l'elastico, piedi larghezza anche, maniglie o estremita impugnate, busto flesso in avanti a circa 45 gradi, schiena neutra",Tirata verso l'addome portando i gomiti indietro;Contrai le scapole in chiusura;Ritorno controllato 3 sec senza far collassare l'elastico;Busto immobile,Alzare il busto durante la tirata;Arrotondare la schiena;Rilasciare bruscamente l'elastico,Lombari: schiena neutra e core contratto. L'elastico e ideale a casa: aumenta la resistenza allargando la presa sui piedi,,,,,rematore-elastico-busto-flesso
EX471,Rematore invertito multipower,Smith machine inverted row,tirata orizzontale,dorsali,multipower,casa;palestra,gran dorsale;romboidi;trapezio medio;bicipiti;core,principiante;intermedio,principale,spalle;lombare,"lombare: corpo in linea retta, core e glutei contratti. regola l'altezza della barra per modulare la difficolta",EX011,"Barra del multipower bloccata all'altezza desiderata, supino sotto la barra, presa prona larghezza spalle, corpo in linea retta, talloni a terra",Tirata del petto verso la barra portando i gomiti indietro;Contrai le scapole in chiusura;Discesa controllata 3 sec;Corpo sempre in linea retta,Far cedere il bacino;Non toccare la barra con il petto;Tirare con i bicipiti,"Piu bassa e la barra, piu l'esercizio e difficile. Ottima progressione verso le trazioni",elastico,"Elastico sotto i piedi o ancorato all'altezza dell'addome, tirata orizzontale verso l'addome: riproduce il rematore","Elastico ancorato all'altezza dell'addome o sotto i piedi con busto flesso, maniglie in mano, braccia distese;Tira le maniglie verso l'addome portando i gomiti indietro lungo il corpo;Contrai le scapole a fine tirata, busto immobile;Ritorno lento 3 sec senza far collassare l'elastico",Alzare il busto durante la tirata;Tirare con i bicipiti anziche con la schiena;Rilasciare bruscamente l'elastico;Spalle che si elevano verso le orecchie,rematore-invertito-multipower
EX472,Rematore landmine busto flesso,Landmine bent over row,tirata orizzontale,dorsali,bilanciere,casa;palestra,gran dorsale;romboidi;trapezio medio;bicipiti;erettori spinali,intermedio,principale,lombare;spalle,"lombare: schiena neutra, core contratto. la traiettoria ad arco del landmine e piu confortevole per le spalle",EX076,"Bilanciere ancorato al landmine, in piedi a cavallo della barra, impugnatura a V o maniglia doppia sull'estremita caricata, busto flesso a 45 gradi, schiena neutra",Tirata verso l'addome seguendo la traiettoria ad arco;Contrai le scapole in chiusura;Discesa controllata 3 sec;Busto immobile,Alzare il busto durante la tirata;Arrotondare la schiena;Tirare con i bicipiti,La traiettoria ad arco del landmine e piu naturale per la spalla rispetto al bilanciere libero,elastico,"Elastico sotto i piedi o ancorato all'altezza dell'addome, tirata orizzontale verso l'addome: riproduce il rematore","Elastico ancorato all'altezza dell'addome o sotto i piedi con busto flesso, maniglie in mano, braccia distese;Tira le maniglie verso l'addome portando i gomiti indietro lungo il corpo;Contrai le scapole a fine tirata, busto immobile;Ritorno lento 3 sec senza far collassare l'elastico",Alzare il busto durante la tirata;Tirare con i bicipiti anziche con la schiena;Rilasciare bruscamente l'elastico;Spalle che si elevano verso le orecchie,rematore-landmine-busto-flesso
EX473,Rematore landmine presa larga busto flesso,Landmine wide grip bent over row,tirata orizzontale,dorsali,bilanciere,casa;palestra,gran dorsale;romboidi;trapezio medio;deltoide posteriore;erettori spinali,intermedio,principale,lombare;spalle,"lombare: schiena neutra, core contratto. spalle: la presa larga con gomiti aperti carica il deltoide posteriore",EX076,"Bilanciere ancorato al landmine, in piedi a cavallo della barra, maniglia larga sull'estremita caricata, busto flesso a 45 gradi, schiena neutra",Tirata verso la parte alta dell'addome con i gomiti aperti;Contrai le scapole;Discesa controllata 3 sec;Busto fermo,Alzare il busto;Tirare troppo in basso verso l'ombelico;Arrotondare la schiena,La presa larga sposta il lavoro su trapezio medio e deltoide posteriore: carico piu basso della presa stretta,elastico,"Elastico sotto i piedi o ancorato all'altezza dell'addome, tirata orizzontale verso l'addome: riproduce il rematore","Elastico ancorato all'altezza dell'addome o sotto i piedi con busto flesso, maniglie in mano, braccia distese;Tira le maniglie verso l'addome portando i gomiti indietro lungo il corpo;Contrai le scapole a fine tirata, busto immobile;Ritorno lento 3 sec senza far collassare l'elastico",Alzare il busto durante la tirata;Tirare con i bicipiti anziche con la schiena;Rilasciare bruscamente l'elastico;Spalle che si elevano verso le orecchie,rematore-landmine-presa-larga-busto-flesso
EX474,Rematore landmine un braccio presa neutra busto flesso,Landmine one arm neutral grip bent over row,tirata orizzontale,dorsali,bilanciere,casa;palestra,gran dorsale;romboidi;bicipiti;obliqui;erettori spinali,intermedio;avanzato,principale,lombare;spalle,"lombare: busto flesso a 90 gradi, schiena neutra, mano libera sul ginocchio per stabilizzare. non ruotare il busto",EX076,"Bilanciere ancorato al landmine, in piedi di fianco alla barra, busto flesso a circa 90 gradi, presa neutra sull'estremita caricata, mano libera in appoggio sul ginocchio","Tirata verso il fianco portando il gomito indietro lungo il corpo;Contrai il dorsale in chiusura;Discesa controllata 3 sec;Completa le ripetizioni, poi cambia braccio",Ruotare il busto per aiutarsi;Alzare il busto durante la tirata;Tirare con il bicipite,Il busto molto flesso massimizza l'allungamento del dorsale: mantieni la schiena neutra e non ruotare,elastico,"Elastico sotto i piedi o ancorato all'altezza dell'addome, tirata orizzontale verso l'addome: riproduce il rematore","Elastico ancorato all'altezza dell'addome o sotto i piedi con busto flesso, maniglie in mano, braccia distese;Tira le maniglie verso l'addome portando i gomiti indietro lungo il corpo;Contrai le scapole a fine tirata, busto immobile;Ritorno lento 3 sec senza far collassare l'elastico",Alzare il busto durante la tirata;Tirare con i bicipiti anziche con la schiena;Rilasciare bruscamente l'elastico;Spalle che si elevano verso le orecchie,rematore-landmine-un-braccio-presa-neutra-busto-flesso
EX475,Rematore landmine un braccio presa prona busto flesso,Landmine one arm pronated grip bent over row,tirata orizzontale,dorsali,bilanciere,casa;palestra,gran dorsale;romboidi;trapezio medio;bicipiti;erettori spinali,intermedio,principale,lombare;spalle;polso,"lombare: busto flesso a circa 30 gradi, schiena neutra, core contratto. polso: presa prona, non iperestendere",EX076,"Bilanciere ancorato al landmine, in piedi a cavallo della barra, presa prona sull'estremita caricata, busto flesso a circa 30 gradi, schiena neutra","Tirata verso il fianco portando il gomito indietro;Contrai la scapola in chiusura;Discesa controllata 3 sec;Completa le ripetizioni, poi cambia braccio",Ruotare il busto;Alzare il busto durante la tirata;Iperestendere il polso,Il busto meno flesso permette carichi maggiori ma riduce il range: alterna con la versione a presa neutra,elastico,"Elastico sotto i piedi o ancorato all'altezza dell'addome, tirata orizzontale verso l'addome: riproduce il rematore","Elastico ancorato all'altezza dell'addome o sotto i piedi con busto flesso, maniglie in mano, braccia distese;Tira le maniglie verso l'addome portando i gomiti indietro lungo il corpo;Contrai le scapole a fine tirata, busto immobile;Ritorno lento 3 sec senza far collassare l'elastico",Alzare il busto durante la tirata;Tirare con i bicipiti anziche con la schiena;Rilasciare bruscamente l'elastico;Spalle che si elevano verso le orecchie,rematore-landmine-un-braccio-presa-prona-busto-flesso
EX476,Rematore macchina a dischi presa inversa,Plate-loaded machine reverse grip row,tirata orizzontale,dorsali,macchina,casa;palestra,gran dorsale;romboidi;bicipiti;trapezio medio,principiante;intermedio,principale,lombare;gomito,"lombare: petto in appoggio sul pad, carico lombare ridotto. gomito: la presa supina carica i bicipiti",EX011,"In piedi sulla pedana della macchina a dischi, petto in appoggio sul pad, impugnature con presa supina, braccia distese",Tirata verso l'addome portando i gomiti indietro lungo il corpo;Contrai le scapole in chiusura;Ritorno controllato 3 sec;Petto sempre in appoggio,Staccare il petto dal pad per aiutarsi;Tirare con i bicipiti;Non completare la distensione in basso,Il pad toracico protegge la lombare: puoi usare carichi importanti senza rischi per la schiena,elastico,"Elastico sotto i piedi o ancorato all'altezza dell'addome, tirata orizzontale verso l'addome: riproduce il rematore","Elastico ancorato all'altezza dell'addome o sotto i piedi con busto flesso, maniglie in mano, braccia distese;Tira le maniglie verso l'addome portando i gomiti indietro lungo il corpo;Contrai le scapole a fine tirata, busto immobile;Ritorno lento 3 sec senza far collassare l'elastico",Alzare il busto durante la tirata;Tirare con i bicipiti anziche con la schiena;Rilasciare bruscamente l'elastico;Spalle che si elevano verso le orecchie,rematore-macchina-a-dischi-presa-inversa
EX477,Rematore macchina a leve presa neutra seduto,Plate-loaded machine neutral grip row seated,tirata orizzontale,dorsali,macchina,casa;palestra,gran dorsale;romboidi;trapezio medio;bicipiti,principiante;intermedio,principale,spalle,spalle: la presa neutra e la piu confortevole. regola il sedile in modo da avere le impugnature all'altezza del petto,EX011,"Seduto alla macchina a dischi, petto contro il pad, impugnature laterali con presa neutra, braccia distese in avanti",Tirata verso il petto portando i gomiti indietro lungo il corpo;Contrai le scapole in chiusura;Ritorno controllato 3 sec;Petto sempre in appoggio,Staccare il petto dal pad;Tirare con i bicipiti;Non completare la distensione in avanti,La presa neutra riduce lo stress su spalle e polsi: prima scelta se hai fastidi articolari,elastico,"Elastico sotto i piedi o ancorato all'altezza dell'addome, tirata orizzontale verso l'addome: riproduce il rematore","Elastico ancorato all'altezza dell'addome o sotto i piedi con busto flesso, maniglie in mano, braccia distese;Tira le maniglie verso l'addome portando i gomiti indietro lungo il corpo;Contrai le scapole a fine tirata, busto immobile;Ritorno lento 3 sec senza far collassare l'elastico",Alzare il busto durante la tirata;Tirare con i bicipiti anziche con la schiena;Rilasciare bruscamente l'elastico;Spalle che si elevano verso le orecchie,rematore-macchina-a-leve-presa-neutra-seduto
EX478,Rematore macchina a leve presa prona seduto,Plate-loaded machine pronated grip row seated,tirata orizzontale,dorsali,macchina,casa;palestra,gran dorsale;romboidi;trapezio medio;deltoide posteriore,principiante;intermedio,principale,spalle,"spalle: presa prona con gomiti piu aperti, maggiore lavoro del deltoide posteriore. regola il sedile",EX011,"Seduto alla macchina a dischi, petto contro il pad, impugnature con presa prona, braccia distese in avanti",Tirata verso il petto con i gomiti aperti;Contrai le scapole in chiusura;Ritorno controllato 3 sec;Petto sempre in appoggio,Staccare il petto dal pad;Tirare all'addome anziche al petto;Elevare le spalle,La presa prona con gomiti aperti sposta il lavoro su trapezio medio e deltoide posteriore,elastico,"Elastico sotto i piedi o ancorato all'altezza dell'addome, tirata orizzontale verso l'addome: riproduce il rematore","Elastico ancorato all'altezza dell'addome o sotto i piedi con busto flesso, maniglie in mano, braccia distese;Tira le maniglie verso l'addome portando i gomiti indietro lungo il corpo;Contrai le scapole a fine tirata, busto immobile;Ritorno lento 3 sec senza far collassare l'elastico",Alzare il busto durante la tirata;Tirare con i bicipiti anziche con la schiena;Rilasciare bruscamente l'elastico;Spalle che si elevano verso le orecchie,rematore-macchina-a-leve-presa-prona-seduto
EX479,Rematore macchina pacco pesi presa inversa seduto,Pin-selected machine reverse grip row seated,tirata orizzontale,dorsali,macchina,casa;palestra,gran dorsale;romboidi;bicipiti;trapezio medio,principiante,principale,spalle;gomito,"gomito: la presa supina carica i bicipiti, riduci il carico. spalle: traiettoria guidata, rischio ridotto",EX011,"Seduto alla macchina a pacco pesi, petto contro il pad, impugnature con presa supina, braccia distese in avanti",Tirata verso l'addome portando i gomiti indietro lungo il corpo;Contrai le scapole in chiusura;Ritorno controllato 3 sec;Petto sempre in appoggio,Staccare il petto dal pad;Tirare solo con i bicipiti;Rilasciare bruscamente il carico,Il pacco pesi permette cambi di carico rapidi: ideale per drop set a fine seduta,elastico,"Elastico sotto i piedi o ancorato all'altezza dell'addome, tirata orizzontale verso l'addome: riproduce il rematore","Elastico ancorato all'altezza dell'addome o sotto i piedi con busto flesso, maniglie in mano, braccia distese;Tira le maniglie verso l'addome portando i gomiti indietro lungo il corpo;Contrai le scapole a fine tirata, busto immobile;Ritorno lento 3 sec senza far collassare l'elastico",Alzare il busto durante la tirata;Tirare con i bicipiti anziche con la schiena;Rilasciare bruscamente l'elastico;Spalle che si elevano verso le orecchie,rematore-macchina-pacco-pesi-presa-inversa-seduto
EX480,Rematore maniglia cavo,Cable handle row,tirata orizzontale,dorsali,cavo,casa;palestra,gran dorsale;romboidi;trapezio medio;bicipiti;core,principiante;intermedio,principale;finisher,lombare;spalle,"lombare: busto eretto, core contratto, un piede avanti per stabilita. spalle: tirata all'addome con gomiti lungo il corpo",EX011,"In piedi davanti al cavo regolato all'altezza del petto, maniglia impugnata con entrambe le mani, un piede leggermente avanti, busto eretto, braccia distese",Tirata verso l'addome portando i gomiti indietro lungo il corpo;Contrai le scapole in chiusura;Ritorno controllato 3 sec;Busto eretto e immobile,Inclinare il busto indietro per aiutarsi;Tirare con i bicipiti;Perdere l'equilibrio in avanti,"Piedi sfalsati per stabilita: se il busto oscilla, il carico e troppo alto",elastico,"Elastico sotto i piedi o ancorato all'altezza dell'addome, tirata orizzontale verso l'addome: riproduce il rematore","Elastico ancorato all'altezza dell'addome o sotto i piedi con busto flesso, maniglie in mano, braccia distese;Tira le maniglie verso l'addome portando i gomiti indietro lungo il corpo;Contrai le scapole a fine tirata, busto immobile;Ritorno lento 3 sec senza far collassare l'elastico",Alzare il busto durante la tirata;Tirare con i bicipiti anziche con la schiena;Rilasciare bruscamente l'elastico;Spalle che si elevano verso le orecchie,rematore-maniglia-cavo
EX481,Rematore manubri busto flesso,Dumbbell bent over row,tirata orizzontale,dorsali,manubri,casa;libero;palestra,gran dorsale;romboidi;trapezio medio;bicipiti;erettori spinali,intermedio,principale,lombare;spalle,"lombare: schiena neutra, ginocchia semiflesse, core contratto. se non riesci a mantenerla, passa alla versione con petto in appoggio",EX011,"In piedi, piedi larghezza anche, manubri con presa neutra a braccia distese, busto flesso a circa 45 gradi, schiena neutra, ginocchia semiflesse",Tirata simultanea dei manubri verso i fianchi portando i gomiti indietro;Contrai le scapole in chiusura;Discesa controllata 3 sec;Busto immobile per tutta la serie,Alzare il busto durante la tirata;Arrotondare la schiena;Slanciare i manubri con la lombare,"Lombari: schiena neutra e core contratto. Se il busto si alza a ogni ripetizione, riduci il carico",elastico,"Elastico calpestato a metà o ancorato all'altezza dell'addome, un capo per mano, busto flesso in avanti","Busto flesso con schiena neutra, braccia distese e tensione già presente;Tira le maniglie verso l'addome portando i gomiti indietro lungo il corpo;Contrai le scapole a fine tirata, busto immobile;Ritorno lento 3 sec senza far collassare l'elastico",Alzare il busto durante la tirata;Tirare con i bicipiti anziché con la schiena;Elastico troppo lasco a inizio movimento: si perde tensione nella parte bassa;Spalle che si elevano verso le orecchie,rematore-manubri-busto-flesso
EX482,Rematore manubri presa inversa prono panca inclinata,Dumbbell reverse grip row prone incline bench,tirata orizzontale,dorsali,panca inclinata,casa;palestra,gran dorsale;romboidi;bicipiti;trapezio medio,principiante;intermedio,principale,spalle;gomito,"gomito: la presa supina carica i bicipiti, riduci il peso. lombare protetta dall'appoggio del petto",EX011,"Panca inclinata a 30-45 gradi, petto in appoggio sullo schienale, manubri con presa supina a braccia distese verso il basso",Tirata verso i fianchi portando i gomiti indietro lungo il corpo;Contrai le scapole;Discesa controllata 3 sec;Petto sempre in appoggio,Staccare il petto dalla panca;Tirare con i bicipiti;Non completare la distensione in basso,La presa supina enfatizza la parte bassa del dorsale ma carica i bicipiti: usa pesi moderati,elastico+panca,Elastico sotto i piedi con petto in appoggio sulla panca inclinata: riproduce il rematore chest supported senza carico lombare,"Petto in appoggio sulla panca inclinata, elastico ancorato basso o sotto i piedi, maniglie in mano a braccia distese;Tira le maniglie verso il petto portando i gomiti indietro;Contrai le scapole in chiusura, petto sempre in appoggio;Ritorno lento 3 sec mantenendo la tensione",Staccare il petto dalla panca per aiutarsi;Tirare con i bicipiti;Elastico troppo corto che limita il range;Ritorno di scatto,rematore-manubri-presa-inversa-prono-panca-inclinata
EX483,Rematore manubrio un braccio busto flesso,Dumbbell one arm bent over row,tirata orizzontale,dorsali,manubri,casa;libero;palestra,gran dorsale;romboidi;bicipiti;obliqui;erettori spinali,intermedio,principale,lombare;spalle,"lombare: busto flesso con schiena neutra, mano libera in appoggio sul ginocchio per stabilizzare. non ruotare il busto",EX011,"In piedi, piedi sfalsati, busto flesso in avanti, schiena neutra, mano libera in appoggio sul ginocchio, manubrio nell'altra mano a braccio disteso","Tirata verso il fianco portando il gomito indietro lungo il corpo;Contrai il dorsale in chiusura;Discesa controllata 3 sec;Completa le ripetizioni, poi cambia braccio",Ruotare il busto per aiutarsi;Alzare il busto durante la tirata;Tirare con il bicipite,Il busto resta fermo e non ruota: la rotazione trasforma il movimento in uno slancio,elastico,"Elastico calpestato con un piede o ancorato all'altezza dell'addome, un capo in mano, busto flesso con l'altra mano a sostegno","Busto flesso con una mano a sostegno, braccio libero disteso in tensione;Tira la maniglia verso il fianco portando il gomito indietro;Contrai la scapola a fine tirata senza ruotare il busto;Ritorno lento 3 sec senza far collassare l'elastico",Ruotare il busto per allungare la tirata;Tirare con il bicipite anziché con la schiena;Elastico troppo lasco a inizio movimento: si perde tensione nella parte bassa;Spalla che si eleva verso l'orecchio,rematore-manubrio-un-braccio-busto-flesso
EX484,Rematore manubrio un braccio ginocchio su panca,Dumbbell one arm row knee on bench,tirata orizzontale,dorsali,panca,casa;libero;palestra,gran dorsale;romboidi;bicipiti;trapezio medio,principiante;intermedio,principale,lombare;spalle,"lombare: schiena neutra e parallela al suolo, il triplo appoggio (ginocchio, mano, piede) stabilizza. spalle: gomito lungo il corpo",EX011,"Ginocchio e mano dello stesso lato in appoggio sulla panca, altro piede a terra, schiena neutra e parallela al suolo, manubrio nella mano libera a braccio disteso","Tirata verso il fianco portando il gomito indietro lungo il corpo;Contrai il dorsale in chiusura;Discesa controllata 3 sec fino al massimo allungamento;Completa le ripetizioni, poi cambia lato",Ruotare il busto per aiutarsi;Tirare con il bicipite;Slanciare il manubrio,La schiena resta parallela al suolo e non ruota: il triplo appoggio serve proprio a evitare compensi,elastico+panca,Elastico sotto i piedi con petto in appoggio sulla panca inclinata: riproduce il rematore chest supported senza carico lombare,"Petto in appoggio sulla panca inclinata, elastico ancorato basso o sotto i piedi, maniglie in mano a braccia distese;Tira le maniglie verso il petto portando i gomiti indietro;Contrai le scapole in chiusura, petto sempre in appoggio;Ritorno lento 3 sec mantenendo la tensione",Staccare il petto dalla panca per aiutarsi;Tirare con i bicipiti;Elastico troppo corto che limita il range;Ritorno di scatto,rematore-manubrio-un-braccio-ginocchio-su-panca
EX485,Rematore manubrio un braccio mano su panca,Dumbbell one arm row hand on bench,tirata orizzontale,dorsali,panca,casa;libero;palestra,gran dorsale;romboidi;bicipiti;obliqui;erettori spinali,intermedio,principale,lombare;spalle,"lombare: entrambi i piedi a terra, schiena neutra, core contratto. richiede piu stabilita della versione con ginocchio in appoggio",EX011,"In piedi di fianco alla panca, entrambi i piedi a terra, una mano in appoggio sulla panca, busto flesso e schiena neutra, manubrio nella mano libera a braccio disteso","Tirata verso il fianco portando il gomito indietro lungo il corpo;Contrai il dorsale in chiusura;Discesa controllata 3 sec;Completa le ripetizioni, poi cambia lato",Ruotare il busto;Arrotondare la schiena;Tirare con il bicipite,Con entrambi i piedi a terra il core lavora di piu rispetto alla versione con ginocchio sulla panca,elastico+panca,Elastico sotto i piedi con petto in appoggio sulla panca inclinata: riproduce il rematore chest supported senza carico lombare,"Petto in appoggio sulla panca inclinata, elastico ancorato basso o sotto i piedi, maniglie in mano a braccia distese;Tira le maniglie verso il petto portando i gomiti indietro;Contrai le scapole in chiusura, petto sempre in appoggio;Ritorno lento 3 sec mantenendo la tensione",Staccare il petto dalla panca per aiutarsi;Tirare con i bicipiti;Elastico troppo corto che limita il range;Ritorno di scatto,rematore-manubrio-un-braccio-mano-su-panca
EX486,Rematore multipower presa inversa busto flesso,Smith machine reverse grip bent over row,tirata orizzontale,dorsali,multipower,casa;palestra,gran dorsale;romboidi;bicipiti;trapezio medio;erettori spinali,principiante;intermedio,principale,lombare;gomito,"lombare: schiena neutra, core contratto. la traiettoria guidata permette di concentrarsi sulla tirata. gomito: presa supina, carico moderato",EX011,"In piedi sotto la barra del multipower, presa supina larghezza spalle, busto flesso a circa 45 gradi, schiena neutra, ginocchia semiflesse",Tirata della barra verso l'addome basso portando i gomiti indietro;Contrai le scapole in chiusura;Discesa controllata 3 sec;Busto immobile,Alzare il busto durante la tirata;Arrotondare la schiena;Tirare con i bicipiti,La traiettoria guidata elimina la componente di stabilizzazione: puoi concentrarti sulla contrazione dorsale,elastico,"Elastico sotto i piedi o ancorato all'altezza dell'addome, tirata orizzontale verso l'addome: riproduce il rematore","Elastico ancorato all'altezza dell'addome o sotto i piedi con busto flesso, maniglie in mano, braccia distese;Tira le maniglie verso l'addome portando i gomiti indietro lungo il corpo;Contrai le scapole a fine tirata, busto immobile;Ritorno lento 3 sec senza far collassare l'elastico",Alzare il busto durante la tirata;Tirare con i bicipiti anziche con la schiena;Rilasciare bruscamente l'elastico;Spalle che si elevano verso le orecchie,rematore-multipower-presa-inversa-busto-flesso
EX487,Scrollate barra dritta cavo basso,Cable low pulley bar shrug,isolamento,trapezi,cavo basso,casa;palestra,trapezio superiore;elevatore della scapola,principiante;intermedio,finisher,cervicale;spalle,"cervicale: solo elevazione verticale, mai rotazione delle spalle. il cavo mantiene tensione costante",EX070,"In piedi davanti alla puleggia bassa, barra dritta con presa prona larghezza spalle, braccia distese lungo il corpo, busto eretto",Eleva le spalle verticalmente verso le orecchie;Pausa 1-2 sec in massima contrazione;Discesa controllata 3 sec fino al massimo allungamento;Braccia sempre distese,Ruotare le spalle in circolo;Piegare i gomiti trasformandolo in una tirata;Flettere il collo in avanti,Cervicale: il movimento e solo verticale. Le rotazioni delle spalle sono inutili e potenzialmente dannose,elastico,"Elastico sotto i piedi, maniglie in mano lungo i fianchi: elevazione verticale delle spalle contro resistenza crescente","In piedi sopra l'elastico, maniglie in mano lungo i fianchi, braccia distese, busto eretto;Eleva le spalle verticalmente verso le orecchie contro la resistenza;Pausa 1-2 sec in massima contrazione;Discesa lenta 3 sec senza far collassare l'elastico",Piegare i gomiti trasformandolo in una tirata;Ruotare le spalle in circolo;Slanciare con le gambe;Elastico troppo corto che impedisce l'allungamento,scrollate-barra-dritta-cavo-basso
EX488,Scrollate barra dritta cavo basso presa stretta,Cable low pulley bar shrug close grip,isolamento,trapezi,cavo basso,casa;palestra,trapezio superiore;elevatore della scapola,principiante;intermedio,finisher,cervicale;spalle;polso,"cervicale: solo elevazione verticale. polso: presa stretta, non iperestendere",EX070,"In piedi davanti alla puleggia bassa, barra dritta con presa prona stretta davanti alle cosce, braccia distese, busto eretto",Eleva le spalle verticalmente;Pausa 1-2 sec in contrazione;Discesa controllata 3 sec;Braccia sempre distese,Ruotare le spalle;Piegare i gomiti;Slanciare con le gambe,La presa stretta cambia leggermente l'angolo di lavoro: alterna con la presa larga per stimoli diversi,elastico,"Elastico sotto i piedi, maniglie in mano lungo i fianchi: elevazione verticale delle spalle contro resistenza crescente","In piedi sopra l'elastico, maniglie in mano lungo i fianchi, braccia distese, busto eretto;Eleva le spalle verticalmente verso le orecchie contro la resistenza;Pausa 1-2 sec in massima contrazione;Discesa lenta 3 sec senza far collassare l'elastico",Piegare i gomiti trasformandolo in una tirata;Ruotare le spalle in circolo;Slanciare con le gambe;Elastico troppo corto che impedisce l'allungamento,scrollate-barra-dritta-cavo-basso-presa-stretta
EX489,Scrollate bilanciere dietro la schiena,Behind the back barbell shrug,isolamento,trapezi,bilanciere,casa;libero;palestra,trapezio superiore;elevatore della scapola;romboidi,intermedio,finisher,cervicale;spalle;polso,"spalle: il bilanciere dietro i glutei mette le spalle in retrazione, richiede buona mobilita. cervicale: solo elevazione verticale",EX487,"In piedi, bilanciere impugnato con presa prona dietro i glutei, braccia distese, spalle naturalmente retratte, busto eretto",Eleva le spalle verticalmente verso le orecchie;Pausa 1-2 sec in contrazione;Discesa controllata 3 sec;Braccia sempre distese,Piegare i gomiti;Ruotare le spalle;Inarcare la lombare,La posizione dietro la schiena mantiene le scapole retratte e coinvolge di piu il trapezio medio,elastico,"Elastico sotto i piedi, maniglie in mano lungo i fianchi: elevazione verticale delle spalle contro resistenza crescente","In piedi sopra l'elastico, maniglie in mano lungo i fianchi, braccia distese, busto eretto;Eleva le spalle verticalmente verso le orecchie contro la resistenza;Pausa 1-2 sec in massima contrazione;Discesa lenta 3 sec senza far collassare l'elastico",Piegare i gomiti trasformandolo in una tirata;Ruotare le spalle in circolo;Slanciare con le gambe;Elastico troppo corto che impedisce l'allungamento,scrollate-bilanciere-dietro-la-schiena
EX490,Scrollate macchina a leve,Plate-loaded machine shrug,isolamento,trapezi,macchina,casa;palestra,trapezio superiore;elevatore della scapola,principiante,finisher,cervicale;spalle,cervicale: solo elevazione verticale. la traiettoria guidata rende questa la variante piu sicura,EX070,"In piedi alla macchina a dischi, impugnature laterali con presa neutra, braccia distese lungo il corpo, busto eretto",Eleva le spalle verticalmente lungo la traiettoria guidata;Pausa 1-2 sec in contrazione;Discesa controllata 3 sec;Braccia sempre distese,Piegare i gomiti;Slanciare con le gambe;Flettere il collo,La traiettoria guidata elimina i compensi: ideale per chi ha problemi di grip o vuole isolare il trapezio,elastico,"Elastico sotto i piedi, maniglie in mano lungo i fianchi: elevazione verticale delle spalle contro resistenza crescente","In piedi sopra l'elastico, maniglie in mano lungo i fianchi, braccia distese, busto eretto;Eleva le spalle verticalmente verso le orecchie contro la resistenza;Pausa 1-2 sec in massima contrazione;Discesa lenta 3 sec senza far collassare l'elastico",Piegare i gomiti trasformandolo in una tirata;Ruotare le spalle in circolo;Slanciare con le gambe;Elastico troppo corto che impedisce l'allungamento,scrollate-macchina-a-leve
EX491,Scrollate manubri,Dumbbell shrug,isolamento,trapezi,manubri,casa;libero;palestra,trapezio superiore;elevatore della scapola,principiante;intermedio,finisher,cervicale;spalle,cervicale: solo elevazione verticale. i manubri ai lati permettono una traiettoria piu naturale del bilanciere,EX070,"In piedi, manubri ai lati del corpo con presa neutra, braccia distese, piedi larghezza anche, busto eretto",Eleva le spalle verticalmente verso le orecchie;Pausa 1-2 sec in massima contrazione;Discesa controllata 3 sec fino al massimo allungamento;Braccia sempre distese,Ruotare le spalle in circolo;Piegare i gomiti;Slanciare con le gambe,I manubri ai lati consentono una traiettoria piu naturale rispetto al bilanciere davanti alle cosce,elastico,"Elastico calpestato a metà, un capo per mano, braccia distese lungo i fianchi","In piedi sull'elastico, braccia distese lungo i fianchi con la tensione già presente;Alza le spalle verso le orecchie senza piegare i gomiti;Pausa breve in alto;Ritorno lento 3 sec senza far collassare l'elastico",Piegare i gomiti trasformando il movimento in una tirata;Ruotare le spalle invece di alzarle;Elastico troppo lasco a inizio movimento: si perde tensione nella parte bassa;Slanciare per vincere il picco di resistenza in alto,scrollate-manubri
EX492,Scrollate manubri prono panca inclinata,Dumbbell shrug prone incline bench,isolamento,trapezi,panca inclinata,casa;palestra,trapezio medio;trapezio superiore;romboidi,intermedio,finisher,spalle;cervicale,"spalle: petto in appoggio, il movimento e una retrazione scapolare piu che un'elevazione. lombare protetta",EX070,"Panca inclinata a 30-45 gradi, petto in appoggio sullo schienale, manubri con presa neutra a braccia distese verso il basso",Retrai e solleva le scapole verso l'alto tenendo le braccia distese;Pausa 1-2 sec in contrazione;Discesa controllata 3 sec;Petto sempre in appoggio,Piegare i gomiti trasformandolo in un rematore;Staccare il petto dalla panca;Slanciare i manubri,"Braccia sempre distese: se pieghi i gomiti diventa un rematore. Qui lavora il trapezio medio, non il superiore",elastico,"Elastico sotto i piedi, maniglie in mano lungo i fianchi: elevazione verticale delle spalle contro resistenza crescente","In piedi sopra l'elastico, maniglie in mano lungo i fianchi, braccia distese, busto eretto;Eleva le spalle verticalmente verso le orecchie contro la resistenza;Pausa 1-2 sec in massima contrazione;Discesa lenta 3 sec senza far collassare l'elastico",Piegare i gomiti trasformandolo in una tirata;Ruotare le spalle in circolo;Slanciare con le gambe;Elastico troppo corto che impedisce l'allungamento,scrollate-manubri-prono-panca-inclinata
EX493,Scrollate manubri supino panca inclinata,Dumbbell shrug supine incline bench,isolamento,trapezi,panca inclinata,casa;palestra,trapezio superiore;elevatore della scapola,principiante;intermedio,finisher,cervicale;spalle,"cervicale: schiena appoggiata allo schienale, elevazione solo verticale. l'appoggio elimina i compensi lombari",EX070,"Seduto su panca inclinata a 45-60 gradi, schiena appoggiata allo schienale, manubri ai lati con presa neutra, braccia distese",Eleva le spalle verticalmente verso le orecchie;Pausa 1-2 sec in contrazione;Discesa controllata 3 sec;Schiena sempre aderente allo schienale,Staccare la schiena dallo schienale;Piegare i gomiti;Ruotare le spalle,L'appoggio dello schienale impedisce di slanciare con le gambe: isolamento puro del trapezio superiore,elastico,"Elastico sotto i piedi, maniglie in mano lungo i fianchi: elevazione verticale delle spalle contro resistenza crescente","In piedi sopra l'elastico, maniglie in mano lungo i fianchi, braccia distese, busto eretto;Eleva le spalle verticalmente verso le orecchie contro la resistenza;Pausa 1-2 sec in massima contrazione;Discesa lenta 3 sec senza far collassare l'elastico",Piegare i gomiti trasformandolo in una tirata;Ruotare le spalle in circolo;Slanciare con le gambe;Elastico troppo corto che impedisce l'allungamento,scrollate-manubri-supino-panca-inclinata
EX494,Scrollate multipower dietro la schiena,Smith machine behind the back shrug,isolamento,trapezi,multipower,casa;palestra,trapezio superiore;elevatore della scapola;romboidi,intermedio,finisher,cervicale;spalle,spalle: la barra dietro i glutei richiede buona mobilita. la traiettoria guidata riduce i compensi,EX070,"In piedi sotto la barra del multipower, barra dietro i glutei impugnata con presa prona, braccia distese, busto eretto",Eleva le spalle verticalmente lungo la traiettoria guidata;Pausa 1-2 sec in contrazione;Discesa controllata 3 sec;Braccia sempre distese,Piegare i gomiti;Inarcare la lombare;Slanciare con le gambe,La traiettoria guidata mantiene la barra perfettamente verticale: piu semplice della versione con bilanciere libero,elastico,"Elastico sotto i piedi, maniglie in mano lungo i fianchi: elevazione verticale delle spalle contro resistenza crescente","In piedi sopra l'elastico, maniglie in mano lungo i fianchi, braccia distese, busto eretto;Eleva le spalle verticalmente verso le orecchie contro la resistenza;Pausa 1-2 sec in massima contrazione;Discesa lenta 3 sec senza far collassare l'elastico",Piegare i gomiti trasformandolo in una tirata;Ruotare le spalle in circolo;Slanciare con le gambe;Elastico troppo corto che impedisce l'allungamento,scrollate-multipower-dietro-la-schiena
EX495,Tirate al mento barra dritta cavo basso,Cable low pulley bar upright row,isolamento,trapezi,cavo basso,casa;palestra,trapezio superiore;deltoide laterale;bicipiti,intermedio,finisher,spalle;polso,"spalle: NON superare l'altezza delle spalle con i gomiti, rischio di impingement. se senti fastidio, fermati al petto",EX496,"In piedi davanti alla puleggia bassa, barra dritta con presa prona larghezza spalle, braccia distese davanti alle cosce, busto eretto","Tirata verticale della barra lungo il corpo portando i gomiti in alto;Ferma i gomiti all'altezza delle spalle, mai sopra;Discesa controllata 3 sec;Barra sempre vicina al corpo",Portare i gomiti sopra la linea delle spalle;Allontanare la barra dal corpo;Slanciare con le gambe,Spalle: mai portare i gomiti sopra la linea delle spalle. Oltre quel punto il rischio di impingement e alto,elastico,"Elastico sotto i piedi, tirata verticale delle maniglie lungo il corpo fino all'altezza delle spalle","In piedi sopra l'elastico, maniglie in mano davanti alle cosce, braccia distese, busto eretto;Tira le maniglie verticalmente lungo il corpo portando i gomiti in alto;Ferma i gomiti all'altezza delle spalle, mai sopra;Discesa lenta 3 sec senza far collassare l'elastico",Portare i gomiti sopra la linea delle spalle;Allontanare le maniglie dal corpo;Slanciare con le gambe;Elastico troppo teso che forza la traiettoria,tirate-al-mento-barra-dritta-cavo-basso
EX496,Tirate al mento bilanciere EZ,EZ-bar upright row,isolamento,trapezi,bilanciere,casa;libero;palestra,trapezio superiore;deltoide laterale;bicipiti,intermedio,finisher,spalle;polso,polso: la barra EZ riduce lo stress sui polsi rispetto alla barra dritta. spalle: gomiti mai sopra la linea delle spalle,EX495,"In piedi, bilanciere EZ con presa prona sulle impugnature interne, braccia distese davanti alle cosce, busto eretto",Tirata verticale della barra lungo il corpo portando i gomiti in alto;Ferma i gomiti all'altezza delle spalle;Discesa controllata 3 sec;Barra vicina al corpo,Portare i gomiti sopra le spalle;Allontanare la barra dal corpo;Slanciare,La barra EZ e la scelta migliore per i polsi: l'angolazione naturale riduce lo stress articolare,elastico,"Elastico sotto i piedi, tirata verticale delle maniglie lungo il corpo fino all'altezza delle spalle","In piedi sopra l'elastico, maniglie in mano davanti alle cosce, braccia distese, busto eretto;Tira le maniglie verticalmente lungo il corpo portando i gomiti in alto;Ferma i gomiti all'altezza delle spalle, mai sopra;Discesa lenta 3 sec senza far collassare l'elastico",Portare i gomiti sopra la linea delle spalle;Allontanare le maniglie dal corpo;Slanciare con le gambe;Elastico troppo teso che forza la traiettoria,tirate-al-mento-bilanciere-ez
EX497,Tirate al mento bilanciere,Barbell upright row,isolamento,trapezi,bilanciere,casa;libero;palestra,trapezio superiore;deltoide laterale;bicipiti,intermedio,finisher,spalle;polso,"spalle: esercizio a rischio impingement. NON superare l'altezza delle spalle con i gomiti. polso: presa larghezza spalle, non stretta",EX495,"In piedi, bilanciere con presa prona larghezza spalle, braccia distese davanti alle cosce, busto eretto, core contratto","Tirata verticale del bilanciere lungo il corpo portando i gomiti in alto;Ferma i gomiti all'altezza delle spalle, mai sopra;Discesa controllata 3 sec;Barra sempre vicina al corpo",Portare i gomiti sopra la linea delle spalle;Presa troppo stretta che stressa i polsi;Slanciare con le gambe,Spalle: gomiti mai sopra la linea delle spalle. La presa stretta aumenta il rischio: tienila almeno larghezza spalle,elastico,"Elastico sotto i piedi, tirata verticale delle maniglie lungo il corpo fino all'altezza delle spalle","In piedi sopra l'elastico, maniglie in mano davanti alle cosce, braccia distese, busto eretto;Tira le maniglie verticalmente lungo il corpo portando i gomiti in alto;Ferma i gomiti all'altezza delle spalle, mai sopra;Discesa lenta 3 sec senza far collassare l'elastico",Portare i gomiti sopra la linea delle spalle;Allontanare le maniglie dal corpo;Slanciare con le gambe;Elastico troppo teso che forza la traiettoria,tirate-al-mento-bilanciere
EX498,Tirate al mento bilanciere presa larga,Barbell wide grip upright row,isolamento,trapezi,bilanciere,casa;libero;palestra,trapezio superiore;deltoide laterale;deltoide posteriore,principiante;intermedio,finisher,spalle;polso,spalle: la presa larga riduce l'intrarotazione e il rischio di impingement rispetto alla presa stretta,EX495,"In piedi, bilanciere con presa prona larga, braccia distese davanti alle cosce, busto eretto",Tirata verticale del bilanciere lungo il corpo con i gomiti che si aprono lateralmente;Ferma all'altezza delle spalle;Discesa controllata 3 sec;Barra vicina al corpo,Portare i gomiti sopra le spalle;Allontanare la barra dal corpo;Slanciare,La presa larga e la variante piu sicura per le spalle: riduce l'intrarotazione durante la tirata,elastico,"Elastico sotto i piedi, tirata verticale delle maniglie lungo il corpo fino all'altezza delle spalle","In piedi sopra l'elastico, maniglie in mano davanti alle cosce, braccia distese, busto eretto;Tira le maniglie verticalmente lungo il corpo portando i gomiti in alto;Ferma i gomiti all'altezza delle spalle, mai sopra;Discesa lenta 3 sec senza far collassare l'elastico",Portare i gomiti sopra la linea delle spalle;Allontanare le maniglie dal corpo;Slanciare con le gambe;Elastico troppo teso che forza la traiettoria,tirate-al-mento-bilanciere-presa-larga
EX499,Tirate al mento manubri,Dumbbell upright row,isolamento,trapezi,manubri,casa;libero;palestra,trapezio superiore;deltoide laterale;bicipiti,principiante;intermedio,finisher,spalle;polso,"spalle: i manubri permettono una traiettoria libera, meno stressante della barra. gomiti mai sopra le spalle",EX495,"In piedi, manubri con presa prona davanti alle cosce, braccia distese, piedi larghezza anche, busto eretto",Tirata verticale dei manubri lungo il corpo portando i gomiti in alto;Ferma i gomiti all'altezza delle spalle;Discesa controllata 3 sec;Manubri vicini al corpo,Portare i gomiti sopra le spalle;Allontanare i manubri dal corpo;Slanciare con le gambe,I manubri consentono ai polsi di ruotare liberamente: variante piu articolarmente amichevole della barra,elastico,"Elastico calpestato a metà, un capo per mano, mani ravvicinate davanti alle cosce","In piedi sull'elastico, mani vicine davanti alle cosce;Tira verso l'alto lungo il corpo portando i gomiti alti e larghi;Fermati all'altezza del petto;Ritorno lento 3 sec senza far collassare l'elastico",Salire con i gomiti sopra le spalle;Allontanare le mani dal corpo;Elastico troppo lasco a inizio movimento: si perde tensione nella parte bassa;Slanciare per vincere il picco di resistenza in alto,tirate-al-mento-manubri
EX500,Tirate al viso maniglie cavo alto,Cable high pulley face pull handles,isolamento,deltoidi posteriori,maniglie,casa;palestra,deltoide posteriore;trapezio medio;romboidi;cuffia dei rotatori,intermedio,finisher;riscaldamento,spalle;cervicale,spalle: le maniglie separate permettono maggiore libertà di rotazione esterna. carichi leggeri,EX058,"In piedi al centro del cable crossover, cavi alti regolati all'altezza del viso, una maniglia per mano con presa neutra, braccia distese in avanti","Tira le maniglie verso il viso separando le mani ai lati della testa;Gomiti alti, sopra la linea delle mani;Ruota esternamente le spalle in chiusura;Ritorno controllato 3 sec",Tirare verso il petto;Abbassare i gomiti;Carichi eccessivi che compromettono la rotazione esterna,Le maniglie separate consentono piu rotazione esterna della corda: ancora meglio per la salute della cuffia,elastico,"Elastico ancorato all'altezza del viso, tirata verso la fronte con gomiti alti: riproduce il face pull","Elastico ancorato all'altezza del viso, maniglie in mano con presa neutra, braccia distese in avanti;Tira verso la fronte aprendo le mani ai lati della testa;Gomiti alti sopra la linea delle mani, ruota esternamente le spalle;Ritorno lento 3 sec mantenendo la tensione",Tirare verso il petto anziche verso il viso;Gomiti bassi;Elastico troppo teso che impedisce la rotazione esterna;Ritorno di scatto,tirate-al-viso-maniglie-cavo-alto
EX501,Tirate al viso manubri busto flesso,Bent over dumbbell face pull,isolamento,deltoidi posteriori,manubri,casa;libero;palestra,deltoide posteriore;trapezio medio;romboidi;cuffia dei rotatori,intermedio,finisher,spalle;lombare,"lombare: busto flesso con schiena neutra, core contratto. spalle: gomiti alti e aperti, carichi leggeri",EX058,"In piedi, busto flesso in avanti a circa 90 gradi, schiena neutra, ginocchia semiflesse, manubri a braccia distese verso il basso con presa prona",Tira i manubri verso il viso portando i gomiti alti e aperti;Ruota esternamente le spalle in chiusura;Contrai le scapole;Discesa controllata 3 sec,Tirare verso l'addome trasformandolo in un rematore;Gomiti bassi;Alzare il busto,"Gomiti alti e aperti: se scendono, il movimento diventa un rematore e il deltoide posteriore smette di lavorare",elastico,"Elastico ancorato all'altezza del viso davanti a te, un capo per mano, busto flesso in avanti","Busto flesso in avanti, braccia distese verso l'ancoraggio;Tira le maniglie verso il viso aprendo i gomiti alti;Contrai le scapole a fine tirata;Ritorno lento 3 sec senza far collassare l'elastico",Gomiti che scendono sotto la linea delle spalle;Alzare il busto durante la tirata;Elastico troppo lasco a inizio movimento: si perde tensione nella parte bassa;Tirare con i bicipiti anziché con i deltoidi posteriori,tirate-al-viso-manubri-busto-flesso
EX502,Tirate verticali cavi alti incrociati,Cable crossover lat pulldown,tirata verticale,dorsali,cavi,casa;palestra,gran dorsale;romboidi;deltoide posteriore;bicipiti;core,intermedio,principale;finisher,spalle;lombare,"spalle: tirata controllata lungo l'arco. lombare: core contratto, busto eretto, non slanciare",EX503,"In piedi al centro del cable crossover, cavi alti incrociati, maniglia destra nella mano sinistra e viceversa, braccia distese sopra la testa, busto eretto",Tirata verso il basso portando le mani verso i fianchi opposti;Contrai il dorsale in chiusura;Risalita controllata 3 sec;Busto eretto e core contratto,Inclinare il busto indietro per aiutarsi;Piegare eccessivamente i gomiti;Rilasciare la tensione in alto,La traiettoria incrociata allunga molto il dorsale: carichi moderati e movimento lento,elastico,"Elastico ancorato in alto (porta o gancio), in ginocchio o seduto sotto l'ancoraggio: riproduce la tirata verticale della lat machine","Elastico ancorato sopra la testa, maniglie in mano, braccia distese in alto, core contratto;Tira i gomiti verso il basso-indietro portando le maniglie all'altezza del petto;Contrai i dorsali e abbassa le scapole a fine tirata, busto fermo;Ritorno lento 3 sec controllando l'eccentrica, senza far collassare l'elastico",Tirare solo di braccia senza attivare i dorsali;Spalle che salgono verso le orecchie;Busto che oscilla avanti e indietro;Ritorno di scatto che vanifica l'eccentrica,tirate-verticali-cavi-alti-incrociati
EX503,Tirate verticali elastico maniglie in ginocchio,Kneeling band pulldown handles,tirata verticale,dorsali,elastico,casa;libero;palestra,gran dorsale;romboidi;trapezio medio;bicipiti;core,principiante,principale;riscaldamento,spalle;lombare,"lombare: core contratto, busto eretto. l'elastico consente carico progressivo senza stress articolare",EX502,"Elastico ancorato in alto, in ginocchio sotto l'ancoraggio, maniglie impugnate con presa neutra, braccia distese sopra la testa, busto eretto, core contratto",Tirata verso il basso portando i gomiti lungo i fianchi;Contrai le scapole in chiusura;Risalita controllata senza far collassare l'elastico;Busto eretto e immobile,Sedersi sui talloni;Inclinare il busto indietro;Rilasciare bruscamente l'elastico,Alternativa casalinga alla lat machine: aumenta la resistenza usando un elastico piu spesso o accorciandolo,,,,,tirate-verticali-elastico-maniglie-in-ginocchio
EX504,Tirate verticali maniglia cavo alto un braccio in ginocchio,One arm kneeling cable lat pulldown,tirata verticale,dorsali,cavo alto,casa;palestra,gran dorsale;romboidi;bicipiti;obliqui;core,intermedio,principale;finisher,spalle;lombare,"lombare: core contratto, busto eretto, non ruotare. spalle: sfrutta l'allungamento completo in alto",EX502,"In ginocchio davanti al cavo alto, maniglia singola con presa neutra, braccio disteso sopra la testa, busto eretto, core contratto","Tirata verso il basso portando il gomito lungo il fianco;Contrai il dorsale in chiusura;Risalita controllata 3 sec fino al massimo allungamento;Completa le ripetizioni, poi cambia braccio",Ruotare il busto per aiutarsi;Sedersi sui talloni;Tirare con il bicipite,"Il lavoro unilaterale in ginocchio richiede molto core: se il busto ruota, riduci il carico",elastico,"Elastico ancorato in alto (porta o gancio), in ginocchio o seduto sotto l'ancoraggio: riproduce la tirata verticale della lat machine","Elastico ancorato sopra la testa, maniglie in mano, braccia distese in alto, core contratto;Tira i gomiti verso il basso-indietro portando le maniglie all'altezza del petto;Contrai i dorsali e abbassa le scapole a fine tirata, busto fermo;Ritorno lento 3 sec controllando l'eccentrica, senza far collassare l'elastico",Tirare solo di braccia senza attivare i dorsali;Spalle che salgono verso le orecchie;Busto che oscilla avanti e indietro;Ritorno di scatto che vanifica l'eccentrica,tirate-verticali-maniglia-cavo-alto-un-braccio-in-ginocchio
EX505,Trazioni sbarra assistite elastico,Band assisted pull-up,tirata verticale,dorsali,sbarra,casa;libero;palestra,gran dorsale;bicipiti;romboidi;trapezio medio;core,principiante,principale,spalle;gomito,"spalle: l'elastico assiste soprattutto nel punto piu debole, in basso. riduci progressivamente lo spessore dell'elastico",EX508,"Elastico agganciato alla sbarra, un piede o un ginocchio dentro l'elastico, presa prona poco piu larga delle spalle, braccia distese, core contratto",Tirata verso l'alto fino a portare il mento sopra la sbarra;Contrai le scapole;Discesa controllata 3 sec fino a braccia distese;Corpo senza oscillazioni,Rimbalzare in basso sfruttando l'elastico;Non completare la distensione;Usare un elastico troppo spesso che annulla lo sforzo,Progressione: passa a un elastico piu sottile quando riesci a fare 10-12 ripetizioni pulite,elastico,"Trazioni rese con elastico ancorato in alto tirato verso il petto, oppure trazioni assistite con elastico alla sbarra","Elastico ancorato in alto sopra la testa, maniglie in mano a braccia distese;Tira i gomiti verso il basso-indietro portando le maniglie al petto, scapole che si abbassano;Contrai i dorsali a fine trazione, busto fermo;Ritorno lento 3 sec controllando l'eccentrica",Tirare solo di braccia senza attivare i dorsali;Spalle che salgono verso le orecchie;Busto che oscilla;Ritorno di scatto,trazioni-sbarra-assistite-elastico
EX506,Trazioni sbarra dietro nuca,Behind the neck pull-up,tirata verticale,dorsali,sbarra,casa;libero;palestra,gran dorsale;romboidi;trapezio medio;deltoide posteriore,avanzato,finisher,spalle;cervicale,"spalle: richiede ottima mobilita in extrarotazione, alto rischio di impingement. se hai dubbi, usa la versione frontale",EX508,"Appeso alla sbarra con presa prona larga, braccia distese, busto perfettamente eretto, testa leggermente flessa in avanti",Tirata verso l'alto portando la nuca vicino alla sbarra;Pausa breve;Discesa controllata 3 sec;Busto sempre eretto,Flettere eccessivamente il collo;Sbattere la nuca sulla sbarra;Tentarlo senza mobilita overhead adeguata,"Esercizio avanzato ad alto rischio: se non hai mobilita di spalla completa, evita e usa le trazioni frontali",elastico,"Trazioni rese con elastico ancorato in alto tirato verso il petto, oppure trazioni assistite con elastico alla sbarra","Elastico ancorato in alto sopra la testa, maniglie in mano a braccia distese;Tira i gomiti verso il basso-indietro portando le maniglie al petto, scapole che si abbassano;Contrai i dorsali a fine trazione, busto fermo;Ritorno lento 3 sec controllando l'eccentrica",Tirare solo di braccia senza attivare i dorsali;Spalle che salgono verso le orecchie;Busto che oscilla;Ritorno di scatto,trazioni-sbarra-dietro-nuca
EX507,Trazioni sbarra eccentriche,Eccentric pull-up,tirata verticale,dorsali,sbarra,casa;libero;palestra,gran dorsale;bicipiti;romboidi;trapezio medio;core,principiante,principale,spalle;gomito,"spalle: la fase eccentrica costruisce forza in sicurezza. gomito: discesa lenta e controllata, non lasciarsi cadere",EX508,"Salta o usa un rialzo per portare il mento sopra la sbarra, presa prona poco piu larga delle spalle, core contratto","Parti dalla posizione alta con il mento sopra la sbarra;Scendi il piu lentamente possibile, 5-8 sec;Arriva a braccia completamente distese;Risali con il rialzo e ripeti",Lasciarsi cadere;Non completare la distensione in basso;Discesa troppo veloce,La discesa lenta e il modo migliore per costruire forza verso la prima trazione completa: punta a 5-8 secondi,elastico,"Trazioni rese con elastico ancorato in alto tirato verso il petto, oppure trazioni assistite con elastico alla sbarra","Elastico ancorato in alto sopra la testa, maniglie in mano a braccia distese;Tira i gomiti verso il basso-indietro portando le maniglie al petto, scapole che si abbassano;Contrai i dorsali a fine trazione, busto fermo;Ritorno lento 3 sec controllando l'eccentrica",Tirare solo di braccia senza attivare i dorsali;Spalle che salgono verso le orecchie;Busto che oscilla;Ritorno di scatto,trazioni-sbarra-eccentriche
EX508,Trazioni sbarra gravitron in ginocchio,Machine assisted kneeling pull-up,tirata verticale,dorsali,macchina,casa;palestra,gran dorsale;bicipiti;romboidi;trapezio medio,principiante,principale,spalle;gomito,spalle: l'assistenza della macchina permette il range completo in sicurezza. riduci progressivamente il contrappeso,EX008,"Ginocchia sul pad del gravitron, presa prona poco piu larga delle spalle, braccia distese, busto eretto, contrappeso selezionato",Tirata verso l'alto fino a portare il mento sopra la sbarra;Contrai le scapole;Discesa controllata 3 sec fino a braccia distese;Busto eretto,Selezionare un contrappeso troppo alto che annulla lo sforzo;Non completare la distensione;Slanciare,Progressione: riduci il contrappeso di 5 kg quando riesci a fare 10-12 ripetizioni pulite,elastico,"Trazioni rese con elastico ancorato in alto tirato verso il petto, oppure trazioni assistite con elastico alla sbarra","Elastico ancorato in alto sopra la testa, maniglie in mano a braccia distese;Tira i gomiti verso il basso-indietro portando le maniglie al petto, scapole che si abbassano;Contrai i dorsali a fine trazione, busto fermo;Ritorno lento 3 sec controllando l'eccentrica",Tirare solo di braccia senza attivare i dorsali;Spalle che salgono verso le orecchie;Busto che oscilla;Ritorno di scatto,trazioni-sbarra-gravitron-in-ginocchio
EX509,Trazioni sbarra gravitron,Machine assisted pull-up,tirata verticale,dorsali,macchina,casa;palestra,gran dorsale;bicipiti;romboidi;trapezio medio;core,principiante,principale,spalle;gomito,"spalle: assistenza controllata, range completo. la posizione in piedi richiede piu core di quella in ginocchio",EX008,"Piedi sulla pedana del gravitron, presa prona poco piu larga delle spalle, braccia distese, corpo eretto, contrappeso selezionato",Tirata verso l'alto fino a portare il mento sopra la sbarra;Contrai le scapole;Discesa controllata 3 sec fino a braccia distese;Corpo sempre allineato,Contrappeso troppo alto;Spingere con le gambe;Non completare la distensione,La posizione in piedi impegna di piu il core rispetto a quella in ginocchio: scegli in base alla stabilita,elastico,"Trazioni rese con elastico ancorato in alto tirato verso il petto, oppure trazioni assistite con elastico alla sbarra","Elastico ancorato in alto sopra la testa, maniglie in mano a braccia distese;Tira i gomiti verso il basso-indietro portando le maniglie al petto, scapole che si abbassano;Contrai i dorsali a fine trazione, busto fermo;Ritorno lento 3 sec controllando l'eccentrica",Tirare solo di braccia senza attivare i dorsali;Spalle che salgono verso le orecchie;Busto che oscilla;Ritorno di scatto,trazioni-sbarra-gravitron
EX510,Trazioni sbarra presa neutra,Neutral grip pull-up,tirata verticale,dorsali,sbarra,casa;libero;palestra,gran dorsale;bicipiti;romboidi;trapezio medio;core,intermedio,principale,spalle;gomito,spalle: la presa neutra e la piu confortevole in assoluto. prima scelta se hai fastidi articolari,EX508,"Appeso alle maniglie parallele con presa neutra, braccia distese, gambe leggermente flesse dietro, core contratto",Tirata verso l'alto fino a portare il petto vicino alle maniglie;Contrai le scapole;Discesa controllata 3 sec fino a braccia distese;Corpo senza oscillazioni,Non completare la distensione;Usare slancio;Non arrivare abbastanza in alto,La presa neutra e la piu articolarmente amichevole: prima scelta in caso di problemi alle spalle,elastico,"Trazioni rese con elastico ancorato in alto tirato verso il petto, oppure trazioni assistite con elastico alla sbarra","Elastico ancorato in alto sopra la testa, maniglie in mano a braccia distese;Tira i gomiti verso il basso-indietro portando le maniglie al petto, scapole che si abbassano;Contrai i dorsali a fine trazione, busto fermo;Ritorno lento 3 sec controllando l'eccentrica",Tirare solo di braccia senza attivare i dorsali;Spalle che salgono verso le orecchie;Busto che oscilla;Ritorno di scatto,trazioni-sbarra-presa-neutra
EX511,Trazioni sbarra presa stretta,Close grip pull-up,tirata verticale,dorsali,sbarra,casa;libero;palestra,gran dorsale;bicipiti;romboidi;trapezio medio;core,intermedio;avanzato,principale,spalle;gomito;polso,spalle: la presa stretta prona puo essere scomoda per i polsi. gomito: maggiore coinvolgimento dei bicipiti,EX508,"Appeso alla sbarra con presa prona stretta, mani vicine, braccia distese, gambe leggermente flesse dietro, core contratto",Tirata verso l'alto fino a portare il mento sopra la sbarra;Gomiti che scendono vicini al corpo;Discesa controllata 3 sec;Corpo senza oscillazioni,Non completare la distensione;Usare slancio;Aprire i gomiti lateralmente,"La presa stretta enfatizza la parte bassa del dorsale ma stressa i polsi: se senti fastidio, passa alla presa neutra",elastico,"Trazioni rese con elastico ancorato in alto tirato verso il petto, oppure trazioni assistite con elastico alla sbarra","Elastico ancorato in alto sopra la testa, maniglie in mano a braccia distese;Tira i gomiti verso il basso-indietro portando le maniglie al petto, scapole che si abbassano;Contrai i dorsali a fine trazione, busto fermo;Ritorno lento 3 sec controllando l'eccentrica",Tirare solo di braccia senza attivare i dorsali;Spalle che salgono verso le orecchie;Busto che oscilla;Ritorno di scatto,trazioni-sbarra-presa-stretta
EX512,Trazioni sbarra zavorrate,Weighted pull-up,tirata verticale,dorsali,sbarra,casa;libero;palestra,gran dorsale;bicipiti;romboidi;trapezio medio;core,avanzato,principale,spalle;gomito;lombare,"spalle: aggiungi zavorra solo quando fai almeno 10-12 trazioni pulite a corpo libero. lombare: core contratto, non inarcare",EX508,"Cintura da zavorra con disco agganciato o manubrio tra le caviglie, appeso alla sbarra con presa prona poco piu larga delle spalle, braccia distese, core contratto",Tirata verso l'alto fino a portare il mento sopra la sbarra;Contrai le scapole;Discesa controllata 3 sec fino a braccia distese;Corpo senza oscillazioni,Aggiungere zavorra troppo presto;Non completare il range;Oscillare per sfruttare l'inerzia della zavorra,"Aggiungi zavorra solo con 10-12 trazioni pulite a corpo libero. Incrementi di 2-2,5 kg alla volta",elastico,"Trazioni rese con elastico ancorato in alto tirato verso il petto, oppure trazioni assistite con elastico alla sbarra","Elastico ancorato in alto sopra la testa, maniglie in mano a braccia distese;Tira i gomiti verso il basso-indietro portando le maniglie al petto, scapole che si abbassano;Contrai i dorsali a fine trazione, busto fermo;Ritorno lento 3 sec controllando l'eccentrica",Tirare solo di braccia senza attivare i dorsali;Spalle che salgono verso le orecchie;Busto che oscilla;Ritorno di scatto,trazioni-sbarra-zavorrate
EX513,Dip macchina seduto,Seated machine dip,spinta verticale,tricipiti,macchina,palestra;casa,pettorale;tricipiti;deltoide anteriore,principiante,principale,spalle,spalle: regola la seduta per non forzare la discesa,EX514,"Seduto alla macchina, schiena aderente allo schienale, maniglie impugnate ai lati",Spingi verso il basso estendendo i gomiti fino a braccia quasi dritte;Ritorno controllato 2-3 sec senza far sbattere i pesi;Busto fermo,Slancio del busto per completare;Gomiti bloccati con forza;Range incompleto,"Regola la seduta prima di iniziare, busto fermo per tutta la serie",elastico,"Elastico ancorato in alto, maniglie in mano ai fianchi, busto eretto","In piedi, elastico ancorato in alto, maniglie ai fianchi;Spingi verso il basso estendendo i gomiti fino a braccia dritte;Ritorno controllato 2-3 sec;Busto fermo per tutta la serie",Busto che oscilla per aiutare;Gomiti che si aprono;Range ridotto;Carico eccessivo con l'elastico,dip-macchina-seduto
EX514,Dip panca piedi rialzati,Bench dip feet elevated,spinta verticale,tricipiti,panca;corpo libero,casa;palestra,pettorale;tricipiti;deltoide anteriore,intermedio,principale,spalle;polsi,spalle: non scendere oltre il punto di disagio,EX063,"Dip a corpo libero (piedi rialzati su seconda panca), mani ai lati del bacino dita avanti, piedi in appoggio","Discesa controllata flettendo i gomiti fino a circa 90°;Risalita spingendo coi tricipiti, schiena vicina all'appoggio;Espira nello sforzo",Gomiti che si aprono;Discesa eccessiva con stress spalle;Bacino lontano dall'appoggio,Spalle: se senti pinzamento ferma la discesa prima dei 90°,,,,,dip-panca-piedi-rialzati
EX515,Distensioni bilanciere presa stretta supino panca piana,Close-grip barbell bench press,spinta orizzontale,petto,bilanciere;panca,palestra;casa,pettorale interno;tricipiti;deltoide anteriore,intermedio,principale,spalle;polsi,polsi: mantieni il polso in linea con l avambraccio,EX027,"Sdraiato su panca piana, bilanciere a presa stretta (mani a larghezza spalle), gomiti vicini al busto",Discesa controllata al centro del petto tenendo i gomiti stretti;Spinta verso l'alto fino a quasi estensione;Non bloccare i gomiti con forza,Gomiti che si aprono perdendo l'enfasi sui tricipiti;Polsi che cedono;Rimbalzo sul petto,"Polso allineato all'avambraccio, gomiti stretti. Usa un pari o i fermi di sicurezza",elastico,"Elastico ancorato basso dietro la schiena, estremità in mano all'altezza del petto, gomiti stretti al busto","In piedi o supino, elastico ancorato dietro la schiena;Mani all'altezza del petto con gomiti stretti al busto;Spingi in avanti fino a quasi estensione mantenendo i gomiti vicini;Ritorno controllato 2-3 sec",Gomiti che si aprono verso l'esterno;Polsi che cedono;Spalle che compensano;Carico eccessivo,distensioni-bilanciere-presa-stretta-supino-panca-piana
EX516,Estensioni bilanciere EZ dietro nuca in piedi,Standing EZ-bar overhead tricep extension,isolamento,tricipiti,bilanciere;panca inclinata,palestra;casa,tricipiti,intermedio,principale,gomiti;spalle,gomiti: riduci il range basso se fastidio,EX524,"Supino, seduto o in piedi secondo variante (in piedi), carico impugnato sopra la testa con gomiti puntati al soffitto","Fletti i gomiti abbassando il carico dietro la testa;Estendi tornando in alto senza muovere i gomiti;Espira nello sforzo, inspira nel ritorno",Gomiti che si aprono lateralmente;Movimento delle spalle;Carico eccessivo;Iperestensione lombare,"Gomiti fermi e alti per tutta la serie. Stop se fastidio acuto a gomito o spalla, riduci il range basso",elastico,"Elastico ancorato basso dietro la schiena, estremità in mano sopra la testa, gomiti puntati al soffitto","In piedi o seduto, elastico ancorato basso dietro la schiena;Impugna le estremità sopra la testa, gomiti puntati in alto e fermi;Estendi i gomiti portando le mani in alto senza muovere le spalle;Discesa controllata 2-3 sec mantenendo i gomiti alti",Gomiti che si aprono: devono restare puntati al soffitto;Spalle che si muovono al posto dei soli avambracci;Ancoraggio troppo alto: riduce la tensione utile;Carico eccessivo: con l'elastico parti leggero,estensioni-bilanciere-ez-dietro-nuca-in-piedi
EX517,Estensioni bilanciere EZ dietro nuca seduto,Seated EZ-bar overhead tricep extension,isolamento,tricipiti,bilanciere;panca,palestra;casa,tricipiti,intermedio,principale,gomiti;spalle,gomiti: riduci il range basso se fastidio,EX525,"Supino, seduto o in piedi secondo variante (seduto), carico impugnato sopra la testa con gomiti puntati al soffitto","Fletti i gomiti abbassando il carico dietro la testa;Estendi tornando in alto senza muovere i gomiti;Espira nello sforzo, inspira nel ritorno",Gomiti che si aprono lateralmente;Movimento delle spalle;Carico eccessivo;Iperestensione lombare,"Gomiti fermi e alti per tutta la serie. Stop se fastidio acuto a gomito o spalla, riduci il range basso",elastico,"Elastico ancorato basso dietro la schiena, estremità in mano sopra la testa, gomiti puntati al soffitto","In piedi o seduto, elastico ancorato basso dietro la schiena;Impugna le estremità sopra la testa, gomiti puntati in alto e fermi;Estendi i gomiti portando le mani in alto senza muovere le spalle;Discesa controllata 2-3 sec mantenendo i gomiti alti",Gomiti che si aprono: devono restare puntati al soffitto;Spalle che si muovono al posto dei soli avambracci;Ancoraggio troppo alto: riduce la tensione utile;Carico eccessivo: con l'elastico parti leggero,estensioni-bilanciere-ez-dietro-nuca-seduto
EX518,Estensioni corda cavo alto dietro nuca busto flesso,High-pulley cable rope overhead tricep extension,isolamento,tricipiti,cavo alto;corda,palestra;casa,tricipiti,principiante;intermedio,principale,gomiti;spalle,"gomiti fermi e alti, busto inclinato stabile",EX519,"Supino, seduto o in piedi secondo variante (in piedi busto flesso), carico impugnato sopra la testa con gomiti puntati al soffitto","Fletti i gomiti abbassando il carico dietro la testa;Estendi tornando in alto senza muovere i gomiti;Espira nello sforzo, inspira nel ritorno",Gomiti che si aprono lateralmente;Movimento delle spalle;Carico eccessivo;Iperestensione lombare,"Gomiti fermi e alti per tutta la serie. Stop se fastidio acuto a gomito o spalla, riduci il range basso",elastico,"Elastico ancorato basso dietro la schiena, estremità in mano sopra la testa, gomiti puntati al soffitto","In piedi o seduto, elastico ancorato basso dietro la schiena;Impugna le estremità sopra la testa, gomiti puntati in alto e fermi;Estendi i gomiti portando le mani in alto senza muovere le spalle;Discesa controllata 2-3 sec mantenendo i gomiti alti",Gomiti che si aprono: devono restare puntati al soffitto;Spalle che si muovono al posto dei soli avambracci;Ancoraggio troppo alto: riduce la tensione utile;Carico eccessivo: con l'elastico parti leggero,estensioni-corda-cavo-alto-dietro-nuca-busto-flesso
EX519,Estensioni corda cavo basso dietro nuca,Low-pulley cable rope overhead tricep extension,isolamento,tricipiti,cavo basso;corda,palestra;casa,tricipiti,principiante;intermedio,principale,gomiti;spalle,gomiti puntati in alto e fermi,EX518,"Supino, seduto o in piedi secondo variante (in piedi), carico impugnato sopra la testa con gomiti puntati al soffitto","Fletti i gomiti abbassando il carico dietro la testa;Estendi tornando in alto senza muovere i gomiti;Espira nello sforzo, inspira nel ritorno",Gomiti che si aprono lateralmente;Movimento delle spalle;Carico eccessivo;Iperestensione lombare,"Gomiti fermi e alti per tutta la serie. Stop se fastidio acuto a gomito o spalla, riduci il range basso",elastico,"Elastico ancorato basso dietro la schiena, estremità in mano sopra la testa, gomiti puntati al soffitto","In piedi o seduto, elastico ancorato basso dietro la schiena;Impugna le estremità sopra la testa, gomiti puntati in alto e fermi;Estendi i gomiti portando le mani in alto senza muovere le spalle;Discesa controllata 2-3 sec mantenendo i gomiti alti",Gomiti che si aprono: devono restare puntati al soffitto;Spalle che si muovono al posto dei soli avambracci;Ancoraggio troppo alto: riduce la tensione utile;Carico eccessivo: con l'elastico parti leggero,estensioni-corda-cavo-basso-dietro-nuca
EX520,Estensioni macchina seduto,Seated machine tricep extension,isolamento,tricipiti,macchina,palestra;casa,tricipiti,principiante,principale,gomiti,regola la seduta per allineare i gomiti al perno,EX521,"Supino, seduto o in piedi secondo variante (seduto), carico impugnato sopra la testa con gomiti puntati al soffitto","Fletti i gomiti abbassando il carico dietro la testa;Estendi tornando in alto senza muovere i gomiti;Espira nello sforzo, inspira nel ritorno",Gomiti che si aprono lateralmente;Movimento delle spalle;Carico eccessivo;Iperestensione lombare,"Gomiti fermi e alti per tutta la serie. Stop se fastidio acuto a gomito o spalla, riduci il range basso",elastico,"Elastico ancorato basso dietro la schiena, estremità in mano sopra la testa, gomiti puntati al soffitto","In piedi o seduto, elastico ancorato basso dietro la schiena;Impugna le estremità sopra la testa, gomiti puntati in alto e fermi;Estendi i gomiti portando le mani in alto senza muovere le spalle;Discesa controllata 2-3 sec mantenendo i gomiti alti",Gomiti che si aprono: devono restare puntati al soffitto;Spalle che si muovono al posto dei soli avambracci;Ancoraggio troppo alto: riduce la tensione utile;Carico eccessivo: con l'elastico parti leggero,estensioni-macchina-seduto
EX521,Estensioni macchina panca Scott,Machine preacher bench tricep extension,isolamento,tricipiti,macchina;panca Scott,palestra;casa,tricipiti,principiante,principale,gomiti,appoggia bene le braccia sul cuscino Scott,EX520,"Supino, seduto o in piedi secondo variante (seduto panca Scott), carico impugnato sopra la testa con gomiti puntati al soffitto","Fletti i gomiti abbassando il carico dietro la testa;Estendi tornando in alto senza muovere i gomiti;Espira nello sforzo, inspira nel ritorno",Gomiti che si aprono lateralmente;Movimento delle spalle;Carico eccessivo;Iperestensione lombare,"Gomiti fermi e alti per tutta la serie. Stop se fastidio acuto a gomito o spalla, riduci il range basso",elastico,"Elastico ancorato basso dietro la schiena, estremità in mano sopra la testa, gomiti puntati al soffitto","In piedi o seduto, elastico ancorato basso dietro la schiena;Impugna le estremità sopra la testa, gomiti puntati in alto e fermi;Estendi i gomiti portando le mani in alto senza muovere le spalle;Discesa controllata 2-3 sec mantenendo i gomiti alti",Gomiti che si aprono: devono restare puntati al soffitto;Spalle che si muovono al posto dei soli avambracci;Ancoraggio troppo alto: riduce la tensione utile;Carico eccessivo: con l'elastico parti leggero,estensioni-macchina-panca-scott
EX522,Estensioni maniglia cavo alto un braccio traverso,High-pulley cable single-arm cross-body tricep extension,isolamento,tricipiti,cavo alto;maniglie,palestra;casa,tricipiti,principiante;intermedio,finisher,gomiti;spalle,"un braccio per volta, gomito alto e fermo",EX523,"Supino, seduto o in piedi secondo variante (in piedi un braccio traverso), carico impugnato sopra la testa con gomiti puntati al soffitto","Fletti i gomiti abbassando il carico dietro la testa;Estendi tornando in alto senza muovere i gomiti;Espira nello sforzo, inspira nel ritorno",Gomiti che si aprono lateralmente;Movimento delle spalle;Carico eccessivo;Iperestensione lombare,"Gomiti fermi e alti per tutta la serie. Stop se fastidio acuto a gomito o spalla, riduci il range basso",elastico,"Elastico ancorato basso dietro la schiena, estremità in mano sopra la testa, gomiti puntati al soffitto","In piedi o seduto, elastico ancorato basso dietro la schiena;Impugna le estremità sopra la testa, gomiti puntati in alto e fermi;Estendi i gomiti portando le mani in alto senza muovere le spalle;Discesa controllata 2-3 sec mantenendo i gomiti alti",Gomiti che si aprono: devono restare puntati al soffitto;Spalle che si muovono al posto dei soli avambracci;Ancoraggio troppo alto: riduce la tensione utile;Carico eccessivo: con l'elastico parti leggero,estensioni-maniglia-cavo-alto-un-braccio-traverso
EX523,Estensioni maniglia cavo basso un braccio dietro nuca,Cable single-arm overhead tricep extension,isolamento,tricipiti,cavo basso;maniglie,palestra;casa,tricipiti,principiante;intermedio,finisher,gomiti;spalle,"un braccio per volta, gomito puntato in alto",EX522,"Supino, seduto o in piedi secondo variante (in piedi un braccio), carico impugnato sopra la testa con gomiti puntati al soffitto","Fletti i gomiti abbassando il carico dietro la testa;Estendi tornando in alto senza muovere i gomiti;Espira nello sforzo, inspira nel ritorno",Gomiti che si aprono lateralmente;Movimento delle spalle;Carico eccessivo;Iperestensione lombare,"Gomiti fermi e alti per tutta la serie. Stop se fastidio acuto a gomito o spalla, riduci il range basso",elastico,"Elastico ancorato basso dietro la schiena, estremità in mano sopra la testa, gomiti puntati al soffitto","In piedi o seduto, elastico ancorato basso dietro la schiena;Impugna le estremità sopra la testa, gomiti puntati in alto e fermi;Estendi i gomiti portando le mani in alto senza muovere le spalle;Discesa controllata 2-3 sec mantenendo i gomiti alti",Gomiti che si aprono: devono restare puntati al soffitto;Spalle che si muovono al posto dei soli avambracci;Ancoraggio troppo alto: riduce la tensione utile;Carico eccessivo: con l'elastico parti leggero,estensioni-maniglia-cavo-basso-un-braccio-dietro-nuca
EX524,Estensioni manubrio dietro nuca in piedi,Standing dumbbell overhead tricep extension,isolamento,tricipiti,manubri,palestra;casa,tricipiti,principiante;intermedio,principale,gomiti;spalle,gomiti stretti e puntati in alto,EX516,"Supino, seduto o in piedi secondo variante (in piedi), carico impugnato sopra la testa con gomiti puntati al soffitto","Fletti i gomiti abbassando il carico dietro la testa;Estendi tornando in alto senza muovere i gomiti;Espira nello sforzo, inspira nel ritorno",Gomiti che si aprono lateralmente;Movimento delle spalle;Carico eccessivo;Iperestensione lombare,"Gomiti fermi e alti per tutta la serie. Stop se fastidio acuto a gomito o spalla, riduci il range basso",elastico,"Elastico calpestato a metà, entrambi i capi portati dietro la nuca a mani unite, gomiti puntati in alto","In piedi sull'elastico, mani unite dietro la nuca e gomiti alti e fermi;Estendi le braccia verso l'alto fino a completa distensione;Contrai i tricipiti in alto;Ritorno lento 3 sec senza far collassare l'elastico",Gomiti che si aprono a ventaglio;Schiena che si inarca;Elastico troppo lasco a inizio movimento: si perde tensione nella parte bassa;Spalle che salgono verso le orecchie,estensioni-manubrio-dietro-nuca-in-piedi
EX525,Estensioni manubrio dietro nuca seduto,Seated dumbbell overhead tricep extension,isolamento,tricipiti,manubri;panca,palestra;casa,tricipiti,principiante;intermedio,principale,gomiti;spalle,"schienale a supporto lombare, gomiti fermi",EX517,"Supino, seduto o in piedi secondo variante (seduto), carico impugnato sopra la testa con gomiti puntati al soffitto","Fletti i gomiti abbassando il carico dietro la testa;Estendi tornando in alto senza muovere i gomiti;Espira nello sforzo, inspira nel ritorno",Gomiti che si aprono lateralmente;Movimento delle spalle;Carico eccessivo;Iperestensione lombare,"Gomiti fermi e alti per tutta la serie. Stop se fastidio acuto a gomito o spalla, riduci il range basso",,,,,estensioni-manubrio-dietro-nuca-seduto
EX526,Estensioni manubrio un braccio dietro nuca seduto,Seated single-arm dumbbell overhead tricep extension,isolamento,tricipiti,manubri;panca,palestra;casa,tricipiti,principiante,finisher,spalle;gomiti,"un braccio per volta, schienale a supporto",EX093,"Supino, seduto o in piedi secondo variante (seduto un braccio), carico impugnato sopra la testa con gomiti puntati al soffitto","Fletti i gomiti abbassando il carico dietro la testa;Estendi tornando in alto senza muovere i gomiti;Espira nello sforzo, inspira nel ritorno",Gomiti che si aprono lateralmente;Movimento delle spalle;Carico eccessivo;Iperestensione lombare,"Gomiti fermi e alti per tutta la serie. Stop se fastidio acuto a gomito o spalla, riduci il range basso",,,,,estensioni-manubrio-un-braccio-dietro-nuca-seduto
EX527,French press sbarra cavo supino panca inclinata,Incline cable straight-bar lying tricep extension,isolamento,tricipiti,cavo;panca inclinata,palestra;casa,tricipiti,intermedio,principale,gomiti;spalle,"gomiti fermi, panca inclinata stabile",EX538,"Supino su panca inclinata, carico sopra il petto a braccia tese, gomiti puntati in alto e fermi",Fletti i gomiti abbassando il carico verso fronte o dietro la testa;Estendi tornando in alto senza spostare i gomiti;Eccentrica controllata 2-3 sec,Gomiti che si aprono;Spalle che si muovono;Rimbalzo a fine corsa;Carico eccessivo,Gomiti immobili e puntati al soffitto. Riduci il range basso se fastidio al gomito,elastico,"Supino su panca o a terra, elastico ancorato basso dietro la testa, estremità in mano sopra il petto, gomiti in alto","Supino, elastico ancorato basso dietro la testa;Mani sopra il petto con gomiti puntati al soffitto e fermi;Fletti i gomiti portando le mani verso la fronte;Estendi tornando in alto senza muovere i gomiti",Gomiti che si aprono lateralmente;Spalle che compensano;Ancoraggio errato che cambia l'angolo;Carico eccessivo con l'elastico,french-press-sbarra-cavo-supino-panca-inclinata
EX529,French press bilanciere EZ supino panca inclinata,Incline EZ-bar tricep extension,isolamento,tricipiti,bilanciere;panca inclinata,palestra;casa,tricipiti,intermedio,principale,gomiti;spalle,"gomiti fermi, usa fermi di sicurezza",EX534,"Supino su panca inclinata, carico sopra il petto a braccia tese, gomiti puntati in alto e fermi",Fletti i gomiti abbassando il carico verso fronte o dietro la testa;Estendi tornando in alto senza spostare i gomiti;Eccentrica controllata 2-3 sec,Gomiti che si aprono;Spalle che si muovono;Rimbalzo a fine corsa;Carico eccessivo,Gomiti immobili e puntati al soffitto. Riduci il range basso se fastidio al gomito,elastico,"Supino su panca o a terra, elastico ancorato basso dietro la testa, estremità in mano sopra il petto, gomiti in alto","Supino, elastico ancorato basso dietro la testa;Mani sopra il petto con gomiti puntati al soffitto e fermi;Fletti i gomiti portando le mani verso la fronte;Estendi tornando in alto senza muovere i gomiti",Gomiti che si aprono lateralmente;Spalle che compensano;Ancoraggio errato che cambia l'angolo;Carico eccessivo con l'elastico,french-press-bilanciere-ez-supino-panca-inclinata
EX530,French press bilanciere presa inversa supino panca piana,Reverse-grip barbell lying tricep extension,isolamento,tricipiti,bilanciere;panca,palestra;casa,tricipiti,intermedio,finisher,gomiti;polsi,"presa inversa: polsi allineati, carico moderato",EX027,"Supino presa inversa su panca piana, carico sopra il petto a braccia tese, gomiti puntati in alto e fermi",Fletti i gomiti abbassando il carico verso fronte o dietro la testa;Estendi tornando in alto senza spostare i gomiti;Eccentrica controllata 2-3 sec,Gomiti che si aprono;Spalle che si muovono;Rimbalzo a fine corsa;Carico eccessivo,Gomiti immobili e puntati al soffitto. Riduci il range basso se fastidio al gomito,elastico,"Supino su panca o a terra, elastico ancorato basso dietro la testa, estremità in mano sopra il petto, gomiti in alto","Supino, elastico ancorato basso dietro la testa;Mani sopra il petto con gomiti puntati al soffitto e fermi;Fletti i gomiti portando le mani verso la fronte;Estendi tornando in alto senza muovere i gomiti",Gomiti che si aprono lateralmente;Spalle che compensano;Ancoraggio errato che cambia l'angolo;Carico eccessivo con l'elastico,french-press-bilanciere-presa-inversa-supino-panca-piana
EX531,French press manubri dietro nuca supino panca piana,Dumbbell lying overhead tricep extension,isolamento,tricipiti,manubri;panca,palestra;casa,tricipiti,intermedio,principale,gomiti;spalle,"abbassa i manubri dietro la testa, gomiti fermi",EX532,"Supino manubri dietro nuca panca piana, carico sopra il petto a braccia tese, gomiti puntati in alto e fermi",Fletti i gomiti abbassando il carico verso fronte o dietro la testa;Estendi tornando in alto senza spostare i gomiti;Eccentrica controllata 2-3 sec,Gomiti che si aprono;Spalle che si muovono;Rimbalzo a fine corsa;Carico eccessivo,Gomiti immobili e puntati al soffitto. Riduci il range basso se fastidio al gomito,,,,,french-press-manubri-dietro-nuca-supino-panca-piana
EX532,French press manubri presa neutra supino panca piana,Dumbbell neutral-grip lying tricep extension,isolamento,tricipiti,manubri;panca,palestra;casa,tricipiti,intermedio,principale,gomiti;spalle,"presa neutra, gomiti stretti e fermi",EX531,"Supino manubri presa neutra panca piana, carico sopra il petto a braccia tese, gomiti puntati in alto e fermi",Fletti i gomiti abbassando il carico verso fronte o dietro la testa;Estendi tornando in alto senza spostare i gomiti;Eccentrica controllata 2-3 sec,Gomiti che si aprono;Spalle che si muovono;Rimbalzo a fine corsa;Carico eccessivo,Gomiti immobili e puntati al soffitto. Riduci il range basso se fastidio al gomito,,,,,french-press-manubri-presa-neutra-supino-panca-piana
EX533,French press manubri supino a terra,Dumbbell floor lying tricep extension,isolamento,tricipiti,manubri,palestra;casa,tricipiti,principiante;intermedio,principale,gomiti,a terra il range e limitato dal pavimento: utile per proteggere la spalla,EX532,"Supino supino a terra, carico sopra il petto a braccia tese, gomiti puntati in alto e fermi",Fletti i gomiti abbassando il carico verso fronte o dietro la testa;Estendi tornando in alto senza spostare i gomiti;Eccentrica controllata 2-3 sec,Gomiti che si aprono;Spalle che si muovono;Rimbalzo a fine corsa;Carico eccessivo,Gomiti immobili e puntati al soffitto. Riduci il range basso se fastidio al gomito,elastico,"Elastico ancorato in basso dietro la testa, supino a terra, un capo per mano a braccia verticali","Supino a terra con l'elastico ancorato dietro la testa, braccia verso l'alto;Piega i gomiti portando le mani verso la fronte, braccia ferme in verticale;Estendi tornando in alto contraendo i tricipiti;Ritorno lento 3 sec senza far collassare l'elastico",Gomiti che si aprono verso l'esterno;Braccia che si spostano indietro invece di restare verticali;Elastico troppo lasco a inizio movimento: si perde tensione nella parte bassa;Ritorno di scatto,french-press-manubri-supino-a-terra
EX534,French press manubri supino panca inclinata,Incline dumbbell tricep extension,isolamento,tricipiti,manubri;panca inclinata,palestra;casa,tricipiti,intermedio,principale,gomiti;spalle,"panca inclinata, gomiti fermi e alti",EX531,"Supino su panca inclinata, carico sopra il petto a braccia tese, gomiti puntati in alto e fermi",Fletti i gomiti abbassando il carico verso fronte o dietro la testa;Estendi tornando in alto senza spostare i gomiti;Eccentrica controllata 2-3 sec,Gomiti che si aprono;Spalle che si muovono;Rimbalzo a fine corsa;Carico eccessivo,Gomiti immobili e puntati al soffitto. Riduci il range basso se fastidio al gomito,,,,,french-press-manubri-supino-panca-inclinata
EX535,French press manubrio supino di traverso panca piana,Cross-bench dumbbell tricep extension,isolamento,tricipiti,manubri;panca,palestra;casa,tricipiti,intermedio,finisher,gomiti;spalle,"busto di traverso sulla panca, bacino basso",EX531,"Supino di traverso su panca, carico sopra il petto a braccia tese, gomiti puntati in alto e fermi",Fletti i gomiti abbassando il carico verso fronte o dietro la testa;Estendi tornando in alto senza spostare i gomiti;Eccentrica controllata 2-3 sec,Gomiti che si aprono;Spalle che si muovono;Rimbalzo a fine corsa;Carico eccessivo,Gomiti immobili e puntati al soffitto. Riduci il range basso se fastidio al gomito,,,,,french-press-manubrio-supino-di-traverso-panca-piana
EX536,French press manubrio un braccio supino panca piana,Lying single-arm dumbbell tricep extension,isolamento,tricipiti,manubri;panca,palestra;casa,tricipiti,principiante;intermedio,finisher,gomiti;spalle,"un braccio per volta, gomito fermo",EX532,"Supino un braccio su panca piana, carico sopra il petto a braccia tese, gomiti puntati in alto e fermi",Fletti i gomiti abbassando il carico verso fronte o dietro la testa;Estendi tornando in alto senza spostare i gomiti;Eccentrica controllata 2-3 sec,Gomiti che si aprono;Spalle che si muovono;Rimbalzo a fine corsa;Carico eccessivo,Gomiti immobili e puntati al soffitto. Riduci il range basso se fastidio al gomito,,,,,french-press-manubrio-un-braccio-supino-panca-piana
EX537,French press manubrio un braccio traverso supino panca piana,Single-arm dumbbell Tate press,isolamento,tricipiti,manubri;panca,palestra;casa,tricipiti,intermedio,finisher,gomiti;spalle,"gomito largo, manubrio che scende diagonale verso il petto opposto",EX536,"Supino un braccio traverso Tate su panca piana, carico sopra il petto a braccia tese, gomiti puntati in alto e fermi",Fletti i gomiti abbassando il carico verso fronte o dietro la testa;Estendi tornando in alto senza spostare i gomiti;Eccentrica controllata 2-3 sec,Gomiti che si aprono;Spalle che si muovono;Rimbalzo a fine corsa;Carico eccessivo,Gomiti immobili e puntati al soffitto. Riduci il range basso se fastidio al gomito,,,,,french-press-manubrio-un-braccio-traverso-supino-panca-piana
EX538,French press sbarra cavo supino panca piana,Cable straight-bar lying tricep extension,isolamento,tricipiti,cavo;panca,palestra;casa,tricipiti,intermedio,principale,gomiti;spalle,"sbarra dritta al cavo, gomiti fermi",EX527,"Supino sbarra su panca piana, carico sopra il petto a braccia tese, gomiti puntati in alto e fermi",Fletti i gomiti abbassando il carico verso fronte o dietro la testa;Estendi tornando in alto senza spostare i gomiti;Eccentrica controllata 2-3 sec,Gomiti che si aprono;Spalle che si muovono;Rimbalzo a fine corsa;Carico eccessivo,Gomiti immobili e puntati al soffitto. Riduci il range basso se fastidio al gomito,elastico,"Supino su panca o a terra, elastico ancorato basso dietro la testa, estremità in mano sopra il petto, gomiti in alto","Supino, elastico ancorato basso dietro la testa;Mani sopra il petto con gomiti puntati al soffitto e fermi;Fletti i gomiti portando le mani verso la fronte;Estendi tornando in alto senza muovere i gomiti",Gomiti che si aprono lateralmente;Spalle che compensano;Ancoraggio errato che cambia l'angolo;Carico eccessivo con l'elastico,french-press-sbarra-cavo-supino-panca-piana
EX539,Kickback maniglia cavo presa inversa un braccio busto flesso,Cable reverse-grip single-arm tricep kickback,isolamento,tricipiti,cavo;maniglie,palestra;casa,tricipiti,principiante;intermedio,finisher,gomiti;lombare,"presa inversa, gomito alto e fermo, schiena neutra",EX540,"Busto inclinato in avanti (presa inversa un braccio busto flesso), gomito alto e fermo contro il busto, avambraccio flesso a 90°","Estendi l'avambraccio indietro fino a braccio dritto, gomito fisso;Eccentrica controllata 2-3 sec;Espira nello sforzo",Gomito che si abbassa;Movimento del braccio invece del solo avambraccio;Slancio;Schiena che si raddrizza,Il gomito non deve muoversi: lavora solo l'avambraccio. Schiena neutra,elastico,"Busto inclinato in avanti, elastico ancorato basso davanti, maniglia in mano, gomito alto e fermo contro il busto","In piedi con busto inclinato in avanti, elastico ancorato basso davanti;Gomito alto e fermo contro il busto, avambraccio parallelo al suolo;Estendi l'avambraccio indietro fino a braccio dritto, gomito immobile;Eccentrica controllata 2-3 sec",Gomito che si abbassa durante l'estensione;Movimento dell'intero braccio;Ancoraggio troppo alto;Busto che si raddrizza per compensare,kickback-maniglia-cavo-presa-inversa-un-braccio-busto-flesso
EX540,Kickback maniglia cavo un braccio busto flesso,Cable single-arm tricep kickback,isolamento,tricipiti,cavo;maniglie,palestra;casa,tricipiti,principiante;intermedio,finisher,gomiti;lombare,gomito alto e fermo contro il busto,EX539,"Busto inclinato in avanti (un braccio busto flesso), gomito alto e fermo contro il busto, avambraccio flesso a 90°","Estendi l'avambraccio indietro fino a braccio dritto, gomito fisso;Eccentrica controllata 2-3 sec;Espira nello sforzo",Gomito che si abbassa;Movimento del braccio invece del solo avambraccio;Slancio;Schiena che si raddrizza,Il gomito non deve muoversi: lavora solo l'avambraccio. Schiena neutra,elastico,"Busto inclinato in avanti, elastico ancorato basso davanti, maniglia in mano, gomito alto e fermo contro il busto","In piedi con busto inclinato in avanti, elastico ancorato basso davanti;Gomito alto e fermo contro il busto, avambraccio parallelo al suolo;Estendi l'avambraccio indietro fino a braccio dritto, gomito immobile;Eccentrica controllata 2-3 sec",Gomito che si abbassa durante l'estensione;Movimento dell'intero braccio;Ancoraggio troppo alto;Busto che si raddrizza per compensare,kickback-maniglia-cavo-un-braccio-busto-flesso
EX541,Kickback maniglie cavo busto flesso,Cable tricep kickback,isolamento,tricipiti,cavi,palestra;casa,tricipiti,principiante;intermedio,finisher,gomiti;lombare,"due maniglie, gomiti alti e fermi, schiena neutra",EX540,"Busto inclinato in avanti (busto flesso), gomito alto e fermo contro il busto, avambraccio flesso a 90°","Estendi l'avambraccio indietro fino a braccio dritto, gomito fisso;Eccentrica controllata 2-3 sec;Espira nello sforzo",Gomito che si abbassa;Movimento del braccio invece del solo avambraccio;Slancio;Schiena che si raddrizza,Il gomito non deve muoversi: lavora solo l'avambraccio. Schiena neutra,elastico,"Busto inclinato in avanti, elastico ancorato basso davanti, maniglia in mano, gomito alto e fermo contro il busto","In piedi con busto inclinato in avanti, elastico ancorato basso davanti;Gomito alto e fermo contro il busto, avambraccio parallelo al suolo;Estendi l'avambraccio indietro fino a braccio dritto, gomito immobile;Eccentrica controllata 2-3 sec",Gomito che si abbassa durante l'estensione;Movimento dell'intero braccio;Ancoraggio troppo alto;Busto che si raddrizza per compensare,kickback-maniglie-cavo-busto-flesso
EX542,Kickback manubrio un braccio busto flesso,Dumbbell single-arm tricep kickback,isolamento,tricipiti,manubri,palestra;casa,tricipiti,principiante;intermedio,finisher,gomiti;lombare,"un braccio, gomito alto e fermo, schiena neutra",EX062,"Busto inclinato in avanti (un braccio busto flesso), gomito alto e fermo contro il busto, avambraccio flesso a 90°","Estendi l'avambraccio indietro fino a braccio dritto, gomito fisso;Eccentrica controllata 2-3 sec;Espira nello sforzo",Gomito che si abbassa;Movimento del braccio invece del solo avambraccio;Slancio;Schiena che si raddrizza,Il gomito non deve muoversi: lavora solo l'avambraccio. Schiena neutra,elastico,"Elastico ancorato in alto davanti a te, un capo in mano, busto flesso e gomito alto fermo al fianco","Busto flesso in avanti, un braccio a sostegno, gomito alto e immobile al fianco;Estendi l'avambraccio indietro fino a braccio disteso;Contrai il tricipite a fine corsa;Ritorno lento 3 sec senza far collassare l'elastico",Gomito che scende durante l'estensione;Ruotare il busto per aiutare;Elastico troppo lasco a inizio movimento: si perde tensione nella parte bassa;Estensione incompleta,kickback-manubrio-un-braccio-busto-flesso
EX543,Kickback manubrio un braccio busto flesso appoggio panca,Dumbbell single-arm kickback on bench,isolamento,tricipiti,manubri;panca,palestra;casa,tricipiti,principiante;intermedio,finisher,gomiti;lombare,ginocchio e mano sulla panca per scaricare la colonna,EX542,"Busto inclinato in avanti (un braccio appoggio panca), gomito alto e fermo contro il busto, avambraccio flesso a 90°","Estendi l'avambraccio indietro fino a braccio dritto, gomito fisso;Eccentrica controllata 2-3 sec;Espira nello sforzo",Gomito che si abbassa;Movimento del braccio invece del solo avambraccio;Slancio;Schiena che si raddrizza,Il gomito non deve muoversi: lavora solo l'avambraccio. Schiena neutra,,,,,kickback-manubrio-un-braccio-busto-flesso-appoggio-panca
EX544,Kickback manubrio un braccio busto flesso seduto,Seated single-arm dumbbell tricep kickback,isolamento,tricipiti,manubri;panca,palestra;casa,tricipiti,principiante;intermedio,finisher,gomiti;lombare,"seduto busto flesso sulle cosce, gomito alto e fermo",EX542,"Busto inclinato in avanti (un braccio seduto busto flesso), gomito alto e fermo contro il busto, avambraccio flesso a 90°","Estendi l'avambraccio indietro fino a braccio dritto, gomito fisso;Eccentrica controllata 2-3 sec;Espira nello sforzo",Gomito che si abbassa;Movimento del braccio invece del solo avambraccio;Slancio;Schiena che si raddrizza,Il gomito non deve muoversi: lavora solo l'avambraccio. Schiena neutra,,,,,kickback-manubrio-un-braccio-busto-flesso-seduto
EX545,Piegamenti diamante,Diamond push-up,spinta orizzontale,tricipiti,corpo libero,casa;palestra,tricipiti;pettorale;deltoide anteriore,intermedio,principale,polsi;spalle,polsi: riduci ROM o usa maniglie push-up se fastidio,EX548,"In appoggio a corpo libero, mani ravvicinate (mani a diamante sotto lo sterno), corpo in linea",Discesa controllata flettendo i gomiti vicini al busto;Risalita spingendo coi tricipiti;Corpo in linea per tutta la ripetizione,Gomiti che si aprono lateralmente;Bacino che cede o si alza;Range incompleto;Polsi in iperestensione,Mantieni il corpo in linea e i gomiti vicini al busto. Riduci il ROM se fastidio ai polsi,,,,,piegamenti-diamante
EX546,Piegamenti diamante ginocchia a terra,Kneeling diamond push-up,spinta orizzontale,tricipiti,corpo libero,casa;palestra,tricipiti;pettorale;deltoide anteriore,principiante,principale,polsi;spalle,ginocchia a terra per ridurre il carico,EX545,"In appoggio a corpo libero, mani ravvicinate (mani a diamante ginocchia a terra), corpo in linea",Discesa controllata flettendo i gomiti vicini al busto;Risalita spingendo coi tricipiti;Corpo in linea per tutta la ripetizione,Gomiti che si aprono lateralmente;Bacino che cede o si alza;Range incompleto;Polsi in iperestensione,Mantieni il corpo in linea e i gomiti vicini al busto. Riduci il ROM se fastidio ai polsi,,,,,piegamenti-diamante-ginocchia-a-terra
EX547,Piegamenti muro,Wall push-up,spinta orizzontale,tricipiti,corpo libero,casa;palestra,tricipiti;pettorale;deltoide anteriore,principiante,riscaldamento,polsi;spalle,"in piedi contro il muro, carico ridotto",EX546,"In appoggio a corpo libero, mani ravvicinate (mani a larghezza spalle contro il muro), corpo in linea",Discesa controllata flettendo i gomiti vicini al busto;Risalita spingendo coi tricipiti;Corpo in linea per tutta la ripetizione,Gomiti che si aprono lateralmente;Bacino che cede o si alza;Range incompleto;Polsi in iperestensione,Mantieni il corpo in linea e i gomiti vicini al busto. Riduci il ROM se fastidio ai polsi,,,,,piegamenti-muro
EX548,Piegamenti sfinge,Sphinx push-up,isolamento,tricipiti,corpo libero,casa;palestra,tricipiti,principiante;intermedio,finisher,gomiti;spalle,"dai gomiti alle mani estendendo i tricipiti, corpo in linea",EX545,"In appoggio a corpo libero, mani ravvicinate (partenza sugli avambracci fino alle mani), corpo in linea",Discesa controllata flettendo i gomiti vicini al busto;Risalita spingendo coi tricipiti;Corpo in linea per tutta la ripetizione,Gomiti che si aprono lateralmente;Bacino che cede o si alza;Range incompleto;Polsi in iperestensione,Mantieni il corpo in linea e i gomiti vicini al busto. Riduci il ROM se fastidio ai polsi,,,,,piegamenti-sfinge
EX549,Pushdown barra sagomata cavo,Cable angled-bar pushdown,isolamento,tricipiti,cavo;bilanciere,palestra;casa,tricipiti,principiante,principale,gomiti,"barra sagomata, gomiti fermi ai fianchi",EX026,"In piedi (in piedi barra sagomata) davanti al cavo, gomiti fermi ai fianchi, presa sull'attrezzo","Estendi gli avambracci verso il basso, gomiti immobili ai fianchi;Ritorno controllato 2-3 sec;Espira nello sforzo, inspira nel ritorno",Gomiti che si allontanano dal busto;Uso delle spalle;Slancio del tronco;Range incompleto,Gomiti fermi ai fianchi per tutta la serie: se si spostano stai usando troppo carico,elastico,"Elastico ancorato in alto, maniglie o estremità in mano, gomiti ai fianchi","In piedi, elastico ancorato in alto, gomiti fermi ai fianchi;Estendi gli avambracci verso il basso mantenendo i gomiti immobili;Ritorno controllato 2-3 sec;Espira nello sforzo, inspira nel ritorno",Gomiti che si allontanano dal busto;Uso delle spalle;Slancio del tronco;Carico eccessivo con l'elastico,pushdown-barra-sagomata-cavo
EX550,Pushdown barra sagomata cavo presa inversa,Cable reverse-grip angled-bar pushdown,isolamento,tricipiti,cavo;bilanciere,palestra;casa,tricipiti,principiante;intermedio,finisher,gomiti;polsi,"presa inversa: polsi allineati, carico moderato",EX549,"In piedi (in piedi presa inversa) davanti al cavo, gomiti fermi ai fianchi, presa sull'attrezzo","Estendi gli avambracci verso il basso, gomiti immobili ai fianchi;Ritorno controllato 2-3 sec;Espira nello sforzo, inspira nel ritorno",Gomiti che si allontanano dal busto;Uso delle spalle;Slancio del tronco;Range incompleto,Gomiti fermi ai fianchi per tutta la serie: se si spostano stai usando troppo carico,elastico,"Elastico ancorato in alto, maniglie o estremità in mano, gomiti ai fianchi","In piedi, elastico ancorato in alto, gomiti fermi ai fianchi;Estendi gli avambracci verso il basso mantenendo i gomiti immobili;Ritorno controllato 2-3 sec;Espira nello sforzo, inspira nel ritorno",Gomiti che si allontanano dal busto;Uso delle spalle;Slancio del tronco;Carico eccessivo con l'elastico,pushdown-barra-sagomata-cavo-presa-inversa
EX551,Pushdown elastico,Band pushdown,isolamento,tricipiti,elastico,casa;palestra,tricipiti,principiante,principale,gomiti,"elastico ancorato in alto, gomiti fermi ai fianchi",EX026,"In piedi (in piedi elastico) davanti al cavo, gomiti fermi ai fianchi, presa sull'attrezzo","Estendi gli avambracci verso il basso, gomiti immobili ai fianchi;Ritorno controllato 2-3 sec;Espira nello sforzo, inspira nel ritorno",Gomiti che si allontanano dal busto;Uso delle spalle;Slancio del tronco;Range incompleto,Gomiti fermi ai fianchi per tutta la serie: se si spostano stai usando troppo carico,,,,,pushdown-elastico
EX552,Pushdown maniglia cavo presa inversa un braccio,Cable reverse-grip single-arm pushdown,isolamento,tricipiti,cavo;maniglie,palestra;casa,tricipiti,principiante;intermedio,finisher,gomiti;polsi,"un braccio presa inversa, gomito fermo al fianco",EX553,"In piedi (in piedi un braccio presa inversa) davanti al cavo, gomiti fermi ai fianchi, presa sull'attrezzo","Estendi gli avambracci verso il basso, gomiti immobili ai fianchi;Ritorno controllato 2-3 sec;Espira nello sforzo, inspira nel ritorno",Gomiti che si allontanano dal busto;Uso delle spalle;Slancio del tronco;Range incompleto,Gomiti fermi ai fianchi per tutta la serie: se si spostano stai usando troppo carico,elastico,"Elastico ancorato in alto, maniglie o estremità in mano, gomiti ai fianchi","In piedi, elastico ancorato in alto, gomiti fermi ai fianchi;Estendi gli avambracci verso il basso mantenendo i gomiti immobili;Ritorno controllato 2-3 sec;Espira nello sforzo, inspira nel ritorno",Gomiti che si allontanano dal busto;Uso delle spalle;Slancio del tronco;Carico eccessivo con l'elastico,pushdown-maniglia-cavo-presa-inversa-un-braccio
EX553,Pushdown maniglia cavo un braccio in ginocchio,Cable kneeling single-arm pushdown,isolamento,tricipiti,cavo;maniglie,palestra;casa,tricipiti,principiante;intermedio,finisher,gomiti,"in ginocchio un braccio, gomito fermo, busto stabile",EX554,"In piedi (in ginocchio un braccio) davanti al cavo, gomiti fermi ai fianchi, presa sull'attrezzo","Estendi gli avambracci verso il basso, gomiti immobili ai fianchi;Ritorno controllato 2-3 sec;Espira nello sforzo, inspira nel ritorno",Gomiti che si allontanano dal busto;Uso delle spalle;Slancio del tronco;Range incompleto,Gomiti fermi ai fianchi per tutta la serie: se si spostano stai usando troppo carico,elastico,"Elastico ancorato in alto, maniglie o estremità in mano, gomiti ai fianchi","In piedi, elastico ancorato in alto, gomiti fermi ai fianchi;Estendi gli avambracci verso il basso mantenendo i gomiti immobili;Ritorno controllato 2-3 sec;Espira nello sforzo, inspira nel ritorno",Gomiti che si allontanano dal busto;Uso delle spalle;Slancio del tronco;Carico eccessivo con l'elastico,pushdown-maniglia-cavo-un-braccio-in-ginocchio
EX554,Pushdown maniglia cavo un braccio,Cable single-arm pushdown,isolamento,tricipiti,cavo;maniglie,palestra;casa,tricipiti,principiante;intermedio,finisher,gomiti,"un braccio, gomito fermo al fianco",EX552,"In piedi (in piedi un braccio) davanti al cavo, gomiti fermi ai fianchi, presa sull'attrezzo","Estendi gli avambracci verso il basso, gomiti immobili ai fianchi;Ritorno controllato 2-3 sec;Espira nello sforzo, inspira nel ritorno",Gomiti che si allontanano dal busto;Uso delle spalle;Slancio del tronco;Range incompleto,Gomiti fermi ai fianchi per tutta la serie: se si spostano stai usando troppo carico,elastico,"Elastico ancorato in alto, maniglie o estremità in mano, gomiti ai fianchi","In piedi, elastico ancorato in alto, gomiti fermi ai fianchi;Estendi gli avambracci verso il basso mantenendo i gomiti immobili;Ritorno controllato 2-3 sec;Espira nello sforzo, inspira nel ritorno",Gomiti che si allontanano dal busto;Uso delle spalle;Slancio del tronco;Carico eccessivo con l'elastico,pushdown-maniglia-cavo-un-braccio
EX555,Calf raise macchina,machine calf raise,isolamento,polpacci,macchina,casa;palestra,gastrocnemio;soleo;polpacci,principiante,principale,caviglie,caviglie: range ridotto e controllato se rigidità o instabilità,EX564,"In piedi alla macchina per polpacci, spalle sotto gli appoggi imbottiti, avampiedi sulla pedana talloni liberi","Estendi le caviglie sollevandoti sulle punte al massimo;Pausa isometrica 1 sec in cima;Discesa lenta fino a massimo allungamento;Espira nello sforzo, inspira nel ritorno",Rimbalzo veloce;Range parziale;Ginocchia flesse,Regola gli appoggi sulle spalle senza comprimere il collo. No rimbalzi nella fase bassa,elastico,"Reso con elastico calpestato e maniglie/estremità alle spalle, avampiedi su rialzo.","Avampiedi su un rialzo (gradino/disco), talloni liberi, elastico calpestato con estremità alle spalle;Sali sulle punte contraendo i polpacci al massimo;Pausa in alto, poi scendi lento sotto il livello del rialzo;Range completo, controllo in eccentrica",Rimbalzo in basso;Range parziale;Perdita di equilibrio senza appoggio,calf-raise-macchina
EX556,Calf raise panca piana cavo,Cable calf raise flat bench,isolamento,polpacci,cavo;panca,casa;palestra,gastrocnemio;soleo;polpacci,intermedio,principale,caviglie,caviglie: range ridotto e controllato se rigidità o instabilità,EX555,"In piedi, avampiedi su panca piana o rialzo, cintura/maniglia del cavo basso ai fianchi come sorgente di carico","Sollevati sulle punte estendendo le caviglie contro la resistenza del cavo;Pausa 1 sec in cima;Discesa lenta in allungo sotto il bordo;Espira nello sforzo, inspira nel ritorno",Slancio del corpo;Range parziale;Cavo che strattona nella discesa,Il cavo dà tensione costante: controlla soprattutto la fase eccentrica,elastico,"Reso con elastico calpestato e maniglie/estremità alle spalle, avampiedi su rialzo.","Avampiedi su un rialzo (gradino/disco), talloni liberi, elastico calpestato con estremità alle spalle;Sali sulle punte contraendo i polpacci al massimo;Pausa in alto, poi scendi lento sotto il livello del rialzo;Range completo, controllo in eccentrica",Rimbalzo in basso;Range parziale;Perdita di equilibrio senza appoggio,calf-raise-panca-piana-cavo
EX557,Calf raise una gamba,Bodyweight calf raise single leg,isolamento,polpacci,corpo libero,casa;libero;palestra,gastrocnemio;soleo;polpacci,principiante;intermedio,principale,caviglie,caviglie: range ridotto e controllato se rigidità o instabilità,EX066,"In piedi su una gamba, mano al muro per equilibrio, gamba libera sollevata","Sollevati sulla punta del piede d'appoggio fino a massima estensione;Pausa isometrica 1 sec;Discesa lenta e controllata;Espira nello sforzo, inspira nel ritorno",Slancio del corpo;Range parziale;Perdita di equilibrio,Usa un appoggio laterale stabile. Passa alla versione su step per maggiore allungamento,,,,,calf-raise-una-gamba
EX558,Calf raise macchina carico basso,Low-load machine calf raise,isolamento,polpacci,macchina,casa;palestra,gastrocnemio;soleo;polpacci,principiante,principale,caviglie,caviglie: range ridotto e controllato se rigidità o instabilità,EX555,"In piedi alla macchina per polpacci con carico leggero, spalle sotto gli appoggi, avampiedi sulla pedana","Estendi le caviglie in modo controllato con carico ridotto, ideale per alte ripetizioni;Pausa 1 sec in cima;Discesa lenta e completa;Respirazione regolare",Range parziale;Cadenza troppo rapida per il carico leggero,"Variante ad alto volume/carico basso: cerca il bruciore e il range pieno, non il peso",elastico,"Reso con elastico calpestato e maniglie/estremità alle spalle, avampiedi su rialzo.","Avampiedi su un rialzo (gradino/disco), talloni liberi, elastico calpestato con estremità alle spalle;Sali sulle punte contraendo i polpacci al massimo;Pausa in alto, poi scendi lento sotto il livello del rialzo;Range completo, controllo in eccentrica",Rimbalzo in basso;Range parziale;Perdita di equilibrio senza appoggio,calf-raise-macchina-carico-basso
EX559,Calf raise macchina selettore,Cable machine calf raise,isolamento,polpacci,macchina,casa;palestra,gastrocnemio;soleo;polpacci,principiante,principale,caviglie,caviglie: range ridotto e controllato se rigidità o instabilità,EX558,"In piedi alla macchina a selettore (pacco pesi), spalle sotto gli appoggi imbottiti, avampiedi sulla pedana talloni liberi","Sollevati sulle punte estendendo le caviglie al massimo;Pausa isometrica 1 sec in cima;Discesa lenta fino a massimo allungamento;Espira nello sforzo, inspira nel ritorno",Rimbalzo veloce;Range parziale;Ginocchia flesse,Seleziona il carico dal pacco pesi. No rimbalzi nella fase bassa,elastico,"Reso con elastico calpestato e maniglie/estremità alle spalle, avampiedi su rialzo.","Avampiedi su un rialzo (gradino/disco), talloni liberi, elastico calpestato con estremità alle spalle;Sali sulle punte contraendo i polpacci al massimo;Pausa in alto, poi scendi lento sotto il livello del rialzo;Range completo, controllo in eccentrica",Rimbalzo in basso;Range parziale;Perdita di equilibrio senza appoggio,calf-raise-macchina-selettore
EX560,Calf raise manubri su step,dumbbell calf raise on step,isolamento,polpacci,manubri,casa;libero;palestra,gastrocnemio;soleo;polpacci,principiante;intermedio,principale,caviglie,caviglie: range ridotto e controllato se rigidità o instabilità,EX555,"In piedi su step/rialzo, avampiedi sul bordo talloni liberi di scendere, un manubrio per mano lungo i fianchi","Sollevati sulle punte estendendo le caviglie al massimo;Pausa 1 sec in cima;Discesa lenta fino a massimo allungamento sotto il bordo;Espira nello sforzo, inspira nel ritorno",Rimbalzo veloce;Range parziale;Perdita di equilibrio con i manubri,Sfrutta tutta l'altezza dello step per l'allungamento. Manubri fermi lungo i fianchi,elastico,"Elastico calpestato con l'avampiede sullo scalino, un capo per mano portato all'altezza dei fianchi","Avampiede sullo scalino con i talloni nel vuoto, elastico sotto i piedi e maniglie ai fianchi;Sali sulle punte spingendo con i polpacci;Pausa breve in alto;Scendi lentamente sotto il livello dello scalino",Elastico troppo lasco a inizio movimento: si perde tensione nella parte bassa;Salire di slancio;Escursione ridotta che non usa lo scalino;Perdere l'equilibrio per fretta,calf-raise-manubri-su-step
EX561,Calf raise in squat,Bodyweight squat calf raise,isolamento,polpacci,corpo libero,casa;libero;palestra,gastrocnemio;soleo;polpacci,principiante;intermedio,principale,caviglie,caviglie: range ridotto e controllato se rigidità o instabilità,EX028,"In posizione di squat parziale (ginocchia flesse ~90°), busto eretto, piedi a terra larghezza spalle","Mantenendo lo squat, sollevati sulle punte estendendo le caviglie;Pausa 1 sec in cima;Discesa lenta dei talloni;Espira nello sforzo, inspira nel ritorno",Perdita della posizione di squat;Range parziale;Ginocchia che collassano verso l'interno,La flessione del ginocchio enfatizza il soleo. Mantieni stabile la posizione di squat,,,,,calf-raise-in-squat
EX562,Calf raise inverso multipower su step,Smith machine reverse calf raise on step,isolamento,polpacci,multipower,casa;palestra,tibiale anteriore;polpacci,intermedio,principale,caviglie,caviglie: range ridotto e controllato se rigidità o instabilità,EX564,"Al multipower, talloni su step/rialzo e avampiedi liberi, bilanciere del multipower appoggiato sulle spalle","Solleva gli avampiedi verso lo stinco contraendo il tibiale anteriore;Pausa 1 sec in cima;Discesa lenta delle punte;Espira nello sforzo, inspira nel ritorno",Range parziale;Slancio;Uso dei polpacci al posto del tibiale,"Esercizio per il tibiale anteriore (anti-shin splint). Carichi leggeri, movimento pulito",elastico,Reso con elastico ancorato in basso e agganciato agli avampiedi.,"Seduto o in piedi, elastico ancorato a terra e attorno agli avampiedi;Fletti dorsalmente il piede portando le punte verso lo stinco;Pausa in cima, ritorno lento;Controllo completo del range",Slancio;Range parziale;Elastico che scivola,calf-raise-inverso-multipower-su-step
EX563,Calf raise leg press 45 gradi,Leg press 45° calf raise,isolamento,polpacci,macchina,casa;palestra,gastrocnemio;soleo;polpacci,principiante;intermedio,principale,caviglie,caviglie: range ridotto e controllato se rigidità o instabilità,EX216,"Alla leg press a 45°, ginocchia estese (non bloccate), avampiedi sul bordo basso della pedana talloni liberi","Spingi sulle punte estendendo le caviglie;Pausa 1 sec in massima estensione;Ritorno lento fino ad allungamento completo;Espira nello sforzo, inspira nel ritorno",Range parziale;Ginocchia che si flettono per aiutare;Rimbalzo sul fondo,Ginocchia morbide ma ferme: il movimento è solo di caviglia. No blocco articolare sotto carico,elastico,"Reso con elastico calpestato e maniglie/estremità alle spalle, avampiedi su rialzo.","Avampiedi su un rialzo (gradino/disco), talloni liberi, elastico calpestato con estremità alle spalle;Sali sulle punte contraendo i polpacci al massimo;Pausa in alto, poi scendi lento sotto il livello del rialzo;Range completo, controllo in eccentrica",Rimbalzo in basso;Range parziale;Perdita di equilibrio senza appoggio,calf-raise-leg-press-45-gradi
EX564,Calf raise multipower,Smith machine calf raise,isolamento,polpacci,multipower,casa;palestra,gastrocnemio;soleo;polpacci,principiante,principale,caviglie,caviglie: range ridotto e controllato se rigidità o instabilità,EX555,"Al multipower, bilanciere sulle spalle (trapezio), avampiedi su un disco/rialzo talloni liberi","Sollevati sulle punte estendendo le caviglie al massimo;Pausa isometrica 1 sec in cima;Discesa lenta fino a massimo allungamento;Espira nello sforzo, inspira nel ritorno",Rimbalzo veloce;Range parziale;Bilanciere che comprime il collo,"Bilanciere sul trapezio, non sul collo. Usa i fermi di sicurezza del multipower",elastico,"Reso con elastico calpestato e maniglie/estremità alle spalle, avampiedi su rialzo.","Avampiedi su un rialzo (gradino/disco), talloni liberi, elastico calpestato con estremità alle spalle;Sali sulle punte contraendo i polpacci al massimo;Pausa in alto, poi scendi lento sotto il livello del rialzo;Range completo, controllo in eccentrica",Rimbalzo in basso;Range parziale;Perdita di equilibrio senza appoggio,calf-raise-multipower
EX565,Calf raise macchina dischi seduto,Seated plate-loaded machine calf raise,isolamento,polpacci,macchina,casa;palestra,soleo;polpacci,principiante;intermedio,principale,caviglie,caviglie: range ridotto e controllato se rigidità o instabilità,EX065,"Seduto alla macchina calf caricata a dischi, cuscinetto sopra le ginocchia, avampiedi sulla pedana talloni liberi","Estendi le caviglie sollevando le punte al massimo;Pausa isometrica 1 sec in cima;Discesa lenta fino a massimo allungamento;Espira nello sforzo, inspira nel ritorno",Range incompleto;Movimento a scatti;Discesa veloce,Ginocchio flesso: isola il soleo. Regola il cuscinetto senza dolore. Non esagerare col carico,elastico,Reso da seduto con elastico attorno agli avampiedi e mani che tengono le estremità sulle ginocchia.,"Seduto, avampiedi su rialzo basso ed elastico attorno alle punte tenuto con le mani sulle ginocchia;Estendi le caviglie contro la resistenza;Pausa in cima, discesa lenta in allungo;Range completo e controllato",Range parziale;Elastico allentato;Movimento a scatti,calf-raise-macchina-dischi-seduto
EX566,Donkey calf raise panca piana,Donkey calf raise on flat bench,isolamento,polpacci,corpo libero;panca,casa;libero;palestra,gastrocnemio;soleo;polpacci,intermedio,principale,caviglie,caviglie: range ridotto e controllato se rigidità o instabilità,EX028,"Busto flesso in avanti con avambracci/mani su panca piana, avampiedi su un rialzo talloni liberi, schiena piatta","Sollevati sulle punte estendendo le caviglie al massimo;Pausa 1 sec in cima;Discesa lenta fino a massimo allungamento sotto il bordo;Espira nello sforzo, inspira nel ritorno",Schiena inarcata;Range parziale;Slancio del bacino,Posizione a busto flesso: mantieni la schiena neutra. L'anca flessa aumenta lo stiramento del gastrocnemio,,,,,donkey-calf-raise-panca-piana
EX567,Calf raise su scalini,calf raise on stairs,isolamento,polpacci,corpo libero,casa;libero;palestra,gastrocnemio;soleo;polpacci,principiante,principale,caviglie,caviglie: riduci l'affondamento del tallone se avverti tensione al tendine d'Achille,EX028,"In piedi sul bordo di uno scalino, avampiedi appoggiati e talloni nel vuoto, una mano al corrimano per l'equilibrio","Scendi coi talloni sotto il livello dello scalino fino a massimo allungamento;Sali sulle punte estendendo le caviglie al massimo;Pausa 1 sec in cima;Discesa lenta 3 sec, espira nello sforzo",Rimbalzare in basso sfruttando il tendine;Range parziale senza sfruttare l'allungamento;Piegare le ginocchia durante la salita,Tieni sempre una mano al corrimano: la posizione sul bordo riduce la base d'appoggio,,,,,calf-raise-su-scalini
EX568,Donkey calf raise partner panca piana,Partner donkey calf raise on flat bench,isolamento,polpacci,corpo libero;panca,palestra;casa,gastrocnemio;soleo;polpacci,intermedio;avanzato,principale,caviglie;lombari,"lombari: se avverti tensione lombare, esegui la versione senza partner (EX566)",EX566,"Busto flesso in avanti con avambracci su panca piana, avampiedi su un rialzo talloni liberi, partner seduto sul bacino","Sollevati sulle punte estendendo le caviglie al massimo;Pausa 1 sec in cima;Discesa lenta fino a massimo allungamento sotto il bordo;Espira nello sforzo, inspira nel ritorno",Schiena inarcata sotto il carico del partner;Partner seduto troppo in alto sulla schiena invece che sul bacino;Range parziale,"Il partner va posizionato sul bacino, mai sulla colonna lombare. Concorda un segnale per scendere in caso di cedimento",,,,,donkey-calf-raise-partner-panca-piana
EX569,Alzate laterali un braccio asciugamano parete,Towel wall lateral raise single arm,isolamento,deltoidi laterali,corpo libero,casa;libero;palestra,deltoide laterale;sovraspinato,principiante,principale,spalle,spalle: riduci l'altezza del braccio e la durata della spinta se avverti fastidio,EX055,"In piedi di fianco al muro, asciugamano ripiegato tra dorso della mano e parete, braccio lungo il corpo, spalla bassa","Spingi il dorso della mano contro il muro come per allontanarti;Mantieni la spinta isometrica 10-20 sec;Gomito quasi teso, spalla lontana dall'orecchio;Completa il tempo, poi cambia lato",Alzare la spalla verso l'orecchio;Inclinare il busto dal lato opposto per aumentare la spinta;Spinta a scatti invece che costante,Esercizio isometrico senza carico: adatto anche in fase di rientro da fastidi alla spalla. Interrompi se compare dolore,,,,,alzate-laterali-un-braccio-asciugamano-parete
EX570,Camminata verticale,Handstand walk,locomozione,deltoidi anteriori,corpo libero,casa;libero;palestra,deltoide anteriore;tricipiti;core,avanzato,skill,polsi;spalle;cervicale,polsi: lavora prima sulla verticale statica contro il muro per abituare il polso al carico,EX572,"Verticale contro il muro o in libertà, corpo allineato, mani a larghezza spalle, sguardo tra le mani",Trova l'equilibrio in verticale con il corpo compatto;Sposta il peso su una mano;Avanza con l'altra mano di pochi centimetri;Procedi con piccoli passi mantenendo glutei e addome contratti,Schiena inarcata che fa perdere l'allineamento;Passi troppo ampi;Sguardo verso i piedi invece che tra le mani,Skill di ginnastica: richiede preparazione dedicata. Impara la caduta di sicurezza prima di provare lontano dal muro. Non adatta a chi ha problemi cervicali o pressori,,,,,camminata-verticale
EX571,Piegamenti pike deficit sedie,Deficit chair pike push up,spinta verticale,deltoidi anteriori,corpo libero;sedia,casa;palestra,deltoide anteriore;tricipiti;trapezio superiore,intermedio;avanzato,principale,spalle;polsi,spalle: riduci il deficit o esegui la versione a terra (EX034) se il range provoca fastidio,EX572,"Mani su due sedie stabili, piedi a terra o su rialzo, bacino alto a formare una V, testa tra le braccia",Scendi portando la testa sotto il livello delle mani sfruttando il deficit;Gomiti che seguono la linea del corpo;Spingi fino a estensione completa;Espira nello sforzo,Bacino che scende rompendo la posizione a V;Deficit eccessivo rispetto alla mobilità della spalla;Sedie instabili,Verifica la stabilità delle sedie prima di ogni serie. Il deficit aumenta molto lo stress in allungamento sulla spalla,,,,,piegamenti-pike-deficit-sedie
EX572,Piegamenti pike panca piana,Flat bench pike push up,spinta verticale,deltoidi anteriori,corpo libero;panca,casa;palestra,deltoide anteriore;tricipiti;trapezio superiore,intermedio,principale,spalle;polsi,spalle: abbassa il rialzo dei piedi per ridurre il carico sulla spalla,EX034,"Piedi sulla panca piana, mani a terra a larghezza spalle, bacino alto a formare una V, testa tra le braccia","Scendi portando la sommità del capo verso terra;Gomiti che seguono la linea del corpo, non aperti a 90°;Spingi fino a estensione completa;Espira nello sforzo",Bacino che scende trasformandolo in un piegamento normale;Gomiti troppo aperti;Appoggiare la testa a terra invece di controllare la discesa,"Gradino di avvicinamento ai piegamenti in verticale: più piedi alti, più carico sulle spalle",,,,,piegamenti-pike-panca-piana
EX573,Piegamenti verticale,Handstand push up,spinta verticale,deltoidi anteriori,corpo libero,casa;libero;palestra,deltoide anteriore;tricipiti;trapezio superiore,avanzato,skill,spalle;polsi;cervicale,spalle: usa i piegamenti pike su panca (EX572) come progressione prima di questo,EX572,"Verticale con i piedi appoggiati al muro, mani a larghezza spalle poco distanti dalla parete, corpo allineato",Scendi con controllo fino a sfiorare terra con la testa;Gomiti che seguono la linea del corpo;Spingi fino a braccia tese;Mantieni glutei e addome contratti per tutto il movimento,Schiena inarcata che scarica sulla lombare;Discesa non controllata con impatto della testa;Mani troppo lontane dal muro,Skill avanzata: richiede verticale stabile già acquisita. Esegui su superficie morbida e con il muro alle spalle. Non adatta a chi ha problemi cervicali o pressori,,,,,piegamenti-verticale
EX574,Trazione sbarra a corpo capovolto,Inverted hang sit up,flessione,dorsali,corpo libero;sbarra,palestra;libero,retto addominale;flessori dell'anca,avanzato,skill,cervicale;lombari;pressione,pressione: se avverti pulsazioni alla testa o vertigini interrompi subito e scendi lentamente,EX150,"Appeso a testa in giù con le ginocchia agganciate saldamente alla sbarra, braccia incrociate al petto, corpo disteso","Fletti il busto risalendo verso le ginocchia;Sali con il controllo degli addominali, senza slancio;Scendi lentamente fino alla posizione distesa;Espira nella salita",Slanciare le braccia per aiutarsi;Discesa non controllata;Restare appesi troppo a lungo tra le serie,"Verifica sempre la tenuta dell'aggancio prima di lasciare le mani. Posizione invertita: sconsigliata con ipertensione, problemi cervicali o disturbi dell'equilibrio. Fai assistere qualcuno le prime volte",,,,,trazione-sbarra-a-corpo-capovolto
EX575,Human flag,Human flag,isometria,obliqui,corpo libero;palo,palestra;libero,obliqui;gran dorsale;deltoidi;core,avanzato,skill,spalle;lombari,spalle: lavora prima sulle progressioni con gambe raccolte prima di estendere il corpo,EX023,"Presa su palo verticale, braccio alto in trazione e braccio basso in spinta, corpo raccolto vicino al palo",Stacca i piedi da terra tenendo il corpo raccolto;Estendi gradualmente le gambe verso l'orizzontale;Mantieni la tenuta con addome e glutei contratti;Esci con controllo appoggiando i piedi,Estendere le gambe prima di avere la forza per la posizione raccolta;Bacino che cede verso il basso;Trattenere il respiro,Skill di ginnastica avanzata: richiede mesi di preparazione dedicata. Verifica sempre la stabilità del palo prima di caricarlo,,,,,human-flag
EX576,Piegamenti tocco ai piedi,Toe touch push up,core,core anti-rotazione,corpo libero,casa;libero;palestra,obliqui;retto addominale;deltoidi;pettorali,intermedio,principale,polsi;spalle,polsi: appoggia le mani su due maniglie per mantenere il polso neutro,EX576,"Posizione di plank alto, mani sotto le spalle, piedi leggermente divaricati per aumentare la base","Esegui un piegamento completo;Risali e stacca una mano da terra portandola verso il piede opposto;Mantieni il bacino fermo, senza ruotarlo;Alterna il lato a ogni ripetizione",Ruotare il bacino durante il tocco;Piedi troppo vicini che rendono instabile la base;Accelerare il tocco perdendo il controllo,"Il valore dell'esercizio è nella fase di appoggio a tre punti: se il bacino oscilla, riduci l'ampiezza del tocco",,,,,piegamenti-tocco-ai-piedi
EX577,Piegamenti tocco incrociato,Cross body tap push up,anti-rotazione,petto,corpo libero,casa;libero;palestra,obliqui;retto addominale;deltoidi;pettorali,intermedio,principale,polsi;spalle,polsi: appoggia le mani su due maniglie per mantenere il polso neutro,EX576,"Posizione di plank alto, mani sotto le spalle, piedi leggermente divaricati per aumentare la base",Esegui un piegamento completo;Risali e porta una mano sotto il corpo verso il lato opposto;Mantieni il bacino parallelo a terra per tutto il movimento;Alterna il lato a ogni ripetizione,Ruotare il bacino seguendo il braccio;Appoggiare il peso sull'anca invece di reggerlo con il core;Movimento troppo rapido,"Lavoro anti-rotazione in appoggio sulle mani: se il bacino ruota, la serie è finita anche se le braccia reggono ancora",,,,,piegamenti-tocco-incrociato
EX578,Dip a terra,Floor dip,spinta verticale,tricipiti,corpo libero,casa;libero;palestra,tricipiti;deltoide anteriore,principiante,principale,spalle;polsi,spalle: riduci la profondita della discesa se avverti tensione anteriore,EX063,"Seduto a terra, mani appoggiate dietro il bacino con le dita rivolte in avanti, ginocchia piegate e piedi a terra","Solleva il bacino da terra estendendo le braccia;Scendi piegando i gomiti all'indietro, senza appoggiare il bacino;Risali spingendo con i tricipiti;Espira nella spinta",Gomiti che si aprono verso l'esterno;Appoggiare il bacino a terra tra una ripetizione e l'altra;Spalle che salgono verso le orecchie,"Versione piu accessibile dei dip: nessun rialzo, carico ridotto. Buon punto di partenza per chi non regge il dip su panca",,,,,dip-a-terra
EX579,Dip su box,Box dip,spinta verticale,tricipiti,corpo libero;box,casa;libero;palestra,tricipiti;deltoide anteriore,principiante;intermedio,principale,spalle;polsi,spalle: avvicina i piedi al box per ridurre il carico,EX063,"Mani sul bordo del box dietro la schiena, dita rivolte in avanti, gambe distese o ginocchia piegate",Scendi piegando i gomiti fino a circa 90°;Mantieni il busto verticale e vicino al box;Risali spingendo con i tricipiti;Espira nella spinta,Allontanare il bacino dal box caricando la spalla;Gomiti aperti verso l'esterno;Scendere oltre i 90° senza mobilita adeguata,"Piu il bacino resta vicino al box, meno stress in allungamento sulla spalla",,,,,dip-su-box
EX580,Dip su sedia,Chair dip,spinta verticale,tricipiti,corpo libero;sedia,casa,tricipiti;deltoide anteriore,principiante;intermedio,principale,spalle;polsi,spalle: piega le ginocchia e avvicina i piedi per alleggerire il carico,EX579,"Mani sul bordo della seduta dietro la schiena, dita rivolte in avanti, gambe distese in avanti con i talloni a terra",Scendi piegando i gomiti fino a circa 90°;Busto verticale e vicino alla sedia;Risali spingendo con i tricipiti;Espira nella spinta,Sedia non stabile o con rotelle;Gomiti aperti;Bacino troppo lontano dalla seduta,Usa una sedia stabile e appoggiata al muro. Mai sedie con rotelle o pieghevoli,,,,,dip-su-sedia
EX581,Estensioni tricipiti multipower,Smith machine tricep extension,isolamento,tricipiti,multipower,palestra,tricipiti,intermedio,principale,gomiti;polsi,gomiti: alza il bilanciere per ridurre l'inclinazione del corpo e il carico,EX582,"Bilanciere del multipower bloccato all'altezza dell'anca, mani in presa prona a larghezza spalle, corpo inclinato in avanti sulle punte","Scendi flettendo solo i gomiti, portando la fronte verso il bilanciere;Gomiti fermi e stretti, il braccio non si muove;Estendi i gomiti per risalire;Espira nella spinta",Aiutarsi con la spinta del petto;Gomiti che si aprono o si spostano in avanti;Corpo troppo inclinato per il livello di forza,"Regola l'altezza del bilanciere per calibrare la difficolta: piu e basso, piu e impegnativo",,,,,estensioni-tricipiti-multipower
EX582,Piegamenti estensione tricipiti,Tiger bend push up,spinta orizzontale,tricipiti,corpo libero,casa;libero;palestra,tricipiti;pettorali;deltoide anteriore,avanzato,principale,gomiti;polsi,gomiti: esegui da ginocchia a terra per ridurre il carico,EX581,"Posizione di plank alto, mani sotto le spalle, gomiti vicini al corpo",Scendi fino ad appoggiare gli avambracci a terra;Riporta le mani sotto le spalle;Estendi i gomiti risalendo in plank alto;Mantieni il corpo rigido per tutto il movimento,Bacino che cede durante il passaggio sugli avambracci;Gomiti che si aprono;Appoggiare le ginocchia per risalire,Movimento molto impegnativo per il gomito: introducilo solo con una buona base di piegamenti a presa stretta,,,,,piegamenti-estensione-tricipiti
EX583,Piegamenti maniglie basse,Push up handles,spinta orizzontale,tricipiti,corpo libero;maniglie,casa;palestra,tricipiti;pettorali;deltoide anteriore,intermedio,principale,spalle;polsi,"polsi: le maniglie mantengono il polso neutro, indicate proprio in caso di fastidio",EX582,"Maniglie appoggiate a terra a larghezza spalle, presa neutra, corpo in plank alto, gomiti vicini ai fianchi",Scendi mantenendo i gomiti stretti lungo il corpo;Sfrutta il rialzo delle maniglie per scendere leggermente sotto il livello delle mani;Spingi fino a estensione completa;Espira nella spinta,Gomiti che si aprono a 90° trasformandolo in un esercizio di petto;Bacino che cede;Maniglie troppo larghe,La presa neutra riduce lo stress sul polso rispetto al piegamento a mani a terra,,,,,piegamenti-maniglie-basse
EX584,Piegamenti presa stretta ginocchia,Close grip knee push up,spinta orizzontale,tricipiti,corpo libero,casa;libero;palestra,tricipiti;pettorali,principiante,principale,polsi,polsi: appoggia le mani su due maniglie per mantenere il polso neutro,EX583,"Ginocchia a terra, mani vicine sotto il petto a larghezza inferiore alle spalle, corpo allineato da ginocchia a testa",Scendi mantenendo i gomiti stretti lungo i fianchi;Sfiora il petto a terra;Spingi fino a estensione completa;Espira nella spinta,Gomiti che si aprono verso l'esterno;Bacino che cede o si alza;Appoggiare le anche invece delle ginocchia,Versione facilitata del piegamento a presa stretta: ideale per costruire la base sui tricipiti,,,,,piegamenti-presa-stretta-ginocchia
EX585,Piegamenti presa stretta palla medica,Close grip medicine ball push up,spinta orizzontale,tricipiti,corpo libero;palla medica,casa;palestra,tricipiti;pettorali;core,intermedio;avanzato,principale,polsi;spalle,"polsi: se la posizione sulla palla e scomoda, esegui a mani a terra con presa stretta",EX584,"Entrambe le mani sulla palla medica sotto il petto, corpo in plank alto, gomiti vicini ai fianchi",Scendi controllando l'instabilita della palla;Gomiti stretti lungo il corpo;Spingi fino a estensione completa;Espira nella spinta,Palla che scivola per appoggio non centrato;Gomiti aperti;Perdere l'allineamento del bacino,L'instabilita della palla aggiunge lavoro al core ma riduce il carico massimo gestibile: non forzare le ripetizioni,,,,,piegamenti-presa-stretta-palla-medica
EX586,Curl hammer manubri panca verticale,Dumbbell Hammer Curl vertical bench,isolamento,bicipiti,manubri;panca,palestra;casa,bicipiti;brachiale;brachioradiale,intermedio,principale;finisher,gomito;polso,gomito: riduci il range e il carico se fastidio; evita di bloccare l'articolazione a fine movimento.,EX010,"Seduto su panca verticale, schiena aderente allo schienale, un manubrio per mano lungo i fianchi, presa neutra a martello","Fletti entrambi i gomiti simultaneamente portando i manubri verso le spalle, presa neutra;Eccentrica lenta 2-3 sec;Espira nello sforzo, inspira nel ritorno",Slancio del busto;Gomiti che avanzano;Range incompleto,Schiena aderente allo schienale per tutto il movimento; gomiti fermi lungo i fianchi,elastico,"Elastico a tubo sotto i piedi, un capo per mano, presa neutra a martello; seduto su sedia o panca con schienale",Fletti entrambi i gomiti simultaneamente verso le spalle mantenendo la presa neutra e l'elastico in tensione,Elastico troppo lasco a inizio movimento;Polsi che ruotano perdendo la presa neutra,curl-hammer-manubri-panca-verticale
EX587,Battle rope onde alternate,,cardio_metabolico,,battle rope,palestra,spalle;dorsali;core;avambracci;gambe,intermedio;avanzato,finisher,spalle;lombare,"spalle: onde più corte e basse, gomiti vicini al corpo. lombare: mezzo squat stabile, non flettere il busto in avanti",EX593,"In piedi in stance atletica, un capo di corda per mano, ginocchia morbide in mezzo squat, busto leggermente inclinato","Alza e abbassa le braccia alternate creando onde continue;Il bacino resta basso e fermo per tutta la serie;Il movimento parte dalle spalle, non dai polsi;Respiro ritmico e continuo",Busto che si raddrizza perdendo la posizione atletica;Onde che si spengono a metà serie;Movimento di solo polso;Spalle che salgono alle orecchie,"Se le spalle scaldano o il ritmo cala, chiudi la serie: la tecnica si perde prima della forza",,,,,battle-rope-onde-alternate
EX588,Boxe diretto al sacco,,cardio_metabolico,,sacco,palestra,spalle;pettorali;tricipiti;core;gambe,principiante;intermedio;avanzato,finisher,polsi;spalle,"polsi: fascia i polsi e riduci la potenza, colpisci di tocco. spalle: colpi più corti senza estendere del tutto il gomito",EX053,"Guardia di boxe davanti al sacco, piedi sfalsati, pugni all'altezza degli zigomi, gomiti chiusi","Colpisci il sacco con un diretto estendendo il braccio;Ruota il busto e il piede posteriore accompagnando il colpo;Riporta subito la mano in guardia;Respiro ritmico, espira sul colpo",Gomito bloccato in iperestensione all'impatto;Guardia che si abbassa dopo il colpo;Polso piegato all'impatto;Colpo di solo braccio senza rotazione del busto,Non colpire mai a polso piegato né a mani nude su sacco duro,,,,,boxe-diretto-al-sacco
EX589,Boxe diretto alternato,,cardio_metabolico,,corpo libero,casa;libero;palestra,spalle;pettorali;tricipiti;core,principiante;intermedio;avanzato,finisher,spalle;gomito,"spalle: colpi più corti, mani più basse. gomito: non estendere completamente, ferma il colpo prima del blocco articolare",EX053,"Guardia di boxe, piedi sfalsati, peso distribuito, pugni all'altezza degli zigomi",Estendi un braccio in diretto ruotando il busto;Richiama la mano in guardia e alterna con l'altro braccio;Il piede posteriore ruota accompagnando il colpo;Respiro ritmico e continuo,Gomito bloccato a fine colpo;Movimento di solo braccio senza torsione del busto;Guardia bassa tra un colpo e l'altro;Spalle alte verso le orecchie,Ferma il colpo prima dell'estensione completa: a vuoto non c'è nulla che assorba l'impatto,,,,,boxe-diretto-alternato
EX590,Boxe footwork,,cardio_metabolico,,corpo libero,casa;libero;palestra,polpacci;quadricipiti;glutei;core,principiante;intermedio;avanzato,riscaldamento,caviglie;ginocchia,"caviglie: rimbalzi più bassi, piedi che restano quasi a terra. ginocchia: spostamenti più corti e ritmo ridotto",EX589,"Guardia di boxe, ginocchia morbide, peso sull'avampiede, mani in guardia alta","Rimbalza sull'avampiede spostandoti avanti, indietro e di lato;I piedi non si incrociano mai;La guardia resta alta per tutto il lavoro;Respiro ritmico e continuo",Piedi che si incrociano;Talloni che si appoggiano a terra;Guardia che si abbassa;Spostamenti troppo ampi che tolgono equilibrio,Servono scarpe con buona presa: su superficie liscia il piede scivola,,,,,boxe-footwork
EX591,Boxe gancio,,cardio_metabolico,,corpo libero,casa;libero;palestra,spalle;pettorali;obliqui;core,principiante;intermedio;avanzato,finisher,spalle;lombare,"spalle: arco più corto, gomito meno alto. lombare: riduci la rotazione del busto e ruota di più sul piede",EX116,"Guardia di boxe, piedi sfalsati, gomiti chiusi, pugni all'altezza degli zigomi","Porta il pugno in arco orizzontale ruotando busto e piede;Il gomito resta piegato a circa novanta gradi per tutto l'arco;Richiama subito la mano in guardia;Respiro ritmico, espira sul colpo",Colpo portato di solo braccio senza rotazione;Gomito che si abbassa trasformando il gancio in uno schiaffo;Guardia opposta che si abbassa;Rotazione della schiena invece che dell'anca,"La rotazione parte dal piede e dall'anca, non dalla colonna",,,,,boxe-gancio
EX592,Boxe jab,,cardio_metabolico,,corpo libero,casa;libero;palestra,spalle;tricipiti;core,principiante;intermedio;avanzato,finisher,spalle;gomito,spalle: colpo più corto e più basso. gomito: ferma l'estensione prima del blocco articolare,EX589,"Guardia di boxe, piede debole avanti, pugni all'altezza degli zigomi, gomiti chiusi","Estendi il braccio avanzato in linea retta;Ruota leggermente il pugno a fine colpo;Richiama subito la mano lungo la stessa traiettoria;Respiro ritmico, espira sul colpo",Spalla che non protegge il mento durante il colpo;Braccio che torna per una traiettoria larga;Gomito bloccato in iperestensione;Busto che si sbilancia in avanti,Ferma il colpo prima dell'estensione completa: a vuoto non c'è nulla che lo assorba,,,,,boxe-jab
EX593,Burpee,,cardio_metabolico,,corpo libero,casa;libero;palestra,quadricipiti;glutei;pettorali;spalle;core,intermedio;avanzato,finisher,lombare;ginocchia;polsi;spalle,ginocchia/lombare: togli il salto finale e porta i piedi indietro un passo alla volta (versione EX054). polsi: appoggia sui pugni chiusi o su due manubri,EX054,"In piedi, piedi a larghezza anche, busto eretto, braccia lungo il corpo",Accovacciati appoggiando le mani a terra davanti ai piedi;Porta i piedi indietro in plank con un salto;Riporta i piedi alle mani e risali esplodendo in un salto verticale con braccia in alto;Atterra morbido e incatena la ripetizione,Bacino che si inarca nel plank;Atterraggio rigido a ginocchia bloccate;Spalle che si scrollano in alto;Ripetizioni che si sfaldano quando arriva la stanchezza,Quando la schiena inizia a cedere nel plank la serie è finita: chiudila invece di aggiungere ripetizioni,,,,,burpee
EX594,Burpee navy seal,,cardio_metabolico,,corpo libero,casa;libero;palestra,pettorali;tricipiti;spalle;core;quadricipiti;glutei,avanzato,finisher,lombare;spalle;polsi;ginocchia,lombare: togli il piegamento e resta al burpee semplice (EX593). spalle/polsi: piegamento sulle ginocchia o mani su rialzo,EX593,"In piedi, piedi a larghezza anche, braccia lungo il corpo","Accovacciati, mani a terra, porta i piedi indietro in plank;Esegui un piegamento completo scendendo col petto verso terra;Riporta i piedi alle mani e risali in piedi;Ritmo continuo, respiro ritmico",Bacino che sale o affonda durante il piegamento;Piegamento parziale;Schiena inarcata nel plank;Atterraggio pesante sui polsi,"È la versione più impegnativa della famiglia: senza un piegamento pulito a corpo fresco, resta su EX593",,,,,burpee-navy-seal
EX595,Calcio circolare sacco,,cardio_metabolico,,sacco,palestra,glutei;quadricipiti;obliqui;core;adduttori,intermedio;avanzato,finisher,ginocchia;anca;lombare,"ginocchia/anca: calcio più basso, al livello della coscia, e rotazione ridotta. lombare: non inarcare per guadagnare altezza, abbassa il bersaglio",EX591,"Guardia di boxe a distanza di calcio dal sacco, peso sull'avampiede, guardia alta","Ruota il piede d'appoggio e porta la gamba in traiettoria circolare verso il sacco;Colpisci con la tibia all'altezza del tronco;Richiama la gamba e torna in guardia;Respiro ritmico, espira sul colpo","Piede d'appoggio che non ruota, caricando il ginocchio in torsione;Colpire di punta invece che di tibia;Guardia che si abbassa durante il calcio;Cercare altezza inarcando la schiena",Il piede d'appoggio deve ruotare prima dell'impatto: è la torsione a ginocchio fermo che fa i danni,,,,,calcio-circolare-sacco
EX596,Camminata bear crawl,,cardio_metabolico,,corpo libero,casa;libero;palestra,spalle;core;quadricipiti;tricipiti,intermedio,finisher,spalle;polsi;lombare,"polsi: appoggia sui pugni chiusi o su due manubri. spalle: percorsi più corti con pause. lombare: ginocchia più vicine a terra, bacino basso",EX171,"A quattro appoggi, mani sotto le spalle, ginocchia sollevate di pochi centimetri da terra, schiena piatta","Avanza muovendo mano destra e piede sinistro insieme, poi gli opposti;Le ginocchia restano basse e non toccano mai terra;Il bacino resta all'altezza delle spalle senza oscillare;Respiro continuo, non trattenere",Bacino che si alza a candela;Ginocchia che toccano terra;Oscillazione laterale del bacino a ogni passo;Passi troppo lunghi che sbilanciano,Se i polsi danno fastidio passa agli appoggi sui pugni prima di ridurre la distanza,,,,,camminata-bear-crawl
EX597,Corsa X con conetti,,cardio_metabolico,,conetti,libero;palestra,quadricipiti;glutei;polpacci;adduttori;core,intermedio,riscaldamento,ginocchia;caviglie,"ginocchia: cambi di direzione più larghi e ritmo ridotto. caviglie: percorso più corto, appoggio pieno del piede nei cambi",EX606,"Quattro conetti disposti a rettangolo, in posizione atletica su uno degli angoli","Corri in diagonale verso il conetto opposto;Al conetto cambia direzione e attraversa il lato corto;Ripeti disegnando una X completa, poi inverti il senso;Respiro ritmico e continuo",Rallentare troppo prima del cambio di direzione;Ginocchio che cede all'interno nella svolta;Busto alto che rende la frenata instabile;Appoggi solo di punta nei cambi,Nei cambi di direzione il ginocchio segue la punta del piede: è lì che si concentra il rischio,corpo libero,"Senza conetti bastano quattro riferimenti a terra: bottiglie, scarpe o segni col nastro adesivo","Disponi quattro riferimenti a rettangolo e corri lo stesso percorso a X, cambiando direzione a ogni riferimento","Riferimenti troppo vicini, che riducono la corsa a passi;Oggetti su cui si può inciampare o scivolare",corsa-x-con-conetti
EX598,Corsa all'indietro,,cardio_metabolico,,corpo libero,casa;libero;palestra,quadricipiti;polpacci;glutei;core,principiante;intermedio,riscaldamento,caviglie;ginocchia,caviglie: passi più corti e ritmo lento. ginocchia: riduci la distanza e resta più eretto,EX605,"In piedi, busto leggermente inclinato in avanti, ginocchia morbide, spazio libero alle spalle",Corri all'indietro appoggiando sull'avampiede;Spingi indietro con la gamba d'appoggio senza sederti;Gira la testa a controllare il percorso a intervalli regolari;Respiro ritmico e continuo,Appoggiare di tallone;Busto che si inclina troppo indietro;Passi troppo lunghi che tolgono controllo;Correre senza mai controllare il percorso,Percorso libero e controllato prima di partire: è l'unico esercizio della zona in cui non vedi dove vai,,,,,corsa-all-indietro
EX599,Corsa falcata lunga,,cardio_metabolico,,corpo libero,casa;libero;palestra,glutei;ischiocrurali;quadricipiti;polpacci;core,intermedio;avanzato,riscaldamento,ischiocrurali;ginocchia;lombare,"ischiocrurali: falcata più contenuta e velocità ridotta, mai a freddo. lombare: busto più eretto, non aprire la falcata inarcando",EX601,"In piedi su un rettilineo libero, busto eretto, braccia sciolte",Corri allungando volontariamente la falcata;Spingi a terra con tutto il piede completando l'estensione dell'anca;Le braccia accompagnano ampie e rilassate;Respiro ritmico e continuo,Allungare la falcata portando avanti il piede invece di spingere indietro;Busto inarcato;Atterraggio di tallone davanti al baricentro;Eseguirla a freddo,"Mai a freddo: la falcata ampia mette in tensione gli ischiocrurali, che è dove si strappa",,,,,corsa-falcata-lunga
EX600,Corsa laterale scaletta agilità,,cardio_metabolico,,scaletta agilità,libero;palestra,polpacci;quadricipiti;glutei;adduttori;core,intermedio,riscaldamento,caviglie;ginocchia,"caviglie: ritmo lento, un piede per casella. ginocchia: mezzo squat meno profondo e spostamenti più corti",EX603,"In piedi di fianco alla scaletta, ginocchia morbide, peso sull'avampiede, busto leggermente inclinato",Entra ed esci dalle caselle spostandoti lateralmente;Appoggia sempre sull'avampiede con contatti rapidi;Il bacino resta basso e all'altezza costante;Respiro ritmico e continuo,Bacino che sale e scende a ogni casella;Piedi che toccano i pioli;Piedi che si incrociano;Guardare i piedi invece che avanti,Servono scarpe con buona presa: il contatto è rapido e di avampiede,corpo libero,La scaletta serve solo a scandire la distanza dei passi: si sostituisce con linee di nastro adesivo o con le fughe delle piastrelle,"Traccia sei o otto caselle a terra col nastro e ripeti lo stesso schema laterale, mantenendo appoggi di avampiede e bacino basso","Caselle troppo grandi, che trasformano i contatti rapidi in passi normali;Nastro che si stacca e fa scivolare",corsa-laterale-scaletta-agilita
EX601,Corsa passi corti,,cardio_metabolico,,corpo libero,casa;libero;palestra,polpacci;quadricipiti;flessori anca;core,principiante;intermedio;avanzato,riscaldamento,caviglie;ginocchia,caviglie: contatti meno rapidi e ampiezza ridotta. ginocchia: resta più eretto e riduci la frequenza,EX605,"In piedi, busto eretto, braccia piegate a novanta gradi, peso sull'avampiede","Corri con passi molto corti e frequenza alta;I piedi restano bassi, il contatto a terra è brevissimo;Le braccia accompagnano il ritmo dei piedi;Respiro ritmico e continuo",Allungare il passo perdendo la frequenza;Appoggio di tallone;Busto che si piega in avanti;Spalle rigide e braccia bloccate,"È un lavoro di frequenza, non di potenza: se il passo si allunga hai cambiato esercizio",,,,,corsa-passi-corti
EX602,Corsa resistenza con elastico,,cardio_metabolico,,elastico,casa;libero;palestra,glutei;quadricipiti;polpacci;core,intermedio;avanzato,finisher,lombare;ischiocrurali;ginocchia,lombare: elastico più leggero e busto meno inclinato. ischiocrurali: riduci la resistenza e non cercare la falcata massima,EX605,"Elastico in vita ancorato dietro, busto inclinato in avanti, elastico già in leggera tensione",Avanza contro la resistenza dell'elastico con passi decisi;Spingi a terra completando l'estensione dell'anca a ogni passo;Il busto resta inclinato in avanti e allineato;Nella GIF l'elastico è tenuto da un partner: da solo ancoralo dietro di te a un punto fisso e solido all'altezza della vita e avanza sul posto;Respiro ritmico e continuo,Busto che si raddrizza perdendo la spinta;Schiena inarcata invece che inclinata;Passi corti e trascinati;Elastico troppo forte che rompe la meccanica della corsa;Ancoraggio a un mobile che può spostarsi,Controlla l'ancoraggio prima di partire: un elastico che si sgancia in tensione torna indietro di colpo. Se l'elastico è troppo corto limita il passo invece di opporre resistenza,,,,,corsa-resistenza-con-elastico
EX603,Corsa scaletta agilità,,cardio_metabolico,,scaletta agilità,libero;palestra,polpacci;quadricipiti;flessori anca;core,principiante;intermedio,riscaldamento,caviglie;ginocchia,caviglie: ritmo lento e un solo appoggio per casella. ginocchia: alza meno il ginocchio e riduci la frequenza,EX600,"In piedi davanti alla scaletta, ginocchia morbide, peso sull'avampiede, braccia piegate",Avanza appoggiando i piedi dentro le caselle in successione rapida;Il contatto a terra è breve e di avampiede;Le braccia accompagnano il ritmo;Respiro ritmico e continuo,Piedi che toccano i pioli;Guardare i piedi invece che avanti;Contatti pesanti di tallone;Perdere il ritmo a metà scaletta,Servono scarpe con buona presa: il contatto è rapido e di avampiede,corpo libero,La scaletta serve solo a scandire la distanza dei passi: si sostituisce con linee di nastro adesivo o con le fughe delle piastrelle,Traccia sei o otto caselle a terra col nastro e avanza appoggiando i piedi dentro le caselle con la stessa frequenza,"Caselle troppo grandi, che trasformano i contatti rapidi in passi normali;Nastro che si stacca e fa scivolare",corsa-scaletta-agilita
EX604,Corsa sforbiciata,,cardio_metabolico,,corpo libero,casa;libero;palestra,quadricipiti;glutei;ischiocrurali;flessori anca;core,intermedio,riscaldamento,ischiocrurali;anca;ginocchia,"ischiocrurali: apertura ridotta e ritmo lento, mai a freddo. anca: forbice più stretta, resta nel range comodo",EX052,"In piedi, un piede avanti e uno indietro in posizione di affondo leggero, braccia opposte alle gambe","Cambia la posizione delle gambe con un salto, invertendo avanti e indietro;Le braccia si alternano in opposizione alle gambe;Atterra morbido sull'avampiede;Respiro ritmico e continuo",Atterraggio rigido a gambe tese;Apertura eccessiva a freddo;Busto che si piega in avanti;Braccia che non accompagnano,Mai a freddo: l'apertura rapida della forbice tende gli ischiocrurali,,,,,corsa-sforbiciata
EX605,Corsa sul posto,,cardio_metabolico,,corpo libero,casa;libero;palestra,polpacci;quadricipiti;flessori anca;core,principiante;intermedio;avanzato,riscaldamento,caviglie;ginocchia,caviglie: contatti più morbidi e ritmo ridotto. ginocchia: riduci ancora l'alzata e limita la corsa a una marcia sul posto,EX114,"In piedi, busto eretto, braccia piegate e libere di oscillare lungo i fianchi, peso sull'avampiede","Corri sul posto tenendo il ginocchio basso: la coscia resta ben sotto la linea orizzontale;Il piede si stacca appena da terra e riappoggia di avampiede;Le braccia oscillano alternate alle gambe come nella corsa;Ritmo leggero e continuo, respiro regolare","Alzare il ginocchio fino all'altezza dell'anca, trasformando la corsetta in uno skip (è EX613);Atterraggio pesante di tallone;Busto che si piega in avanti;Braccia bloccate lungo il corpo","È l'andatura più blanda della famiglia: serve a scaldare e a tenere il ritmo, non a stancare. Adatta anche a spazi piccoli",,,,,corsa-sul-posto
EX606,Corsa zigzag con conetti,,cardio_metabolico,,conetti,libero;palestra,quadricipiti;glutei;adduttori;polpacci;core,intermedio,riscaldamento,ginocchia;caviglie,ginocchia: conetti più distanziati e cambi meno secchi. caviglie: percorso più corto e ritmo ridotto,EX597,"Conetti allineati a distanza regolare, in posizione atletica davanti al primo",Corri superando i conetti alternando i lati in zigzag;Alza il ginocchio nel superare ogni conetto;Il bacino resta basso nei cambi di direzione;Respiro ritmico e continuo,Ginocchio che cede all'interno nel cambio di direzione;Busto alto che rende instabile la svolta;Toccare o spostare i conetti;Rallentare fino a camminare,Nei cambi di direzione il ginocchio segue la punta del piede,corpo libero,"I conetti marcano solo i punti da aggirare: bastano bottiglie, scarpe o segni col nastro adesivo",Allinea cinque o sei riferimenti a distanza regolare e corri lo stesso zigzag alternando i lati,"Riferimenti troppo vicini, che riducono la corsa a passi laterali;Oggetti che rotolano o su cui si può inciampare",corsa-zigzag-con-conetti
EX607,Jumping jack,,cardio_metabolico,,corpo libero,casa;libero;palestra,spalle;adduttori;abduttori;polpacci;quadricipiti,principiante;intermedio;avanzato,finisher,caviglie;ginocchia;spalle,caviglie/ginocchia: versione low-impact aprendo un piede per volta senza saltare (EX048). spalle: braccia che salgono solo fino all'altezza delle spalle,EX048,"In piedi, piedi uniti, braccia lungo i fianchi, spalle rilassate",Salta aprendo le gambe e portando le braccia sopra la testa;Salta di nuovo richiudendo gambe e braccia nella posizione di partenza;Atterra sempre morbido sull'avampiede;Respiro ritmico e continuo,Atterraggio pesante sui talloni;Ginocchia rigide all'atterraggio;Braccia che si aprono solo a metà;Spalle che si scrollano verso le orecchie,"Se le caviglie o le ginocchia danno fastidio passa a EX048, che è la stessa famiglia senza salto",,,,,jumping-jack
EX608,Jumping rimbalzato,,cardio_metabolico,,corpo libero,casa;libero;palestra,polpacci;adduttori;abduttori;spalle,principiante;intermedio,finisher,caviglie;ginocchia,caviglie: rimbalzi più bassi e ritmo ridotto. ginocchia: apertura delle gambe più contenuta,EX607,"In piedi, piedi uniti, braccia lungo i fianchi, ginocchia morbide",Rimbalza sull'avampiede aprendo e chiudendo le gambe;Le braccia si aprono lateralmente fino all'altezza delle spalle;I talloni non appoggiano mai del tutto;Respiro ritmico e continuo,Rimbalzi che diventano salti alti e pesanti;Talloni che sbattono a terra;Ginocchia bloccate;Braccia che superano l'altezza delle spalle perdendo il ritmo,È un lavoro di elasticità della caviglia: se il rimbalzo diventa un salto hai cambiato esercizio,,,,,jumping-rimbalzato
EX609,Salti laterali rapidi,,cardio_metabolico,,corpo libero,casa;libero;palestra,glutei;quadricipiti;polpacci;adduttori;core,intermedio,finisher,ginocchia;caviglie,ginocchia: salti più corti o passo laterale senza stacco (EX050). caviglie: ampiezza ridotta e atterraggio su tutto il piede,EX050,"In piedi in posizione atletica, ginocchia morbide, peso sull'avampiede",Salta lateralmente da un piede all'altro atterrando in equilibrio;Assorbi l'atterraggio piegando ginocchio e anca;Riparti subito nella direzione opposta;Respiro ritmico e continuo,Ginocchio che cede all'interno in atterraggio;Atterraggio rigido a gamba tesa;Busto che si raddrizza perdendo l'assetto atletico;Salti sempre più corti con l'affaticamento,L'atterraggio su una gamba sola è il punto critico: se il ginocchio cede all'interno riduci l'ampiezza,,,,,salti-laterali-rapidi
EX610,Salto con la corda,,cardio_metabolico,,corda per saltare,casa;libero;palestra,polpacci;quadricipiti;spalle;avambracci;core,principiante;intermedio;avanzato,finisher,caviglie;ginocchia;polpacci,"caviglie/polpacci: serie più brevi con pause, salti più bassi. ginocchia: salto minimo, quanto basta a far passare la corda",EX607,"In piedi, corda dietro i talloni, gomiti vicini al corpo, polsi rilassati","Fai girare la corda con i polsi, non con le braccia;Salta appena quanto serve a farla passare;Atterra sull'avampiede con ginocchia morbide;Respiro ritmico e continuo",Salti troppo alti che stancano inutilmente;Rotazione con tutto il braccio invece che di polso;Atterraggio di tallone;Ginocchia bloccate all'atterraggio,Il polpaccio è la zona che cede per prima: meglio più serie brevi che una lunga,,,,,salto-con-la-corda
EX611,Skip con calcio,,cardio_metabolico,,corpo libero,casa;libero;palestra,quadricipiti;flessori anca;ischiocrurali;polpacci;core,intermedio,riscaldamento,ischiocrurali;ginocchia;anca,"ischiocrurali: estensione della gamba ridotta, mai a freddo. ginocchia: skip normale senza il calcio finale",EX049,"In piedi, busto eretto, braccia piegate, peso sull'avampiede",Alza il ginocchio e da lì estendi la gamba in avanti in un calcio controllato;Riporta il piede a terra e alterna;Il busto resta eretto per tutto il movimento;Respiro ritmico e continuo,Calcio lanciato di slancio invece che controllato;Busto che si piega indietro per compensare;Ginocchio che non sale prima del calcio;Eseguirlo a freddo,Il calcio parte dal ginocchio alto e resta controllato: lanciato a freddo è un modo tipico di stirare gli ischiocrurali,,,,,skip-con-calcio
EX612,Skip power,,cardio_metabolico,,corpo libero,casa;libero;palestra,glutei;quadricipiti;polpacci;flessori anca;core,intermedio;avanzato,finisher,ginocchia;caviglie;lombare,"ginocchia/caviglie: riduci la spinta verticale e resta sullo skip semplice (EX613). lombare: busto eretto, non inarcare per guadagnare altezza",EX613,"In piedi, busto eretto, braccia piegate e pronte a spingere verso l'alto, peso sull'avampiede, ginocchia morbide","Alza il ginocchio e insieme spingi con forza sul piede d'appoggio staccando da terra;Cerca l'altezza a ogni ripetizione, non la frequenza;Atterra morbido sull'avampiede e riparti;Respiro ritmico e continuo",Cercare frequenza invece di spinta;Atterraggio rigido a ginocchio bloccato;Busto inarcato all'indietro;Braccia che non accompagnano la spinta,"È la variante più impegnativa della famiglia skip: serve una superficie che assorba, e quando la spinta verticale cala la serie è finita",,,,,skip-power
EX613,Skip sul posto,,cardio_metabolico,,corpo libero,casa;libero;palestra,flessori anca;quadricipiti;polpacci;core,principiante;intermedio;avanzato,riscaldamento,caviglie;ginocchia,caviglie: contatti più morbidi e ritmo ridotto. ginocchia: abbassa le mani di riferimento e alza il ginocchio solo fin dove è comodo,EX049,"In piedi, busto eretto, avambracci orizzontali all'altezza dell'ombelico con i palmi rivolti a terra, peso sull'avampiede","Alza il ginocchio fino a toccare il palmo della mano corrispondente: la coscia arriva all'orizzontale;Le mani restano ferme e fanno da riferimento di altezza per tutta la serie;Appoggia di avampiede e alterna la gamba, il piede resta basso senza fase di volo;Respiro ritmico e continuo","Ginocchio che resta basso e non arriva alla mano, riducendo l'esercizio alla corsetta sul posto (è EX605);Mani che scendono incontro al ginocchio invece di restare ferme;Busto che si piega indietro per far salire la coscia;Appoggio pesante di tallone","L'altezza la dettano le mani ferme, non il ginocchio: se le mani scendono l'esercizio perde il proprio riferimento e diventa un'altra cosa",,,,,skip-sul-posto
EX614,Spostamento laterale con tocco a terra,,cardio_metabolico,,corpo libero,casa;libero;palestra,glutei;quadricipiti;adduttori;ischiocrurali;core,intermedio,finisher,lombare;ginocchia;caviglie,lombare: scendi meno e tocca il ginocchio invece del piede. ginocchia: passo laterale più corto e discesa parziale,EX050,"In piedi in posizione atletica, piedi a larghezza spalle, ginocchia morbide","Sposta il peso lateralmente su una gamba piegando ginocchio e anca;Scendi e tocca con la mano opposta il piede della gamba caricata;Risali spingendo col tallone e ripeti dall'altro lato;Respiro continuo, espira nella risalita",Scendere arrotondando la schiena invece di piegare l'anca;Ginocchio che cede all'interno;Tocco cercato flettendo solo il busto;Risalita a strappo,"La discesa è un piegamento di anca e ginocchio, non una flessione della schiena: se non arrivi al piede tocca il ginocchio",,,,,spostamento-laterale-con-tocco-a-terra
EX615,Adduzione anca decubito laterale gamba tesa,,isolamento,adduttori,corpo libero,casa;libero;palestra,adduttori,principiante;intermedio,principale;recupero,lombare,"lombare: riduci l escursione, tieni il core attivo e il bacino fermo",EX201,"Decubito laterale, appoggio sull avambraccio, anche e spalle impilate; gamba di sopra tesa e sollevata verso l alto, gamba di sotto distesa a terra e ruotata leggermente verso l esterno","Solleva la gamba di sotto tesa verso quella di sopra;Pausa 1 sec in massima contrazione, ginocchio bloccato;Scendi controllato senza appoggiare il tallone tra le ripetizioni;Il bacino resta impilato per tutta la serie",Bacino che rotola indietro per guadagnare escursione;Ginocchio della gamba che lavora piegato;Slancio al posto del sollevamento controllato;Tallone che si appoggia a ogni ripetizione e azzera la tensione,La spinta parte dall interno coscia NON dalla lombare: se la schiena si inarca l escursione richiesta e troppa,,,,,adduzione-anca-decubito-laterale-gamba-tesa
EX616,Affondo avanti alternato,,dominante ginocchia,quadricipiti,corpo libero,casa;libero;palestra,quadricipiti;glutei;ischiocrurali,principiante;intermedio,principale;finisher,ginocchia;equilibrio,ginocchia: riduci la profondita e non superare la verticale della punta con il ginocchio avanti; equilibrio: appoggia una mano a una parete,EX015,"In piedi, piedi a larghezza anche, mani sui fianchi, busto eretto e sguardo avanti",Fai un passo avanti e scendi finche entrambe le ginocchia sono a circa 90 gradi;Il ginocchio dietro sfiora il pavimento senza appoggiarlo;Spingi dal tallone del piede avanti per tornare in piedi;Ripeti alternando la gamba a ogni ripetizione,Busto che si inclina avanti sul passo;Ginocchio avanti che supera abbondantemente la punta del piede;Passo troppo corto che scarica tutto sul ginocchio;Ginocchio dietro sbattuto a terra,Il passo va misurato prima di scendere: un passo corto sposta il carico dai glutei al ginocchio,,,,,affondo-avanti-alternato
EX617,Jumping pistol box,,dominante ginocchia,quadricipiti,box,palestra;casa,quadricipiti;glutei;polpacci,avanzato,principale,ginocchia;caviglie;equilibrio,ginocchia: sostituisci con la salita sul box senza salto; equilibrio: atterra su due piedi invece che su uno,EX643,"In piedi davanti a un box stabile di altezza contenuta, piedi a larghezza anche, braccia libere lungo i fianchi","Scendi in mezzo squat caricando le anche e portando le braccia indietro;Salta sul box slanciando le braccia avanti;Atterra sul box su una gamba sola, l altra tesa avanti, ammortizzando con anca e ginocchio;Alzati in controllo e scendi dal box camminando, mai saltando","Box troppo alto, che costringe a raccogliere le ginocchia invece di salire;Atterraggio secco a ginocchio rigido;Discesa dal box saltando;Ricerca del numero di ripetizioni a scapito della qualita dell atterraggio","Si sale saltando e si scende camminando: la maggior parte degli infortuni al box arriva dalla discesa, non dalla salita",panca,"Stesso salto su una panca bassa e stabile o su un gradino solido, con atterraggio su una gamba",In piedi davanti a una panca bassa e stabile;Scendi in mezzo squat e salta sulla panca slanciando le braccia;Atterra su una gamba ammortizzando con anca e ginocchio;Scendi camminando prima della ripetizione successiva,Panca che scivola o si muove;Altezza eccessiva per il livello;Discesa saltando,jumping-pistol-box
EX618,Salto all'indietro,,dominante ginocchia,quadricipiti,corpo libero,casa;libero;palestra,quadricipiti;glutei;polpacci,intermedio,principale;finisher,ginocchia;caviglie;equilibrio,equilibrio: riduci la distanza del salto e guarda un punto fisso davanti; ginocchia: esegui il passo indietro senza fase di volo,EX650,"In piedi con spazio libero e sgombro alle spalle, piedi a larghezza anche, braccia libere","Scendi in mezzo squat caricando le anche e portando le braccia indietro;Spingi e salta all indietro slanciando le braccia;Atterra su entrambi i piedi in mezzo squat, ammortizzando;Stabilizza prima della ripetizione successiva",Salto all indietro senza aver controllato lo spazio alle spalle;Atterraggio a gambe rigide;Busto che si raddrizza troppo presto e sposta il peso sui talloni;Ripetizioni incalzate senza stabilizzare tra una e l altra,Saltare dove non si guarda: prima della serie controlla lo spazio alle spalle e mantienilo sgombro per tutta la durata,,,,,salto-all-indietro
EX619,Squat jump ginocchia alte,,dominante ginocchia,quadricipiti,corpo libero,casa;libero;palestra,quadricipiti;glutei;polpacci,intermedio,principale;finisher,ginocchia;caviglie;lombare,ginocchia: riduci la profondita dello squat e l altezza delle ginocchia in volo; lombare: non raccogliere le ginocchia arrotondando la schiena,EX650,"In piedi, piedi a larghezza spalle, mani unite davanti al petto",Scendi in squat fino a circa 90 gradi di ginocchio;Salta verso l alto ed esplodi portando le ginocchia in alto verso il petto;Atterra sull avampiede e ammortizza subito scendendo di nuovo in squat;Concatena le ripetizioni mantenendo il busto eretto,Ginocchia raccolte arrotondando la schiena invece che flettendo le anche;Atterraggio piatto e rumoroso;Squat che si accorcia ripetizione dopo ripetizione;Busto piegato avanti in volo,Le ginocchia salgono grazie alla flessione dell anca: se sale la schiena al posto delle gambe la serie e finita,,,,,squat-jump-ginocchia-alte
EX620,Squat thrust,,composto,quadricipiti,corpo libero,casa;libero;palestra,quadricipiti;glutei;core;deltoidi anteriori,principiante;intermedio,principale;finisher,polsi;lombare;spalle,polsi: appoggia sui pugni chiusi o su due manubri; lombare: porta i piedi indietro uno alla volta invece che in salto,EX650,"In piedi, piedi a larghezza anche, spazio libero davanti sufficiente per stendersi in appoggio","Accosciati e appoggia le mani a terra sotto le spalle;Con un salto porta entrambi i piedi indietro fino alla posizione di plank, corpo in linea;Con un salto riporta i piedi vicino alle mani;Risali in piedi e ripeti senza pause",Bacino che sale o crolla nella posizione di plank;Piedi che atterrano troppo lontani dalle mani nel ritorno;Mani che si spostano fuori dalla verticale delle spalle;Ritmo spinto oltre la tenuta del core,"Il plank e una posizione, non un passaggio: se il bacino crolla la lombare prende tutto il carico ripetizione dopo ripetizione",,,,,squat-thrust
EX621,Salto una gamba avanti,,dominante ginocchia,quadricipiti,corpo libero,casa;libero;palestra,quadricipiti;glutei;polpacci,avanzato,principale,ginocchia;caviglie;equilibrio,equilibrio: riduci la distanza e appoggia il secondo piede all atterraggio; ginocchia: esegui su due gambe,EX618,"In piedi su una gamba sola, con spazio libero davanti, braccia libere per lo slancio","Carica scendendo in mezzo squat sulla gamba d appoggio e portando le braccia indietro;Salta in avanti slanciando le braccia;Atterra sulla stessa gamba ammortizzando con caviglia, ginocchio e anca;Stabilizza completamente prima della ripetizione successiva",Atterraggio con il ginocchio che cede verso l interno;Salto piu lungo di quanto l atterraggio riesca a reggere;Ripetizioni concatenate senza stabilizzare;Busto sbilanciato avanti all atterraggio,"La distanza la decide l atterraggio, non la spinta: se il ginocchio cede verso l interno il salto era troppo lungo",,,,,salto-una-gamba-avanti
EX622,Salto verticale esplosivo,,dominante ginocchia,quadricipiti,corpo libero,casa;libero;palestra,quadricipiti;glutei;polpacci,intermedio,principale,ginocchia;caviglie,ginocchia: riduci la profondita del contromovimento e l altezza del salto; caviglie: atterra su superficie ammortizzante,EX650,"In piedi, piedi a larghezza spalle, braccia libere lungo i fianchi, sguardo avanti","Esegui un contromovimento rapido scendendo in mezzo squat e portando le braccia indietro;Inverti subito il movimento e salta verso l alto piu in alto possibile, slanciando le braccia;Raccogli le gambe in volo;Atterra sull avampiede e ammortizza scendendo in mezzo squat","Pausa in basso che spegne il contromovimento;Braccia ferme lungo i fianchi;Atterraggio a gambe rigide;Serie troppo lunghe: e espressione di potenza, non di resistenza",Va eseguito a fresco e con poche ripetizioni: la potenza cala in fretta e l atterraggio peggiora insieme a lei,,,,,salto-verticale-esplosivo
EX623,Leg curl macchina prona,,isolamento,ischiocrurali,macchina,palestra,ischiocrurali,principiante,principale,ginocchia;lombare,"lombare: bacino aderente al cuscino, non inarcare per completare il movimento",EX095,"Prono sulla macchina, cosce appoggiate al cuscino, rullo appena sopra i talloni, bacino aderente, mani alle maniglie",Fletti entrambe le ginocchia portando i talloni verso i glutei;Pausa breve in massima contrazione;Eccentrica controllata 2-3 sec;Il bacino resta a contatto col cuscino per tutta la serie,Bacino che si stacca per guadagnare escursione;Ritorno lasciato cadere;Rullo troppo alto sul polpaccio;Serie completata con slancio,Se il bacino si alza il lavoro passa alla lombare: meglio meno carico e bacino fermo,,,,,leg-curl-macchina-prona
EX624,Leg curl macchina in piedi una gamba,,isolamento,ischiocrurali,macchina,palestra,ischiocrurali,principiante,principale,ginocchia;lombare,"lombare: busto eretto contro il supporto, non inarcare per alzare il tallone",EX095,"In piedi alla macchina, busto appoggiato al supporto, coscia della gamba che lavora bloccata al cuscino, rullo appena sopra il tallone, mani alle maniglie","Fletti il ginocchio portando il tallone verso il gluteo;Pausa breve in massima contrazione;Eccentrica controllata 2-3 sec;Completa le ripetizioni su una gamba, poi cambia",Anca che si flette per accompagnare il tallone;Busto che si stacca dal supporto;Bacino che ruota verso il lato che lavora;Ritorno lasciato cadere,La coscia resta ferma contro il cuscino: se si muove il movimento non e piu solo di ginocchio,,,,,leg-curl-macchina-in-piedi-una-gamba
EX625,Abduzione clamshell decubito laterale,,isolamento,glutei,corpo libero,casa;libero;palestra,gluteo medio;gluteo massimo,principiante,principale;riscaldamento,lombare,lombare: accorcia l escursione e non compensare ruotando il bacino,EX629,"Decubito laterale, anche e spalle impilate, ginocchia piegate a circa 90 gradi e talloni allineati alla schiena, testa appoggiata sul braccio di sotto","Apri il ginocchio di sopra ruotando l anca, tenendo i talloni uniti;Fermati 1 sec in massima apertura;Chiudi controllato senza far toccare le ginocchia;Il bacino resta fermo e impilato per tutta la serie",Bacino che rotola indietro quando il ginocchio apre;Talloni che si separano;Apertura cercata con la schiena invece che con l anca;Ritmo troppo veloce senza fermata in alto,Se il bacino rotola indietro il gluteo medio smette di lavorare: meglio meno apertura e bacino fermo,,,,,abduzione-clamshell-decubito-laterale
EX626,Abduzione clamshell elastico decubito laterale,,isolamento,glutei,elastico,casa;libero;palestra,gluteo medio;gluteo massimo,principiante;intermedio,principale;riscaldamento,lombare,lombare: accorcia l escursione e non compensare ruotando il bacino,EX625,"Elastico ad anello sopra le ginocchia, decubito laterale, anche e spalle impilate, ginocchia piegate a circa 90 gradi e talloni allineati alla schiena","Apri il ginocchio di sopra contro la resistenza dell elastico, talloni uniti;Fermati 1 sec in massima apertura;Chiudi controllato accompagnando l elastico, senza lasciarlo tornare di scatto;Il bacino resta fermo e impilato",Bacino che rotola indietro sotto la resistenza dell elastico;Elastico troppo duro che riduce l escursione a pochi gradi;Ritorno lasciato all elastico invece che controllato;Talloni che si separano,"Scegli l elastico in base all escursione: se non riesci ad aprire almeno quanto senza elastico, e troppo duro",,,,,abduzione-clamshell-elastico-decubito-laterale
EX627,Abduzione anca decubito laterale,,isolamento,glutei,corpo libero,casa;libero;palestra,gluteo medio,principiante,principale;riscaldamento,lombare,lombare: riduci l altezza della gamba e tieni il core attivo,EX197,"Decubito laterale, appoggio sull avambraccio, anche e spalle impilate, gambe tese e sovrapposte, gamba di sotto leggermente piegata per stabilizzare",Solleva la gamba di sopra tesa verso l alto restando sul piano del corpo;Fermati 1 sec in alto;Scendi controllato senza appoggiare la gamba su quella di sotto;Punta del piede neutra o leggermente ruotata verso il basso,"Gamba che scappa in avanti rispetto al corpo;Bacino che rotola indietro;Punta ruotata verso l alto, che sposta il lavoro sul flessore dell anca;Discesa lasciata cadere",La gamba sale sul piano del corpo: se va avanti lavora il tensore della fascia lata al posto del gluteo medio,,,,,abduzione-anca-decubito-laterale
EX628,Abduzione fire hydrant elastico quadrupedia,,isolamento,glutei,elastico,casa;libero;palestra,gluteo medio;gluteo massimo,principiante;intermedio,principale;riscaldamento,lombare;polsi,lombare: non inarcare la schiena per guadagnare apertura; polsi: appoggia sugli avambracci invece che sulle mani,EX629,"Elastico ad anello sopra le ginocchia, quadrupedia con mani sotto le spalle e ginocchia sotto le anche, schiena neutra e sguardo a terra","Apri il ginocchio di lato contro l elastico tenendolo piegato a 90 gradi;Fermati 1 sec in massima apertura;Chiudi controllato senza appoggiare il ginocchio a terra;Il bacino resta parallelo al pavimento, non ruota",Bacino che ruota per accompagnare la gamba;Schiena che si inarca sotto la spinta dell elastico;Ginocchio che si apre in avanti invece che di lato;Ginocchio appoggiato a terra tra le ripetizioni,Se il bacino ruota il movimento diventa lombare: meno apertura e tronco fermo,,,,,abduzione-fire-hydrant-elastico-quadrupedia
EX629,Abduzione fire hydrant quadrupedia,,isolamento,glutei,corpo libero,casa;libero;palestra,gluteo medio;gluteo massimo,principiante,principale;riscaldamento,lombare;polsi,lombare: non inarcare la schiena per guadagnare apertura; polsi: appoggia sugli avambracci invece che sulle mani,EX625,"Quadrupedia con mani sotto le spalle e ginocchia sotto le anche, schiena neutra, sguardo a terra, peso distribuito sui quattro appoggi",Apri il ginocchio di lato tenendolo piegato a 90 gradi;Fermati 1 sec in massima apertura;Chiudi controllato senza appoggiare il ginocchio a terra;Il bacino resta parallelo al pavimento,Bacino che ruota per accompagnare la gamba;Schiena inarcata;Ginocchio che si apre in avanti invece che di lato;Peso scaricato tutto sulle braccia,Il movimento e solo d anca: tronco e bacino restano fermi dall inizio alla fine della serie,,,,,abduzione-fire-hydrant-quadrupedia
EX630,Leg curl cavo in piedi una gamba,,isolamento,ischiocrurali,cavo basso,palestra,ischiocrurali,intermedio,principale,ginocchia;lombare;equilibrio,"equilibrio: tieniti al telaio con entrambe le mani; lombare: busto eretto, niente inarcamento",EX239,"In piedi di fronte al cavo basso, cavigliera alla caviglia della gamba che lavora, mani a un supporto stabile, busto eretto","Fletti il ginocchio portando il tallone verso il gluteo contro la trazione del cavo;Pausa breve in massima contrazione;Torna controllato senza far cadere il peso;La coscia resta ferma, si muove solo la gamba sotto il ginocchio",Coscia che si sposta avanti o indietro per aiutare;Busto che si inclina avanti;Ritorno lasciato al cavo;Bacino che ruota,Il carico va scelto perche il ritorno resti controllato: e l eccentrica a fare il lavoro,elastico,Elastico ancorato basso davanti e passato attorno alla caviglia della gamba che lavora,"In piedi di fronte all'ancoraggio basso, elastico attorno alla caviglia, mani a un supporto stabile, busto eretto;Fletti il ginocchio portando il tallone verso il gluteo contro la tensione;Pausa breve in massima contrazione;Torna controllato senza lasciare andare l'elastico;Completa le ripetizioni, poi cambia gamba",Coscia che si sposta per aiutare;Bacino che ruota;Ritorno lasciato all'elastico invece che controllato,leg-curl-cavo-in-piedi-una-gamba
EX631,Affondo inverso con knee drive,,dominante ginocchia,quadricipiti,corpo libero,casa;libero;palestra,quadricipiti;glutei;ischiocrurali,intermedio,principale;finisher,ginocchia;equilibrio,equilibrio: appoggia una mano a una parete e togli la fase di slancio del ginocchio; ginocchia: riduci la profondita dell affondo,EX039,"In piedi, piedi a larghezza anche, mani ai fianchi o in guardia, busto eretto","Porta un piede indietro e scendi in affondo finche entrambe le ginocchia sono a circa 90 gradi;Spingi dal tallone del piede avanti per risalire;Nella risalita porta il ginocchio della gamba dietro in alto fino all altezza dell anca;Fermati 1 sec in appoggio su una gamba, poi torna indietro nel passo successivo",Ginocchio dietro sbattuto a terra;Busto che si piega avanti nella salita del ginocchio;Slancio del ginocchio usato per alzarsi invece della spinta della gamba d appoggio;Piede d appoggio che si sposta a ogni ripetizione,La risalita e lavoro della gamba avanti: il ginocchio che sale e la conclusione del movimento NON il suo motore,,,,,affondo-inverso-con-knee-drive
EX632,Affondo inverso Bosu con knee drive,,dominante ginocchia,quadricipiti,bosu,palestra;casa,quadricipiti;glutei;ischiocrurali,intermedio;avanzato,principale;finisher,ginocchia;equilibrio;caviglie,"equilibrio: esegui senza Bosu, a terra; caviglie: riduci la profondita e togli lo slancio del ginocchio",EX631,"Bosu con la cupola verso l alto, un piede al centro della cupola, l altro a terra dietro; busto eretto, mani in guardia","Scendi in affondo con il ginocchio dietro verso il pavimento, il piede sulla cupola resta fermo e centrato;Spingi dal piede sulla cupola per risalire;Nella risalita porta il ginocchio della gamba dietro in alto fino all altezza dell anca;Stabilizza 1 sec prima della ripetizione successiva",Piede che scivola dal centro della cupola;Ricerca della velocita prima della stabilita;Busto che si piega avanti per compensare l instabilita;Profondita eccessiva su superficie instabile,"Su superficie instabile il criterio e la stabilita, non il carico: se il piede balla sulla cupola l esercizio va fatto a terra",corpo libero,"Stesso affondo inverso con knee drive eseguito a terra, senza superficie instabile","In piedi, piedi a larghezza anche;Porta un piede indietro e scendi in affondo fino a circa 90 gradi su entrambe le ginocchia;Spingi dal tallone del piede avanti e porta il ginocchio dietro in alto fino all altezza dell anca;Fermati 1 sec in appoggio su una gamba prima della ripetizione successiva",Ginocchio dietro appoggiato a terra;Busto piegato avanti nella salita del ginocchio;Piede d appoggio che si sposta a ogni ripetizione,affondo-inverso-bosu-con-knee-drive
EX633,Affondo maniglie elastico sul posto,,dominante ginocchia,quadricipiti,elastico,casa;libero;palestra,quadricipiti;glutei;ischiocrurali,principiante;intermedio,principale,ginocchia;equilibrio,ginocchia: riduci la profondita; equilibrio: allarga leggermente la base tenendo i piedi su due linee parallele,EX616,"In posizione di affondo, elastico sotto il piede avanti e maniglie tenute all altezza delle spalle, gomiti alti, busto eretto","Scendi verticalmente finche entrambe le ginocchia sono a circa 90 gradi;Il ginocchio dietro sfiora il pavimento senza appoggiarlo;Risali spingendo dal tallone del piede avanti contro la resistenza dell elastico;Completa le ripetizioni su una gamba, poi cambia","Elastico non centrato sotto il piede avanti;Busto che si piega avanti sotto la tensione delle maniglie;Ginocchio dietro appoggiato a terra;Piedi sulla stessa linea, che tolgono stabilita laterale",Prima di caricare verifica che l elastico sia saldo sotto il piede: sfilarsi sotto tensione con le maniglie all altezza del viso e il rischio vero di questo esercizio,,,,,affondo-maniglie-elastico-sul-posto
EX634,Leg extension macchina,,isolamento,quadricipiti,macchina,palestra,quadricipiti,principiante,principale,ginocchia,ginocchia: non bloccare l estensione e riduci il carico; parti da un angolo meno chiuso,EX248,"Seduto alla macchina, schiena allo schienale, rullo sopra i collo-piede, ginocchia allineate al perno, mani alle maniglie",Estendi entrambe le ginocchia sollevando il rullo fino a gambe quasi tese;Pausa breve in contrazione senza bloccare le ginocchia;Eccentrica controllata 2-3 sec;La schiena resta allo schienale,Estensione bloccata di scatto;Bacino che si stacca dal sedile;Ritorno lasciato cadere;Rullo mal posizionato sulla tibia,Il ginocchio non va bloccato in estensione sotto carico: fermarsi appena prima e la regola,,,,,leg-extension-macchina
EX635,Affondo camminato con knee drive,,dominante ginocchia,quadricipiti,corpo libero,casa;libero;palestra,quadricipiti;glutei;ischiocrurali,intermedio,principale;finisher,ginocchia;equilibrio,equilibrio: elimina la fase di ginocchio alto e limitati all affondo camminato; ginocchia: riduci la lunghezza del passo,EX631,"In piedi all inizio di uno spazio libero di alcuni metri, mani in guardia, busto eretto","Fai un passo avanti e scendi in affondo fino a circa 90 gradi su entrambe le ginocchia;Spingi dal tallone del piede avanti e risali portando il ginocchio della gamba dietro in alto fino all altezza dell anca;Dal ginocchio alto appoggia direttamente il piede avanti nel passo successivo;Prosegui avanzando, alternando la gamba a ogni passo",Passo troppo corto che chiude l angolo del ginocchio avanti;Busto che oscilla lateralmente a ogni passo;Ginocchio dietro appoggiato a terra;Fase di ginocchio alto saltata per andare piu veloce,"Serve spazio davanti: l esercizio avanza, e interromperlo a meta passo per mancanza di spazio e il modo tipico di storcere il ginocchio",,,,,affondo-camminato-con-knee-drive
EX636,Jumping split lunge,,dominante ginocchia,quadricipiti,corpo libero,casa;libero;palestra,quadricipiti;glutei;ischiocrurali;polpacci,intermedio;avanzato,principale;finisher,ginocchia;caviglie;equilibrio,ginocchia: esegui affondi alternati senza fase di volo; equilibrio: riduci l ampiezza del cambio e appoggia una mano a una parete,EX616,"In posizione di affondo, un piede avanti e uno indietro, busto eretto, mani in guardia davanti al petto","Scendi in affondo fino a circa 90 gradi su entrambe le ginocchia;Salta verso l alto e scambia la posizione delle gambe in volo;Atterra nell affondo opposto ammortizzando, senza appoggiare il ginocchio dietro;Concatena i cambi mantenendo il busto eretto","Busto che si inclina avanti a ogni cambio;Atterraggio secco senza ammortizzare;Passo che si accorcia con la fatica, chiudendo l angolo del ginocchio avanti;Ginocchio dietro sbattuto a terra",La lunghezza del passo va mantenuta uguale a ogni cambio: quando si accorcia il ginocchio avanti prende tutto,,,,,jumping-split-lunge
EX637,Affondo laterale alternato,,dominante ginocchia,quadricipiti,corpo libero,casa;libero;palestra,quadricipiti;glutei;adduttori,principiante;intermedio,principale;riscaldamento,ginocchia;anca;equilibrio,anca: riduci l ampiezza del passo laterale; ginocchia: fermati sopra il parallelo sulla gamba che si piega,EX082,"In piedi, piedi a larghezza anche, mani unite davanti al petto, busto eretto",Fai un passo laterale ampio e piega la gamba di quel lato mandando le anche indietro;L altra gamba resta tesa con il piede piatto a terra;Scendi fino a dove mantieni entrambi i talloni appoggiati;Spingi dal tallone della gamba piegata per tornare al centro e ripeti dall altro lato,"Tallone della gamba tesa che si stacca da terra;Busto che si arrotonda avanti al posto della flessione d anca;Ginocchio della gamba che lavora che cede verso l interno;Passo troppo stretto, che chiude l anca invece di aprirla",Entrambi i talloni restano a terra: quando uno si stacca la profondita ha superato la mobilita d anca disponibile,,,,,affondo-laterale-alternato
EX638,Camminata laterale elastico,,isolamento,glutei,elastico,casa;libero;palestra,gluteo medio;quadricipiti,principiante,principale;riscaldamento,ginocchia;lombare,ginocchia: riduci la flessione e la lunghezza del passo; lombare: non compensare inclinando il busto di lato,EX629,"Elastico ad anello intorno alle caviglie o sopra le ginocchia, piedi a larghezza anche, mezzo squat con anche indietro e busto leggermente inclinato avanti","Mantenendo la posizione di mezzo squat, fai un passo laterale ampio contro la resistenza dell elastico;Accompagna l altro piede senza farlo toccare il primo, mantenendo sempre tensione sull elastico;Prosegui per il numero di passi previsto, poi torna nella direzione opposta;Il busto resta fermo, l altezza del bacino non cambia",Bacino che sale e scende a ogni passo;Piedi che si toccano e azzerano la tensione;Busto che si inclina di lato per accompagnare il passo;Ginocchia che cedono verso l interno,L altezza del bacino resta costante per tutta la camminata: se si alza il gluteo medio smette di lavorare,,,,,camminata-laterale-elastico
EX639,Donkey kick elastico quadrupedia,,isolamento,glutei,elastico,casa;libero;palestra,gluteo massimo;ischiocrurali,principiante;intermedio,principale;finisher,lombare;polsi,lombare: riduci l altezza del calcio e non inarcare la schiena; polsi: appoggia sugli avambracci,EX217,"Quadrupedia con mani sotto le spalle e ginocchia sotto le anche, elastico ancorato sotto le mani e passato sotto la pianta del piede che lavora, schiena neutra","Spingi il piede verso l alto e indietro contro la resistenza, tenendo il ginocchio piegato a 90 gradi;Fermati 1 sec in massima estensione d anca, con il gluteo contratto;Torna controllato accompagnando l elastico, senza appoggiare il ginocchio;La schiena resta neutra per tutta la serie",Schiena inarcata per guadagnare altezza;Bacino che ruota verso il lato che lavora;Ritorno lasciato all elastico;Ginocchio che si apre invece di restare a 90 gradi,"Il calcio finisce quando l anca e estesa: tutto quello che sale oltre e lombare, non gluteo",,,,,donkey-kick-elastico-quadrupedia
EX640,Stacco rumeno una gamba maniglie elastico,,dominante anca,ischiocrurali,elastico,casa;libero;palestra,ischiocrurali;glutei;core,intermedio,principale,lombare;equilibrio,equilibrio: sfiora il pavimento con la punta della gamba libera; lombare: riduci l escursione e fermati dove la schiena resta neutra,EX291,"In piedi su una gamba, elastico sotto il piede d appoggio e maniglie tenute lungo i fianchi, spalle basse e schiena neutra","Manda il bacino indietro flettendo l anca, la gamba libera si estende dietro in linea con il busto;Scendi finche senti gli ischiocrurali in allungamento, senza perdere la schiena neutra;Risali contraendo il gluteo e portando il bacino avanti contro la resistenza;Completa le ripetizioni su una gamba, poi cambia","Schiena che si arrotonda per scendere piu in basso;Bacino che ruota verso il lato della gamba libera;Ginocchio d appoggio che si piega troppo, trasformandolo in uno squat;Discesa cercata piegando le ginocchia invece che flettendo l anca","La profondita la decide la schiena: nel momento in cui si arrotonda la ripetizione e finita, a prescindere da quanto si e scesi",,,,,stacco-rumeno-una-gamba-maniglie-elastico
EX641,Hip thrust elastico in ginocchio,,dominante anca,glutei,elastico,casa;libero;palestra,gluteo massimo;ischiocrurali,principiante;intermedio,principale;finisher,lombare;ginocchia,ginocchia: metti un tappetino spesso sotto le ginocchia; lombare: chiudi le costole e non iperestendere in alto,EX233,"In ginocchio a terra, elastico ancorato in basso davanti a te e passato intorno al bacino, mani al petto, busto eretto","Siediti indietro portando i glutei verso i talloni, accompagnando la tensione dell elastico;Spingi il bacino avanti contraendo i glutei fino ad allineare ginocchia, anche e spalle;Fermati 1 sec in massima contrazione;Torna indietro controllato senza sederti del tutto sui talloni",Iperestensione lombare in chiusura invece di fermarsi in linea;Busto che si piega avanti;Elastico non centrato sul bacino;Ritorno lasciato all elastico,La spinta finisce con il corpo in linea NON in iperestensione: se le costole si aprono il lavoro e passato alla lombare,,,,,hip-thrust-elastico-in-ginocchio
EX642,Leg press alternato barra elastico supino,,pressa gambe,quadricipiti,barra,casa;libero;palestra,quadricipiti;glutei,principiante;intermedio,principale,ginocchia;lombare,lombare: tieni la zona lombare aderente al pavimento per tutta la serie; ginocchia: riduci l escursione,EX249,"Supino a terra, barra con elastici tenuta alle estremita, piante dei piedi appoggiate alla barra, ginocchia raccolte verso il petto","Spingi un piede verso l alto estendendo la gamba contro la resistenza dell elastico;Fermati un istante a gamba quasi tesa, senza bloccare il ginocchio;Torna controllato riportando il ginocchio al petto;Alterna le gambe a ogni ripetizione",Lombare che si stacca dal pavimento nella spinta;Ginocchio bloccato di scatto in estensione;Ritorno lasciato all elastico;Barra che scivola sulla pianta del piede,La lombare resta aderente al pavimento: quando si stacca la spinta sta arrivando dalla schiena e non dalle gambe,,,,,leg-press-alternato-barra-elastico-supino
EX643,Pistol squat su box,,dominante ginocchia,quadricipiti,box,palestra;casa,quadricipiti;glutei,avanzato,principale,ginocchia;equilibrio,equilibrio: tieniti a un supporto con una mano; ginocchia: riduci la profondita fermandoti sopra il parallelo,EX617,"In piedi su un box stabile, appoggiato su una gamba sola vicino al bordo, l altra gamba tesa avanti oltre il bordo, braccia distese avanti come contrappeso","Scendi lentamente sulla gamba d appoggio lasciando che la gamba libera scenda oltre il bordo del box;Arriva alla massima profondita che controlli, tallone sempre a terra;Risali spingendo dal tallone senza aiutarti con slanci;La gamba libera resta tesa e non tocca mai il box",Tallone della gamba d appoggio che si stacca dal box;Ginocchio che cede verso l interno nella risalita;Slancio delle braccia usato per risalire;Piede d appoggio troppo vicino al bordo,"Il box serve a far scendere la gamba libera, non ad alzare la difficolta: se il piede d appoggio non e saldo sul piano l esercizio va fatto a terra",panca,"Stessa esecuzione in piedi su una panca bassa e stabile o su un gradino solido, con la gamba libera che scende oltre il bordo","In piedi su una panca bassa e stabile, appoggio su una gamba vicino al bordo;Scendi in controllo lasciando scendere la gamba libera tesa oltre il bordo;Fermati alla profondita che controlli, tallone in appoggio;Risali spingendo dal tallone senza slanci",Panca instabile o che scivola;Tallone che si stacca;Ginocchio che cede verso l interno,pistol-squat-su-box
EX644,Reverse hyper elastico panca piana,,dominante anca,glutei,elastico,casa;palestra,gluteo massimo;ischiocrurali;lombari,intermedio,principale,lombare,"lombare: fermati quando le gambe sono in linea con il busto, senza salire oltre",EX238,"Prono su panca piana con il bacino al bordo e le gambe fuori, mani che afferrano la panca, elastico ancorato in basso e passato intorno alle caviglie",Parti con le gambe in basso e l elastico in tensione;Solleva le gambe tese contraendo glutei e ischiocrurali fino a portarle in linea con il busto;Fermati 1 sec in alto;Scendi controllato accompagnando l elastico senza lasciare cadere le gambe,"Gambe portate sopra la linea del busto, in iperestensione lombare;Slancio usato per superare il punto difficile;Bacino che si stacca dalla panca;Discesa lasciata cadere",Il movimento finisce con le gambe in linea con il busto: salire oltre trasforma un esercizio per i glutei in una iperestensione lombare sotto tensione,,,,,reverse-hyper-elastico-panca-piana
EX645,Squat goblet kettlebell banda,,dominante ginocchia,quadricipiti,kettlebell,casa;palestra,quadricipiti;glutei;core,principiante;intermedio,principale,ginocchia;lombare,ginocchia: riduci la profondita; lombare: alleggerisci il kettlebell e tieni il busto piu verticale,EX013,"Elastico ad anello sopra le ginocchia, kettlebell tenuto al petto con entrambe le mani per le corna, gomiti bassi, piedi a larghezza spalle",Scendi in squat spingendo attivamente le ginocchia in fuori contro l elastico;Il busto resta eretto e i gomiti scendono tra le ginocchia;Arriva alla profondita in cui mantieni la schiena neutra;Risali spingendo dai talloni senza lasciare che le ginocchia rientrino,Ginocchia che cedono verso l interno sotto la trazione dell elastico;Kettlebell che si allontana dal petto e tira il busto avanti;Talloni che si staccano da terra;Schiena che si arrotonda nel punto piu basso,"L elastico serve a ricordare di spingere le ginocchia in fuori: se vince lui e le ginocchia rientrano, l esercizio sta insegnando lo schema sbagliato",manubri,"Stesso squat goblet con un manubrio tenuto verticale al petto, elastico sopra le ginocchia","Elastico sopra le ginocchia, manubrio tenuto verticale al petto con entrambe le mani sotto il disco superiore;Scendi in squat spingendo le ginocchia in fuori contro l elastico;Busto eretto e gomiti bassi;Risali dai talloni senza far rientrare le ginocchia",Manubrio che si allontana dal petto;Ginocchia che rientrano;Schiena arrotondata in basso,squat-goblet-kettlebell-banda
EX646,Squat barra elastico,,dominante ginocchia,quadricipiti,barra,casa;libero;palestra,quadricipiti;glutei,principiante;intermedio,principale,ginocchia;lombare,ginocchia: riduci la profondita fermandoti sopra il parallelo; lombare: mantieni il busto piu verticale possibile,EX013,"In piedi sugli elastici, barra appoggiata sulla parte alta della schiena e impugnata alle estremita, piedi a larghezza spalle con punte leggermente aperte","Scendi in squat mandando le anche indietro e piegando le ginocchia, busto eretto;Arriva alla profondita in cui mantieni la schiena neutra;Risali spingendo dai talloni contro la resistenza crescente dell elastico;Estendi completamente le anche in alto senza iperestendere la schiena","Elastici di lunghezza diversa sotto i due piedi, che sbilanciano la barra;Busto che si piega avanti nella risalita;Ginocchia che cedono verso l interno;Barra appoggiata troppo in alto, sul collo","La resistenza dell elastico cresce con la salita: il punto piu duro e in alto, non in basso, ed e li che il busto tende a cedere avanti",,,,,squat-barra-elastico
EX647,Squat calcio laterale,,dominante ginocchia,quadricipiti,corpo libero,casa;libero;palestra,quadricipiti;glutei;adduttori;core,intermedio,principale;riscaldamento,ginocchia;anca;equilibrio,equilibrio: riduci l ampiezza dell apertura laterale e non cercare il tocco; anca: limita l estensione della gamba laterale,EX637,"In piedi, piedi a larghezza anche, braccia libere, spazio laterale sufficiente per estendere una gamba","Scendi in accosciata piegando una gamba e distendendo l altra di lato, piede a terra;Nel punto basso porta la mano verso il piede della gamba tesa, busto ruotato verso quel lato;Spingi dal tallone della gamba piegata per risalire;Alterna il lato a ogni ripetizione",Tallone della gamba piegata che si stacca;Schiena arrotondata per arrivare al piede con la mano;Ginocchio della gamba piegata che cede verso l interno;Ampiezza laterale cercata oltre la mobilita d anca disponibile,"Il tocco del piede e la conseguenza della discesa, non il suo obiettivo: se per arrivarci la schiena si arrotonda, si scende meno e si tocca piu in alto",,,,,squat-calcio-laterale
EX648,Affondo barra elastico sul posto,,dominante ginocchia,quadricipiti,barra,casa;libero;palestra,quadricipiti;glutei;ischiocrurali,principiante;intermedio,principale,ginocchia;equilibrio,ginocchia: riduci la profondita; equilibrio: allarga la base tenendo i piedi su due linee parallele,EX633,"In posizione di affondo, elastici sotto il piede avanti, barra appoggiata sulla parte alta della schiena e impugnata alle estremita, busto eretto","Scendi verticalmente finche entrambe le ginocchia sono a circa 90 gradi;Il ginocchio dietro sfiora il pavimento senza appoggiarlo;Risali spingendo dal tallone del piede avanti contro la resistenza;Completa le ripetizioni su una gamba, poi cambia","Elastici di lunghezza diversa che inclinano la barra;Busto che si piega avanti nella risalita;Ginocchio dietro appoggiato a terra;Barra appoggiata troppo in alto, sul collo","La resistenza cresce salendo: il punto piu duro e in alto, ed e li che il busto tende a cedere avanti",,,,,affondo-barra-elastico-sul-posto
EX649,Squat elastico braccia alte,,dominante ginocchia,quadricipiti,elastico,casa;libero;palestra,quadricipiti;glutei;deltoidi anteriori;core,intermedio,principale;riscaldamento,spalle;ginocchia;lombare,spalle: riduci la tensione dell elastico o tieni le braccia meno alte; ginocchia: riduci la profondita,EX646,"In piedi sull elastico, estremita impugnate con le braccia distese sopra la testa, gomiti tesi, costole chiuse, piedi a larghezza spalle",Scendi in squat mantenendo le braccia tese sopra la testa e l elastico in tensione;Il busto resta il piu verticale possibile e le braccia non cedono in avanti;Arriva alla profondita che controlli senza perdere la posizione delle braccia;Risali spingendo dai talloni,Braccia che cedono in avanti scendendo;Costole che si aprono e schiena che si inarca per tenere le braccia alte;Profondita cercata a scapito della posizione delle braccia;Elastico troppo duro per la mobilita delle spalle,"Sono le braccia a dettare la profondita: quando cedono in avanti lo squat va fermato, perche il compenso lo assorbe la lombare",,,,,squat-elastico-braccia-alte
EX650,Squat jump,,dominante ginocchia,quadricipiti,corpo libero,casa;libero;palestra,quadricipiti;glutei;polpacci,principiante;intermedio,principale;finisher,ginocchia;caviglie,ginocchia: riduci la profondita dello squat e atterra piu morbido; caviglie: atterra su superficie ammortizzante,EX622,"In piedi, piedi a larghezza spalle, punte leggermente aperte, braccia libere","Scendi in squat fino a circa 90 gradi di ginocchio, busto eretto;Salta verso l alto estendendo completamente anche, ginocchia e caviglie;Atterra sull avampiede e scarica subito scendendo nello squat successivo;Mantieni il ritmo costante per tutta la serie",Squat che si accorcia con la fatica;Atterraggio piatto e rumoroso;Ginocchia che cedono verso l interno in salita o in atterraggio;Busto piegato avanti nella spinta,"L atterraggio si assorbe con avampiede, caviglia e ginocchio in sequenza: un atterraggio rumoroso e un atterraggio non ammortizzato",,,,,squat-jump
EX651,Squat wall ball palla medica,,dominante ginocchia,quadricipiti,palla medica,palestra;libero,quadricipiti;glutei;deltoidi anteriori;core,intermedio,principale;finisher,spalle;ginocchia;lombare,spalle: riduci il peso della palla e l altezza del bersaglio; lombare: non inarcare la schiena nel lancio,EX650,"Di fronte a una parete libera e robusta, a circa un passo di distanza, palla medica tenuta al petto con i gomiti bassi, piedi a larghezza spalle",Scendi in squat tenendo la palla al petto e il busto eretto;Risali esplosivo e usa la spinta delle gambe per lanciare la palla in alto contro la parete;Riprendi la palla al petto ammortizzando con le braccia;Scendi subito nello squat successivo senza pause,Lancio fatto con le sole braccia invece che con la spinta delle gambe;Schiena inarcata nel momento del lancio;Palla ripresa a braccia rigide;Distanza dalla parete che aumenta ripetizione dopo ripetizione,"Serve una parete che regga l impatto e nessuno intorno: la palla torna indietro e va ripresa, non schivata",,,,,squat-wall-ball-palla-medica
EX652,Stacco rumeno una gamba,,dominante anca,ischiocrurali,corpo libero,casa;libero;palestra,ischiocrurali;glutei;core,principiante;intermedio,principale;riscaldamento,lombare;equilibrio,equilibrio: sfiora il pavimento con la punta della gamba libera o appoggia una mano a una parete; lombare: riduci l escursione,EX287,"In piedi su una gamba, ginocchio d appoggio morbido, braccia libere lungo i fianchi, schiena neutra","Manda il bacino indietro flettendo l anca e lascia che il busto scenda;La gamba libera si estende dietro restando in linea con il busto;Scendi finche senti gli ischiocrurali in allungamento, senza perdere la schiena neutra;Risali contraendo il gluteo e riportando il bacino avanti, poi cambia gamba a fine serie","Schiena arrotondata per scendere piu in basso;Bacino che ruota verso il lato della gamba libera;Ginocchio d appoggio troppo piegato, che trasforma il movimento in uno squat;Gamba libera che resta bassa invece di allinearsi al busto",Il riferimento e la linea busto-gamba: quando si spezza il movimento non e piu una flessione d anca,,,,,stacco-rumeno-una-gamba
EX653,Step up manubri con curl bicipiti,,dominante ginocchia,quadricipiti,manubri,palestra;casa,quadricipiti;glutei;bicipiti,intermedio,principale,ginocchia;equilibrio;lombare,equilibrio: usa un rialzo piu basso ed esegui il curl solo a piede fermo; ginocchia: riduci l altezza del rialzo,EX041,"Manubri impugnati lungo i fianchi con presa neutra, di fronte a una panca o a un rialzo stabile di altezza contenuta","Appoggia tutto il piede sul rialzo e sali spingendo con la gamba che sta sopra, senza spinta del piede a terra;In cima porta il ginocchio della gamba libera all altezza dell anca;Nella stessa posizione esegui un curl portando i manubri alle spalle;Scendi controllato dallo stesso lato e ripeti, cambiando gamba a fine serie",Spinta rubata dal piede a terra invece di salire con la gamba sopra;Busto piegato avanti nella salita;Curl fatto con lo slancio del corpo;Discesa lasciata cadere invece che controllata,"Sono due gesti in sequenza, non insieme: il curl si esegue quando l equilibrio in cima e gia stabile",elastico,"Stessa esecuzione usando un gradino solido o una sedia robusta al posto del rialzo, e un elastico sotto i piedi al posto dei manubri per il curl","Manubri lungo i fianchi, di fronte a un gradino solido o a una sedia appoggiata al muro;Appoggia tutto il piede e sali spingendo con la gamba sopra;In cima porta il ginocchio libero all altezza dell anca e completa il curl;Scendi controllato e ripeti",Rialzo instabile o che scivola;Spinta rubata dal piede a terra;Curl con slancio del busto,step-up-manubri-con-curl-bicipiti
EX654,Swing elastico maniglie,,dominante anca,glutei,elastico,casa;libero;palestra,glutei;ischiocrurali;deltoidi anteriori;core,intermedio,principale;finisher,lombare;spalle,lombare: riduci l ampiezza della flessione d anca e tieni la schiena neutra; spalle: fermati con le braccia all altezza del petto,EX019,"In piedi sull elastico, maniglie impugnate a braccia distese davanti al bacino, piedi a larghezza spalle, schiena neutra","Manda il bacino indietro flettendo le anche, le braccia scendono tra le gambe restando tese;Inverti il movimento estendendo con forza le anche;Le braccia salgono fino all altezza delle spalle portate dalla spinta d anca e dalla tensione dell elastico;Torna in flessione d anca accompagnando il ritorno, senza arrestare le braccia di colpo",Movimento tirato con le braccia invece che spinto dalle anche;Squat al posto della flessione d anca;Schiena che si arrotonda in basso;Iperestensione lombare nel finale della spinta,E un gesto d anca che finisce con le braccia in alto: se le spalle si affaticano prima dei glutei si sta tirando con le braccia,,,,,swing-elastico-maniglie
EX655,Squat wall sit inclinazione alternata,,dominante ginocchia,quadricipiti,corpo libero,casa;libero;palestra,quadricipiti;glutei;core,principiante;intermedio,principale;finisher,ginocchia;lombare,"ginocchia: tieni un angolo piu aperto, sopra i 90 gradi; lombare: mantieni tutta la schiena aderente al muro",EX040,"Schiena appoggiata al muro, piedi avanti a larghezza anche, scivola in basso fino a ginocchia a circa 90 gradi, cosce parallele al pavimento, braccia libere","Tieni la posizione di wall sit con tutta la schiena a contatto con il muro;Inclina lentamente il busto verso un lato mantenendo il contatto e l altezza del bacino;Torna al centro e inclina verso il lato opposto;Alterna le inclinazioni per tutta la durata prevista, senza risalire",Bacino che risale durante le inclinazioni;Schiena che si stacca dal muro nel movimento laterale;Peso scaricato tutto su una gamba;Ginocchia che superano la verticale delle punte,"E una tenuta: si prescrive a tempo, non a ripetizioni. Quando il bacino comincia a risalire la serie e finita",,,,,squat-wall-sit-inclinazione-alternata
EX656,Affondo profondo una gamba,,dominante ginocchia,quadricipiti,corpo libero,casa;libero;palestra,quadricipiti;glutei;flessori anca,principiante;intermedio,principale;riscaldamento,ginocchia;anca,ginocchia: metti un tappetino sotto il ginocchio dietro; anca: riduci la lunghezza del passo,EX616,"In posizione di affondo lungo, piede avanti piatto a terra, gamba dietro distesa, busto eretto, mani libere","Scendi lasciando andare il bacino verso il basso e in avanti, fino a sentire l allungamento all anca della gamba dietro;Mantieni il ginocchio avanti sopra la verticale del piede;Risali spingendo dal tallone del piede avanti;Completa le ripetizioni su un lato, poi cambia",Ginocchio avanti che scivola oltre la punta;Bacino che ruota invece di scendere dritto;Schiena inarcata per guadagnare apertura d anca;Ginocchio dietro sbattuto a terra,"La profondita la detta l anca della gamba dietro, non il ginocchio avanti: si scende finche l allungamento resta sopportabile",,,,,affondo-profondo-una-gamba
EX657,Hip thrust bilanciere una gamba,,dominante anca,glutei,bilanciere,palestra;casa,gluteo massimo;ischiocrurali,avanzato,principale,lombare;ginocchia,lombare: chiudi le costole e fermati con il corpo in linea; carico ridotto prima di passare a una gamba,EX237,"Schiena appoggiata alla panca all altezza delle scapole, bilanciere sul bacino con protezione, un piede a terra e l altra gamba sollevata","Spingi dal tallone del piede a terra sollevando il bacino fino ad allineare busto e coscia;Pausa 1 sec in massima contrazione;Scendi controllato 2-3 sec senza appoggiare del tutto;Completa le ripetizioni su una gamba, poi cambia","Iperestensione lombare in alto;Bilanciere non centrato, che scivola verso un lato;Bacino che ruota verso la gamba libera;Spinta dalla punta invece che dal tallone","Su una gamba il carico va dimezzato rispetto alla versione a due: il rischio non e il gluteo, e il bilanciere che si inclina",panca+elastico,Stessa spinta su una gamba con elastico sopra il bacino al posto del bilanciere,"Schiena sulla panca all altezza delle scapole, elastico sopra il bacino con le estremita sotto il piede a terra;Spingi dal tallone sollevando il bacino fino alla linea busto-coscia;Pausa 1 sec;Scendi controllato senza appoggiare",Elastico non centrato sul bacino;Iperestensione lombare in alto;Bacino che ruota verso la gamba libera,hip-thrust-bilanciere-una-gamba
EX658,Hip thrust una gamba panca spinta esplosiva,,dominante anca,glutei,corpo libero,casa;libero;palestra,gluteo massimo;ischiocrurali,intermedio,principale;finisher,lombare,lombare: togli la componente esplosiva ed esegui a velocita costante,EX237,"Schiena appoggiata alla panca all altezza delle scapole, un piede a terra, l altra gamba raccolta con il ginocchio verso il petto, mani al petto","Spingi dal tallone sollevando il bacino con intenzione esplosiva fino alla linea busto-coscia;Ferma il movimento in alto senza rimbalzare;Scendi controllato mantenendo il ginocchio raccolto;Completa le ripetizioni su una gamba, poi cambia",Slancio della gamba raccolta usato per salire;Iperestensione lombare nel finale esplosivo;Bacino che ruota verso il lato libero;Rimbalzo in basso fra una ripetizione e l altra,"Esplosivo e la salita, non la fine: la spinta si ferma con il corpo in linea, mai in iperestensione",,,,,hip-thrust-una-gamba-panca-spinta-esplosiva
EX659,Estensione anca elastico knee drive,,isolamento,glutei,elastico,casa;libero;palestra,gluteo massimo;flessori anca,principiante;intermedio,principale;riscaldamento,lombare;equilibrio,equilibrio: appoggia una mano a una parete; lombare: non inarcare per guadagnare estensione,EX221,"In piedi, elastico ancorato in basso davanti a te e agganciato alla caviglia della gamba che lavora, mano a un appoggio, busto eretto","Porta il ginocchio in alto verso l anca contro la resistenza dell elastico;Pausa breve in alto;Riporta la gamba indietro fino all estensione d anca accompagnando l elastico;Completa le ripetizioni su una gamba, poi cambia",Busto che si piega avanti nel knee drive;Schiena inarcata nella fase indietro;Ritorno lasciato all elastico;Bacino che ruota a ogni ripetizione,Il ginocchio sale grazie alla flessione d anca: se sale la schiena la serie e finita,,,,,estensione-anca-elastico-knee-drive
EX660,Estensione anca in piedi appoggio bilanciere,,isolamento,glutei,bilanciere,palestra,gluteo massimo;ischiocrurali,principiante;intermedio,principale,lombare;equilibrio,"lombare: fermati quando la gamba e in linea con il busto, senza salire oltre",EX221,"In piedi, bilanciere in verticale davanti a te usato come appoggio con entrambe le mani, peso su una gamba, l altra libera dietro","Porta la gamba libera indietro estendendo l anca, ginocchio quasi teso;Pausa 1 sec con il gluteo contratto;Torna controllato senza appoggiare del tutto il piede;Completa le ripetizioni su una gamba, poi cambia",Schiena inarcata per far salire di piu la gamba;Bacino che ruota verso il lato che lavora;Busto che si piega avanti a compensare;Slancio invece di estensione controllata,L estensione finisce con la gamba in linea con il busto: tutto quello che sale oltre lo produce la lombare,corpo libero,Stessa estensione d anca in piedi con le mani appoggiate a una parete o a uno schienale al posto del bilanciere,"In piedi con le mani appoggiate a una parete, peso su una gamba;Porta la gamba libera indietro estendendo l anca, ginocchio quasi teso;Pausa 1 sec contraendo il gluteo;Torna controllato senza appoggiare del tutto",Schiena inarcata;Bacino che ruota;Slancio invece di estensione controllata,estensione-anca-in-piedi-appoggio-bilanciere
EX661,Abduzione anca elastico seduto panca,,isolamento,glutei,elastico,casa;libero;palestra,gluteo medio,principiante,principale;riscaldamento,lombare,"lombare: busto eretto, non inclinarti indietro per aprire di piu",EX629,"Seduto sul bordo della panca, elastico ad anello sopra le ginocchia, piedi a terra a larghezza anche, mani appoggiate ai lati","Apri le ginocchia verso l esterno contro la resistenza dell elastico;Pausa 1 sec in massima apertura;Chiudi controllato accompagnando l elastico, senza far toccare le ginocchia;Busto fermo ed eretto per tutta la serie",Busto che si inclina indietro per aiutare;Piedi che si spostano a ogni ripetizione;Ritorno lasciato all elastico;Elastico troppo duro che riduce l apertura a pochi gradi,Il movimento e solo d anca: se il busto si muove l elastico e troppo duro,,,,,abduzione-anca-elastico-seduto-panca
EX662,Squat pistol TRX,,dominante ginocchia,quadricipiti,trx,casa;palestra,quadricipiti;glutei,intermedio,principale,ginocchia;equilibrio,ginocchia: riduci la profondita; usa piu assistenza delle braccia nelle prime serie,EX083,"In piedi di fronte al TRX ancorato in alto, maniglie impugnate a braccia tese, peso su una gamba, l altra tesa avanti","Scendi sulla gamba d appoggio accompagnandoti con il TRX, la gamba libera resta tesa avanti;Arriva alla profondita che controlli, tallone a terra;Risali spingendo dal tallone e usando le braccia solo quanto serve;Completa le ripetizioni su una gamba, poi cambia",Braccia che fanno il lavoro al posto della gamba;Tallone che si stacca;Ginocchio che cede verso l interno;Corpo che si allontana troppo dall ancoraggio,"Il TRX e assistenza, non trazione: se le braccia tirano piu della gamba che spinge, serve una variante piu facile",,,,,squat-pistol-trx
EX663,Squat pistol assistito,,dominante ginocchia,quadricipiti,corpo libero,casa;palestra,quadricipiti;glutei,intermedio,principale,ginocchia;equilibrio,ginocchia: fermati sopra il parallelo; aumenta l assistenza della mano,EX083,"In piedi accanto a un montante o a un supporto stabile, una mano appoggiata, peso su una gamba, l altra tesa avanti","Scendi sulla gamba d appoggio usando la mano solo per l equilibrio;La gamba libera resta tesa avanti senza toccare terra;Arriva alla profondita che controlli, tallone appoggiato;Risali spingendo dal tallone, poi cambia gamba a fine serie",Mano che tira invece di stabilizzare;Tallone che si stacca;Ginocchio che cede verso l interno;Gamba libera che si appoggia per riposare,L assistenza serve all equilibrio: quando comincia a sostenere il peso l esercizio va regredito,,,,,squat-pistol-assistito
EX664,Squat pistol kettlebell,,dominante ginocchia,quadricipiti,kettlebell,casa;libero;palestra,quadricipiti;glutei;core,avanzato,principale,ginocchia;equilibrio,equilibrio: riduci il peso; ginocchia: fermati sopra il parallelo,EX272,"In piedi su una gamba, kettlebell tenuto al petto con entrambe le mani, l altra gamba tesa avanti, sguardo avanti","Scendi sulla gamba d appoggio tenendo il kettlebell vicino al petto come contrappeso;Arriva in accosciata completa con la gamba libera tesa;Risali spingendo dal tallone senza slanci;Completa le ripetizioni su una gamba, poi cambia",Kettlebell che si allontana dal petto e tira avanti;Tallone che si stacca;Ginocchio che cede verso l interno;Schiena arrotondata nel punto piu basso,"Il kettlebell fa da contrappeso e rende il pistol piu facile, non piu pesante: se ti sbilancia in avanti va tenuto piu vicino",manubri,Stesso pistol con un manubrio tenuto verticale al petto con entrambe le mani,"In piedi su una gamba, manubrio verticale al petto con entrambe le mani sotto il disco superiore;Scendi sulla gamba d appoggio con la gamba libera tesa avanti;Arriva alla profondita che controlli;Risali spingendo dal tallone",Manubrio che si allontana dal petto;Tallone che si stacca;Ginocchio che cede verso l interno,squat-pistol-kettlebell
EX665,Squat hawaiano,,dominante ginocchia,quadricipiti,corpo libero,casa;libero;palestra,quadricipiti;glutei;adduttori,avanzato,principale,ginocchia;anca;equilibrio,"equilibrio: tieniti a un supporto; anca: riduci la profondita, la posizione della gamba libera e gia impegnativa",EX083,"In piedi su una gamba, caviglia dell altra gamba appoggiata sopra il ginocchio d appoggio con l anca aperta, braccia avanti per bilanciare","Scendi sulla gamba d appoggio mantenendo la caviglia in appoggio sul ginocchio;Arriva alla profondita che controlli senza perdere la posizione dell anca aperta;Risali spingendo dal tallone;Completa le ripetizioni su una gamba, poi cambia",Anca della gamba libera che si chiude scendendo;Tallone che si stacca;Ginocchio d appoggio che cede verso l interno;Busto che si arrotonda in basso,"Chiede mobilita d anca prima che forza: se l anca libera non resta aperta, la profondita va ridotta",,,,,squat-hawaiano
EX666,Squat shrimp,,dominante ginocchia,quadricipiti,corpo libero,casa;libero;palestra,quadricipiti;glutei,avanzato,principale,ginocchia;equilibrio,equilibrio: appoggia una mano a una parete; ginocchia: metti un tappetino sotto il ginocchio che scende,EX047,"In piedi su una gamba, l altra piegata dietro con la caviglia tenuta dalla mano dello stesso lato, busto eretto","Scendi sulla gamba d appoggio portando il ginocchio dietro verso il pavimento;Sfiora il pavimento con il ginocchio senza appoggiare il peso;Risali spingendo dal tallone della gamba d appoggio;Completa le ripetizioni su una gamba, poi cambia",Ginocchio dietro appoggiato per riposare;Busto piegato avanti a compensare;Tallone che si stacca;Perdita della presa sulla caviglia,"Il ginocchio dietro sfiora, non si appoggia: se ci si scarica sopra l esercizio smette di essere su una gamba",,,,,squat-shrimp
EX667,Squat skater una gamba,,dominante ginocchia,quadricipiti,corpo libero,casa;libero;palestra,quadricipiti;glutei,intermedio;avanzato,principale,ginocchia;equilibrio,equilibrio: appoggia una mano a una parete; ginocchia: riduci la profondita,EX047,"In piedi su una gamba, l altra piegata e portata dietro, braccia avanti per bilanciare, busto leggermente inclinato","Scendi sulla gamba d appoggio portando il ginocchio della gamba dietro verso il pavimento;Sfiora il pavimento senza appoggiare;Risali spingendo dal tallone della gamba d appoggio;Completa le ripetizioni su una gamba, poi cambia",Ginocchio dietro appoggiato a terra;Ginocchio d appoggio che cede verso l interno;Busto che si arrotonda;Discesa lasciata cadere,La discesa va controllata fino in fondo: e nell ultimo tratto che il ginocchio d appoggio tende a cedere verso l interno,,,,,squat-skater-una-gamba
EX668,Squat sissy in ginocchio,,isolamento,quadricipiti,corpo libero,casa;libero;palestra,quadricipiti,intermedio,principale,ginocchia;lombare,ginocchia: riduci l inclinazione indietro; tappetino spesso sotto le ginocchia,EX096,"In ginocchio a terra su un tappetino, busto eretto in linea con le cosce, mani ai fianchi o incrociate al petto","Inclina il busto indietro mantenendo la linea ginocchia-anche-spalle, senza piegarti all anca;Scendi finche senti i quadricipiti caricare, controllando tutta la discesa;Risali contraendo i quadricipiti fino alla posizione di partenza;Il bacino non si siede mai sui talloni",Flessione all anca invece dell inclinazione a corpo unico;Bacino che si siede sui talloni;Discesa lasciata cadere;Schiena inarcata per compensare,La linea ginocchia-anche-spalle e tutto l esercizio: se il bacino si piega il carico esce dai quadricipiti e va al ginocchio,,,,,squat-sissy-in-ginocchio
EX669,Squat seduto su step,,dominante ginocchia,quadricipiti,corpo libero,casa;libero;palestra,quadricipiti;glutei,principiante,principale;riscaldamento,ginocchia,ginocchia: alza lo step per ridurre la profondita,EX013,"In piedi davanti a uno step o a un rialzo basso e stabile, piedi a larghezza spalle, mani unite davanti al petto",Scendi in squat mandando le anche indietro fino a sfiorare lo step con i glutei;Tocca senza sederti e senza rimbalzare;Risali spingendo dai talloni;Il busto resta eretto per tutta la ripetizione,Sedersi davvero sullo step scaricando la tensione;Rimbalzo sul rialzo per ripartire;Talloni che si staccano;Busto che si piega avanti nella risalita,"Lo step serve a fissare la profondita: si sfiora, non ci si siede",,,,,squat-seduto-su-step
EX670,Squat torsione ginocchio alto,,dominante ginocchia,quadricipiti,corpo libero,casa;libero;palestra,quadricipiti;glutei;obliqui;core,principiante;intermedio,principale;riscaldamento,ginocchia;lombare,"lombare: riduci l ampiezza della torsione, che nasce dal torace non dalla zona lombare",EX616,"In piedi, piedi a larghezza spalle, mani dietro la nuca con i gomiti aperti",Scendi in squat mantenendo il busto eretto e i gomiti aperti;Risali e porta un ginocchio in alto ruotando il torace verso quel ginocchio;Torna al centro e scendi nello squat successivo;Alterna il lato a ogni ripetizione,Torsione cercata con la zona lombare invece che con il torace;Gomiti che si chiudono in avanti;Squat che si accorcia con la fatica;Ginocchio che sale poco perche la rotazione arriva prima,"La rotazione nasce dal torace, con il bacino fermo: e la stessa regola del wood chop",,,,,squat-torsione-ginocchio-alto
EX671,Camminata squat,,dominante ginocchia,quadricipiti,corpo libero,casa;libero;palestra,quadricipiti;glutei,intermedio,principale;finisher,ginocchia;lombare,ginocchia: cammina in mezzo squat invece che in accosciata completa,EX013,"In accosciata bassa con i piedi a larghezza anche, busto il piu eretto possibile, braccia libere davanti, spazio libero davanti a te","Avanza a passi corti restando in accosciata, senza risalire fra un passo e l altro;Mantieni l altezza del bacino costante per tutto il percorso;Il busto resta eretto e lo sguardo avanti;Percorri la distanza prevista, poi torna indietro",Bacino che risale a ogni passo;Busto che si arrotonda avanti;Passi troppo lunghi che sbilanciano;Talloni che si staccano da terra,Se il bacino risale l esercizio si e trasformato in una camminata: meglio meno distanza e posizione bassa mantenuta,,,,,camminata-squat
EX672,Jumping box una gamba,,dominante ginocchia,quadricipiti,box,palestra;casa,quadricipiti;glutei;polpacci,avanzato,principale,ginocchia;caviglie;equilibrio,equilibrio: atterra su due piedi; ginocchia: sostituisci con la salita sul box senza salto,EX617,"In piedi su una gamba davanti a un box stabile e basso, braccia libere per lo slancio","Carica scendendo in mezzo squat sulla gamba d appoggio e portando le braccia indietro;Salta sul box slanciando le braccia;Atterra sul box sulla stessa gamba ammortizzando con caviglia, ginocchio e anca;Scendi dal box camminando, mai saltando",Box troppo alto per una gamba sola;Atterraggio con il ginocchio che cede verso l interno;Discesa dal box saltando;Ripetizioni concatenate senza stabilizzare,"Su una gamba l altezza del box va abbassata di parecchio rispetto alla versione a due piedi: comanda l atterraggio, non la spinta",panca,Stesso salto su una panca bassa e stabile o su un gradino solido,In piedi su una gamba davanti a una panca bassa e stabile;Carica in mezzo squat e salta slanciando le braccia;Atterra sulla stessa gamba ammortizzando;Scendi camminando prima della ripetizione successiva,Panca che scivola o si muove;Altezza eccessiva;Discesa saltando,jumping-box-una-gamba
EX673,Jumping box,,dominante ginocchia,quadricipiti,box,palestra;casa,quadricipiti;glutei;polpacci,intermedio,principale;finisher,ginocchia;caviglie,ginocchia: abbassa il box e atterra piu morbido; caviglie: sostituisci con la salita sul box senza salto,EX650,"In piedi davanti a un box stabile, piedi a larghezza anche, braccia libere lungo i fianchi","Scendi in mezzo squat caricando le anche e portando le braccia indietro;Salta sul box slanciando le braccia avanti;Atterra su entrambi i piedi in mezzo squat, ammortizzando;Scendi dal box camminando, mai saltando","Box troppo alto, che costringe a raccogliere le ginocchia invece di salire;Atterraggio a gambe rigide;Discesa dal box saltando;Piedi che atterrano sul bordo",Si sale saltando e si scende camminando: la maggior parte degli infortuni al box arriva dalla discesa,panca,Stesso salto su una panca bassa e stabile o su un gradino solido,In piedi davanti a una panca bassa e stabile;Scendi in mezzo squat e salta sulla panca slanciando le braccia;Atterra su entrambi i piedi ammortizzando;Scendi camminando,Panca che scivola;Altezza eccessiva per il livello;Discesa saltando,jumping-box
EX674,Salto lungo da fermo,,dominante ginocchia,quadricipiti,corpo libero,casa;libero;palestra,quadricipiti;glutei;polpacci,intermedio,principale,ginocchia;caviglie,ginocchia: riduci la distanza e atterra piu morbido; caviglie: atterra su superficie ammortizzante,EX622,"In piedi con spazio libero davanti, piedi a larghezza anche, braccia libere","Carica scendendo in mezzo squat e portando le braccia indietro;Salta in avanti il piu lontano possibile slanciando le braccia;Atterra su entrambi i piedi in mezzo squat, ammortizzando con caviglie, ginocchia e anche;Stabilizza prima della ripetizione successiva","Atterraggio a gambe rigide;Distanza cercata oltre quello che l atterraggio regge;Braccia ferme lungo i fianchi;Serie lunghe: e espressione di potenza, non di resistenza",La distanza la decide l atterraggio: se si finisce sbilanciati in avanti il salto era troppo lungo,,,,,salto-lungo-da-fermo
EX675,Squat pistol seduto su box,,dominante ginocchia,quadricipiti,box,palestra;casa,quadricipiti;glutei,intermedio,principale,ginocchia;equilibrio,"equilibrio: alza il box, cosi la risalita parte da piu in alto; ginocchia: usa un box piu alto",EX643,"Seduto sul bordo di un box stabile, un piede a terra sotto il ginocchio, l altra gamba tesa avanti sollevata, braccia distese avanti come contrappeso","Spingi dal tallone del piede a terra e alzati sulla sola gamba d appoggio;Arriva in piedi con la gamba libera ancora tesa avanti;Scendi controllato fino a sfiorare il box con i glutei, senza sederti del tutto;Completa le ripetizioni su una gamba, poi cambia",Sedersi davvero sul box e ripartire da fermo con uno slancio;Gamba libera che tocca terra per aiutare;Tallone che si stacca;Busto che si arrotonda in avanti nella salita,"Il box fissa il punto di partenza e regola la difficolta: piu e basso, piu il pistol e vicino a quello completo",panca,Stessa esecuzione seduto sul bordo di una panca o di una sedia robusta appoggiata al muro,"Seduto sul bordo di una panca stabile, un piede a terra e l altra gamba tesa avanti;Spingi dal tallone e alzati sulla sola gamba d appoggio;Scendi controllato fino a sfiorare la panca senza sederti;Completa le ripetizioni su una gamba, poi cambia",Panca che scivola;Sedersi del tutto fra le ripetizioni;Gamba libera che tocca terra,squat-pistol-seduto-su-box
EX676,Calf raise cavo basso dietro,,isolamento,polpacci,cavo basso,casa;palestra,polpacci,principiante,principale,caviglia; tendine d'Achille,Riduci l'ampiezza in discesa se senti tirare il tendine,EX028,"In piedi sul pavimento, cavi agganciati in basso dietro di te, una maniglia per mano tenuta all'altezza dei glutei","Sali sulle punte spingendo con i polpacci, fermati un istante in alto, poi scendi lentamente controllando la discesa",Salire di slancio; far cadere il tallone invece di accompagnarlo; piegare le ginocchia,"Se il tendine d'Achille è sensibile, non scendere sotto il livello del pavimento",elastico,Con un elastico ancorato in basso al posto dei cavi,"Stessa esecuzione, elastico dietro i piedi e maniglie ai glutei; la tensione cresce salendo",Elastico troppo lento: perde tensione in basso e l'esercizio non carica,calf-raise-cavo-basso-dietro
EX677,Adduzione un braccio elastico in piedi,,isolamento,petto,elastico,casa;libero;palestra,pettorale;deltoide anteriore,principiante,principale;finisher,spalle,spalle: riduci l'ampiezza di apertura se senti tensione alla parte anteriore della spalla,EX001,"In piedi, elastico ancorato all'altezza del petto di lato, un capo nella mano lontana dall'ancoraggio, braccio aperto lateralmente","Porta il braccio in avanti verso la linea mediana del corpo, gomito morbido;Contrai il pettorale a fine chiusura;Ritorno lento 3 sec senza far collassare l'elastico",Ruotare il busto per allungare la chiusura;Piegare il gomito trasformando il movimento in una spinta;Elastico troppo lasco a inizio movimento,"Mantieni il busto fermo: se ruota, l'elastico e troppo teso per il tuo livello",,,,,adduzione-un-braccio-elastico-in-piedi
EX678,Chest press elastico inclinato,,spinta orizzontale,petto,elastico,casa;libero;palestra,pettorale alto;deltoide anteriore;tricipiti,principiante;intermedio,principale,spalle;polsi,"spalle: se la spinta alta da fastidio, abbassa l'ancoraggio verso l'altezza del petto",EX001,"In piedi, elastico ancorato in basso dietro la schiena, un capo per mano all'altezza delle costole, busto leggermente inclinato in avanti","Spingi in avanti e verso l'alto lungo una diagonale, gomiti che seguono le mani;Estendi senza bloccare i gomiti;Ritorno lento 3 sec mantenendo la tensione",Gomiti che si aprono oltre la linea delle spalle;Inarcare la schiena per aiutare la spinta;Elastico troppo lasco a inizio movimento,"L'inclinazione sposta il lavoro sul pettorale alto: se senti solo le spalle, riduci l'angolo",,,,,chest-press-elastico-inclinato
EX679,Croci TRX,,isolamento,petto,trx,casa;libero;palestra,pettorale;deltoide anteriore;core,intermedio,principale,spalle;polsi,"spalle: più il corpo e verticale, più l'esercizio e facile: allontana i piedi per progredire",EX098,"Impugnature TRX in mano, corpo inclinato in avanti in linea dalla testa ai talloni, braccia distese davanti al petto",Apri le braccia lateralmente ad arco mantenendo i gomiti morbidi e fermi nell'angolo;Scendi fino a sentire l'allungamento del pettorale;Chiudi le braccia contraendo il petto,Piegare i gomiti trasformando il movimento in una spinta;Bacino che cede verso il basso;Aprire oltre il punto di fastidio alla spalla,"Verifica l'ancoraggio del TRX prima di caricarlo. Regola la difficoltà con l'inclinazione, non con l'ampiezza",,,,,croci-trx
EX680,Dip anelli,,spinta verticale,tricipiti,anelli,palestra;libero,tricipiti;pettorale basso;deltoide anteriore;core,avanzato,principale,spalle;gomiti,spalle: limita la discesa a gomito a 90 gradi finché la stabilità sugli anelli non e acquisita,EX072,"Sospeso agli anelli a braccia tese, anelli vicini ai fianchi, corpo in linea e gambe ferme",Discesa controllata fino a gomito a 90 gradi 2-3 sec tenendo gli anelli fermi;Spingi fino a estensione;Spalle basse e lontane dalle orecchie,Anelli che oscillano o si allargano;Discesa eccessiva;Slancio delle gambe,Gli anelli aggiungono instabilità rispetto alle parallele fisse: acquisisci prima la tenuta a braccia tese,,,,,dip-anelli
EX681,Dip parallele coreano,,spinta verticale,petto,corpo libero,casa;palestra;libero,pettorale;deltoide anteriore;tricipiti;core,avanzato,skill,spalle;gomiti,spalle: lavora prima sulla tenuta a braccia tese con le mani dietro prima di aggiungere la discesa,EX072,"Sospeso alle parallele con le mani dietro la schiena e il corpo davanti alla linea delle mani, braccia tese",Scendi mantenendo il corpo davanti alle mani e il petto aperto;Controlla l'estensione della spalla senza superare la soglia di fastidio;Spingi tornando alla tenuta a braccia tese,Scendere oltre la mobilità disponibile della spalla;Portare il corpo dietro la linea delle mani;Tentare la discesa senza la tenuta statica,"Skill di ginnastica avanzata: sollecita l'estensione della spalla in modo estremo, richiede mobilità dedicata",,,,,dip-parallele-coreano
EX682,Dip parallele ginniche,,spinta verticale,tricipiti,corpo libero,casa;palestra;libero,tricipiti;pettorale basso;deltoide anteriore,intermedio;avanzato,principale,spalle,"spalle: busto verticale per i tricipiti, inclinato in avanti per il petto",EX072,"Sospeso alle parallele ginniche a braccia tese, busto verticale, gambe ferme sotto il corpo",Discesa controllata fino a gomito a 90 gradi 2-3 sec;Spingi fino a estensione completa;Spalle basse e lontane dalle orecchie,Discesa eccessiva sotto la soglia di fastidio;Spalle in elevazione;Slancio delle gambe,Limita il range se senti tensione alla spalla,,,,,dip-parallele-ginniche
EX683,Dip parallele impossible,,spinta verticale,petto,corpo libero,casa;palestra;libero,pettorale;deltoide anteriore;tricipiti;core,avanzato,skill,spalle;gomiti;polsi,"spalle: progressione dal dip coreano, non tentare senza quella tenuta acquisita",EX072,"Sospeso alle parallele con le mani dietro la schiena e il bacino portato in avanti, corpo quasi orizzontale",Mantieni la tenuta con scapole protratte e bacino chiuso;Scendi controllando l'estensione della spalla;Spingi tornando alla posizione di partenza,Tentare la progressione senza il dip coreano acquisito;Bacino che cede verso il basso;Scendere oltre la mobilità disponibile,"Skill di ginnastica fra le più esigenti per la spalla: richiede anni di preparazione, non improvvisare",,,,,dip-parallele-impossible
EX684,Dip sedie,,spinta verticale,tricipiti,corpo libero;sedia,casa,tricipiti;pettorale basso;deltoide anteriore,intermedio,principale,spalle;polsi,spalle: avvicina le sedie fra loro se la posizione risulta troppo larga,EX580,"Due sedie stabili affiancate a larghezza spalle, una mano sullo schienale o sul bordo di ciascuna, corpo sospeso a braccia tese",Discesa controllata fino a gomito a 90 gradi 2-3 sec;Spingi fino a estensione;Busto verticale e spalle basse,Sedie che scivolano o si inclinano;Gomiti aperti verso l'esterno;Discesa eccessiva,Usa sedie stabili appoggiate al muro. Mai sedie con rotelle o pieghevoli,,,,,dip-sedie
EX685,Lancio al petto palla medica al muro,,cardio_metabolico,petto,palla medica,casa;libero;palestra,pettorale;tricipiti;deltoide anteriore;core,principiante;intermedio,finisher,spalle;polsi,spalle: avvicinati al muro per ridurre la potenza richiesta a ogni lancio,EX001,"In piedi di fronte a un muro libero, palla medica tenuta all'altezza del petto con entrambe le mani, piedi a larghezza spalle",Spingi la palla in avanti verso il muro estendendo le braccia con forza;Ricevi la palla al rimbalzo ammortizzando verso il petto;Incatena i lanci mantenendo il ritmo,Lanciare dall'alto invece che dal petto;Ricevere a braccia rigide senza ammortizzare;Muro o palla non adatti al rimbalzo,Usa una palla medica adatta al rimbalzo e un muro pieno senza oggetti. Mai eseguire vicino a vetri o mensole,,,,,lancio-al-petto-palla-medica-al-muro
EX686,Piegamenti archer braccio rialzato,,spinta orizzontale,petto,corpo libero,casa;palestra,pettorale;tricipiti;deltoide anteriore;core,avanzato,principale,spalle;polsi,"polsi: distribuire il peso sul palmo, non sulle dita, sul braccio che lavora",EX377,"Posizione plank, un braccio in appoggio verticale sotto la spalla, l'altro esteso lateralmente con la mano su un rialzo",Scendi flettendo il gomito del braccio in appoggio verso il petto 2-3 sec;Spingi verso l'alto fino a estensione;Il braccio sul rialzo resta esteso e non spinge,Bacino che ruota o cede lateralmente;Braccio sul rialzo che spinge invece di assistere;Gomito del braccio in appoggio che si apre verso l'esterno,Il rialzo aumenta il carico sul braccio che lavora rispetto all'archer classico: progredisci con rialzi bassi,,,,,piegamenti-archer-braccio-rialzato
EX687,Piegamenti declinati fitball,,spinta orizzontale,petto,corpo libero;fitball,casa;palestra,pettorale alto;deltoide anteriore;tricipiti;core,intermedio;avanzato,principale,spalle;polsi;core,"core: più la palla e vicina ai piedi, più l'esercizio e stabile e facile",EX379,"Piedi o stinchi appoggiati sulla fitball, mani a terra a larghezza spalle, corpo in linea con il bacino chiuso",Scendi flettendo i gomiti fino a sfiorare il petto a terra 2-3 sec;Spingi fino a estensione mantenendo la palla ferma;Bacino allineato per tutto il movimento,Fitball che rotola per perdita di controllo;Bacino che cede verso il basso;Gomiti troppo aperti a 90 gradi,"Prova prima la tenuta in plank sulla palla: se il bacino oscilla, avvicina la palla ai piedi",,,,,piegamenti-declinati-fitball
EX688,Piegamenti deficit kettlebell,,spinta orizzontale,petto,kettlebell,casa;palestra,pettorale;tricipiti;deltoide anteriore;core,intermedio;avanzato,principale,spalle;polsi,"polsi: l'impugnatura sui manici mantiene il polso neutro, riducendo lo stress articolare",EX380,"Due kettlebell a terra a larghezza spalle con i manici paralleli, presa neutra sui manici, corpo in linea in posizione plank",Scendi fra le kettlebell sfruttando il deficit fino a superare la linea delle mani 2-3 sec;Spingi fino a estensione dei gomiti;Kettlebell ferme e stabili,Kettlebell che si inclinano o ruotano;Bacino che cede verso il basso;Gomiti troppo aperti a 90 gradi,Verifica che le kettlebell siano stabili e su superficie non scivolosa prima di iniziare,,,,,piegamenti-deficit-kettlebell
EX689,Piegamenti deficit slancio panche piane,,spinta orizzontale,petto,panca,palestra,pettorale;tricipiti;deltoide anteriore;core,avanzato,finisher,spalle;polsi,spalle: riduci l'altezza delle panche o esegui senza fase di volo se l'impatto da fastidio,EX387,"Due panche piane affiancate a larghezza spalle, una mano su ciascuna, corpo in linea sospeso nel deficit fra le due",Scendi fra le panche sfruttando il deficit 2-3 sec;Spingi con forza esplosiva fino a staccare le mani;Atterra sulle panche con i gomiti morbidi ammortizzando,Atterraggio rigido con i gomiti bloccati;Panche che scivolano per impatto;Bacino che cede durante la fase di volo,Verifica la stabilità delle panche prima di ogni serie. Non praticare con affaticamento articolare a spalle o polsi,,,,,piegamenti-deficit-slancio-panche-piane
EX690,Piegamenti disco sovraccarico,,spinta orizzontale,petto,corpo libero;disco,palestra,pettorale;tricipiti;deltoide anteriore;core,intermedio;avanzato,principale,spalle;polsi;lombari,"lombari: fatti posizionare il disco da un compagno, non inarcare per sistemarlo da solo",EX003,"Posizione plank con mani a terra a larghezza spalle, un disco appoggiato in mezzo alla schiena all'altezza delle scapole","Scendi flettendo i gomiti fino a sfiorare il petto a terra 2-3 sec, core contratto;Spingi fino a estensione mantenendo il disco fermo;Corpo sempre in linea",Disco che scivola per bacino non allineato;Bacino che cede sotto il carico;Gomiti troppo aperti a 90 gradi,"Aumenta il carico gradualmente. Se il bacino cede, il peso è eccessivo: togli il disco",,,,,piegamenti-disco-sovraccarico
EX691,Piegamenti fitball,,spinta orizzontale,petto,corpo libero;fitball,casa;palestra,pettorale;tricipiti;deltoide anteriore;core,intermedio,principale,spalle;polsi;core,core: appoggia le ginocchia a terra per ridurre il carico mantenendo l'instabilità della palla,EX003,"Entrambe le mani appoggiate sulla fitball a larghezza spalle, corpo in linea in posizione plank",Scendi flettendo i gomiti controllando l'instabilità della palla 2-3 sec;Spingi fino a estensione;Palla ferma sotto il petto,Palla che rotola per appoggio non centrato;Bacino che cede verso il basso;Gomiti aperti,L'instabilità della palla aggiunge lavoro al core ma riduce il carico gestibile: non forzare le ripetizioni,,,,,piegamenti-fitball
EX692,Piegamenti gamba sollevata,,spinta orizzontale,petto,corpo libero,casa;libero;palestra,pettorale;tricipiti;deltoide anteriore;core;glutei,intermedio,principale,spalle;polsi;lombari,"lombari: solleva la gamba solo fino alla linea del corpo, non oltre",EX003,"Posizione plank con mani a terra a larghezza spalle, una gamba sollevata da terra e tesa in linea con il corpo",Scendi flettendo i gomiti fino a sfiorare il petto a terra 2-3 sec;Spingi fino a estensione mantenendo la gamba sollevata ferma;Cambia gamba a metà serie,Bacino che ruota verso il lato della gamba a terra;Gamba sollevata oltre la linea del corpo;Bacino che cede verso il basso,Il carico si sposta su tre appoggi invece di quattro: mantieni il bacino chiuso per non caricare la zona lombare,,,,,piegamenti-gamba-sollevata
EX693,Piegamenti indù,,spinta orizzontale,petto,corpo libero,casa;libero;palestra,pettorale;deltoidi;tricipiti;core;catena posteriore,intermedio,principale;riscaldamento,spalle;polsi;lombari,lombari: riduci l'estensione finale della schiena se senti compressione,EX034,"A terra in posizione di V rovesciata, mani a larghezza spalle, glutei in alto e gambe semitese",Scendi in avanti portando il petto vicino a terra passando fra le mani;Estendi le braccia sollevando il torace in avanti-alto;Torna alla V rovesciata invertendo il percorso,Saltare la fase di transizione perdendo la fluidità;Inarcare la zona lombare invece di estendere il torace;Gomiti che si aprono lateralmente,"È un movimento fluido e continuo: se una fase risulta scattosa, rallenta invece di forzare il passaggio",,,,,piegamenti-indu
EX694,Piegamenti mani incrociate,,spinta orizzontale,petto,corpo libero,casa;libero;palestra,pettorale;tricipiti;deltoide anteriore;core,intermedio;avanzato,principale,spalle;polsi,"polsi: se l'incrocio da fastidio, riduci la sovrapposizione delle mani",EX545,"Posizione plank con le mani a terra incrociate una davanti all'altra sotto il petto, corpo in linea",Scendi flettendo i gomiti mantenendo la base stretta 2-3 sec;Spingi fino a estensione senza spostare le mani;Inverti l'incrocio a metà serie,Bacino che ruota per compensare la base stretta;Mani che scivolano perdendo l'incrocio;Gomiti che si aprono verso l'esterno,"La base ristretta riduce la stabilità: se il bacino oscilla, torna ai piegamenti diamante",,,,,piegamenti-mani-incrociate
EX695,Piegamenti planche,,spinta orizzontale,petto,corpo libero,casa;libero;palestra,pettorale;deltoide anteriore;tricipiti;core,avanzato,skill,spalle;polsi;gomiti,polsi: usa parallette per mantenere il polso neutro sotto il carico estremo della planche,EX377,"Mani a terra sotto i fianchi con le dita rivolte all'indietro, corpo sollevato e teso in orizzontale senza appoggio dei piedi",Mantieni la tenuta in planche con scapole protratte e bacino chiuso;Scendi flettendo i gomiti restando in orizzontale;Spingi tornando alla tenuta senza appoggiare i piedi,Appoggiare i piedi per completare la ripetizione;Bacino che cede verso il basso;Tentare la spinta prima di avere la tenuta statica,Skill di ginnastica avanzata: richiede mesi di preparazione sulle progressioni statiche prima della spinta,,,,,piegamenti-planche
EX696,Piegamenti pliometrici tocco petto,,spinta orizzontale,petto,corpo libero,casa;palestra,pettorale;tricipiti;deltoide anteriore;core,avanzato,finisher,spalle;polsi,polsi: atterraggio ammortizzato con i gomiti morbidi per assorbire l'impatto,EX387,"Posizione plank, mani a terra a larghezza spalle, corpo in linea",Scendi flettendo i gomiti fino a sfiorare il petto a terra 2-3 sec;Spingi con forza esplosiva staccando le mani;Tocca il petto con le mani a mezz'aria e atterra con i gomiti morbidi,Atterraggio rigido con i gomiti bloccati;Bacino che cede durante la fase di volo;Tentare il tocco senza un'altezza di volo sufficiente,Acquisisci prima i piegamenti pliometrici con stacco delle mani: il tocco richiede più tempo di volo,,,,,piegamenti-pliometrici-tocco-petto
EX697,Piegamenti sui pugni,,spinta orizzontale,petto,corpo libero,casa;libero;palestra,pettorale;tricipiti;deltoide anteriore;core;avambracci,principiante;intermedio,principale,polsi;nocche;spalle,polsi: l'appoggio sui pugni mantiene il polso neutro ed è indicato se la flessione del polso da fastidio,EX003,"Pugni chiusi a terra a larghezza spalle con appoggio sulle prime due nocche, polso in linea con l'avambraccio, corpo in linea",Scendi flettendo i gomiti fino a sfiorare il petto a terra 2-3 sec;Spingi fino a estensione mantenendo i polsi in linea;Pugni fermi e paralleli,Polso che cede lateralmente sotto il carico;Appoggio sulle nocche esterne invece che sulle prime due;Superficie troppo dura senza protezione,"Esegui su tappetino o superficie non rigida. Se il polso cede lateralmente, il carico è eccessivo per l'appoggio sui pugni",,,,,piegamenti-sui-pugni
EX698,Piegamenti sulle dita,,spinta orizzontale,petto,corpo libero,casa;libero;palestra,pettorale;tricipiti;deltoide anteriore;avambracci;core,avanzato,skill,dita;polsi;spalle,dita: inizia in appoggio sulle ginocchia per ridurre il carico sulle articolazioni delle dita,EX003,"Appoggio sui polpastrelli con le dita aperte a larghezza spalle, dita leggermente flesse e attive, corpo in linea",Scendi flettendo i gomiti mantenendo le dita attive 2-3 sec;Spingi fino a estensione senza far cedere le dita;Palmo mai a contatto con il terreno,Dita che collassano lasciando appoggiare il palmo;Progredire troppo in fretta sul carico;Superficie scivolosa,Skill che carica articolazioni piccole: progredisci molto lentamente e interrompi al primo fastidio alle dita,,,,,piegamenti-sulle-dita
EX699,Piegamenti TRX,,spinta orizzontale,petto,trx,casa;libero;palestra,pettorale;tricipiti;deltoide anteriore;core,intermedio,principale,spalle;polsi,"spalle: più il corpo e verticale, più l'esercizio e facile: allontana i piedi per progredire",EX003,"Impugnature TRX in mano, corpo inclinato in avanti in linea dalla testa ai talloni, braccia distese sotto le spalle","Scendi flettendo i gomiti verso il petto 2-3 sec, corpo in linea;Spingi fino a estensione senza bloccare i gomiti;Le impugnature restano stabili, non oscillano",Bacino che cede verso il basso;Impugnature che oscillano per perdita di controllo;Gomiti troppo aperti a 90 gradi,Verifica l'ancoraggio del TRX prima di caricarlo. L'instabilità aumenta il lavoro del core,,,,,piegamenti-trx
EX700,Piegamenti un braccio,,spinta orizzontale,petto,corpo libero,casa;libero;palestra,pettorale;tricipiti;deltoide anteriore;core;obliqui,avanzato,skill,spalle;polsi;lombari,"polsi: distribuire il peso sul palmo, non sulle dita, in appoggio monolaterale",EX377,"Posizione plank con una sola mano a terra sotto il petto, l'altra dietro la schiena, piedi larghi per stabilità",Scendi flettendo il gomito verso il petto 2-3 sec senza ruotare il bacino;Spingi fino a estensione completa;Cambia braccio a metà serie,Bacino che ruota per compensare;Piedi troppo stretti per la stabilità richiesta;Range incompleto per carico eccessivo,Skill avanzata: acquisisci prima i piegamenti archer con range completo su entrambe le braccia,,,,,piegamenti-un-braccio
EX701,Piegamenti un braccio palla medica,,spinta orizzontale,petto,corpo libero;palla medica,casa;palestra,pettorale;tricipiti;deltoide anteriore;core;obliqui,avanzato,skill,spalle;polsi;core,"spalle: l'instabilità della palla richiede maggiore controllo, riduci il ritmo rispetto alla versione a terra",EX388,"Una mano appoggiata sopra una palla medica sotto il petto, l'altra dietro la schiena, piedi larghi per stabilità",Scendi flettendo il gomito controllando l'instabilità della palla 2-3 sec;Spingi fino a estensione senza far rotolare la palla;Cambia braccio a metà serie,Palla che rotola per appoggio non centrato;Bacino che ruota per compensare;Tentare la variante prima di padroneggiare quella a terra,"Skill avanzata: la palla riduce il carico massimo gestibile rispetto all'appoggio a terra, non forzare le ripetizioni",,,,,piegamenti-un-braccio-palla-medica
