quando	zona	da	a	sha256	esito	dettaglio
2026-08-01T10:00:05	Addominali e Core	Bird dog quadrupedia.gif	Bird dog.gif	3a2d0f1778a43df8cd38e618c6cecf1fcf43c19e3e55f0c8b2e90373c9fe6aec	rinominato	
2026-08-01T10:00:05	Addominali e Core	Crunch bicicletta (Bicycle Crunch).gif	Crunch bicicletta.gif	a222473e31913c710f178be3f8aaa2ff276a9ca0be3a077c365d10ed4d942489	rinominato	
2026-08-01T10:00:05	Addominali e Core	Crunch bicicletta gambe tese 45 (Bicycle Crunch Straight Legs).gif	Crunch bicicletta gambe tese 45 gradi.gif	1e3fad9625293c8cc1b12bbaca2264df7776712a0d0604978299e62899749feb	rinominato	
2026-08-01T10:00:05	Addominali e Core	Crunch braccia tese (Straight-Arm Crunch).gif	Crunch braccia tese dietro.gif	f75678c6d93698a93a85d303a55d49816194805a6c17b46a03758fa6488be8fd	rinominato	
2026-08-01T10:00:05	Addominali e Core	Crunch braccia tese gambe 45 (Straight-Arm Crunch Legs 45).gif	Crunch braccia tese gambe 45 gradi.gif	acef314e91d1a3cc4c0f959d2899210072f4de0fb9a94e4c6ad50651182d2c58	rinominato	
2026-08-01T10:00:05	Addominali e Core	Crunch cavo alto (High Cable Crunch).gif	Crunch cavo alto.gif	348e0ec166cbecb523bb50e973a53adbf18577f29e90fe0fec193db569e0012b	rinominato	
2026-08-01T10:00:05	Addominali e Core	Crunch cavo alto in ginocchio (Kneeling High Cable Crunch).gif	Crunch cavo alto in ginocchio.gif	95a881df7a2b8e8dee9965978d56b055d30a3188c1215d37bf67f5ab0160f23d	rinominato	
2026-08-01T10:00:05	Addominali e Core	Crunch con peso (Weighted Crunch).gif	Crunch con peso.gif	86c17e6c98914416476c9938525329844127ea4168eccd1f1ac59770c104ce97	rinominato	
2026-08-01T10:00:05	Addominali e Core	Crunch farfalla gomiti-ginocchia (Butterfly Elbow-to-Knee Crunch).gif	Crunch farfalla gomiti-ginocchia.gif	5620ce03dc4d477caa8c70c85661d897bc0da56bc5115a0351e4f180edadcd5d	rinominato	
2026-08-01T10:00:05	Addominali e Core	Crunch flessione ginocchia (Crunch with Knee Tuck).gif	Crunch flessione ginocchia.gif	e5456f2f9320f9d98b55a3e593ce3b573beaa82d705977d2c2affd7e62a405ad	rinominato	
2026-08-01T10:12:22	Addominali e Core	Bird dog quadrupedia.gif	Bird dog.gif	3a2d0f1778a43df8cd38e618c6cecf1fcf43c19e3e55f0c8b2e90373c9fe6aec	saltato	file non trovato con il nome vecchio
2026-08-01T10:12:22	Addominali e Core	Crunch bicicletta (Bicycle Crunch).gif	Crunch bicicletta.gif	a222473e31913c710f178be3f8aaa2ff276a9ca0be3a077c365d10ed4d942489	saltato	file non trovato con il nome vecchio
2026-08-01T10:12:22	Addominali e Core	Crunch bicicletta gambe tese 45 (Bicycle Crunch Straight Legs).gif	Crunch bicicletta gambe tese 45 gradi.gif	1e3fad9625293c8cc1b12bbaca2264df7776712a0d0604978299e62899749feb	saltato	file non trovato con il nome vecchio
2026-08-01T10:12:22	Addominali e Core	Crunch braccia tese (Straight-Arm Crunch).gif	Crunch braccia tese dietro.gif	f75678c6d93698a93a85d303a55d49816194805a6c17b46a03758fa6488be8fd	saltato	file non trovato con il nome vecchio
2026-08-01T10:12:22	Addominali e Core	Crunch braccia tese gambe 45 (Straight-Arm Crunch Legs 45).gif	Crunch braccia tese gambe 45 gradi.gif	acef314e91d1a3cc4c0f959d2899210072f4de0fb9a94e4c6ad50651182d2c58	saltato	file non trovato con il nome vecchio
2026-08-01T10:12:22	Addominali e Core	Crunch cavo alto (High Cable Crunch).gif	Crunch cavo alto.gif	348e0ec166cbecb523bb50e973a53adbf18577f29e90fe0fec193db569e0012b	saltato	file non trovato con il nome vecchio
2026-08-01T10:12:22	Addominali e Core	Crunch cavo alto in ginocchio (Kneeling High Cable Crunch).gif	Crunch cavo alto in ginocchio.gif	95a881df7a2b8e8dee9965978d56b055d30a3188c1215d37bf67f5ab0160f23d	saltato	file non trovato con il nome vecchio
2026-08-01T10:12:22	Addominali e Core	Crunch con peso (Weighted Crunch).gif	Crunch con peso.gif	86c17e6c98914416476c9938525329844127ea4168eccd1f1ac59770c104ce97	saltato	file non trovato con il nome vecchio
2026-08-01T10:12:22	Addominali e Core	Crunch farfalla gomiti-ginocchia (Butterfly Elbow-to-Knee Crunch).gif	Crunch farfalla gomiti-ginocchia.gif	5620ce03dc4d477caa8c70c85661d897bc0da56bc5115a0351e4f180edadcd5d	saltato	file non trovato con il nome vecchio
2026-08-01T10:12:22	Addominali e Core	Crunch flessione ginocchia (Crunch with Knee Tuck).gif	Crunch flessione ginocchia.gif	e5456f2f9320f9d98b55a3e593ce3b573beaa82d705977d2c2affd7e62a405ad	saltato	file non trovato con il nome vecchio
2026-08-01T10:12:22	Addominali e Core	Crunch inverso (Reverse Crunch).gif	Crunch inverso doppio step.gif	eb54914b4139ea864300012c32cd3b99c5b1b551dd7408dfaff40ebfe2d36fbb	rinominato	
2026-08-01T10:12:22	Addominali e Core	Crunch inverso gambe tese cavo basso (Reverse Crunch Straight Legs Low Cable).gif	Crunch inverso gambe cavo basso.gif	71729d1a5b7ac458e3ca384bf0735a4847fc67ce18557edcde2394c687eadd2e	rinominato	
2026-08-01T10:12:22	Addominali e Core	Crunch inverso gambe tese sedia romana (Reverse Crunch Straight Legs Roman Chair).gif	Crunch inverso gambe tese panca piana.gif	9bcce23676d575e3d6a8d5cad6a00ef01a3f089273a816dfee08acce3474b003	rinominato	
2026-08-01T10:12:22	Addominali e Core	Crunch inverso panca declinata (Reverse Crunch Decline Bench).gif	Crunch inverso gambe tese panca declinata.gif	812433ff467d800b710942f4f0681e95e4979d16326ffd78f539e0cc6b60a01f	rinominato	
2026-08-01T10:12:22	Addominali e Core	Crunch inverso panca seduto (Seated Reverse Crunch Bench).gif	Crunch inverso seduto panca piana.gif	a66b1f48f1ea52ef9af4e2c175141720cb44f4fe6a807823d97c883d247bb234	rinominato	
2026-08-01T10:12:22	Addominali e Core	Crunch laterale sul fianco (Side-Lying Lateral Crunch).gif	Crunch laterale sul fianco.gif	f0e5ef828d342aca3a772097b8d16c850b6935d3c2d4f7edc5bdf4e64f235b5e	rinominato	
2026-08-01T10:12:22	Addominali e Core	Crunch macchina seduto (Seated Machine Crunch).gif	Crunch machine seduto.gif	08d9567bda73be1a65ba357b64a46273d97ddbcd44d11b93b4ef3826840d518e	rinominato	
2026-08-01T10:12:22	Addominali e Core	Crunch mani al petto gambe 90 (Crunch Hands-on-Chest Legs 90).gif	Crunch mani al petto gambe 90 gradi.gif	48a4f9c79702a858c449a2e7ed6ab0190fa1fba4d720def43a3078d779d154f8	rinominato	
2026-08-01T10:12:22	Addominali e Core	Crunch mani al petto piedi a terra (Crunch Hands-on-Chest Feet Down).gif	Crunch mani al petto.gif	dee44656eb14ccccb5912e9f9e7f18d6c40d7d8efd76e32692e62ab6a02023cc	rinominato	
2026-08-01T10:12:22	Addominali e Core	Crunch mani dietro testa (Crunch Hands Behind Head).gif	Crunch mani dietro testa.gif	9d62f527c2b4f23a780398867b3847478d86fde55fb80aedc25dea9843c071d8	rinominato	
2026-08-01T10:26:15	Addominali e Core	Bird dog quadrupedia.gif	Bird dog.gif	3a2d0f1778a43df8cd38e618c6cecf1fcf43c19e3e55f0c8b2e90373c9fe6aec	saltato	file non trovato con il nome vecchio
2026-08-01T10:26:15	Addominali e Core	Crunch bicicletta (Bicycle Crunch).gif	Crunch bicicletta.gif	a222473e31913c710f178be3f8aaa2ff276a9ca0be3a077c365d10ed4d942489	saltato	file non trovato con il nome vecchio
2026-08-01T10:26:15	Addominali e Core	Crunch bicicletta gambe tese 45 (Bicycle Crunch Straight Legs).gif	Crunch bicicletta gambe tese 45 gradi.gif	1e3fad9625293c8cc1b12bbaca2264df7776712a0d0604978299e62899749feb	saltato	file non trovato con il nome vecchio
2026-08-01T10:26:15	Addominali e Core	Crunch braccia tese (Straight-Arm Crunch).gif	Crunch braccia tese dietro.gif	f75678c6d93698a93a85d303a55d49816194805a6c17b46a03758fa6488be8fd	saltato	file non trovato con il nome vecchio
2026-08-01T10:26:15	Addominali e Core	Crunch braccia tese gambe 45 (Straight-Arm Crunch Legs 45).gif	Crunch braccia tese gambe 45 gradi.gif	acef314e91d1a3cc4c0f959d2899210072f4de0fb9a94e4c6ad50651182d2c58	saltato	file non trovato con il nome vecchio
2026-08-01T10:26:15	Addominali e Core	Crunch cavo alto (High Cable Crunch).gif	Crunch cavo alto.gif	348e0ec166cbecb523bb50e973a53adbf18577f29e90fe0fec193db569e0012b	saltato	file non trovato con il nome vecchio
2026-08-01T10:26:15	Addominali e Core	Crunch cavo alto in ginocchio (Kneeling High Cable Crunch).gif	Crunch cavo alto in ginocchio.gif	95a881df7a2b8e8dee9965978d56b055d30a3188c1215d37bf67f5ab0160f23d	saltato	file non trovato con il nome vecchio
2026-08-01T10:26:15	Addominali e Core	Crunch con peso (Weighted Crunch).gif	Crunch con peso.gif	86c17e6c98914416476c9938525329844127ea4168eccd1f1ac59770c104ce97	saltato	file non trovato con il nome vecchio
2026-08-01T10:26:15	Addominali e Core	Crunch farfalla gomiti-ginocchia (Butterfly Elbow-to-Knee Crunch).gif	Crunch farfalla gomiti-ginocchia.gif	5620ce03dc4d477caa8c70c85661d897bc0da56bc5115a0351e4f180edadcd5d	saltato	file non trovato con il nome vecchio
2026-08-01T10:26:15	Addominali e Core	Crunch flessione ginocchia (Crunch with Knee Tuck).gif	Crunch flessione ginocchia.gif	e5456f2f9320f9d98b55a3e593ce3b573beaa82d705977d2c2affd7e62a405ad	saltato	file non trovato con il nome vecchio
2026-08-01T10:26:15	Addominali e Core	Crunch inverso (Reverse Crunch).gif	Crunch inverso doppio step.gif	eb54914b4139ea864300012c32cd3b99c5b1b551dd7408dfaff40ebfe2d36fbb	saltato	file non trovato con il nome vecchio
2026-08-01T10:26:15	Addominali e Core	Crunch inverso gambe tese cavo basso (Reverse Crunch Straight Legs Low Cable).gif	Crunch inverso gambe cavo basso.gif	71729d1a5b7ac458e3ca384bf0735a4847fc67ce18557edcde2394c687eadd2e	saltato	file non trovato con il nome vecchio
2026-08-01T10:26:15	Addominali e Core	Crunch inverso gambe tese sedia romana (Reverse Crunch Straight Legs Roman Chair).gif	Crunch inverso gambe tese panca piana.gif	9bcce23676d575e3d6a8d5cad6a00ef01a3f089273a816dfee08acce3474b003	saltato	file non trovato con il nome vecchio
2026-08-01T10:26:15	Addominali e Core	Crunch inverso panca declinata (Reverse Crunch Decline Bench).gif	Crunch inverso gambe tese panca declinata.gif	812433ff467d800b710942f4f0681e95e4979d16326ffd78f539e0cc6b60a01f	saltato	file non trovato con il nome vecchio
2026-08-01T10:26:15	Addominali e Core	Crunch inverso panca seduto (Seated Reverse Crunch Bench).gif	Crunch inverso seduto panca piana.gif	a66b1f48f1ea52ef9af4e2c175141720cb44f4fe6a807823d97c883d247bb234	saltato	file non trovato con il nome vecchio
2026-08-01T10:26:15	Addominali e Core	Crunch laterale sul fianco (Side-Lying Lateral Crunch).gif	Crunch laterale sul fianco.gif	f0e5ef828d342aca3a772097b8d16c850b6935d3c2d4f7edc5bdf4e64f235b5e	saltato	file non trovato con il nome vecchio
2026-08-01T10:26:15	Addominali e Core	Crunch macchina seduto (Seated Machine Crunch).gif	Crunch machine seduto.gif	08d9567bda73be1a65ba357b64a46273d97ddbcd44d11b93b4ef3826840d518e	saltato	file non trovato con il nome vecchio
2026-08-01T10:26:15	Addominali e Core	Crunch mani al petto gambe 90 (Crunch Hands-on-Chest Legs 90).gif	Crunch mani al petto gambe 90 gradi.gif	48a4f9c79702a858c449a2e7ed6ab0190fa1fba4d720def43a3078d779d154f8	saltato	file non trovato con il nome vecchio
2026-08-01T10:26:15	Addominali e Core	Crunch mani al petto piedi a terra (Crunch Hands-on-Chest Feet Down).gif	Crunch mani al petto.gif	dee44656eb14ccccb5912e9f9e7f18d6c40d7d8efd76e32692e62ab6a02023cc	saltato	file non trovato con il nome vecchio
2026-08-01T10:26:15	Addominali e Core	Crunch mani dietro testa (Crunch Hands Behind Head).gif	Crunch mani dietro testa.gif	9d62f527c2b4f23a780398867b3847478d86fde55fb80aedc25dea9843c071d8	saltato	file non trovato con il nome vecchio
2026-08-01T10:26:15	Addominali e Core	Crunch mani dietro testa gambe 90 (Crunch Hands-Behind-Head Legs 90).gif	Crunch mani dietro testa gambe 90 gradi.gif	a274e1673c33a3442045c9574639e890f06618059392dc3767f45c1ef217e807	rinominato	
2026-08-01T10:26:15	Addominali e Core	Crunch obliquo gamba accavallata (Oblique Crunch Crossed Leg).gif	Crunch obliquo gamba accavallata.gif	7bc8d2913d003e98560096e7de5f159e7c243ae6efa93d606230a2a44cb174f0	rinominato	
2026-08-01T10:26:15	Addominali e Core	Crunch obliquo sul fianco gambe flesse (Side-Lying Oblique Crunch Bent Legs).gif	Crunch obliquo sul fianco gambe flesse.gif	685f02317bdc79fdfd36445f2164d467169e36b727349774747637d97955bee2	rinominato	
2026-08-01T10:26:15	Addominali e Core	Crunch rotazione (Twisting Crunch).gif	Crunch obliquo rotazione.gif	ff88ed7f2eb10f08adabd512a41f53139bf7f977dac31988a3f9959743583a89	rinominato	
2026-08-01T10:26:15	Addominali e Core	Crunch sforbiciata mani sotto glutei (Scissor Crunch Hands Under Glutes).gif	Crunch sforbiciata mani sotto glutei.gif	ca01cd40f730b3686030ce33bbe8ac0c8c5a32c4fcd8c059560e92d6a351dd18	rinominato	
2026-08-01T10:26:15	Addominali e Core	Crunch sospeso a testa in giu sbarra (Inverted hang sit up).gif	Trazione sbarra a corpo capovolto.gif	22afdb58ecd597bb7fb607ebdfeae38d56f02ad40c6bc38cf9e9fe21f89457fb	rinominato	
2026-08-01T10:26:15	Addominali e Core	Crunch tocco caviglie (Ankle Touch Crunch).gif	Crunch obliquo tocco caviglie.gif	c0f97aeb98e14df7cfa6890dc96410e125ab8b4fd1668a8a8d3cae2fbc59920c	rinominato	
2026-08-01T10:26:15	Addominali e Core	Crunch toe touch gambe verticali (Vertical-Leg Toe-Touch Crunch).gif	Crunch toe touch gambe verticali.gif	b67e6f969c8d433e4093490b635c7ca013bdf4f673e2ecc09749233e6a5c12c7	rinominato	
2026-08-01T10:26:15	Addominali e Core	Dead bug.gif	Dead bug.gif	d5d6dd626078f91073f221826b52ca0c4cbda8ceccbde369f513a6222ba904ea	gia con quel nome	il file si chiama gia cosi
2026-08-01T10:32:34	Addominali e Core	Bird dog quadrupedia.gif	Bird dog.gif	3a2d0f1778a43df8cd38e618c6cecf1fcf43c19e3e55f0c8b2e90373c9fe6aec	saltato	file non trovato con il nome vecchio
2026-08-01T10:32:34	Addominali e Core	Crunch bicicletta (Bicycle Crunch).gif	Crunch bicicletta.gif	a222473e31913c710f178be3f8aaa2ff276a9ca0be3a077c365d10ed4d942489	saltato	file non trovato con il nome vecchio
2026-08-01T10:32:34	Addominali e Core	Crunch bicicletta gambe tese 45 (Bicycle Crunch Straight Legs).gif	Crunch bicicletta gambe tese 45 gradi.gif	1e3fad9625293c8cc1b12bbaca2264df7776712a0d0604978299e62899749feb	saltato	file non trovato con il nome vecchio
2026-08-01T10:32:34	Addominali e Core	Crunch braccia tese (Straight-Arm Crunch).gif	Crunch braccia tese dietro.gif	f75678c6d93698a93a85d303a55d49816194805a6c17b46a03758fa6488be8fd	saltato	file non trovato con il nome vecchio
2026-08-01T10:32:34	Addominali e Core	Crunch braccia tese gambe 45 (Straight-Arm Crunch Legs 45).gif	Crunch braccia tese gambe 45 gradi.gif	acef314e91d1a3cc4c0f959d2899210072f4de0fb9a94e4c6ad50651182d2c58	saltato	file non trovato con il nome vecchio
2026-08-01T10:32:34	Addominali e Core	Crunch cavo alto (High Cable Crunch).gif	Crunch cavo alto.gif	348e0ec166cbecb523bb50e973a53adbf18577f29e90fe0fec193db569e0012b	saltato	file non trovato con il nome vecchio
2026-08-01T10:32:34	Addominali e Core	Crunch cavo alto in ginocchio (Kneeling High Cable Crunch).gif	Crunch cavo alto in ginocchio.gif	95a881df7a2b8e8dee9965978d56b055d30a3188c1215d37bf67f5ab0160f23d	saltato	file non trovato con il nome vecchio
2026-08-01T10:32:34	Addominali e Core	Crunch con peso (Weighted Crunch).gif	Crunch con peso.gif	86c17e6c98914416476c9938525329844127ea4168eccd1f1ac59770c104ce97	saltato	file non trovato con il nome vecchio
2026-08-01T10:32:34	Addominali e Core	Crunch farfalla gomiti-ginocchia (Butterfly Elbow-to-Knee Crunch).gif	Crunch farfalla gomiti-ginocchia.gif	5620ce03dc4d477caa8c70c85661d897bc0da56bc5115a0351e4f180edadcd5d	saltato	file non trovato con il nome vecchio
2026-08-01T10:32:34	Addominali e Core	Crunch flessione ginocchia (Crunch with Knee Tuck).gif	Crunch flessione ginocchia.gif	e5456f2f9320f9d98b55a3e593ce3b573beaa82d705977d2c2affd7e62a405ad	saltato	file non trovato con il nome vecchio
2026-08-01T10:32:34	Addominali e Core	Crunch inverso (Reverse Crunch).gif	Crunch inverso doppio step.gif	eb54914b4139ea864300012c32cd3b99c5b1b551dd7408dfaff40ebfe2d36fbb	saltato	file non trovato con il nome vecchio
2026-08-01T10:32:34	Addominali e Core	Crunch inverso gambe tese cavo basso (Reverse Crunch Straight Legs Low Cable).gif	Crunch inverso gambe cavo basso.gif	71729d1a5b7ac458e3ca384bf0735a4847fc67ce18557edcde2394c687eadd2e	saltato	file non trovato con il nome vecchio
2026-08-01T10:32:34	Addominali e Core	Crunch inverso gambe tese sedia romana (Reverse Crunch Straight Legs Roman Chair).gif	Crunch inverso gambe tese panca piana.gif	9bcce23676d575e3d6a8d5cad6a00ef01a3f089273a816dfee08acce3474b003	saltato	file non trovato con il nome vecchio
2026-08-01T10:32:34	Addominali e Core	Crunch inverso panca declinata (Reverse Crunch Decline Bench).gif	Crunch inverso gambe tese panca declinata.gif	812433ff467d800b710942f4f0681e95e4979d16326ffd78f539e0cc6b60a01f	saltato	file non trovato con il nome vecchio
2026-08-01T10:32:34	Addominali e Core	Crunch inverso panca seduto (Seated Reverse Crunch Bench).gif	Crunch inverso seduto panca piana.gif	a66b1f48f1ea52ef9af4e2c175141720cb44f4fe6a807823d97c883d247bb234	saltato	file non trovato con il nome vecchio
2026-08-01T10:32:34	Addominali e Core	Crunch laterale sul fianco (Side-Lying Lateral Crunch).gif	Crunch laterale sul fianco.gif	f0e5ef828d342aca3a772097b8d16c850b6935d3c2d4f7edc5bdf4e64f235b5e	saltato	file non trovato con il nome vecchio
2026-08-01T10:32:34	Addominali e Core	Crunch macchina seduto (Seated Machine Crunch).gif	Crunch machine seduto.gif	08d9567bda73be1a65ba357b64a46273d97ddbcd44d11b93b4ef3826840d518e	saltato	file non trovato con il nome vecchio
2026-08-01T10:32:34	Addominali e Core	Crunch mani al petto gambe 90 (Crunch Hands-on-Chest Legs 90).gif	Crunch mani al petto gambe 90 gradi.gif	48a4f9c79702a858c449a2e7ed6ab0190fa1fba4d720def43a3078d779d154f8	saltato	file non trovato con il nome vecchio
2026-08-01T10:32:34	Addominali e Core	Crunch mani al petto piedi a terra (Crunch Hands-on-Chest Feet Down).gif	Crunch mani al petto.gif	dee44656eb14ccccb5912e9f9e7f18d6c40d7d8efd76e32692e62ab6a02023cc	saltato	file non trovato con il nome vecchio
2026-08-01T10:32:34	Addominali e Core	Crunch mani dietro testa (Crunch Hands Behind Head).gif	Crunch mani dietro testa.gif	9d62f527c2b4f23a780398867b3847478d86fde55fb80aedc25dea9843c071d8	saltato	file non trovato con il nome vecchio
2026-08-01T10:32:34	Addominali e Core	Crunch mani dietro testa gambe 90 (Crunch Hands-Behind-Head Legs 90).gif	Crunch mani dietro testa gambe 90 gradi.gif	a274e1673c33a3442045c9574639e890f06618059392dc3767f45c1ef217e807	saltato	file non trovato con il nome vecchio
2026-08-01T10:32:34	Addominali e Core	Crunch obliquo gamba accavallata (Oblique Crunch Crossed Leg).gif	Crunch obliquo gamba accavallata.gif	7bc8d2913d003e98560096e7de5f159e7c243ae6efa93d606230a2a44cb174f0	saltato	file non trovato con il nome vecchio
2026-08-01T10:32:34	Addominali e Core	Crunch obliquo sul fianco gambe flesse (Side-Lying Oblique Crunch Bent Legs).gif	Crunch obliquo sul fianco gambe flesse.gif	685f02317bdc79fdfd36445f2164d467169e36b727349774747637d97955bee2	saltato	file non trovato con il nome vecchio
2026-08-01T10:32:34	Addominali e Core	Crunch rotazione (Twisting Crunch).gif	Crunch obliquo rotazione.gif	ff88ed7f2eb10f08adabd512a41f53139bf7f977dac31988a3f9959743583a89	saltato	file non trovato con il nome vecchio
2026-08-01T10:32:34	Addominali e Core	Crunch sforbiciata mani sotto glutei (Scissor Crunch Hands Under Glutes).gif	Crunch sforbiciata mani sotto glutei.gif	ca01cd40f730b3686030ce33bbe8ac0c8c5a32c4fcd8c059560e92d6a351dd18	saltato	file non trovato con il nome vecchio
2026-08-01T10:32:34	Addominali e Core	Crunch sospeso a testa in giu sbarra (Inverted hang sit up).gif	Trazione sbarra a corpo capovolto.gif	22afdb58ecd597bb7fb607ebdfeae38d56f02ad40c6bc38cf9e9fe21f89457fb	saltato	file non trovato con il nome vecchio
2026-08-01T10:32:34	Addominali e Core	Crunch tocco caviglie (Ankle Touch Crunch).gif	Crunch obliquo tocco caviglie.gif	c0f97aeb98e14df7cfa6890dc96410e125ab8b4fd1668a8a8d3cae2fbc59920c	saltato	file non trovato con il nome vecchio
2026-08-01T10:32:34	Addominali e Core	Crunch toe touch gambe verticali (Vertical-Leg Toe-Touch Crunch).gif	Crunch toe touch gambe verticali.gif	b67e6f969c8d433e4093490b635c7ca013bdf4f673e2ecc09749233e6a5c12c7	saltato	file non trovato con il nome vecchio
2026-08-01T10:32:34	Addominali e Core	Dead bug.gif	Dead bug.gif	d5d6dd626078f91073f221826b52ca0c4cbda8ceccbde369f513a6222ba904ea	gia con quel nome	il file si chiama gia cosi
2026-08-01T10:32:34	Addominali e Core	Crunch sforbiciata gambe tese (Scissor Crunch Straight Legs).gif	Crunch sforbiciata ampia.gif	3ea75a42f5e26de8ebaf03b25be6b7b4f346bd647d7ac67f368be4017827a945	rinominato	
2026-08-01T10:32:34	Addominali e Core	Dragon Flag panca piana (Dragon Flag Flat Bench).gif	Dragon flag panca piana.gif	6ab4830abbb506425ee68472000e03289e7b70bec8fcd83480d3b23a2ad59dbd	rinominato	
2026-08-01T10:32:34	Addominali e Core	Flessione laterale busto cavo basso (Standing Low Cable Side Bend).gif	Flessione laterale busto cavo basso.gif	d7a8aa95befcc917421059aadf5fb8567c71fa8759b71f027229d4b2cb150a5c	rinominato	
2026-08-01T10:32:34	Addominali e Core	Flessione laterale busto fitball (Fitball Side Bend).gif	Flessione laterale busto fitball.gif	6fed31590274a8e60abf1dbe750d516a1926615b40920c6565f5fc69690a1723	rinominato	
2026-08-01T10:32:34	Addominali e Core	Flessione laterale busto panca inclinata (Incline Bench Side Bend).gif	Flessione laterale busto panca romana.gif	f07568b057debfb90adf444320961ec3713e8dde28fd5e9fd86ef7eec3129388	rinominato	
2026-08-01T10:32:34	Addominali e Core	Forbice panca seduto (Seated Bench Flutter Kick).gif	Crunch forbice seduto panca piana.gif	2df8d077c4a0b75604588ace71a89290d1bf034313fd35aa8be58ebbe7250e45	rinominato	
2026-08-01T10:32:34	Addominali e Core	Human flag (Human flag).gif	Human flag.gif	5fd22cf172f783fc51289e9d42bd9ea082121c6ce1048ecd113a44b71c97e509	rinominato	
2026-08-01T10:32:34	Addominali e Core	Inchworm.gif	Plank inchworm.gif	ad2db7969fad6aa61848e1e6bc2dff9bb05fa52719dea032159b5ca6a38b57b2	rinominato	
2026-08-01T10:32:34	Addominali e Core	Knee Raise Power Tower (Power Tower Knee Raise).gif	Sollevamento gambe tese power tower.gif	768cb89cba3e3c620edf8ed8649fd89346bcd42565b5fc48db6f502dc7838a68	rinominato	
2026-08-01T10:32:34	Addominali e Core	Knee Raise sbarra in sospensione (Hanging Knee Raise).gif	Sollevamento gambe piegate in sospensione.gif	fcd8aeea97c55cf7ccb887c6cc5fab69f453ca3e6d5f65398df8ea77e8bae055	rinominato	
2026-08-01T10:36:45	Addominali e Core	Bird dog quadrupedia.gif	Bird dog.gif	3a2d0f1778a43df8cd38e618c6cecf1fcf43c19e3e55f0c8b2e90373c9fe6aec	saltato	file non trovato con il nome vecchio
2026-08-01T10:36:45	Addominali e Core	Crunch bicicletta (Bicycle Crunch).gif	Crunch bicicletta.gif	a222473e31913c710f178be3f8aaa2ff276a9ca0be3a077c365d10ed4d942489	saltato	file non trovato con il nome vecchio
2026-08-01T10:36:45	Addominali e Core	Crunch bicicletta gambe tese 45 (Bicycle Crunch Straight Legs).gif	Crunch bicicletta gambe tese 45 gradi.gif	1e3fad9625293c8cc1b12bbaca2264df7776712a0d0604978299e62899749feb	saltato	file non trovato con il nome vecchio
2026-08-01T10:36:45	Addominali e Core	Crunch braccia tese (Straight-Arm Crunch).gif	Crunch braccia tese dietro.gif	f75678c6d93698a93a85d303a55d49816194805a6c17b46a03758fa6488be8fd	saltato	file non trovato con il nome vecchio
2026-08-01T10:36:45	Addominali e Core	Crunch braccia tese gambe 45 (Straight-Arm Crunch Legs 45).gif	Crunch braccia tese gambe 45 gradi.gif	acef314e91d1a3cc4c0f959d2899210072f4de0fb9a94e4c6ad50651182d2c58	saltato	file non trovato con il nome vecchio
2026-08-01T10:36:45	Addominali e Core	Crunch cavo alto (High Cable Crunch).gif	Crunch cavo alto.gif	348e0ec166cbecb523bb50e973a53adbf18577f29e90fe0fec193db569e0012b	saltato	file non trovato con il nome vecchio
2026-08-01T10:36:45	Addominali e Core	Crunch cavo alto in ginocchio (Kneeling High Cable Crunch).gif	Crunch cavo alto in ginocchio.gif	95a881df7a2b8e8dee9965978d56b055d30a3188c1215d37bf67f5ab0160f23d	saltato	file non trovato con il nome vecchio
2026-08-01T10:36:45	Addominali e Core	Crunch con peso (Weighted Crunch).gif	Crunch con peso.gif	86c17e6c98914416476c9938525329844127ea4168eccd1f1ac59770c104ce97	saltato	file non trovato con il nome vecchio
2026-08-01T10:36:45	Addominali e Core	Crunch farfalla gomiti-ginocchia (Butterfly Elbow-to-Knee Crunch).gif	Crunch farfalla gomiti-ginocchia.gif	5620ce03dc4d477caa8c70c85661d897bc0da56bc5115a0351e4f180edadcd5d	saltato	file non trovato con il nome vecchio
2026-08-01T10:36:45	Addominali e Core	Crunch flessione ginocchia (Crunch with Knee Tuck).gif	Crunch flessione ginocchia.gif	e5456f2f9320f9d98b55a3e593ce3b573beaa82d705977d2c2affd7e62a405ad	saltato	file non trovato con il nome vecchio
2026-08-01T10:36:45	Addominali e Core	Crunch inverso (Reverse Crunch).gif	Crunch inverso doppio step.gif	eb54914b4139ea864300012c32cd3b99c5b1b551dd7408dfaff40ebfe2d36fbb	saltato	file non trovato con il nome vecchio
2026-08-01T10:36:45	Addominali e Core	Crunch inverso gambe tese cavo basso (Reverse Crunch Straight Legs Low Cable).gif	Crunch inverso gambe cavo basso.gif	71729d1a5b7ac458e3ca384bf0735a4847fc67ce18557edcde2394c687eadd2e	saltato	file non trovato con il nome vecchio
2026-08-01T10:36:45	Addominali e Core	Crunch inverso gambe tese sedia romana (Reverse Crunch Straight Legs Roman Chair).gif	Crunch inverso gambe tese panca piana.gif	9bcce23676d575e3d6a8d5cad6a00ef01a3f089273a816dfee08acce3474b003	saltato	file non trovato con il nome vecchio
2026-08-01T10:36:45	Addominali e Core	Crunch inverso panca declinata (Reverse Crunch Decline Bench).gif	Crunch inverso gambe tese panca declinata.gif	812433ff467d800b710942f4f0681e95e4979d16326ffd78f539e0cc6b60a01f	saltato	file non trovato con il nome vecchio
2026-08-01T10:36:45	Addominali e Core	Crunch inverso panca seduto (Seated Reverse Crunch Bench).gif	Crunch inverso seduto panca piana.gif	a66b1f48f1ea52ef9af4e2c175141720cb44f4fe6a807823d97c883d247bb234	saltato	file non trovato con il nome vecchio
2026-08-01T10:36:45	Addominali e Core	Crunch laterale sul fianco (Side-Lying Lateral Crunch).gif	Crunch laterale sul fianco.gif	f0e5ef828d342aca3a772097b8d16c850b6935d3c2d4f7edc5bdf4e64f235b5e	saltato	file non trovato con il nome vecchio
2026-08-01T10:36:45	Addominali e Core	Crunch macchina seduto (Seated Machine Crunch).gif	Crunch machine seduto.gif	08d9567bda73be1a65ba357b64a46273d97ddbcd44d11b93b4ef3826840d518e	saltato	file non trovato con il nome vecchio
2026-08-01T10:36:45	Addominali e Core	Crunch mani al petto gambe 90 (Crunch Hands-on-Chest Legs 90).gif	Crunch mani al petto gambe 90 gradi.gif	48a4f9c79702a858c449a2e7ed6ab0190fa1fba4d720def43a3078d779d154f8	saltato	file non trovato con il nome vecchio
2026-08-01T10:36:45	Addominali e Core	Crunch mani al petto piedi a terra (Crunch Hands-on-Chest Feet Down).gif	Crunch mani al petto.gif	dee44656eb14ccccb5912e9f9e7f18d6c40d7d8efd76e32692e62ab6a02023cc	saltato	file non trovato con il nome vecchio
2026-08-01T10:36:45	Addominali e Core	Crunch mani dietro testa (Crunch Hands Behind Head).gif	Crunch mani dietro testa.gif	9d62f527c2b4f23a780398867b3847478d86fde55fb80aedc25dea9843c071d8	saltato	file non trovato con il nome vecchio
2026-08-01T10:36:45	Addominali e Core	Crunch mani dietro testa gambe 90 (Crunch Hands-Behind-Head Legs 90).gif	Crunch mani dietro testa gambe 90 gradi.gif	a274e1673c33a3442045c9574639e890f06618059392dc3767f45c1ef217e807	saltato	file non trovato con il nome vecchio
2026-08-01T10:36:45	Addominali e Core	Crunch obliquo gamba accavallata (Oblique Crunch Crossed Leg).gif	Crunch obliquo gamba accavallata.gif	7bc8d2913d003e98560096e7de5f159e7c243ae6efa93d606230a2a44cb174f0	saltato	file non trovato con il nome vecchio
2026-08-01T10:36:45	Addominali e Core	Crunch obliquo sul fianco gambe flesse (Side-Lying Oblique Crunch Bent Legs).gif	Crunch obliquo sul fianco gambe flesse.gif	685f02317bdc79fdfd36445f2164d467169e36b727349774747637d97955bee2	saltato	file non trovato con il nome vecchio
2026-08-01T10:36:45	Addominali e Core	Crunch rotazione (Twisting Crunch).gif	Crunch obliquo rotazione.gif	ff88ed7f2eb10f08adabd512a41f53139bf7f977dac31988a3f9959743583a89	saltato	file non trovato con il nome vecchio
2026-08-01T10:36:45	Addominali e Core	Crunch sforbiciata mani sotto glutei (Scissor Crunch Hands Under Glutes).gif	Crunch sforbiciata mani sotto glutei.gif	ca01cd40f730b3686030ce33bbe8ac0c8c5a32c4fcd8c059560e92d6a351dd18	saltato	file non trovato con il nome vecchio
2026-08-01T10:36:45	Addominali e Core	Crunch sospeso a testa in giu sbarra (Inverted hang sit up).gif	Trazione sbarra a corpo capovolto.gif	22afdb58ecd597bb7fb607ebdfeae38d56f02ad40c6bc38cf9e9fe21f89457fb	saltato	file non trovato con il nome vecchio
2026-08-01T10:36:45	Addominali e Core	Crunch tocco caviglie (Ankle Touch Crunch).gif	Crunch obliquo tocco caviglie.gif	c0f97aeb98e14df7cfa6890dc96410e125ab8b4fd1668a8a8d3cae2fbc59920c	saltato	file non trovato con il nome vecchio
2026-08-01T10:36:45	Addominali e Core	Crunch toe touch gambe verticali (Vertical-Leg Toe-Touch Crunch).gif	Crunch toe touch gambe verticali.gif	b67e6f969c8d433e4093490b635c7ca013bdf4f673e2ecc09749233e6a5c12c7	saltato	file non trovato con il nome vecchio
2026-08-01T10:36:45	Addominali e Core	Dead bug.gif	Dead bug.gif	d5d6dd626078f91073f221826b52ca0c4cbda8ceccbde369f513a6222ba904ea	gia con quel nome	il file si chiama gia cosi
2026-08-01T10:36:45	Addominali e Core	Crunch sforbiciata gambe tese (Scissor Crunch Straight Legs).gif	Crunch sforbiciata ampia.gif	3ea75a42f5e26de8ebaf03b25be6b7b4f346bd647d7ac67f368be4017827a945	saltato	file non trovato con il nome vecchio
2026-08-01T10:36:45	Addominali e Core	Dragon Flag panca piana (Dragon Flag Flat Bench).gif	Dragon flag panca piana.gif	6ab4830abbb506425ee68472000e03289e7b70bec8fcd83480d3b23a2ad59dbd	saltato	file non trovato con il nome vecchio
2026-08-01T10:36:45	Addominali e Core	Flessione laterale busto cavo basso (Standing Low Cable Side Bend).gif	Flessione laterale busto cavo basso.gif	d7a8aa95befcc917421059aadf5fb8567c71fa8759b71f027229d4b2cb150a5c	saltato	file non trovato con il nome vecchio
2026-08-01T10:36:45	Addominali e Core	Flessione laterale busto fitball (Fitball Side Bend).gif	Flessione laterale busto fitball.gif	6fed31590274a8e60abf1dbe750d516a1926615b40920c6565f5fc69690a1723	saltato	file non trovato con il nome vecchio
2026-08-01T10:36:45	Addominali e Core	Flessione laterale busto panca inclinata (Incline Bench Side Bend).gif	Flessione laterale busto panca romana.gif	f07568b057debfb90adf444320961ec3713e8dde28fd5e9fd86ef7eec3129388	saltato	file non trovato con il nome vecchio
2026-08-01T10:36:45	Addominali e Core	Forbice panca seduto (Seated Bench Flutter Kick).gif	Crunch forbice seduto panca piana.gif	2df8d077c4a0b75604588ace71a89290d1bf034313fd35aa8be58ebbe7250e45	saltato	file non trovato con il nome vecchio
2026-08-01T10:36:45	Addominali e Core	Human flag (Human flag).gif	Human flag.gif	5fd22cf172f783fc51289e9d42bd9ea082121c6ce1048ecd113a44b71c97e509	saltato	file non trovato con il nome vecchio
2026-08-01T10:36:45	Addominali e Core	Inchworm.gif	Plank inchworm.gif	ad2db7969fad6aa61848e1e6bc2dff9bb05fa52719dea032159b5ca6a38b57b2	saltato	file non trovato con il nome vecchio
2026-08-01T10:36:45	Addominali e Core	Knee Raise Power Tower (Power Tower Knee Raise).gif	Sollevamento gambe tese power tower.gif	768cb89cba3e3c620edf8ed8649fd89346bcd42565b5fc48db6f502dc7838a68	saltato	file non trovato con il nome vecchio
2026-08-01T10:36:45	Addominali e Core	Knee Raise sbarra in sospensione (Hanging Knee Raise).gif	Sollevamento gambe piegate in sospensione.gif	fcd8aeea97c55cf7ccb887c6cc5fab69f453ca3e6d5f65398df8ea77e8bae055	saltato	file non trovato con il nome vecchio
2026-08-01T10:36:45	Addominali e Core	Lanci rotazionali palla medica muro in piedi.gif	Lancio rotazionale palla medica al muro.gif	617cb4cb2139d7db8a4ba5de12a2f1f3d3f3137678d747bead589e25b56af8a5	rinominato	
2026-08-01T10:36:45	Addominali e Core	Mountain Climber (Mountain Climber).gif	Mountain climber.gif	19d5f42f4f31a604317cf3a254f0ef616f93e159ad4ddbd38fb4f5246be76d6e	rinominato	
2026-08-01T10:36:45	Addominali e Core	Mountain Climber incrociato (Cross-Body Mountain Climber).gif	Mountain climber incrociato.gif	859f195e8047eccc7dd6756722b33678a98efbd70f8a26a3ea42bded8e10e624	rinominato	
2026-08-01T10:36:45	Addominali e Core	Piegamenti tocco ai piedi (Toe touch push up).gif	Piegamenti tocco ai piedi.gif	98f1973698b263ce2a659ff7df1b805090b54051db32beef8a770dd648d9050e	rinominato	
2026-08-01T10:36:45	Addominali e Core	Piegamenti tocco incrociato (Cross body tap push up).gif	Piegamenti tocco incrociato spalla.gif	385d984e4c4a85e50f92ea7f643e227539ceaf552beb10aaaef010b6995a9776	rinominato	
2026-08-01T10:36:45	Addominali e Core	Pike fitball (Fitball Pike).gif	Plank pike fitball.gif	8cef3d0b8fef7f15d455e34aae7a74ffdc40dd430850a04def2c3a4766266388	rinominato	
2026-08-01T10:36:45	Addominali e Core	Plank avambracci (Forearm Plank).gif	Plank avambracci.gif	2b1d9603704866b5aa7fe28ddf348fc79128b712e2b4a8af5c4a93b2bdcb6c68	rinominato	
2026-08-01T10:36:45	Addominali e Core	Plank avanti indietro avambracci (Forearm Body Saw Plank).gif	Plank avambracci avanti-indietro.gif	505dc2161792df03d74455fa36bd2cd108e3c901df0706580e2cda9d10d7f9b0	rinominato	
2026-08-01T10:36:45	Addominali e Core	Plank laterale crunch obliquo (Side Plank Oblique Crunch).gif	Plank laterale crunch obliquo.gif	d02de1d44b44142aefde321f68ba8925e24ed11251a02e3de2661e4f48553be3	rinominato	
2026-08-01T10:36:45	Addominali e Core	Plank rollout fitball (Fitball Rollout Plank).gif	Plank rollout fitball.gif	cbed596b3a81583c454183e7a9ab43a444d1134d190e4c772e5545ec5aff4c68	rinominato	
2026-08-01T11:02:47	Addominali e Core	Bird dog quadrupedia.gif	Bird dog.gif	3a2d0f1778a43df8cd38e618c6cecf1fcf43c19e3e55f0c8b2e90373c9fe6aec	saltato	file non trovato con il nome vecchio
2026-08-01T11:02:47	Addominali e Core	Crunch bicicletta (Bicycle Crunch).gif	Crunch bicicletta.gif	a222473e31913c710f178be3f8aaa2ff276a9ca0be3a077c365d10ed4d942489	saltato	file non trovato con il nome vecchio
2026-08-01T11:02:47	Addominali e Core	Crunch bicicletta gambe tese 45 (Bicycle Crunch Straight Legs).gif	Crunch bicicletta gambe tese 45 gradi.gif	1e3fad9625293c8cc1b12bbaca2264df7776712a0d0604978299e62899749feb	saltato	file non trovato con il nome vecchio
2026-08-01T11:02:47	Addominali e Core	Crunch braccia tese (Straight-Arm Crunch).gif	Crunch braccia tese dietro.gif	f75678c6d93698a93a85d303a55d49816194805a6c17b46a03758fa6488be8fd	saltato	file non trovato con il nome vecchio
2026-08-01T11:02:47	Addominali e Core	Crunch braccia tese gambe 45 (Straight-Arm Crunch Legs 45).gif	Crunch braccia tese gambe 45 gradi.gif	acef314e91d1a3cc4c0f959d2899210072f4de0fb9a94e4c6ad50651182d2c58	saltato	file non trovato con il nome vecchio
2026-08-01T11:02:47	Addominali e Core	Crunch cavo alto (High Cable Crunch).gif	Crunch cavo alto.gif	348e0ec166cbecb523bb50e973a53adbf18577f29e90fe0fec193db569e0012b	saltato	file non trovato con il nome vecchio
2026-08-01T11:02:47	Addominali e Core	Crunch cavo alto in ginocchio (Kneeling High Cable Crunch).gif	Crunch cavo alto in ginocchio.gif	95a881df7a2b8e8dee9965978d56b055d30a3188c1215d37bf67f5ab0160f23d	saltato	file non trovato con il nome vecchio
2026-08-01T11:02:47	Addominali e Core	Crunch con peso (Weighted Crunch).gif	Crunch con peso.gif	86c17e6c98914416476c9938525329844127ea4168eccd1f1ac59770c104ce97	saltato	file non trovato con il nome vecchio
2026-08-01T11:02:47	Addominali e Core	Crunch farfalla gomiti-ginocchia (Butterfly Elbow-to-Knee Crunch).gif	Crunch farfalla gomiti-ginocchia.gif	5620ce03dc4d477caa8c70c85661d897bc0da56bc5115a0351e4f180edadcd5d	saltato	file non trovato con il nome vecchio
2026-08-01T11:02:47	Addominali e Core	Crunch flessione ginocchia (Crunch with Knee Tuck).gif	Crunch flessione ginocchia.gif	e5456f2f9320f9d98b55a3e593ce3b573beaa82d705977d2c2affd7e62a405ad	saltato	file non trovato con il nome vecchio
2026-08-01T11:02:47	Addominali e Core	Crunch inverso (Reverse Crunch).gif	Crunch inverso doppio step.gif	eb54914b4139ea864300012c32cd3b99c5b1b551dd7408dfaff40ebfe2d36fbb	saltato	file non trovato con il nome vecchio
2026-08-01T11:02:47	Addominali e Core	Crunch inverso gambe tese cavo basso (Reverse Crunch Straight Legs Low Cable).gif	Crunch inverso gambe cavo basso.gif	71729d1a5b7ac458e3ca384bf0735a4847fc67ce18557edcde2394c687eadd2e	saltato	file non trovato con il nome vecchio
2026-08-01T11:02:47	Addominali e Core	Crunch inverso gambe tese sedia romana (Reverse Crunch Straight Legs Roman Chair).gif	Crunch inverso gambe tese panca piana.gif	9bcce23676d575e3d6a8d5cad6a00ef01a3f089273a816dfee08acce3474b003	saltato	file non trovato con il nome vecchio
2026-08-01T11:02:47	Addominali e Core	Crunch inverso panca declinata (Reverse Crunch Decline Bench).gif	Crunch inverso gambe tese panca declinata.gif	812433ff467d800b710942f4f0681e95e4979d16326ffd78f539e0cc6b60a01f	saltato	file non trovato con il nome vecchio
2026-08-01T11:02:47	Addominali e Core	Crunch inverso panca seduto (Seated Reverse Crunch Bench).gif	Crunch inverso seduto panca piana.gif	a66b1f48f1ea52ef9af4e2c175141720cb44f4fe6a807823d97c883d247bb234	saltato	file non trovato con il nome vecchio
2026-08-01T11:02:47	Addominali e Core	Crunch laterale sul fianco (Side-Lying Lateral Crunch).gif	Crunch laterale sul fianco.gif	f0e5ef828d342aca3a772097b8d16c850b6935d3c2d4f7edc5bdf4e64f235b5e	saltato	file non trovato con il nome vecchio
2026-08-01T11:02:47	Addominali e Core	Crunch macchina seduto (Seated Machine Crunch).gif	Crunch machine seduto.gif	08d9567bda73be1a65ba357b64a46273d97ddbcd44d11b93b4ef3826840d518e	saltato	file non trovato con il nome vecchio
2026-08-01T11:02:47	Addominali e Core	Crunch mani al petto gambe 90 (Crunch Hands-on-Chest Legs 90).gif	Crunch mani al petto gambe 90 gradi.gif	48a4f9c79702a858c449a2e7ed6ab0190fa1fba4d720def43a3078d779d154f8	saltato	file non trovato con il nome vecchio
2026-08-01T11:02:47	Addominali e Core	Crunch mani al petto piedi a terra (Crunch Hands-on-Chest Feet Down).gif	Crunch mani al petto.gif	dee44656eb14ccccb5912e9f9e7f18d6c40d7d8efd76e32692e62ab6a02023cc	saltato	file non trovato con il nome vecchio
2026-08-01T11:02:47	Addominali e Core	Crunch mani dietro testa (Crunch Hands Behind Head).gif	Crunch mani dietro testa.gif	9d62f527c2b4f23a780398867b3847478d86fde55fb80aedc25dea9843c071d8	saltato	file non trovato con il nome vecchio
2026-08-01T11:02:47	Addominali e Core	Crunch mani dietro testa gambe 90 (Crunch Hands-Behind-Head Legs 90).gif	Crunch mani dietro testa gambe 90 gradi.gif	a274e1673c33a3442045c9574639e890f06618059392dc3767f45c1ef217e807	saltato	file non trovato con il nome vecchio
2026-08-01T11:02:47	Addominali e Core	Crunch obliquo gamba accavallata (Oblique Crunch Crossed Leg).gif	Crunch obliquo gamba accavallata.gif	7bc8d2913d003e98560096e7de5f159e7c243ae6efa93d606230a2a44cb174f0	saltato	file non trovato con il nome vecchio
2026-08-01T11:02:47	Addominali e Core	Crunch obliquo sul fianco gambe flesse (Side-Lying Oblique Crunch Bent Legs).gif	Crunch obliquo sul fianco gambe flesse.gif	685f02317bdc79fdfd36445f2164d467169e36b727349774747637d97955bee2	saltato	file non trovato con il nome vecchio
2026-08-01T11:02:47	Addominali e Core	Crunch rotazione (Twisting Crunch).gif	Crunch obliquo rotazione.gif	ff88ed7f2eb10f08adabd512a41f53139bf7f977dac31988a3f9959743583a89	saltato	file non trovato con il nome vecchio
2026-08-01T11:02:47	Addominali e Core	Crunch sforbiciata mani sotto glutei (Scissor Crunch Hands Under Glutes).gif	Crunch sforbiciata mani sotto glutei.gif	ca01cd40f730b3686030ce33bbe8ac0c8c5a32c4fcd8c059560e92d6a351dd18	saltato	file non trovato con il nome vecchio
2026-08-01T11:02:47	Addominali e Core	Crunch sospeso a testa in giu sbarra (Inverted hang sit up).gif	Trazione sbarra a corpo capovolto.gif	22afdb58ecd597bb7fb607ebdfeae38d56f02ad40c6bc38cf9e9fe21f89457fb	saltato	file non trovato con il nome vecchio
2026-08-01T11:02:47	Addominali e Core	Crunch tocco caviglie (Ankle Touch Crunch).gif	Crunch obliquo tocco caviglie.gif	c0f97aeb98e14df7cfa6890dc96410e125ab8b4fd1668a8a8d3cae2fbc59920c	saltato	file non trovato con il nome vecchio
2026-08-01T11:02:47	Addominali e Core	Crunch toe touch gambe verticali (Vertical-Leg Toe-Touch Crunch).gif	Crunch toe touch gambe verticali.gif	b67e6f969c8d433e4093490b635c7ca013bdf4f673e2ecc09749233e6a5c12c7	saltato	file non trovato con il nome vecchio
2026-08-01T11:02:47	Addominali e Core	Dead bug.gif	Dead bug.gif	d5d6dd626078f91073f221826b52ca0c4cbda8ceccbde369f513a6222ba904ea	gia con quel nome	il file si chiama gia cosi
2026-08-01T11:02:47	Addominali e Core	Crunch sforbiciata gambe tese (Scissor Crunch Straight Legs).gif	Crunch sforbiciata ampia.gif	3ea75a42f5e26de8ebaf03b25be6b7b4f346bd647d7ac67f368be4017827a945	saltato	file non trovato con il nome vecchio
2026-08-01T11:02:47	Addominali e Core	Dragon Flag panca piana (Dragon Flag Flat Bench).gif	Dragon flag panca piana.gif	6ab4830abbb506425ee68472000e03289e7b70bec8fcd83480d3b23a2ad59dbd	saltato	file non trovato con il nome vecchio
2026-08-01T11:02:47	Addominali e Core	Flessione laterale busto cavo basso (Standing Low Cable Side Bend).gif	Flessione laterale busto cavo basso.gif	d7a8aa95befcc917421059aadf5fb8567c71fa8759b71f027229d4b2cb150a5c	saltato	file non trovato con il nome vecchio
2026-08-01T11:02:47	Addominali e Core	Flessione laterale busto fitball (Fitball Side Bend).gif	Flessione laterale busto fitball.gif	6fed31590274a8e60abf1dbe750d516a1926615b40920c6565f5fc69690a1723	saltato	file non trovato con il nome vecchio
2026-08-01T11:02:47	Addominali e Core	Flessione laterale busto panca inclinata (Incline Bench Side Bend).gif	Flessione laterale busto panca romana.gif	f07568b057debfb90adf444320961ec3713e8dde28fd5e9fd86ef7eec3129388	saltato	file non trovato con il nome vecchio
2026-08-01T11:02:47	Addominali e Core	Forbice panca seduto (Seated Bench Flutter Kick).gif	Crunch forbice seduto panca piana.gif	2df8d077c4a0b75604588ace71a89290d1bf034313fd35aa8be58ebbe7250e45	saltato	file non trovato con il nome vecchio
2026-08-01T11:02:47	Addominali e Core	Human flag (Human flag).gif	Human flag.gif	5fd22cf172f783fc51289e9d42bd9ea082121c6ce1048ecd113a44b71c97e509	saltato	file non trovato con il nome vecchio
2026-08-01T11:02:47	Addominali e Core	Inchworm.gif	Plank inchworm.gif	ad2db7969fad6aa61848e1e6bc2dff9bb05fa52719dea032159b5ca6a38b57b2	saltato	file non trovato con il nome vecchio
2026-08-01T11:02:47	Addominali e Core	Knee Raise Power Tower (Power Tower Knee Raise).gif	Sollevamento gambe tese power tower.gif	768cb89cba3e3c620edf8ed8649fd89346bcd42565b5fc48db6f502dc7838a68	saltato	file non trovato con il nome vecchio
2026-08-01T11:02:47	Addominali e Core	Knee Raise sbarra in sospensione (Hanging Knee Raise).gif	Sollevamento gambe piegate in sospensione.gif	fcd8aeea97c55cf7ccb887c6cc5fab69f453ca3e6d5f65398df8ea77e8bae055	saltato	file non trovato con il nome vecchio
2026-08-01T11:02:47	Addominali e Core	Lanci rotazionali palla medica muro in piedi.gif	Lancio rotazionale palla medica al muro.gif	617cb4cb2139d7db8a4ba5de12a2f1f3d3f3137678d747bead589e25b56af8a5	saltato	file non trovato con il nome vecchio
2026-08-01T11:02:47	Addominali e Core	Mountain Climber (Mountain Climber).gif	Mountain climber.gif	19d5f42f4f31a604317cf3a254f0ef616f93e159ad4ddbd38fb4f5246be76d6e	saltato	file non trovato con il nome vecchio
2026-08-01T11:02:47	Addominali e Core	Mountain Climber incrociato (Cross-Body Mountain Climber).gif	Mountain climber incrociato.gif	859f195e8047eccc7dd6756722b33678a98efbd70f8a26a3ea42bded8e10e624	saltato	file non trovato con il nome vecchio
2026-08-01T11:02:47	Addominali e Core	Piegamenti tocco ai piedi (Toe touch push up).gif	Piegamenti tocco ai piedi.gif	98f1973698b263ce2a659ff7df1b805090b54051db32beef8a770dd648d9050e	saltato	file non trovato con il nome vecchio
2026-08-01T11:02:47	Addominali e Core	Piegamenti tocco incrociato (Cross body tap push up).gif	Piegamenti tocco incrociato spalla.gif	385d984e4c4a85e50f92ea7f643e227539ceaf552beb10aaaef010b6995a9776	saltato	file non trovato con il nome vecchio
2026-08-01T11:02:47	Addominali e Core	Pike fitball (Fitball Pike).gif	Plank pike fitball.gif	8cef3d0b8fef7f15d455e34aae7a74ffdc40dd430850a04def2c3a4766266388	saltato	file non trovato con il nome vecchio
2026-08-01T11:02:47	Addominali e Core	Plank avambracci (Forearm Plank).gif	Plank avambracci.gif	2b1d9603704866b5aa7fe28ddf348fc79128b712e2b4a8af5c4a93b2bdcb6c68	saltato	file non trovato con il nome vecchio
2026-08-01T11:02:47	Addominali e Core	Plank avanti indietro avambracci (Forearm Body Saw Plank).gif	Plank avambracci avanti-indietro.gif	505dc2161792df03d74455fa36bd2cd108e3c901df0706580e2cda9d10d7f9b0	saltato	file non trovato con il nome vecchio
2026-08-01T11:02:47	Addominali e Core	Plank laterale crunch obliquo (Side Plank Oblique Crunch).gif	Plank laterale crunch obliquo.gif	d02de1d44b44142aefde321f68ba8925e24ed11251a02e3de2661e4f48553be3	saltato	file non trovato con il nome vecchio
2026-08-01T11:02:47	Addominali e Core	Plank rollout fitball (Fitball Rollout Plank).gif	Plank rollout fitball.gif	cbed596b3a81583c454183e7a9ab43a444d1134d190e4c772e5545ec5aff4c68	saltato	file non trovato con il nome vecchio
2026-08-01T11:02:47	Addominali e Core	Plank Spider avambracci (Spider Plank on Forearms).gif	Plank spider.gif	4b30aadc0b8215eccf0bc8c5a2e7690dcff98da9b837b44b02045e1d242a053b	rinominato	
2026-08-01T11:02:47	Addominali e Core	Push up T prono.gif	Piegamenti con rotazione a T.gif	a1e9102505f3dbaafea28c77da841f7495428e2cdc5a66e6e9215d30544c4907	rinominato	
2026-08-01T11:02:47	Addominali e Core	Retroversione bacino supino.gif	Crunch reverse.gif	f091bb852bb3acc0048f2ecab0fdda74f3c2372f71e42fbc37755458b775b9a2	rinominato	
2026-08-01T11:02:47	Addominali e Core	Rollout ab wheel in ginocchio (Kneeling Ab-Wheel Rollout).gif	Rollout ab wheel in ginocchio.gif	0f317c495953d7c3c0734907f4750b9d6862cbdbdc42f50b7ef8ae2ffcf672d6	rinominato	
2026-08-01T11:02:47	Addominali e Core	Rollout bilanciere (Barbell Rollout).gif	Rollout bilanciere.gif	d9539eaee6ecc7a6b6f7c44ddce754e80f13d89c841c4374409bce96187a8e21	rinominato	
2026-08-01T11:02:47	Addominali e Core	Rollout bilanciere in ginocchio (Kneeling Barbell Rollout).gif	Rollout bilanciere in ginocchio.gif	02403d47c16bd196e90c75f042d0e4531ac25b5960420ed0838a4aff638a0cf4	rinominato	
2026-08-01T11:02:47	Addominali e Core	Rotazione diagonale busto cavo alto (High Cable Diagonal Twist).gif	Rotazione diagonale busto cavo alto.gif	5176aa57847e3f323b77cbc0add94a92ff09417767befe3030710415288ff29b	rinominato	
2026-08-01T11:02:47	Addominali e Core	Russian twist.gif	Russian twist.gif	98f642f2b4a36e6230a11e6b1a6dd7bc1b9ad54e7c6f772e256ec38cb599d3aa	gia con quel nome	il file si chiama gia cosi
2026-08-01T11:02:47	Addominali e Core	Sit-Up a libro gambe tese (Jackknife Sit-Up Straight Legs).gif	Sit-up a libro gambe tese.gif	f7de9815a5142e7a3b6e5565fdd4443422ef2634de1a4e7a3df6c26edc38ef6c	rinominato	
2026-08-01T11:02:47	Addominali e Core	Sit-Up con peso (Weighted Sit-Up).gif	Sit-up con peso.gif	f82d1f6d5ebf4c38cac9febdcd6d81e1a702919a65a10d113253c44260397266	rinominato	
2026-08-01T11:39:13	Addominali e Core	Bird dog.gif	Bird dog.gif	3a2d0f1778a43df8cd38e618c6cecf1fcf43c19e3e55f0c8b2e90373c9fe6aec	gia con quel nome	il file si chiama gia cosi
2026-08-01T11:39:13	Addominali e Core	Crunch bicicletta.gif	Crunch bicicletta.gif	a222473e31913c710f178be3f8aaa2ff276a9ca0be3a077c365d10ed4d942489	gia con quel nome	il file si chiama gia cosi
2026-08-01T11:39:13	Addominali e Core	Crunch bicicletta gambe tese 45 gradi.gif	Crunch bicicletta gambe tese 45 gradi.gif	1e3fad9625293c8cc1b12bbaca2264df7776712a0d0604978299e62899749feb	gia con quel nome	il file si chiama gia cosi
2026-08-01T11:39:13	Addominali e Core	Crunch braccia tese dietro.gif	Crunch braccia tese dietro.gif	f75678c6d93698a93a85d303a55d49816194805a6c17b46a03758fa6488be8fd	gia con quel nome	il file si chiama gia cosi
2026-08-01T11:39:13	Addominali e Core	Crunch braccia tese gambe 45 gradi.gif	Crunch braccia tese gambe 45 gradi.gif	acef314e91d1a3cc4c0f959d2899210072f4de0fb9a94e4c6ad50651182d2c58	gia con quel nome	il file si chiama gia cosi
2026-08-01T11:39:13	Addominali e Core	Crunch cavo alto.gif	Crunch cavo alto.gif	348e0ec166cbecb523bb50e973a53adbf18577f29e90fe0fec193db569e0012b	gia con quel nome	il file si chiama gia cosi
2026-08-01T11:39:13	Addominali e Core	Crunch cavo alto in ginocchio.gif	Crunch cavo alto in ginocchio.gif	95a881df7a2b8e8dee9965978d56b055d30a3188c1215d37bf67f5ab0160f23d	gia con quel nome	il file si chiama gia cosi
2026-08-01T11:39:13	Addominali e Core	Crunch con peso.gif	Crunch con peso.gif	86c17e6c98914416476c9938525329844127ea4168eccd1f1ac59770c104ce97	gia con quel nome	il file si chiama gia cosi
2026-08-01T11:39:13	Addominali e Core	Crunch farfalla gomiti-ginocchia.gif	Crunch farfalla gomiti-ginocchia.gif	5620ce03dc4d477caa8c70c85661d897bc0da56bc5115a0351e4f180edadcd5d	gia con quel nome	il file si chiama gia cosi
2026-08-01T11:39:13	Addominali e Core	Crunch flessione ginocchia.gif	Crunch flessione ginocchia.gif	e5456f2f9320f9d98b55a3e593ce3b573beaa82d705977d2c2affd7e62a405ad	gia con quel nome	il file si chiama gia cosi
2026-08-01T11:39:13	Addominali e Core	Crunch inverso doppio step.gif	Crunch inverso doppio step.gif	eb54914b4139ea864300012c32cd3b99c5b1b551dd7408dfaff40ebfe2d36fbb	gia con quel nome	il file si chiama gia cosi
2026-08-01T11:39:13	Addominali e Core	Crunch inverso gambe cavo basso.gif	Crunch inverso gambe cavo basso.gif	71729d1a5b7ac458e3ca384bf0735a4847fc67ce18557edcde2394c687eadd2e	gia con quel nome	il file si chiama gia cosi
2026-08-01T11:39:13	Addominali e Core	Crunch inverso gambe tese panca piana.gif	Crunch inverso gambe tese panca piana.gif	9bcce23676d575e3d6a8d5cad6a00ef01a3f089273a816dfee08acce3474b003	gia con quel nome	il file si chiama gia cosi
2026-08-01T11:39:13	Addominali e Core	Crunch inverso gambe tese panca declinata.gif	Crunch inverso gambe tese panca declinata.gif	812433ff467d800b710942f4f0681e95e4979d16326ffd78f539e0cc6b60a01f	gia con quel nome	il file si chiama gia cosi
2026-08-01T11:39:13	Addominali e Core	Crunch inverso seduto panca piana.gif	Crunch inverso seduto panca piana.gif	a66b1f48f1ea52ef9af4e2c175141720cb44f4fe6a807823d97c883d247bb234	gia con quel nome	il file si chiama gia cosi
2026-08-01T11:39:13	Addominali e Core	Crunch laterale sul fianco.gif	Crunch laterale sul fianco.gif	f0e5ef828d342aca3a772097b8d16c850b6935d3c2d4f7edc5bdf4e64f235b5e	gia con quel nome	il file si chiama gia cosi
2026-08-01T11:39:13	Addominali e Core	Crunch machine seduto.gif	Crunch machine seduto.gif	08d9567bda73be1a65ba357b64a46273d97ddbcd44d11b93b4ef3826840d518e	gia con quel nome	il file si chiama gia cosi
2026-08-01T11:39:13	Addominali e Core	Crunch mani al petto gambe 90 gradi.gif	Crunch mani al petto gambe 90 gradi.gif	48a4f9c79702a858c449a2e7ed6ab0190fa1fba4d720def43a3078d779d154f8	gia con quel nome	il file si chiama gia cosi
2026-08-01T11:39:13	Addominali e Core	Crunch mani al petto.gif	Crunch mani al petto.gif	dee44656eb14ccccb5912e9f9e7f18d6c40d7d8efd76e32692e62ab6a02023cc	gia con quel nome	il file si chiama gia cosi
2026-08-01T11:39:13	Addominali e Core	Crunch mani dietro testa.gif	Crunch mani dietro testa.gif	9d62f527c2b4f23a780398867b3847478d86fde55fb80aedc25dea9843c071d8	gia con quel nome	il file si chiama gia cosi
2026-08-01T11:39:13	Addominali e Core	Crunch mani dietro testa gambe 90 gradi.gif	Crunch mani dietro testa gambe 90 gradi.gif	a274e1673c33a3442045c9574639e890f06618059392dc3767f45c1ef217e807	gia con quel nome	il file si chiama gia cosi
2026-08-01T11:39:13	Addominali e Core	Crunch obliquo gamba accavallata.gif	Crunch obliquo gamba accavallata.gif	7bc8d2913d003e98560096e7de5f159e7c243ae6efa93d606230a2a44cb174f0	gia con quel nome	il file si chiama gia cosi
2026-08-01T11:39:13	Addominali e Core	Crunch obliquo sul fianco gambe flesse.gif	Crunch obliquo sul fianco gambe flesse.gif	685f02317bdc79fdfd36445f2164d467169e36b727349774747637d97955bee2	gia con quel nome	il file si chiama gia cosi
2026-08-01T11:39:13	Addominali e Core	Crunch obliquo rotazione.gif	Crunch obliquo rotazione.gif	ff88ed7f2eb10f08adabd512a41f53139bf7f977dac31988a3f9959743583a89	gia con quel nome	il file si chiama gia cosi
2026-08-01T11:39:13	Addominali e Core	Crunch sforbiciata mani sotto glutei.gif	Crunch sforbiciata mani sotto glutei.gif	ca01cd40f730b3686030ce33bbe8ac0c8c5a32c4fcd8c059560e92d6a351dd18	gia con quel nome	il file si chiama gia cosi
2026-08-01T11:39:13	Addominali e Core	Crunch sospeso a testa in giu sbarra (Inverted hang sit up).gif	Trazione sbarra a corpo capovolto.gif	22afdb58ecd597bb7fb607ebdfeae38d56f02ad40c6bc38cf9e9fe21f89457fb	non trovato	non e in questa cartella con nessun nome: forse spostato altrove
2026-08-01T11:39:13	Addominali e Core	Crunch obliquo tocco caviglie.gif	Crunch obliquo tocco caviglie.gif	c0f97aeb98e14df7cfa6890dc96410e125ab8b4fd1668a8a8d3cae2fbc59920c	gia con quel nome	il file si chiama gia cosi
2026-08-01T11:39:13	Addominali e Core	Crunch toe touch gambe verticali.gif	Crunch toe touch gambe verticali.gif	b67e6f969c8d433e4093490b635c7ca013bdf4f673e2ecc09749233e6a5c12c7	gia con quel nome	il file si chiama gia cosi
2026-08-01T11:39:13	Addominali e Core	Dead bug.gif	Dead bug.gif	d5d6dd626078f91073f221826b52ca0c4cbda8ceccbde369f513a6222ba904ea	gia con quel nome	il file si chiama gia cosi
2026-08-01T11:39:13	Addominali e Core	Crunch sforbiciata ampia.gif	Crunch sforbiciata ampia.gif	3ea75a42f5e26de8ebaf03b25be6b7b4f346bd647d7ac67f368be4017827a945	gia con quel nome	il file si chiama gia cosi
2026-08-01T11:39:13	Addominali e Core	Dragon flag panca piana.gif	Dragon flag panca piana.gif	6ab4830abbb506425ee68472000e03289e7b70bec8fcd83480d3b23a2ad59dbd	gia con quel nome	il file si chiama gia cosi
2026-08-01T11:39:13	Addominali e Core	Flessione laterale busto cavo basso.gif	Flessione laterale busto cavo basso.gif	d7a8aa95befcc917421059aadf5fb8567c71fa8759b71f027229d4b2cb150a5c	gia con quel nome	il file si chiama gia cosi
2026-08-01T11:39:13	Addominali e Core	Flessione laterale busto fitball.gif	Flessione laterale busto fitball.gif	6fed31590274a8e60abf1dbe750d516a1926615b40920c6565f5fc69690a1723	gia con quel nome	il file si chiama gia cosi
2026-08-01T11:39:13	Addominali e Core	Flessione laterale busto panca romana.gif	Flessione laterale busto panca romana.gif	f07568b057debfb90adf444320961ec3713e8dde28fd5e9fd86ef7eec3129388	gia con quel nome	il file si chiama gia cosi
2026-08-01T11:39:13	Addominali e Core	Crunch forbice seduto panca piana.gif	Crunch forbice seduto panca piana.gif	2df8d077c4a0b75604588ace71a89290d1bf034313fd35aa8be58ebbe7250e45	gia con quel nome	il file si chiama gia cosi
2026-08-01T11:39:13	Addominali e Core	Human flag.gif	Human flag.gif	5fd22cf172f783fc51289e9d42bd9ea082121c6ce1048ecd113a44b71c97e509	gia con quel nome	il file si chiama gia cosi
2026-08-01T11:39:13	Addominali e Core	Plank inchworm.gif	Plank inchworm.gif	ad2db7969fad6aa61848e1e6bc2dff9bb05fa52719dea032159b5ca6a38b57b2	gia con quel nome	il file si chiama gia cosi
2026-08-01T11:39:13	Addominali e Core	Sollevamento gambe tese power tower.gif	Sollevamento gambe tese power tower.gif	768cb89cba3e3c620edf8ed8649fd89346bcd42565b5fc48db6f502dc7838a68	gia con quel nome	il file si chiama gia cosi
2026-08-01T11:39:13	Addominali e Core	Sollevamento gambe piegate in sospensione.gif	Sollevamento gambe piegate in sospensione.gif	fcd8aeea97c55cf7ccb887c6cc5fab69f453ca3e6d5f65398df8ea77e8bae055	gia con quel nome	il file si chiama gia cosi
2026-08-01T11:39:13	Addominali e Core	Lancio rotazionale palla medica al muro.gif	Lancio rotazionale palla medica al muro.gif	617cb4cb2139d7db8a4ba5de12a2f1f3d3f3137678d747bead589e25b56af8a5	gia con quel nome	il file si chiama gia cosi
2026-08-01T11:39:13	Addominali e Core	Mountain climber.gif	Mountain climber.gif	19d5f42f4f31a604317cf3a254f0ef616f93e159ad4ddbd38fb4f5246be76d6e	gia con quel nome	il file si chiama gia cosi
2026-08-01T11:39:13	Addominali e Core	Mountain climber incrociato.gif	Mountain climber incrociato.gif	859f195e8047eccc7dd6756722b33678a98efbd70f8a26a3ea42bded8e10e624	gia con quel nome	il file si chiama gia cosi
2026-08-01T11:39:13	Addominali e Core	Piegamenti tocco ai piedi.gif	Piegamenti tocco ai piedi.gif	98f1973698b263ce2a659ff7df1b805090b54051db32beef8a770dd648d9050e	gia con quel nome	il file si chiama gia cosi
2026-08-01T11:39:13	Addominali e Core	Piegamenti tocco incrociato spalla.gif	Piegamenti tocco incrociato spalla.gif	385d984e4c4a85e50f92ea7f643e227539ceaf552beb10aaaef010b6995a9776	gia con quel nome	il file si chiama gia cosi
2026-08-01T11:39:13	Addominali e Core	Plank pike fitball.gif	Plank pike fitball.gif	8cef3d0b8fef7f15d455e34aae7a74ffdc40dd430850a04def2c3a4766266388	gia con quel nome	il file si chiama gia cosi
2026-08-01T11:39:13	Addominali e Core	Plank avambracci.gif	Plank avambracci.gif	2b1d9603704866b5aa7fe28ddf348fc79128b712e2b4a8af5c4a93b2bdcb6c68	gia con quel nome	il file si chiama gia cosi
2026-08-01T11:39:13	Addominali e Core	Plank avambracci avanti-indietro.gif	Plank avambracci avanti-indietro.gif	505dc2161792df03d74455fa36bd2cd108e3c901df0706580e2cda9d10d7f9b0	gia con quel nome	il file si chiama gia cosi
2026-08-01T11:39:13	Addominali e Core	Plank laterale crunch obliquo.gif	Plank laterale crunch obliquo.gif	d02de1d44b44142aefde321f68ba8925e24ed11251a02e3de2661e4f48553be3	gia con quel nome	il file si chiama gia cosi
2026-08-01T11:39:13	Addominali e Core	Plank rollout fitball.gif	Plank rollout fitball.gif	cbed596b3a81583c454183e7a9ab43a444d1134d190e4c772e5545ec5aff4c68	gia con quel nome	il file si chiama gia cosi
2026-08-01T11:39:13	Addominali e Core	Plank spider.gif	Plank spider.gif	4b30aadc0b8215eccf0bc8c5a2e7690dcff98da9b837b44b02045e1d242a053b	gia con quel nome	il file si chiama gia cosi
2026-08-01T11:39:13	Addominali e Core	Piegamenti con rotazione a T.gif	Piegamenti con rotazione a T.gif	a1e9102505f3dbaafea28c77da841f7495428e2cdc5a66e6e9215d30544c4907	gia con quel nome	il file si chiama gia cosi
2026-08-01T11:39:13	Addominali e Core	Crunch reverse.gif	Crunch reverse.gif	f091bb852bb3acc0048f2ecab0fdda74f3c2372f71e42fbc37755458b775b9a2	gia con quel nome	il file si chiama gia cosi
2026-08-01T11:39:13	Addominali e Core	Rollout ab wheel in ginocchio.gif	Rollout ab wheel in ginocchio.gif	0f317c495953d7c3c0734907f4750b9d6862cbdbdc42f50b7ef8ae2ffcf672d6	gia con quel nome	il file si chiama gia cosi
2026-08-01T11:39:13	Addominali e Core	Rollout bilanciere.gif	Rollout bilanciere.gif	d9539eaee6ecc7a6b6f7c44ddce754e80f13d89c841c4374409bce96187a8e21	gia con quel nome	il file si chiama gia cosi
2026-08-01T11:39:13	Addominali e Core	Rollout bilanciere in ginocchio.gif	Rollout bilanciere in ginocchio.gif	02403d47c16bd196e90c75f042d0e4531ac25b5960420ed0838a4aff638a0cf4	gia con quel nome	il file si chiama gia cosi
2026-08-01T11:39:13	Addominali e Core	Rotazione diagonale busto cavo alto.gif	Rotazione diagonale busto cavo alto.gif	5176aa57847e3f323b77cbc0add94a92ff09417767befe3030710415288ff29b	gia con quel nome	il file si chiama gia cosi
2026-08-01T11:39:13	Addominali e Core	Russian twist.gif	Russian twist.gif	98f642f2b4a36e6230a11e6b1a6dd7bc1b9ad54e7c6f772e256ec38cb599d3aa	gia con quel nome	il file si chiama gia cosi
2026-08-01T11:39:13	Addominali e Core	Sit-up a libro gambe tese.gif	Sit-up a libro gambe tese.gif	f7de9815a5142e7a3b6e5565fdd4443422ef2634de1a4e7a3df6c26edc38ef6c	gia con quel nome	il file si chiama gia cosi
2026-08-01T11:39:13	Addominali e Core	Sit-up con peso.gif	Sit-up con peso.gif	f82d1f6d5ebf4c38cac9febdcd6d81e1a702919a65a10d113253c44260397266	gia con quel nome	il file si chiama gia cosi
2026-08-01T11:39:13	Addominali e Core	Sit-Up farfalla (Butterfly Sit-Up).gif	Sit-up farfalla.gif	6eec35f2b337077c8a68b9c7b92768621b4777973f75906c66e3c20abef5a522	rinominato	
2026-08-01T11:39:13	Addominali e Core	Sit-Up fitball (Fitball Sit-Up).gif	Sit-up fitball.gif	77628c53e5c46413bb0e53cf47a242cd6fe52346a89f2ceb5d0673a4cc7d1a33	rinominato	
2026-08-01T11:39:13	Addominali e Core	Sit-Up mani alla fronte (Sit-Up Hands on Forehead).gif	Sit-up mani alla fronte.gif	73c93ac52ba4184dd3326b1aab4161f9764db7cdcc955c9585cd81da6b788f3f	rinominato	
2026-08-01T11:39:13	Addominali e Core	Sit-Up mani dietro testa ginocchia flesse (Sit-Up Hands Behind Head Bent Knees).gif	Sit-up mani alla nuca.gif	8713086357a9ac26efaf1443a2c3b0c1b0617ff15bc0ef2f48519031e70050b7	rinominato	
2026-08-01T11:39:13	Addominali e Core	Sit-Up panca declinata (Decline Bench Sit-Up).gif	Sit-up mani alla nuca panca declinata.gif	b5a55976308a5e698b85ead5d33d558dc8784f8bc2f5398569bdfb5484f72522	rinominato	
2026-08-01T11:39:13	Addominali e Core	Sollevamento gambe tese (Straight-Leg Raise).gif	Sollevamento gambe tese.gif	78880bf255bc10b4098535bfe3e71acf435b3b1fd81cd74f63fd1086529b1f69	rinominato	
2026-08-01T11:39:13	Addominali e Core	Torsione busto gomiti alti in piedi.gif	Torsione busto gomiti alti in piedi.gif	406717a98963c46b8d6a638d738d49fe1a78f3ec3a949eeb468ebc68a908b6b9	gia con quel nome	il file si chiama gia cosi
2026-08-01T11:39:13	Addominali e Core	V-Sit Tuck Up (V-Sit Tuck Up).gif	V-sit tuck up.gif	648e132e285389631b4869f0636b2debe5562c9a371e7fc8cc7c62f80edfe20f	rinominato	
2026-08-01T11:39:13	Addominali e Core	V-Up scambio fitball (Fitball Pass V-Up).gif	V-up fitball.gif	1dcff63c2650851199baecae9f1a53b1e8379d880a41fff289f0b371050c1867	rinominato	
2026-08-01T11:39:13	Addominali e Core	V-Sit sforbiciata verticale (V-Sit Vertical Scissor).gif	V-sit sforbiciata.gif	aced220144894a63b2de5685e428d5744ce5393c5fb58fb49bc339fb4d06661e	rinominato	
2026-08-01T14:14:08	Addominali e Core	Bird dog.gif	Bird dog.gif	3a2d0f1778a43df8cd38e618c6cecf1fcf43c19e3e55f0c8b2e90373c9fe6aec	gia con quel nome	il file si chiama gia cosi
2026-08-01T14:14:08	Addominali e Core	Crunch bicicletta.gif	Crunch bicicletta.gif	a222473e31913c710f178be3f8aaa2ff276a9ca0be3a077c365d10ed4d942489	gia con quel nome	il file si chiama gia cosi
2026-08-01T14:14:08	Addominali e Core	Crunch bicicletta gambe tese 45 gradi.gif	Crunch bicicletta gambe tese 45 gradi.gif	1e3fad9625293c8cc1b12bbaca2264df7776712a0d0604978299e62899749feb	gia con quel nome	il file si chiama gia cosi
2026-08-01T14:14:08	Addominali e Core	Crunch braccia tese dietro.gif	Crunch braccia tese dietro.gif	f75678c6d93698a93a85d303a55d49816194805a6c17b46a03758fa6488be8fd	gia con quel nome	il file si chiama gia cosi
2026-08-01T14:14:08	Addominali e Core	Crunch braccia tese gambe 45 gradi.gif	Crunch braccia tese gambe 45 gradi.gif	acef314e91d1a3cc4c0f959d2899210072f4de0fb9a94e4c6ad50651182d2c58	gia con quel nome	il file si chiama gia cosi
2026-08-01T14:14:08	Addominali e Core	Crunch cavo alto.gif	Crunch cavo alto.gif	348e0ec166cbecb523bb50e973a53adbf18577f29e90fe0fec193db569e0012b	gia con quel nome	il file si chiama gia cosi
2026-08-01T14:14:08	Addominali e Core	Crunch cavo alto in ginocchio.gif	Crunch cavo alto in ginocchio.gif	95a881df7a2b8e8dee9965978d56b055d30a3188c1215d37bf67f5ab0160f23d	gia con quel nome	il file si chiama gia cosi
2026-08-01T14:14:08	Addominali e Core	Crunch con peso.gif	Crunch con peso.gif	86c17e6c98914416476c9938525329844127ea4168eccd1f1ac59770c104ce97	gia con quel nome	il file si chiama gia cosi
2026-08-01T14:14:08	Addominali e Core	Crunch farfalla gomiti-ginocchia.gif	Crunch farfalla gomiti-ginocchia.gif	5620ce03dc4d477caa8c70c85661d897bc0da56bc5115a0351e4f180edadcd5d	gia con quel nome	il file si chiama gia cosi
2026-08-01T14:14:08	Addominali e Core	Crunch flessione ginocchia.gif	Crunch flessione ginocchia.gif	e5456f2f9320f9d98b55a3e593ce3b573beaa82d705977d2c2affd7e62a405ad	gia con quel nome	il file si chiama gia cosi
2026-08-01T14:14:08	Addominali e Core	Crunch inverso doppio step.gif	Crunch inverso doppio step.gif	eb54914b4139ea864300012c32cd3b99c5b1b551dd7408dfaff40ebfe2d36fbb	gia con quel nome	il file si chiama gia cosi
2026-08-01T14:14:08	Addominali e Core	Crunch inverso gambe cavo basso.gif	Crunch inverso gambe cavo basso.gif	71729d1a5b7ac458e3ca384bf0735a4847fc67ce18557edcde2394c687eadd2e	gia con quel nome	il file si chiama gia cosi
2026-08-01T14:14:08	Addominali e Core	Crunch inverso gambe tese panca piana.gif	Crunch inverso gambe tese panca piana.gif	9bcce23676d575e3d6a8d5cad6a00ef01a3f089273a816dfee08acce3474b003	gia con quel nome	il file si chiama gia cosi
2026-08-01T14:14:08	Addominali e Core	Crunch inverso gambe tese panca declinata.gif	Crunch inverso gambe tese panca declinata.gif	812433ff467d800b710942f4f0681e95e4979d16326ffd78f539e0cc6b60a01f	gia con quel nome	il file si chiama gia cosi
2026-08-01T14:14:08	Addominali e Core	Crunch inverso seduto panca piana.gif	Crunch inverso seduto panca piana.gif	a66b1f48f1ea52ef9af4e2c175141720cb44f4fe6a807823d97c883d247bb234	gia con quel nome	il file si chiama gia cosi
2026-08-01T14:14:08	Addominali e Core	Crunch laterale sul fianco.gif	Crunch laterale sul fianco.gif	f0e5ef828d342aca3a772097b8d16c850b6935d3c2d4f7edc5bdf4e64f235b5e	gia con quel nome	il file si chiama gia cosi
2026-08-01T14:14:08	Addominali e Core	Crunch machine seduto.gif	Crunch machine seduto.gif	08d9567bda73be1a65ba357b64a46273d97ddbcd44d11b93b4ef3826840d518e	gia con quel nome	il file si chiama gia cosi
2026-08-01T14:14:08	Addominali e Core	Crunch mani al petto gambe 90 gradi.gif	Crunch mani al petto gambe 90 gradi.gif	48a4f9c79702a858c449a2e7ed6ab0190fa1fba4d720def43a3078d779d154f8	gia con quel nome	il file si chiama gia cosi
2026-08-01T14:14:08	Addominali e Core	Crunch mani al petto.gif	Crunch mani al petto.gif	dee44656eb14ccccb5912e9f9e7f18d6c40d7d8efd76e32692e62ab6a02023cc	gia con quel nome	il file si chiama gia cosi
2026-08-01T14:14:08	Addominali e Core	Crunch mani dietro testa.gif	Crunch mani dietro testa.gif	9d62f527c2b4f23a780398867b3847478d86fde55fb80aedc25dea9843c071d8	gia con quel nome	il file si chiama gia cosi
2026-08-01T14:14:08	Addominali e Core	Crunch mani dietro testa gambe 90 gradi.gif	Crunch mani dietro testa gambe 90 gradi.gif	a274e1673c33a3442045c9574639e890f06618059392dc3767f45c1ef217e807	gia con quel nome	il file si chiama gia cosi
2026-08-01T14:14:08	Addominali e Core	Crunch obliquo gamba accavallata.gif	Crunch obliquo gamba accavallata.gif	7bc8d2913d003e98560096e7de5f159e7c243ae6efa93d606230a2a44cb174f0	gia con quel nome	il file si chiama gia cosi
2026-08-01T14:14:08	Addominali e Core	Crunch obliquo sul fianco gambe flesse.gif	Crunch obliquo sul fianco gambe flesse.gif	685f02317bdc79fdfd36445f2164d467169e36b727349774747637d97955bee2	gia con quel nome	il file si chiama gia cosi
2026-08-01T14:14:08	Addominali e Core	Crunch obliquo rotazione.gif	Crunch obliquo rotazione.gif	ff88ed7f2eb10f08adabd512a41f53139bf7f977dac31988a3f9959743583a89	gia con quel nome	il file si chiama gia cosi
2026-08-01T14:14:08	Addominali e Core	Crunch sforbiciata mani sotto glutei.gif	Crunch sforbiciata mani sotto glutei.gif	ca01cd40f730b3686030ce33bbe8ac0c8c5a32c4fcd8c059560e92d6a351dd18	gia con quel nome	il file si chiama gia cosi
2026-08-01T14:14:08	Addominali e Core	Crunch sospeso a testa in giu sbarra (Inverted hang sit up).gif	Trazione sbarra a corpo capovolto.gif	22afdb58ecd597bb7fb607ebdfeae38d56f02ad40c6bc38cf9e9fe21f89457fb	non trovato	non e in questa cartella con nessun nome: forse spostato altrove
2026-08-01T14:14:08	Addominali e Core	Crunch obliquo tocco caviglie.gif	Crunch obliquo tocco caviglie.gif	c0f97aeb98e14df7cfa6890dc96410e125ab8b4fd1668a8a8d3cae2fbc59920c	gia con quel nome	il file si chiama gia cosi
2026-08-01T14:14:08	Addominali e Core	Crunch toe touch gambe verticali.gif	Crunch toe touch gambe verticali.gif	b67e6f969c8d433e4093490b635c7ca013bdf4f673e2ecc09749233e6a5c12c7	gia con quel nome	il file si chiama gia cosi
2026-08-01T14:14:08	Addominali e Core	Dead bug.gif	Dead bug.gif	d5d6dd626078f91073f221826b52ca0c4cbda8ceccbde369f513a6222ba904ea	gia con quel nome	il file si chiama gia cosi
2026-08-01T14:14:08	Addominali e Core	Crunch sforbiciata ampia.gif	Crunch sforbiciata ampia.gif	3ea75a42f5e26de8ebaf03b25be6b7b4f346bd647d7ac67f368be4017827a945	gia con quel nome	il file si chiama gia cosi
2026-08-01T14:14:08	Addominali e Core	Dragon flag panca piana.gif	Dragon flag panca piana.gif	6ab4830abbb506425ee68472000e03289e7b70bec8fcd83480d3b23a2ad59dbd	gia con quel nome	il file si chiama gia cosi
2026-08-01T14:14:08	Addominali e Core	Flessione laterale busto cavo basso.gif	Flessione laterale busto cavo basso.gif	d7a8aa95befcc917421059aadf5fb8567c71fa8759b71f027229d4b2cb150a5c	gia con quel nome	il file si chiama gia cosi
2026-08-01T14:14:08	Addominali e Core	Flessione laterale busto fitball.gif	Flessione laterale busto fitball.gif	6fed31590274a8e60abf1dbe750d516a1926615b40920c6565f5fc69690a1723	gia con quel nome	il file si chiama gia cosi
2026-08-01T14:14:08	Addominali e Core	Flessione laterale busto panca romana.gif	Flessione laterale busto panca romana.gif	f07568b057debfb90adf444320961ec3713e8dde28fd5e9fd86ef7eec3129388	gia con quel nome	il file si chiama gia cosi
2026-08-01T14:14:08	Addominali e Core	Crunch forbice seduto panca piana.gif	Crunch forbice seduto panca piana.gif	2df8d077c4a0b75604588ace71a89290d1bf034313fd35aa8be58ebbe7250e45	gia con quel nome	il file si chiama gia cosi
2026-08-01T14:14:08	Addominali e Core	Human flag.gif	Human flag.gif	5fd22cf172f783fc51289e9d42bd9ea082121c6ce1048ecd113a44b71c97e509	gia con quel nome	il file si chiama gia cosi
2026-08-01T14:14:08	Addominali e Core	Plank inchworm.gif	Plank inchworm.gif	ad2db7969fad6aa61848e1e6bc2dff9bb05fa52719dea032159b5ca6a38b57b2	gia con quel nome	il file si chiama gia cosi
2026-08-01T14:14:08	Addominali e Core	Sollevamento gambe tese power tower.gif	Sollevamento gambe tese power tower.gif	768cb89cba3e3c620edf8ed8649fd89346bcd42565b5fc48db6f502dc7838a68	gia con quel nome	il file si chiama gia cosi
2026-08-01T14:14:08	Addominali e Core	Sollevamento gambe piegate in sospensione.gif	Sollevamento gambe piegate in sospensione.gif	fcd8aeea97c55cf7ccb887c6cc5fab69f453ca3e6d5f65398df8ea77e8bae055	gia con quel nome	il file si chiama gia cosi
2026-08-01T14:14:08	Addominali e Core	Lancio rotazionale palla medica al muro.gif	Lancio rotazionale palla medica al muro.gif	617cb4cb2139d7db8a4ba5de12a2f1f3d3f3137678d747bead589e25b56af8a5	gia con quel nome	il file si chiama gia cosi
2026-08-01T14:14:08	Addominali e Core	Mountain climber.gif	Mountain climber.gif	19d5f42f4f31a604317cf3a254f0ef616f93e159ad4ddbd38fb4f5246be76d6e	gia con quel nome	il file si chiama gia cosi
2026-08-01T14:14:08	Addominali e Core	Mountain climber incrociato.gif	Mountain climber incrociato.gif	859f195e8047eccc7dd6756722b33678a98efbd70f8a26a3ea42bded8e10e624	gia con quel nome	il file si chiama gia cosi
2026-08-01T14:14:08	Addominali e Core	Piegamenti tocco ai piedi.gif	Piegamenti tocco ai piedi.gif	98f1973698b263ce2a659ff7df1b805090b54051db32beef8a770dd648d9050e	gia con quel nome	il file si chiama gia cosi
2026-08-01T14:14:08	Addominali e Core	Piegamenti tocco incrociato (Cross body tap push up).gif	Piegamenti tocco incrociato spalla.gif	385d984e4c4a85e50f92ea7f643e227539ceaf552beb10aaaef010b6995a9776	non trovato	non e in questa cartella con nessun nome: forse spostato altrove
2026-08-01T14:14:08	Addominali e Core	Plank pike fitball.gif	Plank pike fitball.gif	8cef3d0b8fef7f15d455e34aae7a74ffdc40dd430850a04def2c3a4766266388	gia con quel nome	il file si chiama gia cosi
2026-08-01T14:14:08	Addominali e Core	Plank avambracci.gif	Plank avambracci.gif	2b1d9603704866b5aa7fe28ddf348fc79128b712e2b4a8af5c4a93b2bdcb6c68	gia con quel nome	il file si chiama gia cosi
2026-08-01T14:14:08	Addominali e Core	Plank avambracci avanti-indietro.gif	Plank avambracci avanti-indietro.gif	505dc2161792df03d74455fa36bd2cd108e3c901df0706580e2cda9d10d7f9b0	gia con quel nome	il file si chiama gia cosi
2026-08-01T14:14:08	Addominali e Core	Plank laterale crunch obliquo.gif	Plank laterale crunch obliquo.gif	d02de1d44b44142aefde321f68ba8925e24ed11251a02e3de2661e4f48553be3	gia con quel nome	il file si chiama gia cosi
2026-08-01T14:14:08	Addominali e Core	Plank rollout fitball.gif	Plank rollout fitball.gif	cbed596b3a81583c454183e7a9ab43a444d1134d190e4c772e5545ec5aff4c68	gia con quel nome	il file si chiama gia cosi
2026-08-01T14:14:08	Addominali e Core	Plank spider.gif	Plank spider.gif	4b30aadc0b8215eccf0bc8c5a2e7690dcff98da9b837b44b02045e1d242a053b	gia con quel nome	il file si chiama gia cosi
2026-08-01T14:14:08	Addominali e Core	Piegamenti con rotazione a T.gif	Piegamenti con rotazione a T.gif	a1e9102505f3dbaafea28c77da841f7495428e2cdc5a66e6e9215d30544c4907	gia con quel nome	il file si chiama gia cosi
2026-08-01T14:14:08	Addominali e Core	Crunch reverse.gif	Retroversione bacino da supino.gif	f091bb852bb3acc0048f2ecab0fdda74f3c2372f71e42fbc37755458b775b9a2	rinominato	
2026-08-01T14:14:08	Addominali e Core	Rollout ab wheel in ginocchio.gif	Rollout ab wheel in ginocchio.gif	0f317c495953d7c3c0734907f4750b9d6862cbdbdc42f50b7ef8ae2ffcf672d6	gia con quel nome	il file si chiama gia cosi
2026-08-01T14:14:08	Addominali e Core	Rollout bilanciere.gif	Rollout bilanciere.gif	d9539eaee6ecc7a6b6f7c44ddce754e80f13d89c841c4374409bce96187a8e21	gia con quel nome	il file si chiama gia cosi
2026-08-01T14:14:08	Addominali e Core	Rollout bilanciere in ginocchio.gif	Rollout bilanciere in ginocchio.gif	02403d47c16bd196e90c75f042d0e4531ac25b5960420ed0838a4aff638a0cf4	gia con quel nome	il file si chiama gia cosi
2026-08-01T14:14:08	Addominali e Core	Rotazione diagonale busto cavo alto.gif	Rotazione diagonale busto cavo alto.gif	5176aa57847e3f323b77cbc0add94a92ff09417767befe3030710415288ff29b	gia con quel nome	il file si chiama gia cosi
2026-08-01T14:14:08	Addominali e Core	Russian twist.gif	Russian twist.gif	98f642f2b4a36e6230a11e6b1a6dd7bc1b9ad54e7c6f772e256ec38cb599d3aa	gia con quel nome	il file si chiama gia cosi
2026-08-01T14:14:08	Addominali e Core	Sit-up a libro gambe tese.gif	Sit-up a libro gambe tese.gif	f7de9815a5142e7a3b6e5565fdd4443422ef2634de1a4e7a3df6c26edc38ef6c	gia con quel nome	il file si chiama gia cosi
2026-08-01T14:14:08	Addominali e Core	Sit-up con peso.gif	Sit-up con peso.gif	f82d1f6d5ebf4c38cac9febdcd6d81e1a702919a65a10d113253c44260397266	gia con quel nome	il file si chiama gia cosi
2026-08-01T14:14:08	Addominali e Core	Sit-up farfalla.gif	Sit-up farfalla.gif	6eec35f2b337077c8a68b9c7b92768621b4777973f75906c66e3c20abef5a522	gia con quel nome	il file si chiama gia cosi
2026-08-01T14:14:08	Addominali e Core	Sit-up fitball.gif	Sit-up fitball.gif	77628c53e5c46413bb0e53cf47a242cd6fe52346a89f2ceb5d0673a4cc7d1a33	gia con quel nome	il file si chiama gia cosi
2026-08-01T14:14:08	Addominali e Core	Sit-up mani alla fronte.gif	Sit-up mani alla fronte.gif	73c93ac52ba4184dd3326b1aab4161f9764db7cdcc955c9585cd81da6b788f3f	gia con quel nome	il file si chiama gia cosi
2026-08-01T14:14:08	Addominali e Core	Sit-up mani alla nuca.gif	Sit-up mani alla nuca.gif	8713086357a9ac26efaf1443a2c3b0c1b0617ff15bc0ef2f48519031e70050b7	gia con quel nome	il file si chiama gia cosi
2026-08-01T14:14:08	Addominali e Core	Sit-up mani alla nuca panca declinata.gif	Sit-up mani alla nuca panca declinata.gif	b5a55976308a5e698b85ead5d33d558dc8784f8bc2f5398569bdfb5484f72522	gia con quel nome	il file si chiama gia cosi
2026-08-01T14:14:08	Addominali e Core	Sollevamento gambe tese.gif	Sollevamento gambe tese.gif	78880bf255bc10b4098535bfe3e71acf435b3b1fd81cd74f63fd1086529b1f69	gia con quel nome	il file si chiama gia cosi
2026-08-01T14:14:08	Addominali e Core	Torsione busto gomiti alti in piedi.gif	Torsione busto gomiti alti in piedi.gif	406717a98963c46b8d6a638d738d49fe1a78f3ec3a949eeb468ebc68a908b6b9	gia con quel nome	il file si chiama gia cosi
2026-08-01T14:14:08	Addominali e Core	V-sit tuck up.gif	V-sit tuck up.gif	648e132e285389631b4869f0636b2debe5562c9a371e7fc8cc7c62f80edfe20f	gia con quel nome	il file si chiama gia cosi
2026-08-01T14:14:08	Addominali e Core	V-up fitball.gif	V-up fitball.gif	1dcff63c2650851199baecae9f1a53b1e8379d880a41fff289f0b371050c1867	gia con quel nome	il file si chiama gia cosi
2026-08-01T14:14:08	Addominali e Core	V-sit sforbiciata.gif	V-sit sforbiciata.gif	aced220144894a63b2de5685e428d5744ce5393c5fb58fb49bc339fb4d06661e	gia con quel nome	il file si chiama gia cosi
2026-08-01T19:26:52	Bicipiti e Braccia	Curl bilanciere dritto Arm Blaster in piedi (Standing Arm Blaster Barbell Simultaneous Curl).gif	Curl bilanciere arm blaster.gif	0c88aa9fafdaab6791e084af8e7c0b0cfcc8b9db51f03bbefff476e155809d94	rinominato	
2026-08-01T19:26:52	Bicipiti e Braccia	Curl bilanciere dritto in piedi (Barbell Curl).gif	Curl bilanciere.gif	ebc7b3bc992c0414df39ef1890b33ee5f2c87ea78862aa030ec46419bc28cceb	rinominato	
2026-08-01T19:26:52	Bicipiti e Braccia	Curl bilanciere dritto panca Scott (Barbell Preacher Simultaneous Curl).gif	Curl bilanciere panca Scott seduto.gif	8ca2bd71da1a64e6a123b0d9f443a43a06678f1ea3f6ed37261363a3dbb21452	rinominato	
2026-08-01T19:26:52	Bicipiti e Braccia	Curl bilanciere dritto presa larga in piedi (Wide-Grip Barbell Curl).gif	Curl bilanciere presa larga.gif	2c2d5aab8f92541b31ae92e377d4821e2ed3b5573c18a2776e3040b741707e7c	rinominato	
2026-08-01T19:26:52	Bicipiti e Braccia	Curl bilanciere dritto presa stretta in piedi (Close-Grip Barbell Curl).gif	Curl bilanciere presa stretta.gif	735ec1518f5ee1cea040bd10ac19f06f9bcdd2df6d6f76e60214a1a4a4551d70	rinominato	
2026-08-01T19:26:52	Bicipiti e Braccia	Curl bilanciere EZ in piedi (EZ-Bar Curl).gif	Curl bilanciere EZ.gif	71fff98ef25b8091febeea6523349ccb281f0c40d42fa6724089a4741315bb5b	rinominato	
2026-08-01T19:26:52	Bicipiti e Braccia	Curl bilanciere EZ panca Scott (Barbell Preacher Simultaneous Curl).gif	Curl bilanciere EZ panca Scott seduto.gif	5d1b1a9961c14988e329b6ba81455b24052ffc17ff9f97e71e844e8cd8d609fa	rinominato	
2026-08-01T19:26:52	Bicipiti e Braccia	Curl bilanciere EZ panca Scott in piedi (Standing EZ-Bar Preacher Simultaneous Curl).gif	Curl bilanciere EZ panca Scott in piedi.gif	9d2cfa3a0d8e5ae47f142eb9c2f66e90e98bd49afd5464e10f3be4b6f95ff6cf	rinominato	
2026-08-01T19:26:52	Bicipiti e Braccia	Curl bilanciere EZ presa inversa in piedi (Standing EZ-Bar Reverse Simultaneous Curl).gif	Curl bilanciere EZ presa inversa.gif	37a157dc68080fce943f218df3ce5c2ed9910ff40f7135f29c7afebc53078c88	rinominato	
2026-08-01T19:26:52	Bicipiti e Braccia	Curl bilanciere EZ presa larga in piedi (Wide-Grip EZ-Bar Curl).gif	Curl bilanciere EZ presa larga.gif	608dd02d75fb561c8b7757f507abec525a6e4aa7d5b9cbeeca55822ba9b8c9bf	rinominato	
2026-08-01T19:47:51	Bicipiti e Braccia	Curl bilanciere arm blaster.gif	Curl bilanciere arm blaster.gif	0c88aa9fafdaab6791e084af8e7c0b0cfcc8b9db51f03bbefff476e155809d94	gia con quel nome	il file si chiama gia cosi
2026-08-01T19:47:51	Bicipiti e Braccia	Curl bilanciere.gif	Curl bilanciere.gif	ebc7b3bc992c0414df39ef1890b33ee5f2c87ea78862aa030ec46419bc28cceb	gia con quel nome	il file si chiama gia cosi
2026-08-01T19:47:51	Bicipiti e Braccia	Curl bilanciere panca Scott seduto.gif	Curl bilanciere panca Scott seduto.gif	8ca2bd71da1a64e6a123b0d9f443a43a06678f1ea3f6ed37261363a3dbb21452	gia con quel nome	il file si chiama gia cosi
2026-08-01T19:47:51	Bicipiti e Braccia	Curl bilanciere presa larga.gif	Curl bilanciere presa larga.gif	2c2d5aab8f92541b31ae92e377d4821e2ed3b5573c18a2776e3040b741707e7c	gia con quel nome	il file si chiama gia cosi
2026-08-01T19:47:51	Bicipiti e Braccia	Curl bilanciere presa stretta.gif	Curl bilanciere presa stretta.gif	735ec1518f5ee1cea040bd10ac19f06f9bcdd2df6d6f76e60214a1a4a4551d70	gia con quel nome	il file si chiama gia cosi
2026-08-01T19:47:51	Bicipiti e Braccia	Curl bilanciere EZ.gif	Curl bilanciere EZ.gif	71fff98ef25b8091febeea6523349ccb281f0c40d42fa6724089a4741315bb5b	gia con quel nome	il file si chiama gia cosi
2026-08-01T19:47:51	Bicipiti e Braccia	Curl bilanciere EZ panca Scott seduto.gif	Curl bilanciere EZ panca Scott seduto.gif	5d1b1a9961c14988e329b6ba81455b24052ffc17ff9f97e71e844e8cd8d609fa	gia con quel nome	il file si chiama gia cosi
2026-08-01T19:47:51	Bicipiti e Braccia	Curl bilanciere EZ panca Scott in piedi.gif	Curl bilanciere EZ panca Scott in piedi.gif	9d2cfa3a0d8e5ae47f142eb9c2f66e90e98bd49afd5464e10f3be4b6f95ff6cf	gia con quel nome	il file si chiama gia cosi
2026-08-01T19:47:51	Bicipiti e Braccia	Curl bilanciere EZ presa inversa.gif	Curl bilanciere EZ presa inversa.gif	37a157dc68080fce943f218df3ce5c2ed9910ff40f7135f29c7afebc53078c88	gia con quel nome	il file si chiama gia cosi
2026-08-01T19:47:51	Bicipiti e Braccia	Curl bilanciere EZ presa larga.gif	Curl bilanciere EZ presa larga.gif	608dd02d75fb561c8b7757f507abec525a6e4aa7d5b9cbeeca55822ba9b8c9bf	gia con quel nome	il file si chiama gia cosi
2026-08-01T19:47:51	Bicipiti e Braccia	Curl bilanciere EZ presa stretta in piedi (EZ-Bar Curl).gif	Curl bilanciere EZ presa stretta.gif	64e810d44256c08e69f115b8450049fd37f5011ba5473cd0f51b8bb4d3657870	rinominato	
2026-08-01T19:47:51	Bicipiti e Braccia	Curl bilanciere EZ seduto su panca (Seated EZ-Bar Simultaneous Curl).gif	Curl bilanciere EZ seduto.gif	f0845e88bada4288f4644def0d579af3997a75215322e56d9a6e91601a953892	rinominato	
2026-08-01T19:47:51	Bicipiti e Braccia	Curl bilaterale simultaneo su panca inclinata con manubri (Simultaneous bilateral incline dumbbell curl).gif	Curl manubri panca inclinata.gif	96c66cf7f277d0cb6cc20c5c78590dcd0a1ea019a82faace4cd271bda63b545b	rinominato	
2026-08-01T19:47:51	Bicipiti e Braccia	Curl cavi alti in piedi croce (Standing High Cable Simultaneous Crucifix Curl).gif	Curl croce cavi alti.gif	156c320ed56703816ea9002dd2c8b14b100b17328ddb2bba05806413caf4b74b	rinominato	
2026-08-01T19:47:51	Bicipiti e Braccia	Curl cavi bassi panca inclinata supino (Incline Bench Supine Cable Simultaneous Curl).gif	Curl croci cavi bassi panca inclinata.gif	e63cb4fc0ec9b6b970b36a5c273eb14d91cc7f88a38b759cb2afd97ce5a16648	rinominato	
2026-08-01T19:47:51	Bicipiti e Braccia	Curl cavo alto barra dritta panca piana supino (Lying Flat Bench Cable Straight-Bar Simultaneous Curl).gif	Curl barra cavo panca piana.gif	a07daa162b0b00bd1f16d18cb4081cb0d19d48338940440f97ddacd6b30e0672	rinominato	
2026-08-01T19:47:51	Bicipiti e Braccia	Curl cavo alto barra EZ in piedi (Standing High Cable EZ-Bar Simultaneous Curl).gif	Curl cavo barra EZ.gif	2a71887e548d59adefbafbd6415b3b1f09fcc92de3b79e974de6078a96bd8829	rinominato	
2026-08-01T19:47:51	Bicipiti e Braccia	Curl cavo basso barra EZ in piedi (Standing Cable EZ-Bar Simultaneous Curl).gif	Curl cavo basso barra EZ.gif	cddc7f21353cf636a5cc81b3c8806478f20faa8267f6a7db48b86a0ac7ab6321	rinominato	
2026-08-01T19:47:51	Bicipiti e Braccia	Curl cavo basso panca inclinata supino (Incline Bench Supine Cable Simultaneous Curl).gif	Curl cavo basso panca inclinata.gif	592b046e71777ef5d512d6f6a05451e9ddc7a5ffe9cb3dc445766708ae1da1d5	rinominato	
2026-08-01T19:47:51	Bicipiti e Braccia	Curl cavo basso panca Scott (Cable Preacher Simultaneous Curl).gif	Curl cavo basso panca Scott.gif	96426545d841373c71b6dde8900a01b26a128fe2152c4c27fba9ddc4f64d57e6	rinominato	
2026-08-01T20:52:26	Bicipiti e Braccia	Curl bilanciere arm blaster.gif	Curl bilanciere arm blaster.gif	0c88aa9fafdaab6791e084af8e7c0b0cfcc8b9db51f03bbefff476e155809d94	gia con quel nome	il file si chiama gia cosi
2026-08-01T20:52:26	Bicipiti e Braccia	Curl bilanciere.gif	Curl bilanciere.gif	ebc7b3bc992c0414df39ef1890b33ee5f2c87ea78862aa030ec46419bc28cceb	gia con quel nome	il file si chiama gia cosi
2026-08-01T20:52:26	Bicipiti e Braccia	Curl bilanciere panca Scott seduto.gif	Curl bilanciere panca Scott seduto.gif	8ca2bd71da1a64e6a123b0d9f443a43a06678f1ea3f6ed37261363a3dbb21452	gia con quel nome	il file si chiama gia cosi
2026-08-01T20:52:26	Bicipiti e Braccia	Curl bilanciere presa larga.gif	Curl bilanciere presa larga.gif	2c2d5aab8f92541b31ae92e377d4821e2ed3b5573c18a2776e3040b741707e7c	gia con quel nome	il file si chiama gia cosi
2026-08-01T20:52:26	Bicipiti e Braccia	Curl bilanciere presa stretta.gif	Curl bilanciere presa stretta.gif	735ec1518f5ee1cea040bd10ac19f06f9bcdd2df6d6f76e60214a1a4a4551d70	gia con quel nome	il file si chiama gia cosi
2026-08-01T20:52:26	Bicipiti e Braccia	Curl bilanciere EZ.gif	Curl bilanciere EZ.gif	71fff98ef25b8091febeea6523349ccb281f0c40d42fa6724089a4741315bb5b	gia con quel nome	il file si chiama gia cosi
2026-08-01T20:52:26	Bicipiti e Braccia	Curl bilanciere EZ panca Scott seduto.gif	Curl bilanciere EZ panca Scott seduto.gif	5d1b1a9961c14988e329b6ba81455b24052ffc17ff9f97e71e844e8cd8d609fa	gia con quel nome	il file si chiama gia cosi
2026-08-01T20:52:26	Bicipiti e Braccia	Curl bilanciere EZ panca Scott in piedi.gif	Curl bilanciere EZ panca Scott in piedi.gif	9d2cfa3a0d8e5ae47f142eb9c2f66e90e98bd49afd5464e10f3be4b6f95ff6cf	gia con quel nome	il file si chiama gia cosi
2026-08-01T20:52:26	Bicipiti e Braccia	Curl bilanciere EZ presa inversa.gif	Curl bilanciere EZ presa inversa.gif	37a157dc68080fce943f218df3ce5c2ed9910ff40f7135f29c7afebc53078c88	gia con quel nome	il file si chiama gia cosi
2026-08-01T20:52:26	Bicipiti e Braccia	Curl bilanciere EZ presa larga.gif	Curl bilanciere EZ presa larga.gif	608dd02d75fb561c8b7757f507abec525a6e4aa7d5b9cbeeca55822ba9b8c9bf	gia con quel nome	il file si chiama gia cosi
2026-08-01T20:52:26	Bicipiti e Braccia	Curl bilanciere EZ presa stretta.gif	Curl bilanciere EZ presa stretta.gif	64e810d44256c08e69f115b8450049fd37f5011ba5473cd0f51b8bb4d3657870	gia con quel nome	il file si chiama gia cosi
2026-08-01T20:52:26	Bicipiti e Braccia	Curl bilanciere EZ seduto.gif	Curl bilanciere EZ seduto.gif	f0845e88bada4288f4644def0d579af3997a75215322e56d9a6e91601a953892	gia con quel nome	il file si chiama gia cosi
2026-08-01T20:52:26	Bicipiti e Braccia	Curl manubri panca inclinata.gif	Curl manubri panca inclinata.gif	96c66cf7f277d0cb6cc20c5c78590dcd0a1ea019a82faace4cd271bda63b545b	gia con quel nome	il file si chiama gia cosi
2026-08-01T20:52:26	Bicipiti e Braccia	Curl croce cavi alti.gif	Curl croce cavi alti.gif	156c320ed56703816ea9002dd2c8b14b100b17328ddb2bba05806413caf4b74b	gia con quel nome	il file si chiama gia cosi
2026-08-01T20:52:26	Bicipiti e Braccia	Curl croci cavi bassi panca inclinata.gif	Curl croci cavi bassi panca inclinata.gif	e63cb4fc0ec9b6b970b36a5c273eb14d91cc7f88a38b759cb2afd97ce5a16648	gia con quel nome	il file si chiama gia cosi
2026-08-01T20:52:26	Bicipiti e Braccia	Curl barra cavo panca piana.gif	Curl barra cavo panca piana.gif	a07daa162b0b00bd1f16d18cb4081cb0d19d48338940440f97ddacd6b30e0672	gia con quel nome	il file si chiama gia cosi
2026-08-01T20:52:26	Bicipiti e Braccia	Curl cavo barra EZ.gif	Curl cavo barra EZ.gif	2a71887e548d59adefbafbd6415b3b1f09fcc92de3b79e974de6078a96bd8829	gia con quel nome	il file si chiama gia cosi
2026-08-01T20:52:26	Bicipiti e Braccia	Curl cavo basso barra EZ.gif	Curl cavo basso barra EZ.gif	cddc7f21353cf636a5cc81b3c8806478f20faa8267f6a7db48b86a0ac7ab6321	gia con quel nome	il file si chiama gia cosi
2026-08-01T20:52:26	Bicipiti e Braccia	Curl cavo basso panca inclinata.gif	Curl cavo basso panca inclinata.gif	592b046e71777ef5d512d6f6a05451e9ddc7a5ffe9cb3dc445766708ae1da1d5	gia con quel nome	il file si chiama gia cosi
2026-08-01T20:52:26	Bicipiti e Braccia	Curl cavo basso panca Scott.gif	Curl cavo basso panca Scott.gif	96426545d841373c71b6dde8900a01b26a128fe2152c4c27fba9ddc4f64d57e6	gia con quel nome	il file si chiama gia cosi
2026-08-01T20:52:26	Bicipiti e Braccia	Curl cavo basso squat (Squatting Cable Simultaneous Curl).gif	Curl squat cavo basso.gif	85d258c5e5c3cbdb7fdbb7b9c4b2a43019a0f6dad6d952b95cbf2cb51fbd0ae0	rinominato	
2026-08-01T20:52:26	Bicipiti e Braccia	Curl Hammer alternato manubri in piedi (Standing Alternating Dumbbell Hammer Curl).gif	Curl hammer manubri alternato.gif	7cd4e155d595c80c57a3adb1d4bbef4b6da3c2017b11df124c3558618fc59ffb	rinominato	
2026-08-01T20:52:26	Bicipiti e Braccia	Curl Hammer alternato manubri seduto panca 90 gradi (Seated Alternating Dumbbell Hammer Curl).gif	Curl hammer manubri alternato panca verticale.gif	5318c2586c4c769714e6b44799165e60c560a1a94424c25a0bee449d9e7399bb	rinominato	
2026-08-01T20:52:26	Bicipiti e Braccia	Curl Hammer cavo basso corda in piedi (Standing Cable Rope Hammer Simultaneous Curl).gif	Curl hammer corda cavo basso.gif	de137d952cb7d7f78f1ab87fe83f13dd1d299c30aa1718ff6f93eb49d1e7735a	rinominato	
2026-08-01T20:52:26	Bicipiti e Braccia	Curl Hammer macchina panca Scott (Machine Preacher Hammer Simultaneous Curl).gif	Curl hammer macchina panca Scott.gif	92b9ac777ddd4bda792446079c8ac5b14de50aab51bf55f3859a076c84f07bf8	rinominato	
2026-08-01T20:52:26	Bicipiti e Braccia	Curl Hammer manubri Arm Blaster in piedi (Standing Arm Blaster Dumbbell Hammer Simultaneous Curl).gif	Curl hammer manubri arm blaster.gif	cb2fa94602e53ee405b88e83ec62d9677cdb54bb5cca9d587f635620edf2cc39	rinominato	
2026-08-01T20:52:26	Bicipiti e Braccia	Curl Hammer manubri in piedi (Standing Dumbbell Hammer Simultaneous Curl).gif	Curl hammer manubri.gif	c6b181e1adbbb8acce7236b96dfd05c964dccfaa40fce7946a7ee068e0f96210	rinominato	
2026-08-01T20:52:26	Bicipiti e Braccia	Curl Hammer manubri panca inclinata (Simultaneous Bilateral Incline Dumbbell Hammer Curl).gif	Curl hammer manubri panca inclinata.gif	700bdd90956d47273dcc017459d1c272280b68979be426737b6eae46ffa5654c	rinominato	
2026-08-01T20:52:26	Bicipiti e Braccia	Curl Hammer manubri panca verticale (Seated Dumbbell Hammer Curl).gif	Curl hammer manubri panca verticale.gif	a1aed194e68b553dc582be10915547b623ea4ca865e0f274564a6c9cd93d22bd	rinominato	
2026-08-01T20:52:26	Bicipiti e Braccia	Curl Hammer panca Scott (Dumbbell Hammer Simultaneous Preacher Curl).gif	Curl hammer panca Scott.gif	800533bc55d5d23fc8a4b7fe3433d47395d37156c0949c5022c4dfa97e11b1f9	rinominato	
2026-08-01T21:15:27	Bicipiti e Braccia	Curl bilanciere arm blaster.gif	Curl bilanciere arm blaster.gif	0c88aa9fafdaab6791e084af8e7c0b0cfcc8b9db51f03bbefff476e155809d94	gia con quel nome	il file si chiama gia cosi
2026-08-01T21:15:27	Bicipiti e Braccia	Curl bilanciere.gif	Curl bilanciere.gif	ebc7b3bc992c0414df39ef1890b33ee5f2c87ea78862aa030ec46419bc28cceb	gia con quel nome	il file si chiama gia cosi
2026-08-01T21:15:27	Bicipiti e Braccia	Curl bilanciere panca Scott seduto.gif	Curl bilanciere panca Scott seduto.gif	8ca2bd71da1a64e6a123b0d9f443a43a06678f1ea3f6ed37261363a3dbb21452	gia con quel nome	il file si chiama gia cosi
2026-08-01T21:15:27	Bicipiti e Braccia	Curl bilanciere presa larga.gif	Curl bilanciere presa larga.gif	2c2d5aab8f92541b31ae92e377d4821e2ed3b5573c18a2776e3040b741707e7c	gia con quel nome	il file si chiama gia cosi
2026-08-01T21:15:27	Bicipiti e Braccia	Curl bilanciere presa stretta.gif	Curl bilanciere presa stretta.gif	735ec1518f5ee1cea040bd10ac19f06f9bcdd2df6d6f76e60214a1a4a4551d70	gia con quel nome	il file si chiama gia cosi
2026-08-01T21:15:27	Bicipiti e Braccia	Curl bilanciere EZ.gif	Curl bilanciere EZ.gif	71fff98ef25b8091febeea6523349ccb281f0c40d42fa6724089a4741315bb5b	gia con quel nome	il file si chiama gia cosi
2026-08-01T21:15:27	Bicipiti e Braccia	Curl bilanciere EZ panca Scott seduto.gif	Curl bilanciere EZ panca Scott seduto.gif	5d1b1a9961c14988e329b6ba81455b24052ffc17ff9f97e71e844e8cd8d609fa	gia con quel nome	il file si chiama gia cosi
2026-08-01T21:15:27	Bicipiti e Braccia	Curl bilanciere EZ panca Scott in piedi.gif	Curl bilanciere EZ panca Scott in piedi.gif	9d2cfa3a0d8e5ae47f142eb9c2f66e90e98bd49afd5464e10f3be4b6f95ff6cf	gia con quel nome	il file si chiama gia cosi
2026-08-01T21:15:27	Bicipiti e Braccia	Curl bilanciere EZ presa inversa.gif	Curl bilanciere EZ presa inversa.gif	37a157dc68080fce943f218df3ce5c2ed9910ff40f7135f29c7afebc53078c88	gia con quel nome	il file si chiama gia cosi
2026-08-01T21:15:27	Bicipiti e Braccia	Curl bilanciere EZ presa larga.gif	Curl bilanciere EZ presa larga.gif	608dd02d75fb561c8b7757f507abec525a6e4aa7d5b9cbeeca55822ba9b8c9bf	gia con quel nome	il file si chiama gia cosi
2026-08-01T21:15:27	Bicipiti e Braccia	Curl bilanciere EZ presa stretta.gif	Curl bilanciere EZ presa stretta.gif	64e810d44256c08e69f115b8450049fd37f5011ba5473cd0f51b8bb4d3657870	gia con quel nome	il file si chiama gia cosi
2026-08-01T21:15:27	Bicipiti e Braccia	Curl bilanciere EZ seduto.gif	Curl bilanciere EZ seduto.gif	f0845e88bada4288f4644def0d579af3997a75215322e56d9a6e91601a953892	gia con quel nome	il file si chiama gia cosi
2026-08-01T21:15:27	Bicipiti e Braccia	Curl manubri panca inclinata.gif	Curl manubri panca inclinata.gif	96c66cf7f277d0cb6cc20c5c78590dcd0a1ea019a82faace4cd271bda63b545b	gia con quel nome	il file si chiama gia cosi
2026-08-01T21:15:27	Bicipiti e Braccia	Curl croce cavi alti.gif	Curl croce cavi alti.gif	156c320ed56703816ea9002dd2c8b14b100b17328ddb2bba05806413caf4b74b	gia con quel nome	il file si chiama gia cosi
2026-08-01T21:15:27	Bicipiti e Braccia	Curl croci cavi bassi panca inclinata.gif	Curl croci cavi bassi panca inclinata.gif	e63cb4fc0ec9b6b970b36a5c273eb14d91cc7f88a38b759cb2afd97ce5a16648	gia con quel nome	il file si chiama gia cosi
2026-08-01T21:15:27	Bicipiti e Braccia	Curl barra cavo panca piana.gif	Curl barra cavo panca piana.gif	a07daa162b0b00bd1f16d18cb4081cb0d19d48338940440f97ddacd6b30e0672	gia con quel nome	il file si chiama gia cosi
2026-08-01T21:15:27	Bicipiti e Braccia	Curl cavo barra EZ.gif	Curl cavo barra EZ.gif	2a71887e548d59adefbafbd6415b3b1f09fcc92de3b79e974de6078a96bd8829	gia con quel nome	il file si chiama gia cosi
2026-08-01T21:15:27	Bicipiti e Braccia	Curl cavo basso barra EZ.gif	Curl cavo basso barra EZ.gif	cddc7f21353cf636a5cc81b3c8806478f20faa8267f6a7db48b86a0ac7ab6321	gia con quel nome	il file si chiama gia cosi
2026-08-01T21:15:27	Bicipiti e Braccia	Curl cavo basso panca inclinata.gif	Curl cavo basso panca inclinata.gif	592b046e71777ef5d512d6f6a05451e9ddc7a5ffe9cb3dc445766708ae1da1d5	gia con quel nome	il file si chiama gia cosi
2026-08-01T21:15:27	Bicipiti e Braccia	Curl cavo basso panca Scott.gif	Curl cavo basso panca Scott.gif	96426545d841373c71b6dde8900a01b26a128fe2152c4c27fba9ddc4f64d57e6	gia con quel nome	il file si chiama gia cosi
2026-08-01T21:15:27	Bicipiti e Braccia	Curl squat cavo basso.gif	Curl squat cavo basso.gif	85d258c5e5c3cbdb7fdbb7b9c4b2a43019a0f6dad6d952b95cbf2cb51fbd0ae0	gia con quel nome	il file si chiama gia cosi
2026-08-01T21:15:27	Bicipiti e Braccia	Curl hammer manubri alternato.gif	Curl hammer manubri alternato.gif	7cd4e155d595c80c57a3adb1d4bbef4b6da3c2017b11df124c3558618fc59ffb	gia con quel nome	il file si chiama gia cosi
2026-08-01T21:15:27	Bicipiti e Braccia	Curl hammer manubri alternato panca verticale.gif	Curl hammer manubri alternato panca verticale.gif	5318c2586c4c769714e6b44799165e60c560a1a94424c25a0bee449d9e7399bb	gia con quel nome	il file si chiama gia cosi
2026-08-01T21:15:27	Bicipiti e Braccia	Curl hammer corda cavo basso.gif	Curl hammer corda cavo basso.gif	de137d952cb7d7f78f1ab87fe83f13dd1d299c30aa1718ff6f93eb49d1e7735a	gia con quel nome	il file si chiama gia cosi
2026-08-01T21:15:27	Bicipiti e Braccia	Curl hammer macchina panca Scott.gif	Curl hammer macchina panca Scott.gif	92b9ac777ddd4bda792446079c8ac5b14de50aab51bf55f3859a076c84f07bf8	gia con quel nome	il file si chiama gia cosi
2026-08-01T21:15:27	Bicipiti e Braccia	Curl hammer manubri arm blaster.gif	Curl hammer manubri arm blaster.gif	cb2fa94602e53ee405b88e83ec62d9677cdb54bb5cca9d587f635620edf2cc39	gia con quel nome	il file si chiama gia cosi
2026-08-01T21:15:27	Bicipiti e Braccia	Curl hammer manubri.gif	Curl hammer manubri.gif	c6b181e1adbbb8acce7236b96dfd05c964dccfaa40fce7946a7ee068e0f96210	gia con quel nome	il file si chiama gia cosi
2026-08-01T21:15:27	Bicipiti e Braccia	Curl hammer manubri panca inclinata.gif	Curl hammer manubri panca inclinata.gif	700bdd90956d47273dcc017459d1c272280b68979be426737b6eae46ffa5654c	gia con quel nome	il file si chiama gia cosi
2026-08-01T21:15:27	Bicipiti e Braccia	Curl hammer manubri panca verticale.gif	Curl hammer manubri panca verticale.gif	a1aed194e68b553dc582be10915547b623ea4ca865e0f274564a6c9cd93d22bd	gia con quel nome	il file si chiama gia cosi
2026-08-01T21:15:27	Bicipiti e Braccia	Curl hammer panca Scott.gif	Curl hammer panca Scott.gif	800533bc55d5d23fc8a4b7fe3433d47395d37156c0949c5022c4dfa97e11b1f9	gia con quel nome	il file si chiama gia cosi
2026-08-01T21:15:27	Bicipiti e Braccia	Curl Hammer un braccio corda cavo basso in piedi (Standing Cable Rope Single-Arm Hammer Curl).gif	Curl hammer un braccio corda cavo.gif	d09ec79df469cad51460a346f0a94d12e47fa8d91991190fd8a83f3be3e87183	rinominato	
2026-08-01T21:15:27	Bicipiti e Braccia	Curl Hammer un braccio manubri in piedi (Standing Single-Arm Dumbbell Hammer Curl).gif	Curl hammer manubri un braccio in piedi.gif	b983b590968b642cefc633ad5ad2ccd1a5dd704442c48e9b57a37b4a61ec222d	rinominato	
2026-08-01T21:15:27	Bicipiti e Braccia	Curl Hammer un braccio manubri seduto panca Scott (Seated Dumbbell Hammer Single-Arm Preacher Curl).gif	Curl hammer manubri un braccio panca Scott.gif	9ac17fa109865f2848d61bf5172aa992042a568dce50563eea378f9d43c80e9e	rinominato	
2026-08-01T21:15:27	Bicipiti e Braccia	Curl Hammer un braccio manubri seduto su panca (Seated Unilateral Dumbbell Hammer Curl).gif	Curl hammer manubri un braccio panca verticale.gif	71e519e3de662dba66ea6fb2fbf58d27223cc73ac630952ed3cd8039232193fa	rinominato	
2026-08-01T21:15:27	Bicipiti e Braccia	Curl inverso manubri (Simultaneous Bilateral Dumbbell Reverse Curl).gif	Curl inverso manubri.gif	07c2ab7063a9f0b77916e2bf9bd90abf4c054548dde9db0280f57114f9fe8d5e	rinominato	
2026-08-01T21:15:27	Bicipiti e Braccia	Curl macchina alternato seduto (Standing Alternating Machine Curl).gif	Curl alternato macchina.gif	af9c1605d9bfc889c8fcb84214702791ef7e43c0273b9fdf12ddde5229975821	rinominato	
2026-08-01T21:15:27	Bicipiti e Braccia	Curl macchina panca Scott (Machine Preacher Simultaneous Curl).gif	Curl macchina panca Scott.gif	69137160e32aa3b2f640fbd543eae932b32bf9480005c7b9f7488a2e7dee7d9d	rinominato	
2026-08-01T21:15:27	Bicipiti e Braccia	Curl macchina seduto (Machine Simultaneous Curl).gif	Curl macchina.gif	b23dd5572648bf8d41829c8cd43e1af4d054dc54f2f300afe95cf3d90aaf326b	rinominato	
2026-08-01T21:15:27	Bicipiti e Braccia	Curl manubri alternato in piedi (Standing Alternating Dumbbell Curl).gif	Curl alternato manubri.gif	3151e8bf9d7d504b8d0147439783b832cdc0da584d99212ddfc82bcca47d6639	rinominato	
2026-08-01T21:15:27	Bicipiti e Braccia	Curl manubri alternato panca inclinata (Incline Alternating Dumbbell Curl).gif	Curl alternato manubri panca inclinata.gif	3c7a52c12db193c9ae7df3e84b97532cceddfef14783bcb6f68e310a4381aabd	rinominato	
2026-08-01T21:20:18	Bicipiti e Braccia	Curl bilanciere arm blaster.gif	Curl bilanciere arm blaster.gif	0c88aa9fafdaab6791e084af8e7c0b0cfcc8b9db51f03bbefff476e155809d94	gia con quel nome	il file si chiama gia cosi
2026-08-01T21:20:18	Bicipiti e Braccia	Curl bilanciere.gif	Curl bilanciere.gif	ebc7b3bc992c0414df39ef1890b33ee5f2c87ea78862aa030ec46419bc28cceb	gia con quel nome	il file si chiama gia cosi
2026-08-01T21:20:18	Bicipiti e Braccia	Curl bilanciere panca Scott seduto.gif	Curl bilanciere panca Scott seduto.gif	8ca2bd71da1a64e6a123b0d9f443a43a06678f1ea3f6ed37261363a3dbb21452	gia con quel nome	il file si chiama gia cosi
2026-08-01T21:20:18	Bicipiti e Braccia	Curl bilanciere presa larga.gif	Curl bilanciere presa larga.gif	2c2d5aab8f92541b31ae92e377d4821e2ed3b5573c18a2776e3040b741707e7c	gia con quel nome	il file si chiama gia cosi
2026-08-01T21:20:18	Bicipiti e Braccia	Curl bilanciere presa stretta.gif	Curl bilanciere presa stretta.gif	735ec1518f5ee1cea040bd10ac19f06f9bcdd2df6d6f76e60214a1a4a4551d70	gia con quel nome	il file si chiama gia cosi
2026-08-01T21:20:18	Bicipiti e Braccia	Curl bilanciere EZ.gif	Curl bilanciere EZ.gif	71fff98ef25b8091febeea6523349ccb281f0c40d42fa6724089a4741315bb5b	gia con quel nome	il file si chiama gia cosi
2026-08-01T21:20:18	Bicipiti e Braccia	Curl bilanciere EZ panca Scott seduto.gif	Curl bilanciere EZ panca Scott seduto.gif	5d1b1a9961c14988e329b6ba81455b24052ffc17ff9f97e71e844e8cd8d609fa	gia con quel nome	il file si chiama gia cosi
2026-08-01T21:20:18	Bicipiti e Braccia	Curl bilanciere EZ panca Scott in piedi.gif	Curl bilanciere EZ panca Scott in piedi.gif	9d2cfa3a0d8e5ae47f142eb9c2f66e90e98bd49afd5464e10f3be4b6f95ff6cf	gia con quel nome	il file si chiama gia cosi
2026-08-01T21:20:18	Bicipiti e Braccia	Curl bilanciere EZ presa inversa.gif	Curl bilanciere EZ presa inversa.gif	37a157dc68080fce943f218df3ce5c2ed9910ff40f7135f29c7afebc53078c88	gia con quel nome	il file si chiama gia cosi
2026-08-01T21:20:18	Bicipiti e Braccia	Curl bilanciere EZ presa larga.gif	Curl bilanciere EZ presa larga.gif	608dd02d75fb561c8b7757f507abec525a6e4aa7d5b9cbeeca55822ba9b8c9bf	gia con quel nome	il file si chiama gia cosi
2026-08-01T21:20:18	Bicipiti e Braccia	Curl bilanciere EZ presa stretta.gif	Curl bilanciere EZ presa stretta.gif	64e810d44256c08e69f115b8450049fd37f5011ba5473cd0f51b8bb4d3657870	gia con quel nome	il file si chiama gia cosi
2026-08-01T21:20:18	Bicipiti e Braccia	Curl bilanciere EZ seduto.gif	Curl bilanciere EZ seduto.gif	f0845e88bada4288f4644def0d579af3997a75215322e56d9a6e91601a953892	gia con quel nome	il file si chiama gia cosi
2026-08-01T21:20:18	Bicipiti e Braccia	Curl manubri panca inclinata.gif	Curl manubri panca inclinata.gif	96c66cf7f277d0cb6cc20c5c78590dcd0a1ea019a82faace4cd271bda63b545b	gia con quel nome	il file si chiama gia cosi
2026-08-01T21:20:18	Bicipiti e Braccia	Curl croce cavi alti.gif	Curl croce cavi alti.gif	156c320ed56703816ea9002dd2c8b14b100b17328ddb2bba05806413caf4b74b	gia con quel nome	il file si chiama gia cosi
2026-08-01T21:20:18	Bicipiti e Braccia	Curl croci cavi bassi panca inclinata.gif	Curl croci cavi bassi panca inclinata.gif	e63cb4fc0ec9b6b970b36a5c273eb14d91cc7f88a38b759cb2afd97ce5a16648	gia con quel nome	il file si chiama gia cosi
2026-08-01T21:20:18	Bicipiti e Braccia	Curl barra cavo panca piana.gif	Curl barra cavo panca piana.gif	a07daa162b0b00bd1f16d18cb4081cb0d19d48338940440f97ddacd6b30e0672	gia con quel nome	il file si chiama gia cosi
2026-08-01T21:20:18	Bicipiti e Braccia	Curl cavo barra EZ.gif	Curl cavo barra EZ.gif	2a71887e548d59adefbafbd6415b3b1f09fcc92de3b79e974de6078a96bd8829	gia con quel nome	il file si chiama gia cosi
2026-08-01T21:20:18	Bicipiti e Braccia	Curl cavo basso barra EZ.gif	Curl cavo basso barra EZ.gif	cddc7f21353cf636a5cc81b3c8806478f20faa8267f6a7db48b86a0ac7ab6321	gia con quel nome	il file si chiama gia cosi
2026-08-01T21:20:18	Bicipiti e Braccia	Curl cavo basso panca inclinata.gif	Curl cavo basso panca inclinata.gif	592b046e71777ef5d512d6f6a05451e9ddc7a5ffe9cb3dc445766708ae1da1d5	gia con quel nome	il file si chiama gia cosi
2026-08-01T21:20:18	Bicipiti e Braccia	Curl cavo basso panca Scott.gif	Curl cavo basso panca Scott.gif	96426545d841373c71b6dde8900a01b26a128fe2152c4c27fba9ddc4f64d57e6	gia con quel nome	il file si chiama gia cosi
2026-08-01T21:20:18	Bicipiti e Braccia	Curl squat cavo basso.gif	Curl squat cavo basso.gif	85d258c5e5c3cbdb7fdbb7b9c4b2a43019a0f6dad6d952b95cbf2cb51fbd0ae0	gia con quel nome	il file si chiama gia cosi
2026-08-01T21:20:18	Bicipiti e Braccia	Curl hammer manubri alternato.gif	Curl hammer manubri alternato.gif	7cd4e155d595c80c57a3adb1d4bbef4b6da3c2017b11df124c3558618fc59ffb	gia con quel nome	il file si chiama gia cosi
2026-08-01T21:20:18	Bicipiti e Braccia	Curl hammer manubri alternato panca verticale.gif	Curl hammer manubri alternato panca verticale.gif	5318c2586c4c769714e6b44799165e60c560a1a94424c25a0bee449d9e7399bb	gia con quel nome	il file si chiama gia cosi
2026-08-01T21:20:18	Bicipiti e Braccia	Curl hammer corda cavo basso.gif	Curl hammer corda cavo basso.gif	de137d952cb7d7f78f1ab87fe83f13dd1d299c30aa1718ff6f93eb49d1e7735a	gia con quel nome	il file si chiama gia cosi
2026-08-01T21:20:18	Bicipiti e Braccia	Curl hammer macchina panca Scott.gif	Curl hammer macchina panca Scott.gif	92b9ac777ddd4bda792446079c8ac5b14de50aab51bf55f3859a076c84f07bf8	gia con quel nome	il file si chiama gia cosi
2026-08-01T21:20:18	Bicipiti e Braccia	Curl hammer manubri arm blaster.gif	Curl hammer manubri arm blaster.gif	cb2fa94602e53ee405b88e83ec62d9677cdb54bb5cca9d587f635620edf2cc39	gia con quel nome	il file si chiama gia cosi
2026-08-01T21:20:18	Bicipiti e Braccia	Curl hammer manubri.gif	Curl hammer manubri.gif	c6b181e1adbbb8acce7236b96dfd05c964dccfaa40fce7946a7ee068e0f96210	gia con quel nome	il file si chiama gia cosi
2026-08-01T21:20:18	Bicipiti e Braccia	Curl hammer manubri panca inclinata.gif	Curl hammer manubri panca inclinata.gif	700bdd90956d47273dcc017459d1c272280b68979be426737b6eae46ffa5654c	gia con quel nome	il file si chiama gia cosi
2026-08-01T21:20:18	Bicipiti e Braccia	Curl hammer manubri panca verticale.gif	Curl hammer manubri panca verticale.gif	a1aed194e68b553dc582be10915547b623ea4ca865e0f274564a6c9cd93d22bd	gia con quel nome	il file si chiama gia cosi
2026-08-01T21:20:18	Bicipiti e Braccia	Curl hammer panca Scott.gif	Curl hammer panca Scott.gif	800533bc55d5d23fc8a4b7fe3433d47395d37156c0949c5022c4dfa97e11b1f9	gia con quel nome	il file si chiama gia cosi
2026-08-01T21:20:18	Bicipiti e Braccia	Curl hammer un braccio corda cavo.gif	Curl hammer un braccio corda cavo.gif	d09ec79df469cad51460a346f0a94d12e47fa8d91991190fd8a83f3be3e87183	gia con quel nome	il file si chiama gia cosi
2026-08-01T21:20:18	Bicipiti e Braccia	Curl hammer manubri un braccio in piedi.gif	Curl hammer manubri un braccio in piedi.gif	b983b590968b642cefc633ad5ad2ccd1a5dd704442c48e9b57a37b4a61ec222d	gia con quel nome	il file si chiama gia cosi
2026-08-01T21:20:18	Bicipiti e Braccia	Curl hammer manubri un braccio panca Scott.gif	Curl hammer manubri un braccio panca Scott.gif	9ac17fa109865f2848d61bf5172aa992042a568dce50563eea378f9d43c80e9e	gia con quel nome	il file si chiama gia cosi
2026-08-01T21:20:18	Bicipiti e Braccia	Curl hammer manubri un braccio panca verticale.gif	Curl hammer manubri un braccio panca verticale.gif	71e519e3de662dba66ea6fb2fbf58d27223cc73ac630952ed3cd8039232193fa	gia con quel nome	il file si chiama gia cosi
2026-08-01T21:20:18	Bicipiti e Braccia	Curl inverso manubri.gif	Curl inverso manubri.gif	07c2ab7063a9f0b77916e2bf9bd90abf4c054548dde9db0280f57114f9fe8d5e	gia con quel nome	il file si chiama gia cosi
2026-08-01T21:20:18	Bicipiti e Braccia	Curl alternato macchina.gif	Curl alternato macchina.gif	af9c1605d9bfc889c8fcb84214702791ef7e43c0273b9fdf12ddde5229975821	gia con quel nome	il file si chiama gia cosi
2026-08-01T21:20:18	Bicipiti e Braccia	Curl macchina panca Scott.gif	Curl macchina panca Scott.gif	69137160e32aa3b2f640fbd543eae932b32bf9480005c7b9f7488a2e7dee7d9d	gia con quel nome	il file si chiama gia cosi
2026-08-01T21:20:18	Bicipiti e Braccia	Curl macchina.gif	Curl macchina.gif	b23dd5572648bf8d41829c8cd43e1af4d054dc54f2f300afe95cf3d90aaf326b	gia con quel nome	il file si chiama gia cosi
2026-08-01T21:20:18	Bicipiti e Braccia	Curl alternato manubri.gif	Curl alternato manubri.gif	3151e8bf9d7d504b8d0147439783b832cdc0da584d99212ddfc82bcca47d6639	gia con quel nome	il file si chiama gia cosi
2026-08-01T21:20:18	Bicipiti e Braccia	Curl alternato manubri panca inclinata.gif	Curl alternato manubri panca inclinata.gif	3c7a52c12db193c9ae7df3e84b97532cceddfef14783bcb6f68e310a4381aabd	gia con quel nome	il file si chiama gia cosi
2026-08-01T21:20:18	Bicipiti e Braccia	Curl manubri alternato panca Scott (Seated Alternating Dumbbell Preacher Curl).gif	Curl alternato manubri panca Scott.gif	aabda92b172af018ede93d3432afb7c4ee1479bd0eb6f0ca18733f9be3a91f6a	rinominato	
2026-08-01T21:20:18	Bicipiti e Braccia	Curl manubri diagonale in piedi (Standing Diagonal Dumbbell Curl).gif	Curl diagonale manubri.gif	a4eb3d58794d295b5e1fa8d9fbfd03460895cb37f5ec4dfc1277c6d2de516f50	rinominato	
2026-08-01T21:20:18	Bicipiti e Braccia	Curl manubri in piedi (Standing Dumbbell Curl).gif	Curl manubri in piedi.gif	14f311ac90d72bb206320b11a7bf99505c8e541fded503d2397d8f13baa06937	rinominato	
2026-08-01T21:20:18	Bicipiti e Braccia	Curl manubri panca 90 gradi (Simultaneous Bilateral Dumbbell Curl on 90 Bench).gif	Curl manubri panca verticale.gif	bbffa78fab5bae230cd9f269a3b38cbc360095faef67ccd6698558a2845b598f	rinominato	
2026-08-01T21:20:18	Bicipiti e Braccia	Curl manubri panca inclinata (Incline Dumbbell Simultaneous Curl).gif	Curl manubri panca inclinata.gif	b791447344f8fe1e44eff1d7a0cbc393e2e58ab66cc0b56432963aad30072ed3	saltato	esiste gia un altro file con quel nome: non sovrascrivo
2026-08-01T21:20:18	Bicipiti e Braccia	Curl manubri presa inversa in piedi (Standing Dumbbell Reverse Simultaneous Curl).gif	Curl presa inversa manubri.gif	12f9544b7683c6cd305b7b9ae6bbb43ad4931238372e206e002659c04a439923	rinominato	
2026-08-01T21:20:18	Bicipiti e Braccia	Curl manubri Zottman seduto (Seated Zottman Curl).gif	Curl Zottman manubri seduto.gif	5c5c14f9516abfa8acb509b0459238674976d2932e3555485ec5894159b86541	rinominato	
2026-08-01T21:20:18	Bicipiti e Braccia	Curl Spider bilanciere panca inclinata (Barbell Spider Curl on Incline Bench).gif	Curl spider bilanciere panca inclinata.gif	966697e6702540a15121ead92c1efd03eeafaf08e296a373f721bcc21908c043	rinominato	
2026-08-01T21:20:18	Bicipiti e Braccia	Curl Spider bilanciere panca piana (Barbell Spider Curl on Flat Bench).gif	Curl spider bilanciere panca piana.gif	a4622e6909a7b22d7d782759b7e26b5886cbe6ea36cab840acf354569083b0a0	rinominato	
2026-08-01T21:20:18	Bicipiti e Braccia	Curl Spider bilanciere seduto (Seated Barbell Spider Curl).gif	Curl spider bilanciere seduto.gif	b5cc70961012328a0f107785c5724abf990b70830b1e47b95cc4eb93b0661e88	rinominato	
2026-08-01T21:28:48	Bicipiti e Braccia	Curl bilanciere arm blaster.gif	Curl bilanciere arm blaster.gif	0c88aa9fafdaab6791e084af8e7c0b0cfcc8b9db51f03bbefff476e155809d94	gia con quel nome	il file si chiama gia cosi
2026-08-01T21:28:48	Bicipiti e Braccia	Curl bilanciere.gif	Curl bilanciere.gif	ebc7b3bc992c0414df39ef1890b33ee5f2c87ea78862aa030ec46419bc28cceb	gia con quel nome	il file si chiama gia cosi
2026-08-01T21:28:48	Bicipiti e Braccia	Curl bilanciere panca Scott seduto.gif	Curl bilanciere panca Scott seduto.gif	8ca2bd71da1a64e6a123b0d9f443a43a06678f1ea3f6ed37261363a3dbb21452	gia con quel nome	il file si chiama gia cosi
2026-08-01T21:28:48	Bicipiti e Braccia	Curl bilanciere presa larga.gif	Curl bilanciere presa larga.gif	2c2d5aab8f92541b31ae92e377d4821e2ed3b5573c18a2776e3040b741707e7c	gia con quel nome	il file si chiama gia cosi
2026-08-01T21:28:48	Bicipiti e Braccia	Curl bilanciere presa stretta.gif	Curl bilanciere presa stretta.gif	735ec1518f5ee1cea040bd10ac19f06f9bcdd2df6d6f76e60214a1a4a4551d70	gia con quel nome	il file si chiama gia cosi
2026-08-01T21:28:48	Bicipiti e Braccia	Curl bilanciere EZ.gif	Curl bilanciere EZ.gif	71fff98ef25b8091febeea6523349ccb281f0c40d42fa6724089a4741315bb5b	gia con quel nome	il file si chiama gia cosi
2026-08-01T21:28:48	Bicipiti e Braccia	Curl bilanciere EZ panca Scott seduto.gif	Curl bilanciere EZ panca Scott seduto.gif	5d1b1a9961c14988e329b6ba81455b24052ffc17ff9f97e71e844e8cd8d609fa	gia con quel nome	il file si chiama gia cosi
2026-08-01T21:28:48	Bicipiti e Braccia	Curl bilanciere EZ panca Scott in piedi.gif	Curl bilanciere EZ panca Scott in piedi.gif	9d2cfa3a0d8e5ae47f142eb9c2f66e90e98bd49afd5464e10f3be4b6f95ff6cf	gia con quel nome	il file si chiama gia cosi
2026-08-01T21:28:48	Bicipiti e Braccia	Curl bilanciere EZ presa inversa.gif	Curl bilanciere EZ presa inversa.gif	37a157dc68080fce943f218df3ce5c2ed9910ff40f7135f29c7afebc53078c88	gia con quel nome	il file si chiama gia cosi
2026-08-01T21:28:48	Bicipiti e Braccia	Curl bilanciere EZ presa larga.gif	Curl bilanciere EZ presa larga.gif	608dd02d75fb561c8b7757f507abec525a6e4aa7d5b9cbeeca55822ba9b8c9bf	gia con quel nome	il file si chiama gia cosi
2026-08-01T21:28:48	Bicipiti e Braccia	Curl bilanciere EZ presa stretta.gif	Curl bilanciere EZ presa stretta.gif	64e810d44256c08e69f115b8450049fd37f5011ba5473cd0f51b8bb4d3657870	gia con quel nome	il file si chiama gia cosi
2026-08-01T21:28:48	Bicipiti e Braccia	Curl bilanciere EZ seduto.gif	Curl bilanciere EZ seduto.gif	f0845e88bada4288f4644def0d579af3997a75215322e56d9a6e91601a953892	gia con quel nome	il file si chiama gia cosi
2026-08-01T21:28:48	Bicipiti e Braccia	Curl manubri panca inclinata.gif	Curl manubri panca inclinata.gif	96c66cf7f277d0cb6cc20c5c78590dcd0a1ea019a82faace4cd271bda63b545b	gia con quel nome	il file si chiama gia cosi
2026-08-01T21:28:48	Bicipiti e Braccia	Curl croce cavi alti.gif	Curl croce cavi alti.gif	156c320ed56703816ea9002dd2c8b14b100b17328ddb2bba05806413caf4b74b	gia con quel nome	il file si chiama gia cosi
2026-08-01T21:28:48	Bicipiti e Braccia	Curl croci cavi bassi panca inclinata.gif	Curl croci cavi bassi panca inclinata.gif	e63cb4fc0ec9b6b970b36a5c273eb14d91cc7f88a38b759cb2afd97ce5a16648	gia con quel nome	il file si chiama gia cosi
2026-08-01T21:28:48	Bicipiti e Braccia	Curl barra cavo panca piana.gif	Curl barra cavo panca piana.gif	a07daa162b0b00bd1f16d18cb4081cb0d19d48338940440f97ddacd6b30e0672	gia con quel nome	il file si chiama gia cosi
2026-08-01T21:28:48	Bicipiti e Braccia	Curl cavo barra EZ.gif	Curl cavo barra EZ.gif	2a71887e548d59adefbafbd6415b3b1f09fcc92de3b79e974de6078a96bd8829	gia con quel nome	il file si chiama gia cosi
2026-08-01T21:28:48	Bicipiti e Braccia	Curl cavo basso barra EZ.gif	Curl cavo basso barra EZ.gif	cddc7f21353cf636a5cc81b3c8806478f20faa8267f6a7db48b86a0ac7ab6321	gia con quel nome	il file si chiama gia cosi
2026-08-01T21:28:48	Bicipiti e Braccia	Curl cavo basso panca inclinata.gif	Curl cavo basso panca inclinata.gif	592b046e71777ef5d512d6f6a05451e9ddc7a5ffe9cb3dc445766708ae1da1d5	gia con quel nome	il file si chiama gia cosi
2026-08-01T21:28:48	Bicipiti e Braccia	Curl cavo basso panca Scott.gif	Curl cavo basso panca Scott.gif	96426545d841373c71b6dde8900a01b26a128fe2152c4c27fba9ddc4f64d57e6	gia con quel nome	il file si chiama gia cosi
2026-08-01T21:28:48	Bicipiti e Braccia	Curl squat cavo basso.gif	Curl squat cavo basso.gif	85d258c5e5c3cbdb7fdbb7b9c4b2a43019a0f6dad6d952b95cbf2cb51fbd0ae0	gia con quel nome	il file si chiama gia cosi
2026-08-01T21:28:48	Bicipiti e Braccia	Curl hammer manubri alternato.gif	Curl hammer manubri alternato.gif	7cd4e155d595c80c57a3adb1d4bbef4b6da3c2017b11df124c3558618fc59ffb	gia con quel nome	il file si chiama gia cosi
2026-08-01T21:28:48	Bicipiti e Braccia	Curl hammer manubri alternato panca verticale.gif	Curl hammer manubri alternato panca verticale.gif	5318c2586c4c769714e6b44799165e60c560a1a94424c25a0bee449d9e7399bb	gia con quel nome	il file si chiama gia cosi
2026-08-01T21:28:48	Bicipiti e Braccia	Curl hammer corda cavo basso.gif	Curl hammer corda cavo basso.gif	de137d952cb7d7f78f1ab87fe83f13dd1d299c30aa1718ff6f93eb49d1e7735a	gia con quel nome	il file si chiama gia cosi
2026-08-01T21:28:48	Bicipiti e Braccia	Curl hammer macchina panca Scott.gif	Curl hammer macchina panca Scott.gif	92b9ac777ddd4bda792446079c8ac5b14de50aab51bf55f3859a076c84f07bf8	gia con quel nome	il file si chiama gia cosi
2026-08-01T21:28:48	Bicipiti e Braccia	Curl hammer manubri arm blaster.gif	Curl hammer manubri arm blaster.gif	cb2fa94602e53ee405b88e83ec62d9677cdb54bb5cca9d587f635620edf2cc39	gia con quel nome	il file si chiama gia cosi
2026-08-01T21:28:48	Bicipiti e Braccia	Curl hammer manubri.gif	Curl hammer manubri.gif	c6b181e1adbbb8acce7236b96dfd05c964dccfaa40fce7946a7ee068e0f96210	gia con quel nome	il file si chiama gia cosi
2026-08-01T21:28:48	Bicipiti e Braccia	Curl hammer manubri panca inclinata.gif	Curl hammer manubri panca inclinata.gif	700bdd90956d47273dcc017459d1c272280b68979be426737b6eae46ffa5654c	gia con quel nome	il file si chiama gia cosi
2026-08-01T21:28:48	Bicipiti e Braccia	Curl hammer manubri panca verticale.gif	Curl hammer manubri panca verticale.gif	a1aed194e68b553dc582be10915547b623ea4ca865e0f274564a6c9cd93d22bd	gia con quel nome	il file si chiama gia cosi
2026-08-01T21:28:48	Bicipiti e Braccia	Curl hammer panca Scott.gif	Curl hammer panca Scott.gif	800533bc55d5d23fc8a4b7fe3433d47395d37156c0949c5022c4dfa97e11b1f9	gia con quel nome	il file si chiama gia cosi
2026-08-01T21:28:48	Bicipiti e Braccia	Curl hammer un braccio corda cavo.gif	Curl hammer un braccio corda cavo.gif	d09ec79df469cad51460a346f0a94d12e47fa8d91991190fd8a83f3be3e87183	gia con quel nome	il file si chiama gia cosi
2026-08-01T21:28:48	Bicipiti e Braccia	Curl hammer manubri un braccio in piedi.gif	Curl hammer manubri un braccio in piedi.gif	b983b590968b642cefc633ad5ad2ccd1a5dd704442c48e9b57a37b4a61ec222d	gia con quel nome	il file si chiama gia cosi
2026-08-01T21:28:48	Bicipiti e Braccia	Curl hammer manubri un braccio panca Scott.gif	Curl hammer manubri un braccio panca Scott.gif	9ac17fa109865f2848d61bf5172aa992042a568dce50563eea378f9d43c80e9e	gia con quel nome	il file si chiama gia cosi
2026-08-01T21:28:48	Bicipiti e Braccia	Curl hammer manubri un braccio panca verticale.gif	Curl hammer manubri un braccio panca verticale.gif	71e519e3de662dba66ea6fb2fbf58d27223cc73ac630952ed3cd8039232193fa	gia con quel nome	il file si chiama gia cosi
2026-08-01T21:28:48	Bicipiti e Braccia	Curl inverso manubri.gif	Curl inverso manubri.gif	07c2ab7063a9f0b77916e2bf9bd90abf4c054548dde9db0280f57114f9fe8d5e	gia con quel nome	il file si chiama gia cosi
2026-08-01T21:28:48	Bicipiti e Braccia	Curl alternato macchina.gif	Curl alternato macchina.gif	af9c1605d9bfc889c8fcb84214702791ef7e43c0273b9fdf12ddde5229975821	gia con quel nome	il file si chiama gia cosi
2026-08-01T21:28:48	Bicipiti e Braccia	Curl macchina panca Scott.gif	Curl macchina panca Scott.gif	69137160e32aa3b2f640fbd543eae932b32bf9480005c7b9f7488a2e7dee7d9d	gia con quel nome	il file si chiama gia cosi
2026-08-01T21:28:48	Bicipiti e Braccia	Curl macchina.gif	Curl macchina.gif	b23dd5572648bf8d41829c8cd43e1af4d054dc54f2f300afe95cf3d90aaf326b	gia con quel nome	il file si chiama gia cosi
2026-08-01T21:28:48	Bicipiti e Braccia	Curl alternato manubri.gif	Curl alternato manubri.gif	3151e8bf9d7d504b8d0147439783b832cdc0da584d99212ddfc82bcca47d6639	gia con quel nome	il file si chiama gia cosi
2026-08-01T21:28:48	Bicipiti e Braccia	Curl alternato manubri panca inclinata.gif	Curl alternato manubri panca inclinata.gif	3c7a52c12db193c9ae7df3e84b97532cceddfef14783bcb6f68e310a4381aabd	gia con quel nome	il file si chiama gia cosi
2026-08-01T21:28:48	Bicipiti e Braccia	Curl alternato manubri panca Scott.gif	Curl alternato manubri panca Scott.gif	aabda92b172af018ede93d3432afb7c4ee1479bd0eb6f0ca18733f9be3a91f6a	gia con quel nome	il file si chiama gia cosi
2026-08-01T21:28:48	Bicipiti e Braccia	Curl diagonale manubri.gif	Curl diagonale manubri.gif	a4eb3d58794d295b5e1fa8d9fbfd03460895cb37f5ec4dfc1277c6d2de516f50	gia con quel nome	il file si chiama gia cosi
2026-08-01T21:28:48	Bicipiti e Braccia	Curl manubri in piedi.gif	Curl manubri in piedi.gif	14f311ac90d72bb206320b11a7bf99505c8e541fded503d2397d8f13baa06937	gia con quel nome	il file si chiama gia cosi
2026-08-01T21:28:48	Bicipiti e Braccia	Curl manubri panca verticale.gif	Curl manubri panca verticale.gif	bbffa78fab5bae230cd9f269a3b38cbc360095faef67ccd6698558a2845b598f	gia con quel nome	il file si chiama gia cosi
2026-08-01T21:28:48	Bicipiti e Braccia	Curl manubri panca inclinata (Incline Dumbbell Simultaneous Curl).gif	Curl manubri panca inclinata.gif	b791447344f8fe1e44eff1d7a0cbc393e2e58ab66cc0b56432963aad30072ed3	saltato	esiste gia un altro file con quel nome: non sovrascrivo
2026-08-01T21:28:48	Bicipiti e Braccia	Curl presa inversa manubri.gif	Curl presa inversa manubri.gif	12f9544b7683c6cd305b7b9ae6bbb43ad4931238372e206e002659c04a439923	gia con quel nome	il file si chiama gia cosi
2026-08-01T21:28:48	Bicipiti e Braccia	Curl Zottman manubri seduto.gif	Curl Zottman manubri seduto.gif	5c5c14f9516abfa8acb509b0459238674976d2932e3555485ec5894159b86541	gia con quel nome	il file si chiama gia cosi
2026-08-01T21:28:48	Bicipiti e Braccia	Curl spider bilanciere panca inclinata.gif	Curl spider bilanciere panca inclinata.gif	966697e6702540a15121ead92c1efd03eeafaf08e296a373f721bcc21908c043	gia con quel nome	il file si chiama gia cosi
2026-08-01T21:28:48	Bicipiti e Braccia	Curl spider bilanciere panca piana.gif	Curl spider bilanciere panca piana.gif	a4622e6909a7b22d7d782759b7e26b5886cbe6ea36cab840acf354569083b0a0	gia con quel nome	il file si chiama gia cosi
2026-08-01T21:28:48	Bicipiti e Braccia	Curl spider bilanciere seduto.gif	Curl spider bilanciere seduto.gif	b5cc70961012328a0f107785c5724abf990b70830b1e47b95cc4eb93b0661e88	gia con quel nome	il file si chiama gia cosi
2026-08-01T21:28:48	Bicipiti e Braccia	Curl Spider manubri panca inclinata (Simultaneous Bilateral Dumbbell Spider Curl).gif	Curl spider manubri panca inclinata.gif	04a46d9816a6da83d6ebc1ca2d888f471e4141d9015e01148980db914a4897ac	rinominato	
2026-08-01T21:28:48	Bicipiti e Braccia	Curl un braccio cavo alto in piedi (Standing Cable Single-Arm Curl).gif	Curl un braccio cavo alto.gif	51bdbf003b2beb01529f2070ce19e30d527fb4bb11a81c68050d061110b6e8de	rinominato	
2026-08-01T21:28:48	Bicipiti e Braccia	Curl un braccio cavo basso dietro schiena in piedi (Standing Behind the Back Cable Single-Arm Curl).gif	Curl un braccio dietro schiena cavo basso.gif	e7f4a84a29ab9ce26dbe4f602e3709a188e946ed73676f3846ed1ba69154615b	rinominato	
2026-08-01T21:28:48	Bicipiti e Braccia	Curl un braccio cavo basso panca Scott (Cable Single-Arm Preacher Curl).gif	Curl un braccio panca Scott cavo basso.gif	a827b3a82de603f2017cc296a30012f5b7d8c70af6e2a255fd25917a8227035d	rinominato	
2026-08-01T21:28:48	Bicipiti e Braccia	Curl un braccio cavo basso seduto su panca (Cable Concentration Curl).gif	Curl concentrato cavo basso seduto.gif	c9430d092472cef84cb741d7e9d5e25f87d0f1da389f05f8bc9f67b7ec373bac	rinominato	
2026-08-01T21:28:48	Bicipiti e Braccia	Curl un braccio corpo libero seduto (Bodyweight Single-Arm Self-Resisted Curl).gif	Curl un braccio corpo libero seduto.gif	300953adc794c4462fc440b0c53709af632f025bf76178a6e2a3ddab025d8009	rinominato	
2026-08-01T21:28:48	Bicipiti e Braccia	Curl un braccio manubri panca inclinata prono (Incline Dumbbell Concentration Curl).gif	Curl un braccio manubrio panca inclinata.gif	5f37b581eb891c314b5e47b8a9fee19eb532c244694e00ffdcc0f437429150c1	rinominato	
2026-08-01T21:28:48	Bicipiti e Braccia	Curl un braccio manubri panca Scott (Seated Dumbbell Single-Arm Preacher Curl).gif	Curl un braccio manubrio panca Scott seduto.gif	8899aec14507cb87c4366d67cf58d3bac65f1468eaeb7df9e3ee866d6cf5e29e	rinominato	
2026-08-01T21:28:48	Bicipiti e Braccia	Curl un braccio manubri panca Scott in piedi (Dumbbell Preacher Curl).gif	Curl un braccio manubrio panca Scott in piedi.gif	e6b380b854853346471dd3f5b6465192ab78650cdcf6084e7e90512618a76d77	rinominato	
2026-08-01T21:33:47	Bicipiti e Braccia	Curl bilanciere arm blaster.gif	Curl bilanciere arm blaster.gif	0c88aa9fafdaab6791e084af8e7c0b0cfcc8b9db51f03bbefff476e155809d94	gia con quel nome	il file si chiama gia cosi
2026-08-01T21:33:47	Bicipiti e Braccia	Curl bilanciere.gif	Curl bilanciere.gif	ebc7b3bc992c0414df39ef1890b33ee5f2c87ea78862aa030ec46419bc28cceb	gia con quel nome	il file si chiama gia cosi
2026-08-01T21:33:47	Bicipiti e Braccia	Curl bilanciere panca Scott seduto.gif	Curl bilanciere panca Scott seduto.gif	8ca2bd71da1a64e6a123b0d9f443a43a06678f1ea3f6ed37261363a3dbb21452	gia con quel nome	il file si chiama gia cosi
2026-08-01T21:33:47	Bicipiti e Braccia	Curl bilanciere presa larga.gif	Curl bilanciere presa larga.gif	2c2d5aab8f92541b31ae92e377d4821e2ed3b5573c18a2776e3040b741707e7c	gia con quel nome	il file si chiama gia cosi
2026-08-01T21:33:47	Bicipiti e Braccia	Curl bilanciere presa stretta.gif	Curl bilanciere presa stretta.gif	735ec1518f5ee1cea040bd10ac19f06f9bcdd2df6d6f76e60214a1a4a4551d70	gia con quel nome	il file si chiama gia cosi
2026-08-01T21:33:47	Bicipiti e Braccia	Curl bilanciere EZ.gif	Curl bilanciere EZ.gif	71fff98ef25b8091febeea6523349ccb281f0c40d42fa6724089a4741315bb5b	gia con quel nome	il file si chiama gia cosi
2026-08-01T21:33:47	Bicipiti e Braccia	Curl bilanciere EZ panca Scott seduto.gif	Curl bilanciere EZ panca Scott seduto.gif	5d1b1a9961c14988e329b6ba81455b24052ffc17ff9f97e71e844e8cd8d609fa	gia con quel nome	il file si chiama gia cosi
2026-08-01T21:33:47	Bicipiti e Braccia	Curl bilanciere EZ panca Scott in piedi.gif	Curl bilanciere EZ panca Scott in piedi.gif	9d2cfa3a0d8e5ae47f142eb9c2f66e90e98bd49afd5464e10f3be4b6f95ff6cf	gia con quel nome	il file si chiama gia cosi
2026-08-01T21:33:47	Bicipiti e Braccia	Curl bilanciere EZ presa inversa.gif	Curl bilanciere EZ presa inversa.gif	37a157dc68080fce943f218df3ce5c2ed9910ff40f7135f29c7afebc53078c88	gia con quel nome	il file si chiama gia cosi
2026-08-01T21:33:47	Bicipiti e Braccia	Curl bilanciere EZ presa larga.gif	Curl bilanciere EZ presa larga.gif	608dd02d75fb561c8b7757f507abec525a6e4aa7d5b9cbeeca55822ba9b8c9bf	gia con quel nome	il file si chiama gia cosi
2026-08-01T21:33:47	Bicipiti e Braccia	Curl bilanciere EZ presa stretta.gif	Curl bilanciere EZ presa stretta.gif	64e810d44256c08e69f115b8450049fd37f5011ba5473cd0f51b8bb4d3657870	gia con quel nome	il file si chiama gia cosi
2026-08-01T21:33:47	Bicipiti e Braccia	Curl bilanciere EZ seduto.gif	Curl bilanciere EZ seduto.gif	f0845e88bada4288f4644def0d579af3997a75215322e56d9a6e91601a953892	gia con quel nome	il file si chiama gia cosi
2026-08-01T21:33:47	Bicipiti e Braccia	Curl manubri panca inclinata.gif	Curl manubri panca inclinata.gif	96c66cf7f277d0cb6cc20c5c78590dcd0a1ea019a82faace4cd271bda63b545b	gia con quel nome	il file si chiama gia cosi
2026-08-01T21:33:47	Bicipiti e Braccia	Curl croce cavi alti.gif	Curl croce cavi alti.gif	156c320ed56703816ea9002dd2c8b14b100b17328ddb2bba05806413caf4b74b	gia con quel nome	il file si chiama gia cosi
2026-08-01T21:33:47	Bicipiti e Braccia	Curl croci cavi bassi panca inclinata.gif	Curl croci cavi bassi panca inclinata.gif	e63cb4fc0ec9b6b970b36a5c273eb14d91cc7f88a38b759cb2afd97ce5a16648	gia con quel nome	il file si chiama gia cosi
2026-08-01T21:33:47	Bicipiti e Braccia	Curl barra cavo panca piana.gif	Curl barra cavo panca piana.gif	a07daa162b0b00bd1f16d18cb4081cb0d19d48338940440f97ddacd6b30e0672	gia con quel nome	il file si chiama gia cosi
2026-08-01T21:33:47	Bicipiti e Braccia	Curl cavo barra EZ.gif	Curl cavo barra EZ.gif	2a71887e548d59adefbafbd6415b3b1f09fcc92de3b79e974de6078a96bd8829	gia con quel nome	il file si chiama gia cosi
2026-08-01T21:33:47	Bicipiti e Braccia	Curl cavo basso barra EZ.gif	Curl cavo basso barra EZ.gif	cddc7f21353cf636a5cc81b3c8806478f20faa8267f6a7db48b86a0ac7ab6321	gia con quel nome	il file si chiama gia cosi
2026-08-01T21:33:47	Bicipiti e Braccia	Curl cavo basso panca inclinata.gif	Curl cavo basso panca inclinata.gif	592b046e71777ef5d512d6f6a05451e9ddc7a5ffe9cb3dc445766708ae1da1d5	gia con quel nome	il file si chiama gia cosi
2026-08-01T21:33:47	Bicipiti e Braccia	Curl cavo basso panca Scott.gif	Curl cavo basso panca Scott.gif	96426545d841373c71b6dde8900a01b26a128fe2152c4c27fba9ddc4f64d57e6	gia con quel nome	il file si chiama gia cosi
2026-08-01T21:33:47	Bicipiti e Braccia	Curl squat cavo basso.gif	Curl squat cavo basso.gif	85d258c5e5c3cbdb7fdbb7b9c4b2a43019a0f6dad6d952b95cbf2cb51fbd0ae0	gia con quel nome	il file si chiama gia cosi
2026-08-01T21:33:47	Bicipiti e Braccia	Curl hammer manubri alternato.gif	Curl hammer manubri alternato.gif	7cd4e155d595c80c57a3adb1d4bbef4b6da3c2017b11df124c3558618fc59ffb	gia con quel nome	il file si chiama gia cosi
2026-08-01T21:33:47	Bicipiti e Braccia	Curl hammer manubri alternato panca verticale.gif	Curl hammer manubri alternato panca verticale.gif	5318c2586c4c769714e6b44799165e60c560a1a94424c25a0bee449d9e7399bb	gia con quel nome	il file si chiama gia cosi
2026-08-01T21:33:47	Bicipiti e Braccia	Curl hammer corda cavo basso.gif	Curl hammer corda cavo basso.gif	de137d952cb7d7f78f1ab87fe83f13dd1d299c30aa1718ff6f93eb49d1e7735a	gia con quel nome	il file si chiama gia cosi
2026-08-01T21:33:47	Bicipiti e Braccia	Curl hammer macchina panca Scott.gif	Curl hammer macchina panca Scott.gif	92b9ac777ddd4bda792446079c8ac5b14de50aab51bf55f3859a076c84f07bf8	gia con quel nome	il file si chiama gia cosi
2026-08-01T21:33:47	Bicipiti e Braccia	Curl hammer manubri arm blaster.gif	Curl hammer manubri arm blaster.gif	cb2fa94602e53ee405b88e83ec62d9677cdb54bb5cca9d587f635620edf2cc39	gia con quel nome	il file si chiama gia cosi
2026-08-01T21:33:47	Bicipiti e Braccia	Curl hammer manubri.gif	Curl hammer manubri.gif	c6b181e1adbbb8acce7236b96dfd05c964dccfaa40fce7946a7ee068e0f96210	gia con quel nome	il file si chiama gia cosi
2026-08-01T21:33:47	Bicipiti e Braccia	Curl hammer manubri panca inclinata.gif	Curl hammer manubri panca inclinata.gif	700bdd90956d47273dcc017459d1c272280b68979be426737b6eae46ffa5654c	gia con quel nome	il file si chiama gia cosi
2026-08-01T21:33:47	Bicipiti e Braccia	Curl hammer manubri panca verticale.gif	Curl hammer manubri panca verticale.gif	a1aed194e68b553dc582be10915547b623ea4ca865e0f274564a6c9cd93d22bd	gia con quel nome	il file si chiama gia cosi
2026-08-01T21:33:47	Bicipiti e Braccia	Curl hammer panca Scott.gif	Curl hammer panca Scott.gif	800533bc55d5d23fc8a4b7fe3433d47395d37156c0949c5022c4dfa97e11b1f9	gia con quel nome	il file si chiama gia cosi
2026-08-01T21:33:47	Bicipiti e Braccia	Curl hammer un braccio corda cavo.gif	Curl hammer un braccio corda cavo.gif	d09ec79df469cad51460a346f0a94d12e47fa8d91991190fd8a83f3be3e87183	gia con quel nome	il file si chiama gia cosi
2026-08-01T21:33:47	Bicipiti e Braccia	Curl hammer manubri un braccio in piedi.gif	Curl hammer manubri un braccio in piedi.gif	b983b590968b642cefc633ad5ad2ccd1a5dd704442c48e9b57a37b4a61ec222d	gia con quel nome	il file si chiama gia cosi
2026-08-01T21:33:47	Bicipiti e Braccia	Curl hammer manubri un braccio panca Scott.gif	Curl hammer manubri un braccio panca Scott.gif	9ac17fa109865f2848d61bf5172aa992042a568dce50563eea378f9d43c80e9e	gia con quel nome	il file si chiama gia cosi
2026-08-01T21:33:47	Bicipiti e Braccia	Curl hammer manubri un braccio panca verticale.gif	Curl hammer manubri un braccio panca verticale.gif	71e519e3de662dba66ea6fb2fbf58d27223cc73ac630952ed3cd8039232193fa	gia con quel nome	il file si chiama gia cosi
2026-08-01T21:33:47	Bicipiti e Braccia	Curl inverso manubri.gif	Curl inverso manubri.gif	07c2ab7063a9f0b77916e2bf9bd90abf4c054548dde9db0280f57114f9fe8d5e	gia con quel nome	il file si chiama gia cosi
2026-08-01T21:33:47	Bicipiti e Braccia	Curl alternato macchina.gif	Curl alternato macchina.gif	af9c1605d9bfc889c8fcb84214702791ef7e43c0273b9fdf12ddde5229975821	gia con quel nome	il file si chiama gia cosi
2026-08-01T21:33:47	Bicipiti e Braccia	Curl macchina panca Scott.gif	Curl macchina panca Scott.gif	69137160e32aa3b2f640fbd543eae932b32bf9480005c7b9f7488a2e7dee7d9d	gia con quel nome	il file si chiama gia cosi
2026-08-01T21:33:47	Bicipiti e Braccia	Curl macchina.gif	Curl macchina.gif	b23dd5572648bf8d41829c8cd43e1af4d054dc54f2f300afe95cf3d90aaf326b	gia con quel nome	il file si chiama gia cosi
2026-08-01T21:33:47	Bicipiti e Braccia	Curl alternato manubri.gif	Curl alternato manubri.gif	3151e8bf9d7d504b8d0147439783b832cdc0da584d99212ddfc82bcca47d6639	gia con quel nome	il file si chiama gia cosi
2026-08-01T21:33:47	Bicipiti e Braccia	Curl alternato manubri panca inclinata.gif	Curl alternato manubri panca inclinata.gif	3c7a52c12db193c9ae7df3e84b97532cceddfef14783bcb6f68e310a4381aabd	gia con quel nome	il file si chiama gia cosi
2026-08-01T21:33:47	Bicipiti e Braccia	Curl alternato manubri panca Scott.gif	Curl alternato manubri panca Scott.gif	aabda92b172af018ede93d3432afb7c4ee1479bd0eb6f0ca18733f9be3a91f6a	gia con quel nome	il file si chiama gia cosi
2026-08-01T21:33:47	Bicipiti e Braccia	Curl diagonale manubri.gif	Curl diagonale manubri.gif	a4eb3d58794d295b5e1fa8d9fbfd03460895cb37f5ec4dfc1277c6d2de516f50	gia con quel nome	il file si chiama gia cosi
2026-08-01T21:33:47	Bicipiti e Braccia	Curl manubri in piedi.gif	Curl manubri in piedi.gif	14f311ac90d72bb206320b11a7bf99505c8e541fded503d2397d8f13baa06937	gia con quel nome	il file si chiama gia cosi
2026-08-01T21:33:47	Bicipiti e Braccia	Curl manubri panca verticale.gif	Curl manubri panca verticale.gif	bbffa78fab5bae230cd9f269a3b38cbc360095faef67ccd6698558a2845b598f	gia con quel nome	il file si chiama gia cosi
2026-08-01T21:33:47	Bicipiti e Braccia	Curl manubri panca inclinata (Incline Dumbbell Simultaneous Curl).gif	Curl manubri panca inclinata.gif	b791447344f8fe1e44eff1d7a0cbc393e2e58ab66cc0b56432963aad30072ed3	saltato	esiste gia un altro file con quel nome: non sovrascrivo
2026-08-01T21:33:47	Bicipiti e Braccia	Curl presa inversa manubri.gif	Curl presa inversa manubri.gif	12f9544b7683c6cd305b7b9ae6bbb43ad4931238372e206e002659c04a439923	gia con quel nome	il file si chiama gia cosi
2026-08-01T21:33:47	Bicipiti e Braccia	Curl Zottman manubri seduto.gif	Curl Zottman manubri seduto.gif	5c5c14f9516abfa8acb509b0459238674976d2932e3555485ec5894159b86541	gia con quel nome	il file si chiama gia cosi
2026-08-01T21:33:47	Bicipiti e Braccia	Curl spider bilanciere panca inclinata.gif	Curl spider bilanciere panca inclinata.gif	966697e6702540a15121ead92c1efd03eeafaf08e296a373f721bcc21908c043	gia con quel nome	il file si chiama gia cosi
2026-08-01T21:33:47	Bicipiti e Braccia	Curl spider bilanciere panca piana.gif	Curl spider bilanciere panca piana.gif	a4622e6909a7b22d7d782759b7e26b5886cbe6ea36cab840acf354569083b0a0	gia con quel nome	il file si chiama gia cosi
2026-08-01T21:33:47	Bicipiti e Braccia	Curl spider bilanciere seduto.gif	Curl spider bilanciere seduto.gif	b5cc70961012328a0f107785c5724abf990b70830b1e47b95cc4eb93b0661e88	gia con quel nome	il file si chiama gia cosi
2026-08-01T21:33:47	Bicipiti e Braccia	Curl spider manubri panca inclinata.gif	Curl spider manubri panca inclinata.gif	04a46d9816a6da83d6ebc1ca2d888f471e4141d9015e01148980db914a4897ac	gia con quel nome	il file si chiama gia cosi
2026-08-01T21:33:47	Bicipiti e Braccia	Curl un braccio cavo alto.gif	Curl un braccio cavo alto.gif	51bdbf003b2beb01529f2070ce19e30d527fb4bb11a81c68050d061110b6e8de	gia con quel nome	il file si chiama gia cosi
2026-08-01T21:33:47	Bicipiti e Braccia	Curl un braccio dietro schiena cavo basso.gif	Curl un braccio dietro schiena cavo basso.gif	e7f4a84a29ab9ce26dbe4f602e3709a188e946ed73676f3846ed1ba69154615b	gia con quel nome	il file si chiama gia cosi
2026-08-01T21:33:47	Bicipiti e Braccia	Curl un braccio panca Scott cavo basso.gif	Curl un braccio panca Scott cavo basso.gif	a827b3a82de603f2017cc296a30012f5b7d8c70af6e2a255fd25917a8227035d	gia con quel nome	il file si chiama gia cosi
2026-08-01T21:33:47	Bicipiti e Braccia	Curl concentrato cavo basso seduto.gif	Curl concentrato cavo basso seduto.gif	c9430d092472cef84cb741d7e9d5e25f87d0f1da389f05f8bc9f67b7ec373bac	gia con quel nome	il file si chiama gia cosi
2026-08-01T21:33:47	Bicipiti e Braccia	Curl un braccio corpo libero seduto.gif	Curl un braccio corpo libero seduto.gif	300953adc794c4462fc440b0c53709af632f025bf76178a6e2a3ddab025d8009	gia con quel nome	il file si chiama gia cosi
2026-08-01T21:33:47	Bicipiti e Braccia	Curl un braccio manubrio panca inclinata.gif	Curl un braccio manubrio panca inclinata.gif	5f37b581eb891c314b5e47b8a9fee19eb532c244694e00ffdcc0f437429150c1	gia con quel nome	il file si chiama gia cosi
2026-08-01T21:33:47	Bicipiti e Braccia	Curl un braccio manubrio panca Scott seduto.gif	Curl un braccio manubrio panca Scott seduto.gif	8899aec14507cb87c4366d67cf58d3bac65f1468eaeb7df9e3ee866d6cf5e29e	gia con quel nome	il file si chiama gia cosi
2026-08-01T21:33:47	Bicipiti e Braccia	Curl un braccio manubrio panca Scott in piedi.gif	Curl un braccio manubrio panca Scott in piedi.gif	e6b380b854853346471dd3f5b6465192ab78650cdcf6084e7e90512618a76d77	gia con quel nome	il file si chiama gia cosi
2026-08-01T21:33:47	Bicipiti e Braccia	Curl un braccio manubri seduto su panca (Dumbbell Concentration Curl).gif	Curl concentrato un braccio manubrio.gif	87500c87ff3afae691c8da96c458ae2a59916300b40181a01dda69c9c0cda637	rinominato	
2026-08-01T21:33:47	Bicipiti e Braccia	Curl un braccio cavo basso in piedi (Unilateral Low Cable Curl).gif	Curl un braccio cavo basso in piedi.gif	bddea1462b8a760bc8d5d6301d77a0960c2b319ad546683384400858f088f655	rinominato	
2026-08-01T21:35:40	Bicipiti e Braccia	Curl bilanciere arm blaster.gif	Curl bilanciere arm blaster.gif	0c88aa9fafdaab6791e084af8e7c0b0cfcc8b9db51f03bbefff476e155809d94	gia con quel nome	il file si chiama gia cosi
2026-08-01T21:35:40	Bicipiti e Braccia	Curl bilanciere.gif	Curl bilanciere.gif	ebc7b3bc992c0414df39ef1890b33ee5f2c87ea78862aa030ec46419bc28cceb	gia con quel nome	il file si chiama gia cosi
2026-08-01T21:35:40	Bicipiti e Braccia	Curl bilanciere panca Scott seduto.gif	Curl bilanciere panca Scott seduto.gif	8ca2bd71da1a64e6a123b0d9f443a43a06678f1ea3f6ed37261363a3dbb21452	gia con quel nome	il file si chiama gia cosi
2026-08-01T21:35:40	Bicipiti e Braccia	Curl bilanciere presa larga.gif	Curl bilanciere presa larga.gif	2c2d5aab8f92541b31ae92e377d4821e2ed3b5573c18a2776e3040b741707e7c	gia con quel nome	il file si chiama gia cosi
2026-08-01T21:35:40	Bicipiti e Braccia	Curl bilanciere presa stretta.gif	Curl bilanciere presa stretta.gif	735ec1518f5ee1cea040bd10ac19f06f9bcdd2df6d6f76e60214a1a4a4551d70	gia con quel nome	il file si chiama gia cosi
2026-08-01T21:35:40	Bicipiti e Braccia	Curl bilanciere EZ.gif	Curl bilanciere EZ.gif	71fff98ef25b8091febeea6523349ccb281f0c40d42fa6724089a4741315bb5b	gia con quel nome	il file si chiama gia cosi
2026-08-01T21:35:40	Bicipiti e Braccia	Curl bilanciere EZ panca Scott seduto.gif	Curl bilanciere EZ panca Scott seduto.gif	5d1b1a9961c14988e329b6ba81455b24052ffc17ff9f97e71e844e8cd8d609fa	gia con quel nome	il file si chiama gia cosi
2026-08-01T21:35:40	Bicipiti e Braccia	Curl bilanciere EZ panca Scott in piedi.gif	Curl bilanciere EZ panca Scott in piedi.gif	9d2cfa3a0d8e5ae47f142eb9c2f66e90e98bd49afd5464e10f3be4b6f95ff6cf	gia con quel nome	il file si chiama gia cosi
2026-08-01T21:35:40	Bicipiti e Braccia	Curl bilanciere EZ presa inversa.gif	Curl bilanciere EZ presa inversa.gif	37a157dc68080fce943f218df3ce5c2ed9910ff40f7135f29c7afebc53078c88	gia con quel nome	il file si chiama gia cosi
2026-08-01T21:35:40	Bicipiti e Braccia	Curl bilanciere EZ presa larga.gif	Curl bilanciere EZ presa larga.gif	608dd02d75fb561c8b7757f507abec525a6e4aa7d5b9cbeeca55822ba9b8c9bf	gia con quel nome	il file si chiama gia cosi
2026-08-01T21:35:40	Bicipiti e Braccia	Curl bilanciere EZ presa stretta.gif	Curl bilanciere EZ presa stretta.gif	64e810d44256c08e69f115b8450049fd37f5011ba5473cd0f51b8bb4d3657870	gia con quel nome	il file si chiama gia cosi
2026-08-01T21:35:40	Bicipiti e Braccia	Curl bilanciere EZ seduto.gif	Curl bilanciere EZ seduto.gif	f0845e88bada4288f4644def0d579af3997a75215322e56d9a6e91601a953892	gia con quel nome	il file si chiama gia cosi
2026-08-01T21:35:40	Bicipiti e Braccia	Curl manubri panca inclinata.gif	Curl manubri panca inclinata.gif	96c66cf7f277d0cb6cc20c5c78590dcd0a1ea019a82faace4cd271bda63b545b	gia con quel nome	il file si chiama gia cosi
2026-08-01T21:35:40	Bicipiti e Braccia	Curl croce cavi alti.gif	Curl croce cavi alti.gif	156c320ed56703816ea9002dd2c8b14b100b17328ddb2bba05806413caf4b74b	gia con quel nome	il file si chiama gia cosi
2026-08-01T21:35:40	Bicipiti e Braccia	Curl croci cavi bassi panca inclinata.gif	Curl croci cavi bassi panca inclinata.gif	e63cb4fc0ec9b6b970b36a5c273eb14d91cc7f88a38b759cb2afd97ce5a16648	gia con quel nome	il file si chiama gia cosi
2026-08-01T21:35:40	Bicipiti e Braccia	Curl barra cavo panca piana.gif	Curl barra cavo panca piana.gif	a07daa162b0b00bd1f16d18cb4081cb0d19d48338940440f97ddacd6b30e0672	gia con quel nome	il file si chiama gia cosi
2026-08-01T21:35:40	Bicipiti e Braccia	Curl cavo barra EZ.gif	Curl cavo barra EZ.gif	2a71887e548d59adefbafbd6415b3b1f09fcc92de3b79e974de6078a96bd8829	gia con quel nome	il file si chiama gia cosi
2026-08-01T21:35:40	Bicipiti e Braccia	Curl cavo basso barra EZ.gif	Curl cavo basso barra EZ.gif	cddc7f21353cf636a5cc81b3c8806478f20faa8267f6a7db48b86a0ac7ab6321	gia con quel nome	il file si chiama gia cosi
2026-08-01T21:35:40	Bicipiti e Braccia	Curl cavo basso panca inclinata.gif	Curl cavo basso panca inclinata.gif	592b046e71777ef5d512d6f6a05451e9ddc7a5ffe9cb3dc445766708ae1da1d5	gia con quel nome	il file si chiama gia cosi
2026-08-01T21:35:40	Bicipiti e Braccia	Curl cavo basso panca Scott.gif	Curl cavo basso panca Scott.gif	96426545d841373c71b6dde8900a01b26a128fe2152c4c27fba9ddc4f64d57e6	gia con quel nome	il file si chiama gia cosi
2026-08-01T21:35:40	Bicipiti e Braccia	Curl squat cavo basso.gif	Curl squat cavo basso.gif	85d258c5e5c3cbdb7fdbb7b9c4b2a43019a0f6dad6d952b95cbf2cb51fbd0ae0	gia con quel nome	il file si chiama gia cosi
2026-08-01T21:35:40	Bicipiti e Braccia	Curl hammer manubri alternato.gif	Curl hammer manubri alternato.gif	7cd4e155d595c80c57a3adb1d4bbef4b6da3c2017b11df124c3558618fc59ffb	gia con quel nome	il file si chiama gia cosi
2026-08-01T21:35:40	Bicipiti e Braccia	Curl hammer manubri alternato panca verticale.gif	Curl hammer manubri alternato panca verticale.gif	5318c2586c4c769714e6b44799165e60c560a1a94424c25a0bee449d9e7399bb	gia con quel nome	il file si chiama gia cosi
2026-08-01T21:35:40	Bicipiti e Braccia	Curl hammer corda cavo basso.gif	Curl hammer corda cavo basso.gif	de137d952cb7d7f78f1ab87fe83f13dd1d299c30aa1718ff6f93eb49d1e7735a	gia con quel nome	il file si chiama gia cosi
2026-08-01T21:35:40	Bicipiti e Braccia	Curl hammer macchina panca Scott.gif	Curl hammer macchina panca Scott.gif	92b9ac777ddd4bda792446079c8ac5b14de50aab51bf55f3859a076c84f07bf8	gia con quel nome	il file si chiama gia cosi
2026-08-01T21:35:40	Bicipiti e Braccia	Curl hammer manubri arm blaster.gif	Curl hammer manubri arm blaster.gif	cb2fa94602e53ee405b88e83ec62d9677cdb54bb5cca9d587f635620edf2cc39	gia con quel nome	il file si chiama gia cosi
2026-08-01T21:35:40	Bicipiti e Braccia	Curl hammer manubri.gif	Curl hammer manubri.gif	c6b181e1adbbb8acce7236b96dfd05c964dccfaa40fce7946a7ee068e0f96210	gia con quel nome	il file si chiama gia cosi
2026-08-01T21:35:40	Bicipiti e Braccia	Curl hammer manubri panca inclinata.gif	Curl hammer manubri panca inclinata.gif	700bdd90956d47273dcc017459d1c272280b68979be426737b6eae46ffa5654c	gia con quel nome	il file si chiama gia cosi
2026-08-01T21:35:40	Bicipiti e Braccia	Curl hammer manubri panca verticale.gif	Curl hammer manubri panca verticale.gif	a1aed194e68b553dc582be10915547b623ea4ca865e0f274564a6c9cd93d22bd	gia con quel nome	il file si chiama gia cosi
2026-08-01T21:35:40	Bicipiti e Braccia	Curl hammer panca Scott.gif	Curl hammer panca Scott.gif	800533bc55d5d23fc8a4b7fe3433d47395d37156c0949c5022c4dfa97e11b1f9	gia con quel nome	il file si chiama gia cosi
2026-08-01T21:35:40	Bicipiti e Braccia	Curl hammer un braccio corda cavo.gif	Curl hammer un braccio corda cavo.gif	d09ec79df469cad51460a346f0a94d12e47fa8d91991190fd8a83f3be3e87183	gia con quel nome	il file si chiama gia cosi
2026-08-01T21:35:40	Bicipiti e Braccia	Curl hammer manubri un braccio in piedi.gif	Curl hammer manubri un braccio in piedi.gif	b983b590968b642cefc633ad5ad2ccd1a5dd704442c48e9b57a37b4a61ec222d	gia con quel nome	il file si chiama gia cosi
2026-08-01T21:35:40	Bicipiti e Braccia	Curl hammer manubri un braccio panca Scott.gif	Curl hammer manubri un braccio panca Scott.gif	9ac17fa109865f2848d61bf5172aa992042a568dce50563eea378f9d43c80e9e	gia con quel nome	il file si chiama gia cosi
2026-08-01T21:35:40	Bicipiti e Braccia	Curl hammer manubri un braccio panca verticale.gif	Curl hammer manubri un braccio panca verticale.gif	71e519e3de662dba66ea6fb2fbf58d27223cc73ac630952ed3cd8039232193fa	gia con quel nome	il file si chiama gia cosi
2026-08-01T21:35:40	Bicipiti e Braccia	Curl inverso manubri.gif	Curl inverso manubri.gif	07c2ab7063a9f0b77916e2bf9bd90abf4c054548dde9db0280f57114f9fe8d5e	gia con quel nome	il file si chiama gia cosi
2026-08-01T21:35:40	Bicipiti e Braccia	Curl alternato macchina.gif	Curl alternato macchina.gif	af9c1605d9bfc889c8fcb84214702791ef7e43c0273b9fdf12ddde5229975821	gia con quel nome	il file si chiama gia cosi
2026-08-01T21:35:40	Bicipiti e Braccia	Curl macchina panca Scott.gif	Curl macchina panca Scott.gif	69137160e32aa3b2f640fbd543eae932b32bf9480005c7b9f7488a2e7dee7d9d	gia con quel nome	il file si chiama gia cosi
2026-08-01T21:35:40	Bicipiti e Braccia	Curl macchina.gif	Curl macchina.gif	b23dd5572648bf8d41829c8cd43e1af4d054dc54f2f300afe95cf3d90aaf326b	gia con quel nome	il file si chiama gia cosi
2026-08-01T21:35:40	Bicipiti e Braccia	Curl alternato manubri.gif	Curl alternato manubri.gif	3151e8bf9d7d504b8d0147439783b832cdc0da584d99212ddfc82bcca47d6639	gia con quel nome	il file si chiama gia cosi
2026-08-01T21:35:40	Bicipiti e Braccia	Curl alternato manubri panca inclinata.gif	Curl alternato manubri panca inclinata.gif	3c7a52c12db193c9ae7df3e84b97532cceddfef14783bcb6f68e310a4381aabd	gia con quel nome	il file si chiama gia cosi
2026-08-01T21:35:40	Bicipiti e Braccia	Curl alternato manubri panca Scott.gif	Curl alternato manubri panca Scott.gif	aabda92b172af018ede93d3432afb7c4ee1479bd0eb6f0ca18733f9be3a91f6a	gia con quel nome	il file si chiama gia cosi
2026-08-01T21:35:40	Bicipiti e Braccia	Curl diagonale manubri.gif	Curl diagonale manubri.gif	a4eb3d58794d295b5e1fa8d9fbfd03460895cb37f5ec4dfc1277c6d2de516f50	gia con quel nome	il file si chiama gia cosi
2026-08-01T21:35:40	Bicipiti e Braccia	Curl manubri in piedi.gif	Curl manubri in piedi.gif	14f311ac90d72bb206320b11a7bf99505c8e541fded503d2397d8f13baa06937	gia con quel nome	il file si chiama gia cosi
2026-08-01T21:35:40	Bicipiti e Braccia	Curl manubri panca verticale.gif	Curl manubri panca verticale.gif	bbffa78fab5bae230cd9f269a3b38cbc360095faef67ccd6698558a2845b598f	gia con quel nome	il file si chiama gia cosi
2026-08-01T21:35:40	Bicipiti e Braccia	Curl manubri panca inclinata (Incline Dumbbell Simultaneous Curl).gif	Curl manubri panca inclinata.gif	b791447344f8fe1e44eff1d7a0cbc393e2e58ab66cc0b56432963aad30072ed3	saltato	esiste gia un altro file con quel nome: non sovrascrivo
2026-08-01T21:35:40	Bicipiti e Braccia	Curl presa inversa manubri.gif	Curl presa inversa manubri.gif	12f9544b7683c6cd305b7b9ae6bbb43ad4931238372e206e002659c04a439923	gia con quel nome	il file si chiama gia cosi
2026-08-01T21:35:40	Bicipiti e Braccia	Curl Zottman manubri seduto.gif	Curl Zottman manubri seduto.gif	5c5c14f9516abfa8acb509b0459238674976d2932e3555485ec5894159b86541	gia con quel nome	il file si chiama gia cosi
2026-08-01T21:35:40	Bicipiti e Braccia	Curl spider bilanciere panca inclinata.gif	Curl spider bilanciere panca inclinata.gif	966697e6702540a15121ead92c1efd03eeafaf08e296a373f721bcc21908c043	gia con quel nome	il file si chiama gia cosi
2026-08-01T21:35:40	Bicipiti e Braccia	Curl spider bilanciere panca piana.gif	Curl spider bilanciere panca piana.gif	a4622e6909a7b22d7d782759b7e26b5886cbe6ea36cab840acf354569083b0a0	gia con quel nome	il file si chiama gia cosi
2026-08-01T21:35:40	Bicipiti e Braccia	Curl spider bilanciere seduto.gif	Curl spider bilanciere seduto.gif	b5cc70961012328a0f107785c5724abf990b70830b1e47b95cc4eb93b0661e88	gia con quel nome	il file si chiama gia cosi
2026-08-01T21:35:40	Bicipiti e Braccia	Curl spider manubri panca inclinata.gif	Curl spider manubri panca inclinata.gif	04a46d9816a6da83d6ebc1ca2d888f471e4141d9015e01148980db914a4897ac	gia con quel nome	il file si chiama gia cosi
2026-08-01T21:35:40	Bicipiti e Braccia	Curl un braccio cavo alto.gif	Curl un braccio cavo alto.gif	51bdbf003b2beb01529f2070ce19e30d527fb4bb11a81c68050d061110b6e8de	gia con quel nome	il file si chiama gia cosi
2026-08-01T21:35:40	Bicipiti e Braccia	Curl un braccio dietro schiena cavo basso.gif	Curl un braccio dietro schiena cavo basso.gif	e7f4a84a29ab9ce26dbe4f602e3709a188e946ed73676f3846ed1ba69154615b	gia con quel nome	il file si chiama gia cosi
2026-08-01T21:35:40	Bicipiti e Braccia	Curl un braccio panca Scott cavo basso.gif	Curl un braccio panca Scott cavo basso.gif	a827b3a82de603f2017cc296a30012f5b7d8c70af6e2a255fd25917a8227035d	gia con quel nome	il file si chiama gia cosi
2026-08-01T21:35:40	Bicipiti e Braccia	Curl concentrato cavo basso seduto.gif	Curl concentrato un braccio cavo basso.gif	c9430d092472cef84cb741d7e9d5e25f87d0f1da389f05f8bc9f67b7ec373bac	rinominato	
2026-08-01T21:35:40	Bicipiti e Braccia	Curl un braccio corpo libero seduto.gif	Curl un braccio corpo libero seduto.gif	300953adc794c4462fc440b0c53709af632f025bf76178a6e2a3ddab025d8009	gia con quel nome	il file si chiama gia cosi
2026-08-01T21:35:40	Bicipiti e Braccia	Curl un braccio manubrio panca inclinata.gif	Curl un braccio manubrio panca inclinata.gif	5f37b581eb891c314b5e47b8a9fee19eb532c244694e00ffdcc0f437429150c1	gia con quel nome	il file si chiama gia cosi
2026-08-01T21:35:40	Bicipiti e Braccia	Curl un braccio manubrio panca Scott seduto.gif	Curl un braccio manubrio panca Scott seduto.gif	8899aec14507cb87c4366d67cf58d3bac65f1468eaeb7df9e3ee866d6cf5e29e	gia con quel nome	il file si chiama gia cosi
2026-08-01T21:35:40	Bicipiti e Braccia	Curl un braccio manubrio panca Scott in piedi.gif	Curl un braccio manubrio panca Scott in piedi.gif	e6b380b854853346471dd3f5b6465192ab78650cdcf6084e7e90512618a76d77	gia con quel nome	il file si chiama gia cosi
2026-08-01T21:35:40	Bicipiti e Braccia	Curl concentrato un braccio manubrio.gif	Curl concentrato un braccio manubrio.gif	87500c87ff3afae691c8da96c458ae2a59916300b40181a01dda69c9c0cda637	gia con quel nome	il file si chiama gia cosi
2026-08-01T21:35:40	Bicipiti e Braccia	Curl un braccio cavo basso in piedi.gif	Curl un braccio cavo basso in piedi.gif	bddea1462b8a760bc8d5d6301d77a0960c2b319ad546683384400858f088f655	gia con quel nome	il file si chiama gia cosi
2026-08-01T21:42:49	Bicipiti e Braccia	Curl bilanciere arm blaster.gif	Curl bilanciere arm blaster.gif	0c88aa9fafdaab6791e084af8e7c0b0cfcc8b9db51f03bbefff476e155809d94	gia con quel nome	il file si chiama gia cosi
2026-08-01T21:42:49	Bicipiti e Braccia	Curl bilanciere.gif	Curl bilanciere.gif	ebc7b3bc992c0414df39ef1890b33ee5f2c87ea78862aa030ec46419bc28cceb	gia con quel nome	il file si chiama gia cosi
2026-08-01T21:42:49	Bicipiti e Braccia	Curl bilanciere panca Scott seduto.gif	Curl bilanciere panca Scott seduto.gif	8ca2bd71da1a64e6a123b0d9f443a43a06678f1ea3f6ed37261363a3dbb21452	gia con quel nome	il file si chiama gia cosi
2026-08-01T21:42:49	Bicipiti e Braccia	Curl bilanciere presa larga.gif	Curl bilanciere presa larga.gif	2c2d5aab8f92541b31ae92e377d4821e2ed3b5573c18a2776e3040b741707e7c	gia con quel nome	il file si chiama gia cosi
2026-08-01T21:42:49	Bicipiti e Braccia	Curl bilanciere presa stretta.gif	Curl bilanciere presa stretta.gif	735ec1518f5ee1cea040bd10ac19f06f9bcdd2df6d6f76e60214a1a4a4551d70	gia con quel nome	il file si chiama gia cosi
2026-08-01T21:42:49	Bicipiti e Braccia	Curl bilanciere EZ.gif	Curl bilanciere EZ.gif	71fff98ef25b8091febeea6523349ccb281f0c40d42fa6724089a4741315bb5b	gia con quel nome	il file si chiama gia cosi
2026-08-01T21:42:49	Bicipiti e Braccia	Curl bilanciere EZ panca Scott seduto.gif	Curl bilanciere EZ panca Scott seduto.gif	5d1b1a9961c14988e329b6ba81455b24052ffc17ff9f97e71e844e8cd8d609fa	gia con quel nome	il file si chiama gia cosi
2026-08-01T21:42:49	Bicipiti e Braccia	Curl bilanciere EZ panca Scott in piedi.gif	Curl bilanciere EZ panca Scott in piedi.gif	9d2cfa3a0d8e5ae47f142eb9c2f66e90e98bd49afd5464e10f3be4b6f95ff6cf	gia con quel nome	il file si chiama gia cosi
2026-08-01T21:42:49	Bicipiti e Braccia	Curl bilanciere EZ presa inversa.gif	Curl bilanciere EZ presa inversa.gif	37a157dc68080fce943f218df3ce5c2ed9910ff40f7135f29c7afebc53078c88	gia con quel nome	il file si chiama gia cosi
2026-08-01T21:42:49	Bicipiti e Braccia	Curl bilanciere EZ presa larga.gif	Curl bilanciere EZ presa larga.gif	608dd02d75fb561c8b7757f507abec525a6e4aa7d5b9cbeeca55822ba9b8c9bf	gia con quel nome	il file si chiama gia cosi
2026-08-01T21:42:49	Bicipiti e Braccia	Curl bilanciere EZ presa stretta.gif	Curl bilanciere EZ presa stretta.gif	64e810d44256c08e69f115b8450049fd37f5011ba5473cd0f51b8bb4d3657870	gia con quel nome	il file si chiama gia cosi
2026-08-01T21:42:49	Bicipiti e Braccia	Curl bilanciere EZ seduto.gif	Curl bilanciere EZ seduto.gif	f0845e88bada4288f4644def0d579af3997a75215322e56d9a6e91601a953892	gia con quel nome	il file si chiama gia cosi
2026-08-01T21:42:49	Bicipiti e Braccia	Curl manubri panca inclinata.gif	Curl manubri panca inclinata.gif	96c66cf7f277d0cb6cc20c5c78590dcd0a1ea019a82faace4cd271bda63b545b	gia con quel nome	il file si chiama gia cosi
2026-08-01T21:42:49	Bicipiti e Braccia	Curl croce cavi alti.gif	Curl croce cavi alti.gif	156c320ed56703816ea9002dd2c8b14b100b17328ddb2bba05806413caf4b74b	gia con quel nome	il file si chiama gia cosi
2026-08-01T21:42:49	Bicipiti e Braccia	Curl croci cavi bassi panca inclinata.gif	Curl croci cavi bassi panca inclinata.gif	e63cb4fc0ec9b6b970b36a5c273eb14d91cc7f88a38b759cb2afd97ce5a16648	gia con quel nome	il file si chiama gia cosi
2026-08-01T21:42:49	Bicipiti e Braccia	Curl barra cavo panca piana.gif	Curl barra cavo panca piana.gif	a07daa162b0b00bd1f16d18cb4081cb0d19d48338940440f97ddacd6b30e0672	gia con quel nome	il file si chiama gia cosi
2026-08-01T21:42:49	Bicipiti e Braccia	Curl cavo barra EZ.gif	Curl cavo barra EZ.gif	2a71887e548d59adefbafbd6415b3b1f09fcc92de3b79e974de6078a96bd8829	gia con quel nome	il file si chiama gia cosi
2026-08-01T21:42:49	Bicipiti e Braccia	Curl cavo basso barra EZ.gif	Curl cavo basso barra EZ.gif	cddc7f21353cf636a5cc81b3c8806478f20faa8267f6a7db48b86a0ac7ab6321	gia con quel nome	il file si chiama gia cosi
2026-08-01T21:42:49	Bicipiti e Braccia	Curl cavo basso panca inclinata.gif	Curl cavo basso panca inclinata.gif	592b046e71777ef5d512d6f6a05451e9ddc7a5ffe9cb3dc445766708ae1da1d5	gia con quel nome	il file si chiama gia cosi
2026-08-01T21:42:49	Bicipiti e Braccia	Curl cavo basso panca Scott.gif	Curl cavo basso panca Scott.gif	96426545d841373c71b6dde8900a01b26a128fe2152c4c27fba9ddc4f64d57e6	gia con quel nome	il file si chiama gia cosi
2026-08-01T21:42:49	Bicipiti e Braccia	Curl squat cavo basso.gif	Curl squat cavo basso.gif	85d258c5e5c3cbdb7fdbb7b9c4b2a43019a0f6dad6d952b95cbf2cb51fbd0ae0	gia con quel nome	il file si chiama gia cosi
2026-08-01T21:42:49	Bicipiti e Braccia	Curl hammer manubri alternato.gif	Curl hammer manubri alternato.gif	7cd4e155d595c80c57a3adb1d4bbef4b6da3c2017b11df124c3558618fc59ffb	gia con quel nome	il file si chiama gia cosi
2026-08-01T21:42:49	Bicipiti e Braccia	Curl hammer manubri alternato panca verticale.gif	Curl hammer manubri alternato panca verticale.gif	5318c2586c4c769714e6b44799165e60c560a1a94424c25a0bee449d9e7399bb	gia con quel nome	il file si chiama gia cosi
2026-08-01T21:42:49	Bicipiti e Braccia	Curl hammer corda cavo basso.gif	Curl hammer corda cavo basso.gif	de137d952cb7d7f78f1ab87fe83f13dd1d299c30aa1718ff6f93eb49d1e7735a	gia con quel nome	il file si chiama gia cosi
2026-08-01T21:42:49	Bicipiti e Braccia	Curl hammer macchina panca Scott.gif	Curl hammer macchina panca Scott.gif	92b9ac777ddd4bda792446079c8ac5b14de50aab51bf55f3859a076c84f07bf8	gia con quel nome	il file si chiama gia cosi
2026-08-01T21:42:49	Bicipiti e Braccia	Curl hammer manubri arm blaster.gif	Curl hammer manubri arm blaster.gif	cb2fa94602e53ee405b88e83ec62d9677cdb54bb5cca9d587f635620edf2cc39	gia con quel nome	il file si chiama gia cosi
2026-08-01T21:42:49	Bicipiti e Braccia	Curl hammer manubri.gif	Curl hammer manubri.gif	c6b181e1adbbb8acce7236b96dfd05c964dccfaa40fce7946a7ee068e0f96210	gia con quel nome	il file si chiama gia cosi
2026-08-01T21:42:49	Bicipiti e Braccia	Curl hammer manubri panca inclinata.gif	Curl hammer manubri panca inclinata.gif	700bdd90956d47273dcc017459d1c272280b68979be426737b6eae46ffa5654c	gia con quel nome	il file si chiama gia cosi
2026-08-01T21:42:49	Bicipiti e Braccia	Curl hammer manubri panca verticale.gif	Curl hammer manubri panca verticale.gif	a1aed194e68b553dc582be10915547b623ea4ca865e0f274564a6c9cd93d22bd	gia con quel nome	il file si chiama gia cosi
2026-08-01T21:42:49	Bicipiti e Braccia	Curl hammer panca Scott.gif	Curl hammer panca Scott.gif	800533bc55d5d23fc8a4b7fe3433d47395d37156c0949c5022c4dfa97e11b1f9	gia con quel nome	il file si chiama gia cosi
2026-08-01T21:42:49	Bicipiti e Braccia	Curl hammer un braccio corda cavo.gif	Curl hammer un braccio corda cavo.gif	d09ec79df469cad51460a346f0a94d12e47fa8d91991190fd8a83f3be3e87183	gia con quel nome	il file si chiama gia cosi
2026-08-01T21:42:49	Bicipiti e Braccia	Curl hammer manubri un braccio in piedi.gif	Curl hammer manubri un braccio in piedi.gif	b983b590968b642cefc633ad5ad2ccd1a5dd704442c48e9b57a37b4a61ec222d	gia con quel nome	il file si chiama gia cosi
2026-08-01T21:42:49	Bicipiti e Braccia	Curl hammer manubri un braccio panca Scott.gif	Curl hammer manubri un braccio panca Scott.gif	9ac17fa109865f2848d61bf5172aa992042a568dce50563eea378f9d43c80e9e	gia con quel nome	il file si chiama gia cosi
2026-08-01T21:42:49	Bicipiti e Braccia	Curl hammer manubri un braccio panca verticale.gif	Curl hammer manubri un braccio panca verticale.gif	71e519e3de662dba66ea6fb2fbf58d27223cc73ac630952ed3cd8039232193fa	gia con quel nome	il file si chiama gia cosi
2026-08-01T21:42:49	Bicipiti e Braccia	Curl inverso manubri.gif	Curl inverso manubri.gif	07c2ab7063a9f0b77916e2bf9bd90abf4c054548dde9db0280f57114f9fe8d5e	gia con quel nome	il file si chiama gia cosi
2026-08-01T21:42:49	Bicipiti e Braccia	Curl alternato macchina.gif	Curl alternato macchina.gif	af9c1605d9bfc889c8fcb84214702791ef7e43c0273b9fdf12ddde5229975821	gia con quel nome	il file si chiama gia cosi
2026-08-01T21:42:49	Bicipiti e Braccia	Curl macchina panca Scott.gif	Curl macchina panca Scott.gif	69137160e32aa3b2f640fbd543eae932b32bf9480005c7b9f7488a2e7dee7d9d	gia con quel nome	il file si chiama gia cosi
2026-08-01T21:42:49	Bicipiti e Braccia	Curl macchina.gif	Curl macchina.gif	b23dd5572648bf8d41829c8cd43e1af4d054dc54f2f300afe95cf3d90aaf326b	gia con quel nome	il file si chiama gia cosi
2026-08-01T21:42:49	Bicipiti e Braccia	Curl alternato manubri.gif	Curl alternato manubri.gif	3151e8bf9d7d504b8d0147439783b832cdc0da584d99212ddfc82bcca47d6639	gia con quel nome	il file si chiama gia cosi
2026-08-01T21:42:49	Bicipiti e Braccia	Curl alternato manubri panca inclinata.gif	Curl alternato manubri panca inclinata.gif	3c7a52c12db193c9ae7df3e84b97532cceddfef14783bcb6f68e310a4381aabd	gia con quel nome	il file si chiama gia cosi
2026-08-01T21:42:49	Bicipiti e Braccia	Curl alternato manubri panca Scott.gif	Curl alternato manubri panca Scott.gif	aabda92b172af018ede93d3432afb7c4ee1479bd0eb6f0ca18733f9be3a91f6a	gia con quel nome	il file si chiama gia cosi
2026-08-01T21:42:49	Bicipiti e Braccia	Curl diagonale manubri.gif	Curl diagonale manubri.gif	a4eb3d58794d295b5e1fa8d9fbfd03460895cb37f5ec4dfc1277c6d2de516f50	gia con quel nome	il file si chiama gia cosi
2026-08-01T21:42:49	Bicipiti e Braccia	Curl manubri in piedi.gif	Curl manubri in piedi.gif	14f311ac90d72bb206320b11a7bf99505c8e541fded503d2397d8f13baa06937	gia con quel nome	il file si chiama gia cosi
2026-08-01T21:42:49	Bicipiti e Braccia	Curl manubri panca verticale.gif	Curl manubri panca verticale.gif	bbffa78fab5bae230cd9f269a3b38cbc360095faef67ccd6698558a2845b598f	gia con quel nome	il file si chiama gia cosi
2026-08-01T21:42:49	Bicipiti e Braccia	Curl manubri panca inclinata (Incline Dumbbell Simultaneous Curl).gif	Curl manubri panca inclinata.gif	b791447344f8fe1e44eff1d7a0cbc393e2e58ab66cc0b56432963aad30072ed3	saltato	esiste gia un altro file con quel nome: non sovrascrivo
2026-08-01T21:42:49	Bicipiti e Braccia	Curl presa inversa manubri.gif	Curl presa inversa manubri.gif	12f9544b7683c6cd305b7b9ae6bbb43ad4931238372e206e002659c04a439923	gia con quel nome	il file si chiama gia cosi
2026-08-01T21:42:49	Bicipiti e Braccia	Curl Zottman manubri seduto.gif	Curl Zottman manubri seduto.gif	5c5c14f9516abfa8acb509b0459238674976d2932e3555485ec5894159b86541	gia con quel nome	il file si chiama gia cosi
2026-08-01T21:42:49	Bicipiti e Braccia	Curl spider bilanciere panca inclinata.gif	Curl spider bilanciere panca inclinata.gif	966697e6702540a15121ead92c1efd03eeafaf08e296a373f721bcc21908c043	gia con quel nome	il file si chiama gia cosi
2026-08-01T21:42:49	Bicipiti e Braccia	Curl spider bilanciere panca piana.gif	Curl spider bilanciere panca piana.gif	a4622e6909a7b22d7d782759b7e26b5886cbe6ea36cab840acf354569083b0a0	gia con quel nome	il file si chiama gia cosi
2026-08-01T21:42:49	Bicipiti e Braccia	Curl spider bilanciere seduto.gif	Curl spider bilanciere seduto.gif	b5cc70961012328a0f107785c5724abf990b70830b1e47b95cc4eb93b0661e88	gia con quel nome	il file si chiama gia cosi
2026-08-01T21:42:49	Bicipiti e Braccia	Curl spider manubri panca inclinata.gif	Curl spider manubri panca inclinata.gif	04a46d9816a6da83d6ebc1ca2d888f471e4141d9015e01148980db914a4897ac	gia con quel nome	il file si chiama gia cosi
2026-08-01T21:42:49	Bicipiti e Braccia	Curl un braccio cavo alto.gif	Curl un braccio cavo alto.gif	51bdbf003b2beb01529f2070ce19e30d527fb4bb11a81c68050d061110b6e8de	gia con quel nome	il file si chiama gia cosi
2026-08-01T21:42:49	Bicipiti e Braccia	Curl un braccio dietro schiena cavo basso.gif	Curl un braccio dietro schiena cavo basso.gif	e7f4a84a29ab9ce26dbe4f602e3709a188e946ed73676f3846ed1ba69154615b	gia con quel nome	il file si chiama gia cosi
2026-08-01T21:42:49	Bicipiti e Braccia	Curl un braccio panca Scott cavo basso.gif	Curl un braccio panca Scott cavo basso.gif	a827b3a82de603f2017cc296a30012f5b7d8c70af6e2a255fd25917a8227035d	gia con quel nome	il file si chiama gia cosi
2026-08-01T21:42:49	Bicipiti e Braccia	Curl concentrato un braccio cavo basso.gif	Curl concentrato un braccio cavo basso.gif	c9430d092472cef84cb741d7e9d5e25f87d0f1da389f05f8bc9f67b7ec373bac	gia con quel nome	il file si chiama gia cosi
2026-08-01T21:42:49	Bicipiti e Braccia	Curl un braccio corpo libero seduto.gif	Curl un braccio corpo libero seduto.gif	300953adc794c4462fc440b0c53709af632f025bf76178a6e2a3ddab025d8009	gia con quel nome	il file si chiama gia cosi
2026-08-01T21:42:49	Bicipiti e Braccia	Curl un braccio manubrio panca inclinata.gif	Curl un braccio manubrio panca inclinata.gif	5f37b581eb891c314b5e47b8a9fee19eb532c244694e00ffdcc0f437429150c1	gia con quel nome	il file si chiama gia cosi
2026-08-01T21:42:49	Bicipiti e Braccia	Curl un braccio manubrio panca Scott seduto.gif	Curl un braccio manubrio panca Scott seduto.gif	8899aec14507cb87c4366d67cf58d3bac65f1468eaeb7df9e3ee866d6cf5e29e	gia con quel nome	il file si chiama gia cosi
2026-08-01T21:42:49	Bicipiti e Braccia	Curl un braccio manubrio panca Scott in piedi.gif	Curl un braccio manubrio panca Scott in piedi.gif	e6b380b854853346471dd3f5b6465192ab78650cdcf6084e7e90512618a76d77	gia con quel nome	il file si chiama gia cosi
2026-08-01T21:42:49	Bicipiti e Braccia	Curl concentrato un braccio manubrio.gif	Curl concentrato un braccio manubrio.gif	87500c87ff3afae691c8da96c458ae2a59916300b40181a01dda69c9c0cda637	gia con quel nome	il file si chiama gia cosi
2026-08-01T21:42:49	Bicipiti e Braccia	Curl un braccio cavo basso in piedi.gif	Curl un braccio cavo basso in piedi.gif	bddea1462b8a760bc8d5d6301d77a0960c2b319ad546683384400858f088f655	gia con quel nome	il file si chiama gia cosi
2026-08-01T21:42:49	Bicipiti e Braccia	Flessione dita pinza a molla (Hand Grip Crushing).gif	Flessione dita pinza a molla.gif	e41952868f395cf651c48206315dd975b7568ddbc66edad27cf771cfd930fb57	rinominato	
2026-08-01T21:42:49	Bicipiti e Braccia	Flessione estensione polsi rullino (Wrist Roller).gif	Flessione estensione polsi rullino.gif	c4c26b29f1f63082cf13f5b30d9928a1fd915f8788e9fc1bd2cba0b9bbf8e6fa	rinominato	
2026-08-01T21:42:49	Bicipiti e Braccia	Flessione polsi bilanciere appoggio su panca (Flat Bench Barbell Wrist Curl).gif	Flessione polsi bilanciere appoggio su panca.gif	ca37821e6705cfd6028b14f88f066dcc36a24967d14ffd03910f3e788dda06b6	rinominato	
2026-08-01T21:42:49	Bicipiti e Braccia	Flessione polsi bilanciere dietro schiena in piedi (Standing Behind-the-Back Barbell Wrist Curl).gif	Flessione polsi bilanciere dietro schiena.gif	744e7941c703fad3599c11a337fc7ae393a159b4ec274c67f1d345c548781f7d	rinominato	
2026-08-01T21:42:49	Bicipiti e Braccia	Flessione polsi inversa bilanciere ginocchio panca (Kneeling on Bench Barbell Reverse Wrist Curl).gif	Flessione polsi inversa bilanciere in ginocchio su panca.gif	74dd072976de1686e0ae7d58dbb4fc82db21894b892861a966e0078f99ad4dfd	rinominato	
2026-08-01T21:42:49	Bicipiti e Braccia	Flessione polsi inversa bilanciere seduto (Seated Barbell Reverse Wrist Curl).gif	Flessione polsi inversa bilanciere seduto.gif	5ec210be1efb9ce1441aa2f4959d92fd3c19f09e95b6ce4db9c5d0ac034398dc	rinominato	
2026-08-01T21:42:49	Bicipiti e Braccia	Flessione polsi inversa manubri seduto (Seated Dumbbell Reverse Wrist Curl).gif	Flessione polsi inversa manubri seduto.gif	a3a2e9f4332f312cf9b0d312505d24f70ff92ff224b0e169b8fba8c6bfd22a9d	rinominato	
2026-08-01T21:42:49	Bicipiti e Braccia	Flessione polsi manubri panca (Simultaneous Bilateral Dumbbell Wrist Curl on Bench).gif	Flessione polsi manubri panca piana.gif	d886affd61e4f2316134173bf8577d9db7f26accf252bfd4ed9621f663808c14	rinominato	
2026-08-01T21:42:49	Bicipiti e Braccia	Flessione polso Hammer un braccio coscia seduto (Seated Single-Arm Hammer Grip Wrist Curl).gif	Flessione hammer polso un braccio seduto.gif	76d2f9181e49365147d84aac3c712db81686d168a250db5964ecdf9ed3c88778	rinominato	
2026-08-01T21:54:44	Bicipiti e Braccia	Curl bilanciere arm blaster.gif	Curl bilanciere arm blaster.gif	0c88aa9fafdaab6791e084af8e7c0b0cfcc8b9db51f03bbefff476e155809d94	gia con quel nome	il file si chiama gia cosi
2026-08-01T21:54:44	Bicipiti e Braccia	Curl bilanciere.gif	Curl bilanciere.gif	ebc7b3bc992c0414df39ef1890b33ee5f2c87ea78862aa030ec46419bc28cceb	gia con quel nome	il file si chiama gia cosi
2026-08-01T21:54:44	Bicipiti e Braccia	Curl bilanciere panca Scott seduto.gif	Curl bilanciere panca Scott seduto.gif	8ca2bd71da1a64e6a123b0d9f443a43a06678f1ea3f6ed37261363a3dbb21452	gia con quel nome	il file si chiama gia cosi
2026-08-01T21:54:44	Bicipiti e Braccia	Curl bilanciere presa larga.gif	Curl bilanciere presa larga.gif	2c2d5aab8f92541b31ae92e377d4821e2ed3b5573c18a2776e3040b741707e7c	gia con quel nome	il file si chiama gia cosi
2026-08-01T21:54:44	Bicipiti e Braccia	Curl bilanciere presa stretta.gif	Curl bilanciere presa stretta.gif	735ec1518f5ee1cea040bd10ac19f06f9bcdd2df6d6f76e60214a1a4a4551d70	gia con quel nome	il file si chiama gia cosi
2026-08-01T21:54:44	Bicipiti e Braccia	Curl bilanciere EZ.gif	Curl bilanciere EZ.gif	71fff98ef25b8091febeea6523349ccb281f0c40d42fa6724089a4741315bb5b	gia con quel nome	il file si chiama gia cosi
2026-08-01T21:54:44	Bicipiti e Braccia	Curl bilanciere EZ panca Scott seduto.gif	Curl bilanciere EZ panca Scott seduto.gif	5d1b1a9961c14988e329b6ba81455b24052ffc17ff9f97e71e844e8cd8d609fa	gia con quel nome	il file si chiama gia cosi
2026-08-01T21:54:44	Bicipiti e Braccia	Curl bilanciere EZ panca Scott in piedi.gif	Curl bilanciere EZ panca Scott in piedi.gif	9d2cfa3a0d8e5ae47f142eb9c2f66e90e98bd49afd5464e10f3be4b6f95ff6cf	gia con quel nome	il file si chiama gia cosi
2026-08-01T21:54:44	Bicipiti e Braccia	Curl bilanciere EZ presa inversa.gif	Curl bilanciere EZ presa inversa.gif	37a157dc68080fce943f218df3ce5c2ed9910ff40f7135f29c7afebc53078c88	gia con quel nome	il file si chiama gia cosi
2026-08-01T21:54:44	Bicipiti e Braccia	Curl bilanciere EZ presa larga.gif	Curl bilanciere EZ presa larga.gif	608dd02d75fb561c8b7757f507abec525a6e4aa7d5b9cbeeca55822ba9b8c9bf	gia con quel nome	il file si chiama gia cosi
2026-08-01T21:54:44	Bicipiti e Braccia	Curl bilanciere EZ presa stretta.gif	Curl bilanciere EZ presa stretta.gif	64e810d44256c08e69f115b8450049fd37f5011ba5473cd0f51b8bb4d3657870	gia con quel nome	il file si chiama gia cosi
2026-08-01T21:54:44	Bicipiti e Braccia	Curl bilanciere EZ seduto.gif	Curl bilanciere EZ seduto.gif	f0845e88bada4288f4644def0d579af3997a75215322e56d9a6e91601a953892	gia con quel nome	il file si chiama gia cosi
2026-08-01T21:54:44	Bicipiti e Braccia	Curl manubri panca inclinata.gif	Curl manubri panca inclinata.gif	96c66cf7f277d0cb6cc20c5c78590dcd0a1ea019a82faace4cd271bda63b545b	gia con quel nome	il file si chiama gia cosi
2026-08-01T21:54:44	Bicipiti e Braccia	Curl croce cavi alti.gif	Curl croce cavi alti.gif	156c320ed56703816ea9002dd2c8b14b100b17328ddb2bba05806413caf4b74b	gia con quel nome	il file si chiama gia cosi
2026-08-01T21:54:44	Bicipiti e Braccia	Curl croci cavi bassi panca inclinata.gif	Curl croci cavi bassi panca inclinata.gif	e63cb4fc0ec9b6b970b36a5c273eb14d91cc7f88a38b759cb2afd97ce5a16648	gia con quel nome	il file si chiama gia cosi
2026-08-01T21:54:44	Bicipiti e Braccia	Curl barra cavo panca piana.gif	Curl barra cavo panca piana.gif	a07daa162b0b00bd1f16d18cb4081cb0d19d48338940440f97ddacd6b30e0672	gia con quel nome	il file si chiama gia cosi
2026-08-01T21:54:44	Bicipiti e Braccia	Curl cavo barra EZ.gif	Curl cavo barra EZ.gif	2a71887e548d59adefbafbd6415b3b1f09fcc92de3b79e974de6078a96bd8829	gia con quel nome	il file si chiama gia cosi
2026-08-01T21:54:44	Bicipiti e Braccia	Curl cavo basso barra EZ.gif	Curl cavo basso barra EZ.gif	cddc7f21353cf636a5cc81b3c8806478f20faa8267f6a7db48b86a0ac7ab6321	gia con quel nome	il file si chiama gia cosi
2026-08-01T21:54:44	Bicipiti e Braccia	Curl cavo basso panca inclinata.gif	Curl cavo basso panca inclinata.gif	592b046e71777ef5d512d6f6a05451e9ddc7a5ffe9cb3dc445766708ae1da1d5	gia con quel nome	il file si chiama gia cosi
2026-08-01T21:54:44	Bicipiti e Braccia	Curl cavo basso panca Scott.gif	Curl cavo basso panca Scott.gif	96426545d841373c71b6dde8900a01b26a128fe2152c4c27fba9ddc4f64d57e6	gia con quel nome	il file si chiama gia cosi
2026-08-01T21:54:44	Bicipiti e Braccia	Curl squat cavo basso.gif	Curl squat cavo basso.gif	85d258c5e5c3cbdb7fdbb7b9c4b2a43019a0f6dad6d952b95cbf2cb51fbd0ae0	gia con quel nome	il file si chiama gia cosi
2026-08-01T21:54:44	Bicipiti e Braccia	Curl hammer manubri alternato.gif	Curl hammer manubri alternato.gif	7cd4e155d595c80c57a3adb1d4bbef4b6da3c2017b11df124c3558618fc59ffb	gia con quel nome	il file si chiama gia cosi
2026-08-01T21:54:44	Bicipiti e Braccia	Curl hammer manubri alternato panca verticale.gif	Curl hammer manubri alternato panca verticale.gif	5318c2586c4c769714e6b44799165e60c560a1a94424c25a0bee449d9e7399bb	gia con quel nome	il file si chiama gia cosi
2026-08-01T21:54:44	Bicipiti e Braccia	Curl hammer corda cavo basso.gif	Curl hammer corda cavo basso.gif	de137d952cb7d7f78f1ab87fe83f13dd1d299c30aa1718ff6f93eb49d1e7735a	gia con quel nome	il file si chiama gia cosi
2026-08-01T21:54:44	Bicipiti e Braccia	Curl hammer macchina panca Scott.gif	Curl hammer macchina panca Scott.gif	92b9ac777ddd4bda792446079c8ac5b14de50aab51bf55f3859a076c84f07bf8	gia con quel nome	il file si chiama gia cosi
2026-08-01T21:54:44	Bicipiti e Braccia	Curl hammer manubri arm blaster.gif	Curl hammer manubri arm blaster.gif	cb2fa94602e53ee405b88e83ec62d9677cdb54bb5cca9d587f635620edf2cc39	gia con quel nome	il file si chiama gia cosi
2026-08-01T21:54:44	Bicipiti e Braccia	Curl hammer manubri.gif	Curl hammer manubri.gif	c6b181e1adbbb8acce7236b96dfd05c964dccfaa40fce7946a7ee068e0f96210	gia con quel nome	il file si chiama gia cosi
2026-08-01T21:54:44	Bicipiti e Braccia	Curl hammer manubri panca inclinata.gif	Curl hammer manubri panca inclinata.gif	700bdd90956d47273dcc017459d1c272280b68979be426737b6eae46ffa5654c	gia con quel nome	il file si chiama gia cosi
2026-08-01T21:54:44	Bicipiti e Braccia	Curl hammer manubri panca verticale.gif	Curl hammer manubri panca verticale.gif	a1aed194e68b553dc582be10915547b623ea4ca865e0f274564a6c9cd93d22bd	gia con quel nome	il file si chiama gia cosi
2026-08-01T21:54:44	Bicipiti e Braccia	Curl hammer panca Scott.gif	Curl hammer panca Scott.gif	800533bc55d5d23fc8a4b7fe3433d47395d37156c0949c5022c4dfa97e11b1f9	gia con quel nome	il file si chiama gia cosi
2026-08-01T21:54:44	Bicipiti e Braccia	Curl hammer un braccio corda cavo.gif	Curl hammer un braccio corda cavo.gif	d09ec79df469cad51460a346f0a94d12e47fa8d91991190fd8a83f3be3e87183	gia con quel nome	il file si chiama gia cosi
2026-08-01T21:54:44	Bicipiti e Braccia	Curl hammer manubri un braccio in piedi.gif	Curl hammer manubri un braccio in piedi.gif	b983b590968b642cefc633ad5ad2ccd1a5dd704442c48e9b57a37b4a61ec222d	gia con quel nome	il file si chiama gia cosi
2026-08-01T21:54:44	Bicipiti e Braccia	Curl hammer manubri un braccio panca Scott.gif	Curl hammer manubri un braccio panca Scott.gif	9ac17fa109865f2848d61bf5172aa992042a568dce50563eea378f9d43c80e9e	gia con quel nome	il file si chiama gia cosi
2026-08-01T21:54:44	Bicipiti e Braccia	Curl hammer manubri un braccio panca verticale.gif	Curl hammer manubri un braccio panca verticale.gif	71e519e3de662dba66ea6fb2fbf58d27223cc73ac630952ed3cd8039232193fa	gia con quel nome	il file si chiama gia cosi
2026-08-01T21:54:44	Bicipiti e Braccia	Curl inverso manubri.gif	Curl inverso manubri.gif	07c2ab7063a9f0b77916e2bf9bd90abf4c054548dde9db0280f57114f9fe8d5e	gia con quel nome	il file si chiama gia cosi
2026-08-01T21:54:44	Bicipiti e Braccia	Curl alternato macchina.gif	Curl alternato macchina.gif	af9c1605d9bfc889c8fcb84214702791ef7e43c0273b9fdf12ddde5229975821	gia con quel nome	il file si chiama gia cosi
2026-08-01T21:54:44	Bicipiti e Braccia	Curl macchina panca Scott.gif	Curl macchina panca Scott.gif	69137160e32aa3b2f640fbd543eae932b32bf9480005c7b9f7488a2e7dee7d9d	gia con quel nome	il file si chiama gia cosi
2026-08-01T21:54:44	Bicipiti e Braccia	Curl macchina.gif	Curl macchina.gif	b23dd5572648bf8d41829c8cd43e1af4d054dc54f2f300afe95cf3d90aaf326b	gia con quel nome	il file si chiama gia cosi
2026-08-01T21:54:44	Bicipiti e Braccia	Curl alternato manubri.gif	Curl alternato manubri.gif	3151e8bf9d7d504b8d0147439783b832cdc0da584d99212ddfc82bcca47d6639	gia con quel nome	il file si chiama gia cosi
2026-08-01T21:54:44	Bicipiti e Braccia	Curl alternato manubri panca inclinata.gif	Curl alternato manubri panca inclinata.gif	3c7a52c12db193c9ae7df3e84b97532cceddfef14783bcb6f68e310a4381aabd	gia con quel nome	il file si chiama gia cosi
2026-08-01T21:54:44	Bicipiti e Braccia	Curl alternato manubri panca Scott.gif	Curl alternato manubri panca Scott.gif	aabda92b172af018ede93d3432afb7c4ee1479bd0eb6f0ca18733f9be3a91f6a	gia con quel nome	il file si chiama gia cosi
2026-08-01T21:54:44	Bicipiti e Braccia	Curl diagonale manubri.gif	Curl diagonale manubri.gif	a4eb3d58794d295b5e1fa8d9fbfd03460895cb37f5ec4dfc1277c6d2de516f50	gia con quel nome	il file si chiama gia cosi
2026-08-01T21:54:44	Bicipiti e Braccia	Curl manubri in piedi.gif	Curl manubri in piedi.gif	14f311ac90d72bb206320b11a7bf99505c8e541fded503d2397d8f13baa06937	gia con quel nome	il file si chiama gia cosi
2026-08-01T21:54:44	Bicipiti e Braccia	Curl manubri panca verticale.gif	Curl manubri panca verticale.gif	bbffa78fab5bae230cd9f269a3b38cbc360095faef67ccd6698558a2845b598f	gia con quel nome	il file si chiama gia cosi
2026-08-01T21:54:44	Bicipiti e Braccia	Curl manubri panca inclinata (Incline Dumbbell Simultaneous Curl).gif	Curl manubri panca inclinata.gif	b791447344f8fe1e44eff1d7a0cbc393e2e58ab66cc0b56432963aad30072ed3	saltato	esiste gia un altro file con quel nome: non sovrascrivo
2026-08-01T21:54:44	Bicipiti e Braccia	Curl presa inversa manubri.gif	Curl presa inversa manubri.gif	12f9544b7683c6cd305b7b9ae6bbb43ad4931238372e206e002659c04a439923	gia con quel nome	il file si chiama gia cosi
2026-08-01T21:54:44	Bicipiti e Braccia	Curl Zottman manubri seduto.gif	Curl Zottman manubri seduto.gif	5c5c14f9516abfa8acb509b0459238674976d2932e3555485ec5894159b86541	gia con quel nome	il file si chiama gia cosi
2026-08-01T21:54:44	Bicipiti e Braccia	Curl spider bilanciere panca inclinata.gif	Curl spider bilanciere panca inclinata.gif	966697e6702540a15121ead92c1efd03eeafaf08e296a373f721bcc21908c043	gia con quel nome	il file si chiama gia cosi
2026-08-01T21:54:44	Bicipiti e Braccia	Curl spider bilanciere panca piana.gif	Curl spider bilanciere panca piana.gif	a4622e6909a7b22d7d782759b7e26b5886cbe6ea36cab840acf354569083b0a0	gia con quel nome	il file si chiama gia cosi
2026-08-01T21:54:44	Bicipiti e Braccia	Curl spider bilanciere seduto.gif	Curl spider bilanciere seduto.gif	b5cc70961012328a0f107785c5724abf990b70830b1e47b95cc4eb93b0661e88	gia con quel nome	il file si chiama gia cosi
2026-08-01T21:54:44	Bicipiti e Braccia	Curl spider manubri panca inclinata.gif	Curl spider manubri panca inclinata.gif	04a46d9816a6da83d6ebc1ca2d888f471e4141d9015e01148980db914a4897ac	gia con quel nome	il file si chiama gia cosi
2026-08-01T21:54:44	Bicipiti e Braccia	Curl un braccio cavo alto.gif	Curl un braccio cavo alto.gif	51bdbf003b2beb01529f2070ce19e30d527fb4bb11a81c68050d061110b6e8de	gia con quel nome	il file si chiama gia cosi
2026-08-01T21:54:44	Bicipiti e Braccia	Curl un braccio dietro schiena cavo basso.gif	Curl un braccio dietro schiena cavo basso.gif	e7f4a84a29ab9ce26dbe4f602e3709a188e946ed73676f3846ed1ba69154615b	gia con quel nome	il file si chiama gia cosi
2026-08-01T21:54:44	Bicipiti e Braccia	Curl un braccio panca Scott cavo basso.gif	Curl un braccio panca Scott cavo basso.gif	a827b3a82de603f2017cc296a30012f5b7d8c70af6e2a255fd25917a8227035d	gia con quel nome	il file si chiama gia cosi
2026-08-01T21:54:44	Bicipiti e Braccia	Curl concentrato un braccio cavo basso.gif	Curl concentrato un braccio cavo basso.gif	c9430d092472cef84cb741d7e9d5e25f87d0f1da389f05f8bc9f67b7ec373bac	gia con quel nome	il file si chiama gia cosi
2026-08-01T21:54:44	Bicipiti e Braccia	Curl un braccio corpo libero seduto.gif	Curl un braccio corpo libero seduto.gif	300953adc794c4462fc440b0c53709af632f025bf76178a6e2a3ddab025d8009	gia con quel nome	il file si chiama gia cosi
2026-08-01T21:54:44	Bicipiti e Braccia	Curl un braccio manubrio panca inclinata.gif	Curl un braccio manubrio panca inclinata.gif	5f37b581eb891c314b5e47b8a9fee19eb532c244694e00ffdcc0f437429150c1	gia con quel nome	il file si chiama gia cosi
2026-08-01T21:54:44	Bicipiti e Braccia	Curl un braccio manubrio panca Scott seduto.gif	Curl un braccio manubrio panca Scott seduto.gif	8899aec14507cb87c4366d67cf58d3bac65f1468eaeb7df9e3ee866d6cf5e29e	gia con quel nome	il file si chiama gia cosi
2026-08-01T21:54:44	Bicipiti e Braccia	Curl un braccio manubrio panca Scott in piedi.gif	Curl un braccio manubrio panca Scott in piedi.gif	e6b380b854853346471dd3f5b6465192ab78650cdcf6084e7e90512618a76d77	gia con quel nome	il file si chiama gia cosi
2026-08-01T21:54:44	Bicipiti e Braccia	Curl concentrato un braccio manubrio.gif	Curl concentrato un braccio manubrio.gif	87500c87ff3afae691c8da96c458ae2a59916300b40181a01dda69c9c0cda637	gia con quel nome	il file si chiama gia cosi
2026-08-01T21:54:44	Bicipiti e Braccia	Curl un braccio cavo basso in piedi.gif	Curl un braccio cavo basso in piedi.gif	bddea1462b8a760bc8d5d6301d77a0960c2b319ad546683384400858f088f655	gia con quel nome	il file si chiama gia cosi
2026-08-01T21:54:44	Bicipiti e Braccia	Flessione dita pinza a molla.gif	Flessione dita pinza a molla.gif	e41952868f395cf651c48206315dd975b7568ddbc66edad27cf771cfd930fb57	gia con quel nome	il file si chiama gia cosi
2026-08-01T21:54:44	Bicipiti e Braccia	Flessione estensione polsi rullino.gif	Flessione estensione polsi rullino.gif	c4c26b29f1f63082cf13f5b30d9928a1fd915f8788e9fc1bd2cba0b9bbf8e6fa	gia con quel nome	il file si chiama gia cosi
2026-08-01T21:54:44	Bicipiti e Braccia	Flessione polsi bilanciere appoggio su panca.gif	Flessione polsi bilanciere appoggio su panca.gif	ca37821e6705cfd6028b14f88f066dcc36a24967d14ffd03910f3e788dda06b6	gia con quel nome	il file si chiama gia cosi
2026-08-01T21:54:44	Bicipiti e Braccia	Flessione polsi bilanciere dietro schiena.gif	Flessione polsi bilanciere dietro schiena.gif	744e7941c703fad3599c11a337fc7ae393a159b4ec274c67f1d345c548781f7d	gia con quel nome	il file si chiama gia cosi
2026-08-01T21:54:44	Bicipiti e Braccia	Flessione polsi inversa bilanciere in ginocchio su panca.gif	Flessione polsi inversa bilanciere in ginocchio su panca.gif	74dd072976de1686e0ae7d58dbb4fc82db21894b892861a966e0078f99ad4dfd	gia con quel nome	il file si chiama gia cosi
2026-08-01T21:54:44	Bicipiti e Braccia	Flessione polsi inversa bilanciere seduto.gif	Flessione polsi inversa bilanciere seduto.gif	5ec210be1efb9ce1441aa2f4959d92fd3c19f09e95b6ce4db9c5d0ac034398dc	gia con quel nome	il file si chiama gia cosi
2026-08-01T21:54:44	Bicipiti e Braccia	Flessione polsi inversa manubri seduto.gif	Flessione polsi inversa manubri seduto.gif	a3a2e9f4332f312cf9b0d312505d24f70ff92ff224b0e169b8fba8c6bfd22a9d	gia con quel nome	il file si chiama gia cosi
2026-08-01T21:54:44	Bicipiti e Braccia	Flessione polsi manubri panca piana.gif	Flessione polsi manubri panca piana.gif	d886affd61e4f2316134173bf8577d9db7f26accf252bfd4ed9621f663808c14	gia con quel nome	il file si chiama gia cosi
2026-08-01T21:54:44	Bicipiti e Braccia	Flessione hammer polso un braccio seduto.gif	Flessione hammer polso un braccio seduto.gif	76d2f9181e49365147d84aac3c712db81686d168a250db5964ecdf9ed3c88778	gia con quel nome	il file si chiama gia cosi
2026-08-01T21:54:44	Bicipiti e Braccia	Flessione polso un braccio disco appoggio seduto (Seated Single-Arm Plate Wrist Curl).gif	Flessione polso disco.gif	f77453f55da146c234df3893307cfbdc0fe7bb32b4f03a8830f1d3ed5ad2090c	rinominato	
2026-08-01T21:54:44	Bicipiti e Braccia	Flessione polso un braccio manubrio appoggio seduto (Seated Single-Arm Dumbbell Wrist Curl).gif	Flessione polso manubrio.gif	0dff9668e678728ade02683def5e03bd430ae7317e39ade3a01e31458cf6e449	rinominato	
2026-08-01T21:54:44	Bicipiti e Braccia	Flessione radiale polso manubrio (Dumbbell Wrist Radial Deviation).gif	Flessione radiale polso manubrio.gif	9682cd1a18478b1fea9a52bea15b9fb7b036d2739212f49fc18556e66d4a6340	rinominato	
2026-08-01T21:54:44	Bicipiti e Braccia	Piegamenti mani ruotate all'indietro (Reverse grip push up).gif	Piegamenti mani ruotate all'indietro.gif	e1c616990b45a1a16e28a7ca541f32b2a8b312adf0655c7bf2f0254ed2ffcbbe	rinominato	
2026-08-01T21:54:44	Bicipiti e Braccia	Piegamenti sulle dita (Fingertip push up).gif	Piegamenti sulle dita.gif	18a5654fce0268aa80c6b3a0b3391bde68ef76ae11de3fe81ea673bda87be076	rinominato	
2026-08-02T14:59:13	Bicipiti e Braccia	Curl bilanciere arm blaster.gif	Curl bilanciere arm blaster.gif	0c88aa9fafdaab6791e084af8e7c0b0cfcc8b9db51f03bbefff476e155809d94	gia con quel nome	il file si chiama gia cosi
2026-08-02T14:59:13	Bicipiti e Braccia	Curl bilanciere.gif	Curl bilanciere.gif	ebc7b3bc992c0414df39ef1890b33ee5f2c87ea78862aa030ec46419bc28cceb	gia con quel nome	il file si chiama gia cosi
2026-08-02T14:59:13	Bicipiti e Braccia	Curl bilanciere panca Scott seduto.gif	Curl bilanciere panca Scott seduto.gif	8ca2bd71da1a64e6a123b0d9f443a43a06678f1ea3f6ed37261363a3dbb21452	gia con quel nome	il file si chiama gia cosi
2026-08-02T14:59:13	Bicipiti e Braccia	Curl bilanciere presa larga.gif	Curl bilanciere presa larga.gif	2c2d5aab8f92541b31ae92e377d4821e2ed3b5573c18a2776e3040b741707e7c	gia con quel nome	il file si chiama gia cosi
2026-08-02T14:59:13	Bicipiti e Braccia	Curl bilanciere presa stretta.gif	Curl bilanciere presa stretta.gif	735ec1518f5ee1cea040bd10ac19f06f9bcdd2df6d6f76e60214a1a4a4551d70	gia con quel nome	il file si chiama gia cosi
2026-08-02T14:59:13	Bicipiti e Braccia	Curl bilanciere EZ.gif	Curl bilanciere EZ.gif	71fff98ef25b8091febeea6523349ccb281f0c40d42fa6724089a4741315bb5b	gia con quel nome	il file si chiama gia cosi
2026-08-02T14:59:13	Bicipiti e Braccia	Curl bilanciere EZ panca Scott seduto.gif	Curl bilanciere EZ panca Scott seduto.gif	5d1b1a9961c14988e329b6ba81455b24052ffc17ff9f97e71e844e8cd8d609fa	gia con quel nome	il file si chiama gia cosi
2026-08-02T14:59:13	Bicipiti e Braccia	Curl bilanciere EZ panca Scott in piedi.gif	Curl bilanciere EZ panca Scott in piedi.gif	9d2cfa3a0d8e5ae47f142eb9c2f66e90e98bd49afd5464e10f3be4b6f95ff6cf	gia con quel nome	il file si chiama gia cosi
2026-08-02T14:59:13	Bicipiti e Braccia	Curl bilanciere EZ presa inversa.gif	Curl bilanciere EZ presa inversa.gif	37a157dc68080fce943f218df3ce5c2ed9910ff40f7135f29c7afebc53078c88	gia con quel nome	il file si chiama gia cosi
2026-08-02T14:59:13	Bicipiti e Braccia	Curl bilanciere EZ presa larga.gif	Curl bilanciere EZ presa larga.gif	608dd02d75fb561c8b7757f507abec525a6e4aa7d5b9cbeeca55822ba9b8c9bf	gia con quel nome	il file si chiama gia cosi
2026-08-02T14:59:13	Bicipiti e Braccia	Curl bilanciere EZ presa stretta.gif	Curl bilanciere EZ presa stretta.gif	64e810d44256c08e69f115b8450049fd37f5011ba5473cd0f51b8bb4d3657870	gia con quel nome	il file si chiama gia cosi
2026-08-02T14:59:13	Bicipiti e Braccia	Curl bilanciere EZ seduto.gif	Curl bilanciere EZ seduto.gif	f0845e88bada4288f4644def0d579af3997a75215322e56d9a6e91601a953892	gia con quel nome	il file si chiama gia cosi
2026-08-02T14:59:13	Bicipiti e Braccia	Curl manubri panca inclinata.gif	Curl manubri panca inclinata.gif	96c66cf7f277d0cb6cc20c5c78590dcd0a1ea019a82faace4cd271bda63b545b	gia con quel nome	il file si chiama gia cosi
2026-08-02T14:59:13	Bicipiti e Braccia	Curl croce cavi alti.gif	Curl croce cavi alti.gif	156c320ed56703816ea9002dd2c8b14b100b17328ddb2bba05806413caf4b74b	gia con quel nome	il file si chiama gia cosi
2026-08-02T14:59:13	Bicipiti e Braccia	Curl croci cavi bassi panca inclinata.gif	Curl croci cavi bassi panca inclinata.gif	e63cb4fc0ec9b6b970b36a5c273eb14d91cc7f88a38b759cb2afd97ce5a16648	gia con quel nome	il file si chiama gia cosi
2026-08-02T14:59:13	Bicipiti e Braccia	Curl barra cavo panca piana.gif	Curl barra cavo panca piana.gif	a07daa162b0b00bd1f16d18cb4081cb0d19d48338940440f97ddacd6b30e0672	gia con quel nome	il file si chiama gia cosi
2026-08-02T14:59:13	Bicipiti e Braccia	Curl cavo barra EZ.gif	Curl cavo barra EZ.gif	2a71887e548d59adefbafbd6415b3b1f09fcc92de3b79e974de6078a96bd8829	gia con quel nome	il file si chiama gia cosi
2026-08-02T14:59:13	Bicipiti e Braccia	Curl cavo basso barra EZ.gif	Curl cavo basso barra EZ.gif	cddc7f21353cf636a5cc81b3c8806478f20faa8267f6a7db48b86a0ac7ab6321	gia con quel nome	il file si chiama gia cosi
2026-08-02T14:59:13	Bicipiti e Braccia	Curl cavo basso panca inclinata.gif	Curl cavo basso panca inclinata.gif	592b046e71777ef5d512d6f6a05451e9ddc7a5ffe9cb3dc445766708ae1da1d5	gia con quel nome	il file si chiama gia cosi
2026-08-02T14:59:13	Bicipiti e Braccia	Curl cavo basso panca Scott.gif	Curl cavo basso panca Scott.gif	96426545d841373c71b6dde8900a01b26a128fe2152c4c27fba9ddc4f64d57e6	gia con quel nome	il file si chiama gia cosi
2026-08-02T14:59:13	Bicipiti e Braccia	Curl squat cavo basso.gif	Curl squat cavo basso.gif	85d258c5e5c3cbdb7fdbb7b9c4b2a43019a0f6dad6d952b95cbf2cb51fbd0ae0	gia con quel nome	il file si chiama gia cosi
2026-08-02T14:59:13	Bicipiti e Braccia	Curl hammer manubri alternato.gif	Curl hammer manubri alternato.gif	7cd4e155d595c80c57a3adb1d4bbef4b6da3c2017b11df124c3558618fc59ffb	gia con quel nome	il file si chiama gia cosi
2026-08-02T14:59:13	Bicipiti e Braccia	Curl hammer manubri alternato panca verticale.gif	Curl hammer manubri alternato panca verticale.gif	5318c2586c4c769714e6b44799165e60c560a1a94424c25a0bee449d9e7399bb	gia con quel nome	il file si chiama gia cosi
2026-08-02T14:59:13	Bicipiti e Braccia	Curl hammer corda cavo basso.gif	Curl hammer corda cavo basso.gif	de137d952cb7d7f78f1ab87fe83f13dd1d299c30aa1718ff6f93eb49d1e7735a	gia con quel nome	il file si chiama gia cosi
2026-08-02T14:59:13	Bicipiti e Braccia	Curl hammer macchina panca Scott.gif	Curl hammer macchina panca Scott.gif	92b9ac777ddd4bda792446079c8ac5b14de50aab51bf55f3859a076c84f07bf8	gia con quel nome	il file si chiama gia cosi
2026-08-02T14:59:13	Bicipiti e Braccia	Curl hammer manubri arm blaster.gif	Curl hammer manubri arm blaster.gif	cb2fa94602e53ee405b88e83ec62d9677cdb54bb5cca9d587f635620edf2cc39	gia con quel nome	il file si chiama gia cosi
2026-08-02T14:59:13	Bicipiti e Braccia	Curl hammer manubri.gif	Curl hammer manubri.gif	c6b181e1adbbb8acce7236b96dfd05c964dccfaa40fce7946a7ee068e0f96210	gia con quel nome	il file si chiama gia cosi
2026-08-02T14:59:13	Bicipiti e Braccia	Curl hammer manubri panca inclinata.gif	Curl hammer manubri panca inclinata.gif	700bdd90956d47273dcc017459d1c272280b68979be426737b6eae46ffa5654c	gia con quel nome	il file si chiama gia cosi
2026-08-02T14:59:13	Bicipiti e Braccia	Curl hammer manubri panca verticale.gif	Curl hammer manubri panca verticale.gif	a1aed194e68b553dc582be10915547b623ea4ca865e0f274564a6c9cd93d22bd	gia con quel nome	il file si chiama gia cosi
2026-08-02T14:59:13	Bicipiti e Braccia	Curl hammer panca Scott.gif	Curl hammer panca Scott.gif	800533bc55d5d23fc8a4b7fe3433d47395d37156c0949c5022c4dfa97e11b1f9	gia con quel nome	il file si chiama gia cosi
2026-08-02T14:59:13	Bicipiti e Braccia	Curl hammer un braccio corda cavo.gif	Curl hammer un braccio corda cavo.gif	d09ec79df469cad51460a346f0a94d12e47fa8d91991190fd8a83f3be3e87183	gia con quel nome	il file si chiama gia cosi
2026-08-02T14:59:13	Bicipiti e Braccia	Curl hammer manubri un braccio in piedi.gif	Curl hammer manubri un braccio in piedi.gif	b983b590968b642cefc633ad5ad2ccd1a5dd704442c48e9b57a37b4a61ec222d	gia con quel nome	il file si chiama gia cosi
2026-08-02T14:59:13	Bicipiti e Braccia	Curl hammer manubri un braccio panca Scott.gif	Curl hammer manubri un braccio panca Scott.gif	9ac17fa109865f2848d61bf5172aa992042a568dce50563eea378f9d43c80e9e	gia con quel nome	il file si chiama gia cosi
2026-08-02T14:59:13	Bicipiti e Braccia	Curl hammer manubri un braccio panca verticale.gif	Curl hammer manubri un braccio panca verticale.gif	71e519e3de662dba66ea6fb2fbf58d27223cc73ac630952ed3cd8039232193fa	gia con quel nome	il file si chiama gia cosi
2026-08-02T14:59:13	Bicipiti e Braccia	Curl inverso manubri.gif	Curl inverso manubri.gif	07c2ab7063a9f0b77916e2bf9bd90abf4c054548dde9db0280f57114f9fe8d5e	gia con quel nome	il file si chiama gia cosi
2026-08-02T14:59:13	Bicipiti e Braccia	Curl alternato macchina.gif	Curl alternato macchina.gif	af9c1605d9bfc889c8fcb84214702791ef7e43c0273b9fdf12ddde5229975821	gia con quel nome	il file si chiama gia cosi
2026-08-02T14:59:13	Bicipiti e Braccia	Curl macchina panca Scott.gif	Curl macchina panca Scott.gif	69137160e32aa3b2f640fbd543eae932b32bf9480005c7b9f7488a2e7dee7d9d	gia con quel nome	il file si chiama gia cosi
2026-08-02T14:59:13	Bicipiti e Braccia	Curl macchina.gif	Curl macchina.gif	b23dd5572648bf8d41829c8cd43e1af4d054dc54f2f300afe95cf3d90aaf326b	gia con quel nome	il file si chiama gia cosi
2026-08-02T14:59:13	Bicipiti e Braccia	Curl alternato manubri.gif	Curl alternato manubri.gif	3151e8bf9d7d504b8d0147439783b832cdc0da584d99212ddfc82bcca47d6639	gia con quel nome	il file si chiama gia cosi
2026-08-02T14:59:13	Bicipiti e Braccia	Curl alternato manubri panca inclinata.gif	Curl alternato manubri panca inclinata.gif	3c7a52c12db193c9ae7df3e84b97532cceddfef14783bcb6f68e310a4381aabd	gia con quel nome	il file si chiama gia cosi
2026-08-02T14:59:13	Bicipiti e Braccia	Curl alternato manubri panca Scott.gif	Curl alternato manubri panca Scott.gif	aabda92b172af018ede93d3432afb7c4ee1479bd0eb6f0ca18733f9be3a91f6a	gia con quel nome	il file si chiama gia cosi
2026-08-02T14:59:13	Bicipiti e Braccia	Curl diagonale manubri.gif	Curl diagonale manubri.gif	a4eb3d58794d295b5e1fa8d9fbfd03460895cb37f5ec4dfc1277c6d2de516f50	gia con quel nome	il file si chiama gia cosi
2026-08-02T14:59:13	Bicipiti e Braccia	Curl manubri in piedi.gif	Curl manubri in piedi.gif	14f311ac90d72bb206320b11a7bf99505c8e541fded503d2397d8f13baa06937	gia con quel nome	il file si chiama gia cosi
2026-08-02T14:59:13	Bicipiti e Braccia	Curl manubri panca verticale.gif	Curl manubri panca verticale.gif	bbffa78fab5bae230cd9f269a3b38cbc360095faef67ccd6698558a2845b598f	gia con quel nome	il file si chiama gia cosi
2026-08-02T14:59:13	Bicipiti e Braccia	Curl manubri panca inclinata (Incline Dumbbell Simultaneous Curl).gif	Curl rotazione manubri panca inclinata.gif	b791447344f8fe1e44eff1d7a0cbc393e2e58ab66cc0b56432963aad30072ed3	rinominato	
2026-08-02T14:59:13	Bicipiti e Braccia	Curl presa inversa manubri.gif	Curl presa inversa manubri.gif	12f9544b7683c6cd305b7b9ae6bbb43ad4931238372e206e002659c04a439923	gia con quel nome	il file si chiama gia cosi
2026-08-02T14:59:13	Bicipiti e Braccia	Curl Zottman manubri seduto.gif	Curl Zottman manubri seduto.gif	5c5c14f9516abfa8acb509b0459238674976d2932e3555485ec5894159b86541	gia con quel nome	il file si chiama gia cosi
2026-08-02T14:59:13	Bicipiti e Braccia	Curl spider bilanciere panca inclinata.gif	Curl spider bilanciere panca inclinata.gif	966697e6702540a15121ead92c1efd03eeafaf08e296a373f721bcc21908c043	gia con quel nome	il file si chiama gia cosi
2026-08-02T14:59:13	Bicipiti e Braccia	Curl spider bilanciere panca piana.gif	Curl spider bilanciere panca piana.gif	a4622e6909a7b22d7d782759b7e26b5886cbe6ea36cab840acf354569083b0a0	gia con quel nome	il file si chiama gia cosi
2026-08-02T14:59:13	Bicipiti e Braccia	Curl spider bilanciere seduto.gif	Curl spider bilanciere seduto.gif	b5cc70961012328a0f107785c5724abf990b70830b1e47b95cc4eb93b0661e88	gia con quel nome	il file si chiama gia cosi
2026-08-02T14:59:13	Bicipiti e Braccia	Curl spider manubri panca inclinata.gif	Curl spider manubri panca inclinata.gif	04a46d9816a6da83d6ebc1ca2d888f471e4141d9015e01148980db914a4897ac	gia con quel nome	il file si chiama gia cosi
2026-08-02T14:59:13	Bicipiti e Braccia	Curl un braccio cavo alto.gif	Curl un braccio cavo alto.gif	51bdbf003b2beb01529f2070ce19e30d527fb4bb11a81c68050d061110b6e8de	gia con quel nome	il file si chiama gia cosi
2026-08-02T14:59:13	Bicipiti e Braccia	Curl un braccio dietro schiena cavo basso.gif	Curl un braccio dietro schiena cavo basso.gif	e7f4a84a29ab9ce26dbe4f602e3709a188e946ed73676f3846ed1ba69154615b	gia con quel nome	il file si chiama gia cosi
2026-08-02T14:59:13	Bicipiti e Braccia	Curl un braccio panca Scott cavo basso.gif	Curl un braccio panca Scott cavo basso.gif	a827b3a82de603f2017cc296a30012f5b7d8c70af6e2a255fd25917a8227035d	gia con quel nome	il file si chiama gia cosi
2026-08-02T14:59:13	Bicipiti e Braccia	Curl concentrato un braccio cavo basso.gif	Curl concentrato un braccio cavo basso.gif	c9430d092472cef84cb741d7e9d5e25f87d0f1da389f05f8bc9f67b7ec373bac	gia con quel nome	il file si chiama gia cosi
2026-08-02T14:59:13	Bicipiti e Braccia	Curl un braccio corpo libero seduto.gif	Curl un braccio corpo libero seduto.gif	300953adc794c4462fc440b0c53709af632f025bf76178a6e2a3ddab025d8009	gia con quel nome	il file si chiama gia cosi
2026-08-02T14:59:13	Bicipiti e Braccia	Curl un braccio manubrio panca inclinata.gif	Curl un braccio manubrio panca inclinata.gif	5f37b581eb891c314b5e47b8a9fee19eb532c244694e00ffdcc0f437429150c1	gia con quel nome	il file si chiama gia cosi
2026-08-02T14:59:13	Bicipiti e Braccia	Curl un braccio manubrio panca Scott seduto.gif	Curl un braccio manubrio panca Scott seduto.gif	8899aec14507cb87c4366d67cf58d3bac65f1468eaeb7df9e3ee866d6cf5e29e	gia con quel nome	il file si chiama gia cosi
2026-08-02T14:59:13	Bicipiti e Braccia	Curl un braccio manubrio panca Scott in piedi.gif	Curl un braccio manubrio panca Scott in piedi.gif	e6b380b854853346471dd3f5b6465192ab78650cdcf6084e7e90512618a76d77	gia con quel nome	il file si chiama gia cosi
2026-08-02T14:59:13	Bicipiti e Braccia	Curl concentrato un braccio manubrio.gif	Curl concentrato un braccio manubrio.gif	87500c87ff3afae691c8da96c458ae2a59916300b40181a01dda69c9c0cda637	gia con quel nome	il file si chiama gia cosi
2026-08-02T14:59:13	Bicipiti e Braccia	Curl un braccio cavo basso in piedi.gif	Curl un braccio cavo basso in piedi.gif	bddea1462b8a760bc8d5d6301d77a0960c2b319ad546683384400858f088f655	gia con quel nome	il file si chiama gia cosi
2026-08-02T14:59:13	Bicipiti e Braccia	Flessione dita pinza a molla.gif	Flessione dita pinza a molla.gif	e41952868f395cf651c48206315dd975b7568ddbc66edad27cf771cfd930fb57	gia con quel nome	il file si chiama gia cosi
2026-08-02T14:59:13	Bicipiti e Braccia	Flessione estensione polsi rullino.gif	Flessione estensione polsi rullino.gif	c4c26b29f1f63082cf13f5b30d9928a1fd915f8788e9fc1bd2cba0b9bbf8e6fa	gia con quel nome	il file si chiama gia cosi
2026-08-02T14:59:13	Bicipiti e Braccia	Flessione polsi bilanciere appoggio su panca.gif	Flessione polsi bilanciere appoggio su panca.gif	ca37821e6705cfd6028b14f88f066dcc36a24967d14ffd03910f3e788dda06b6	gia con quel nome	il file si chiama gia cosi
2026-08-02T14:59:13	Bicipiti e Braccia	Flessione polsi bilanciere dietro schiena.gif	Flessione polsi bilanciere dietro schiena.gif	744e7941c703fad3599c11a337fc7ae393a159b4ec274c67f1d345c548781f7d	gia con quel nome	il file si chiama gia cosi
2026-08-02T14:59:13	Bicipiti e Braccia	Flessione polsi inversa bilanciere in ginocchio su panca.gif	Flessione polsi inversa bilanciere in ginocchio su panca.gif	74dd072976de1686e0ae7d58dbb4fc82db21894b892861a966e0078f99ad4dfd	gia con quel nome	il file si chiama gia cosi
2026-08-02T14:59:13	Bicipiti e Braccia	Flessione polsi inversa bilanciere seduto.gif	Flessione polsi inversa bilanciere seduto.gif	5ec210be1efb9ce1441aa2f4959d92fd3c19f09e95b6ce4db9c5d0ac034398dc	gia con quel nome	il file si chiama gia cosi
2026-08-02T14:59:13	Bicipiti e Braccia	Flessione polsi inversa manubri seduto.gif	Flessione polsi inversa manubri seduto.gif	a3a2e9f4332f312cf9b0d312505d24f70ff92ff224b0e169b8fba8c6bfd22a9d	gia con quel nome	il file si chiama gia cosi
2026-08-02T14:59:13	Bicipiti e Braccia	Flessione polsi manubri panca piana.gif	Flessione polsi manubri panca piana.gif	d886affd61e4f2316134173bf8577d9db7f26accf252bfd4ed9621f663808c14	gia con quel nome	il file si chiama gia cosi
2026-08-02T14:59:13	Bicipiti e Braccia	Flessione hammer polso un braccio seduto.gif	Flessione hammer polso un braccio seduto.gif	76d2f9181e49365147d84aac3c712db81686d168a250db5964ecdf9ed3c88778	gia con quel nome	il file si chiama gia cosi
2026-08-02T14:59:13	Bicipiti e Braccia	Flessione polso disco.gif	Flessione polso disco.gif	f77453f55da146c234df3893307cfbdc0fe7bb32b4f03a8830f1d3ed5ad2090c	gia con quel nome	il file si chiama gia cosi
2026-08-02T14:59:13	Bicipiti e Braccia	Flessione polso manubrio.gif	Flessione polso manubrio.gif	0dff9668e678728ade02683def5e03bd430ae7317e39ade3a01e31458cf6e449	gia con quel nome	il file si chiama gia cosi
2026-08-02T14:59:13	Bicipiti e Braccia	Flessione radiale polso manubrio.gif	Flessione radiale polso manubrio.gif	9682cd1a18478b1fea9a52bea15b9fb7b036d2739212f49fc18556e66d4a6340	gia con quel nome	il file si chiama gia cosi
2026-08-02T14:59:13	Bicipiti e Braccia	Piegamenti mani ruotate all'indietro (Reverse grip push up).gif	Piegamenti mani ruotate all'indietro.gif	e1c616990b45a1a16e28a7ca541f32b2a8b312adf0655c7bf2f0254ed2ffcbbe	non trovato	non e in questa cartella con nessun nome: forse spostato altrove
2026-08-02T14:59:13	Bicipiti e Braccia	Piegamenti sulle dita (Fingertip push up).gif	Piegamenti sulle dita.gif	18a5654fce0268aa80c6b3a0b3391bde68ef76ae11de3fe81ea673bda87be076	non trovato	non e in questa cartella con nessun nome: forse spostato altrove
2026-08-02T18:59:12	Cardio e Conditioning	Battle rope.gif	Battle rope onde alternate.gif	1384915e79643e1d80a51cf3a14772c481ce136912e1dfc791f6ba17e3004baf	rinominato	
2026-08-02T18:59:12	Cardio e Conditioning	Box diretto destra sacco.gif	Boxe diretto al sacco.gif	f09679bc4e2443430734210c6347416d1ee8db5c66f5dda09ab16601f04a049c	rinominato	
2026-08-02T18:59:12	Cardio e Conditioning	Box diretto destra.gif	Boxe diretto alternato.gif	39773120a5975eabdbe9761cc390e2f20df43b15221fb628ec08e530a83f5a1e	rinominato	
2026-08-02T18:59:12	Cardio e Conditioning	Boxe diretti alternati.gif	Boxe pugni alternati.gif	c33c8c8ffd956d844aec76da14aed626159a5923a7f8ed0d9a965b917701bb99	rinominato	
2026-08-02T18:59:12	Cardio e Conditioning	Boxe footwork in piedi.gif	Boxe footwork.gif	b08701ba5b983efa624ea850cc1f3d6dc32ddfb77a4c4998a0b8dcbc163d1012	rinominato	
2026-08-02T18:59:12	Cardio e Conditioning	Boxe gancio.gif	Boxe gancio.gif	9cdbe942eb84f0ef7af7d1f8150814f77084568d4d67c0ff2ad7d4b247338855	gia con quel nome	il file si chiama gia cosi
2026-08-02T18:59:12	Cardio e Conditioning	Boxe jab.gif	Boxe jab.gif	5e5d92ecdc691ac195091f17b4863e345d1d9fa481dd6b9f7680cc65dd11e27e	gia con quel nome	il file si chiama gia cosi
2026-08-02T18:59:12	Cardio e Conditioning	Burpee Nave Seal.gif	Burpee navy seal.gif	506fad868b9713f2001f6cd71c70695760d3fe4b13b7b834a5d7102740acff4c	rinominato	
2026-08-02T18:59:12	Cardio e Conditioning	Burpees.gif	Burpee.gif	2bdd6be621bed916634c598e5026065a4b657a0bb4602114303a4bd02193005a	rinominato	
2026-08-02T18:59:12	Cardio e Conditioning	Calcio circolare sacco.gif	Calcio circolare sacco.gif	c7a82eb585354f94f3eaed0e253cb6a9205d152948e4dab3759f3cc0cdd60e0f	gia con quel nome	il file si chiama gia cosi
2026-08-02T19:06:38	Cardio e Conditioning	Battle rope onde alternate.gif	Battle rope onde alternate.gif	1384915e79643e1d80a51cf3a14772c481ce136912e1dfc791f6ba17e3004baf	gia con quel nome	il file si chiama gia cosi
2026-08-02T19:06:38	Cardio e Conditioning	Boxe diretto al sacco.gif	Boxe diretto al sacco.gif	f09679bc4e2443430734210c6347416d1ee8db5c66f5dda09ab16601f04a049c	gia con quel nome	il file si chiama gia cosi
2026-08-02T19:06:38	Cardio e Conditioning	Boxe diretto alternato.gif	Boxe diretto alternato.gif	39773120a5975eabdbe9761cc390e2f20df43b15221fb628ec08e530a83f5a1e	gia con quel nome	il file si chiama gia cosi
2026-08-02T19:06:38	Cardio e Conditioning	Boxe pugni alternati.gif	Boxe pugni alternati.gif	c33c8c8ffd956d844aec76da14aed626159a5923a7f8ed0d9a965b917701bb99	gia con quel nome	il file si chiama gia cosi
2026-08-02T19:06:38	Cardio e Conditioning	Boxe footwork.gif	Boxe footwork.gif	b08701ba5b983efa624ea850cc1f3d6dc32ddfb77a4c4998a0b8dcbc163d1012	gia con quel nome	il file si chiama gia cosi
2026-08-02T19:06:38	Cardio e Conditioning	Boxe gancio.gif	Boxe gancio.gif	9cdbe942eb84f0ef7af7d1f8150814f77084568d4d67c0ff2ad7d4b247338855	gia con quel nome	il file si chiama gia cosi
2026-08-02T19:06:38	Cardio e Conditioning	Boxe jab.gif	Boxe jab.gif	5e5d92ecdc691ac195091f17b4863e345d1d9fa481dd6b9f7680cc65dd11e27e	gia con quel nome	il file si chiama gia cosi
2026-08-02T19:06:38	Cardio e Conditioning	Burpee navy seal.gif	Burpee navy seal.gif	506fad868b9713f2001f6cd71c70695760d3fe4b13b7b834a5d7102740acff4c	gia con quel nome	il file si chiama gia cosi
2026-08-02T19:06:38	Cardio e Conditioning	Burpee.gif	Burpee.gif	2bdd6be621bed916634c598e5026065a4b657a0bb4602114303a4bd02193005a	gia con quel nome	il file si chiama gia cosi
2026-08-02T19:06:38	Cardio e Conditioning	Calcio circolare sacco.gif	Calcio circolare sacco.gif	c7a82eb585354f94f3eaed0e253cb6a9205d152948e4dab3759f3cc0cdd60e0f	gia con quel nome	il file si chiama gia cosi
2026-08-02T19:06:38	Cardio e Conditioning	Camminata bear crawl.gif	Camminata bear crawl.gif	12ba864e38b5b2452b69021658100f53db5deaf6ab73c59032135bfeecbf2092	gia con quel nome	il file si chiama gia cosi
2026-08-02T19:06:38	Cardio e Conditioning	Camminata laterale rapida.gif	Salti laterali rapidi.gif	e1e4307e26326e56dcf7574c67cd386015659c7bef39de23d926a33ef8f85145	rinominato	
2026-08-02T19:06:38	Cardio e Conditioning	Corsa all indietro.gif	Corsa all'indietro.gif	c9c64a4db3b609aa8f21639a57fb0788e55c8988d89f7e98453db3e2842421f0	rinominato	
2026-08-02T19:06:38	Cardio e Conditioning	Corsa calciata sul posto.gif	Corsa calciata sul posto.gif	1a5c57cb842990b95cfe5ff8e675adc6fc9587effa5a3c0b4a467af5bb74e76c	gia con quel nome	il file si chiama gia cosi
2026-08-02T19:06:38	Cardio e Conditioning	Corsa conetti a X.gif	Corsa X con conetti.gif	66c92f9d4b54db54390e6c1d0a7f15d5b95f766902d580d2a4eb9f898ac8ce2f	rinominato	
2026-08-02T19:06:38	Cardio e Conditioning	Corsa conetti zigzag.gif	Corsa zigzag con conetti.gif	b0b7a875ad6652b6ff7595b788c1769cd630a027b42cc9c73bc0f13b92fb9320	rinominato	
2026-08-02T19:06:38	Cardio e Conditioning	Corsa laterale scaletta agilita.gif	Corsa laterale agile con scaletta.gif	2bbbf4d8c436bda829c556e34f906d0799e2325ca84eeac6a261e99224881f07	rinominato	
2026-08-02T19:06:38	Cardio e Conditioning	Corsa passi corti.gif	Corsa passi corti.gif	982159ddd1a222150609b1e0619a8aa5fa96e87f504c7cefe7ca030b04799c7b	gia con quel nome	il file si chiama gia cosi
2026-08-02T19:06:38	Cardio e Conditioning	Corsa rapida.gif	Corsa falcata lunga.gif	a60d810d7011b88d08973a027d7fe3674d8eb473fe55d5768fa23a44862ec4d5	rinominato	
2026-08-02T19:06:38	Cardio e Conditioning	Corsa resistenza elastico.gif	Corsa resistenza con elastico.gif	862c4e408937cbdeeacb676e5d627bc9ea6ab96bade28e1847c194782f226423	rinominato	
2026-08-02T19:08:50	Cardio e Conditioning	Battle rope onde alternate.gif	Battle rope onde alternate.gif	1384915e79643e1d80a51cf3a14772c481ce136912e1dfc791f6ba17e3004baf	gia con quel nome	il file si chiama gia cosi
2026-08-02T19:08:50	Cardio e Conditioning	Boxe diretto al sacco.gif	Boxe diretto al sacco.gif	f09679bc4e2443430734210c6347416d1ee8db5c66f5dda09ab16601f04a049c	gia con quel nome	il file si chiama gia cosi
2026-08-02T19:08:50	Cardio e Conditioning	Boxe diretto alternato.gif	Boxe diretto alternato.gif	39773120a5975eabdbe9761cc390e2f20df43b15221fb628ec08e530a83f5a1e	gia con quel nome	il file si chiama gia cosi
2026-08-02T19:08:50	Cardio e Conditioning	Boxe pugni alternati.gif	Boxe pugni alternati.gif	c33c8c8ffd956d844aec76da14aed626159a5923a7f8ed0d9a965b917701bb99	gia con quel nome	il file si chiama gia cosi
2026-08-02T19:08:50	Cardio e Conditioning	Boxe footwork.gif	Boxe footwork.gif	b08701ba5b983efa624ea850cc1f3d6dc32ddfb77a4c4998a0b8dcbc163d1012	gia con quel nome	il file si chiama gia cosi
2026-08-02T19:08:50	Cardio e Conditioning	Boxe gancio.gif	Boxe gancio.gif	9cdbe942eb84f0ef7af7d1f8150814f77084568d4d67c0ff2ad7d4b247338855	gia con quel nome	il file si chiama gia cosi
2026-08-02T19:08:50	Cardio e Conditioning	Boxe jab.gif	Boxe jab.gif	5e5d92ecdc691ac195091f17b4863e345d1d9fa481dd6b9f7680cc65dd11e27e	gia con quel nome	il file si chiama gia cosi
2026-08-02T19:08:50	Cardio e Conditioning	Burpee navy seal.gif	Burpee navy seal.gif	506fad868b9713f2001f6cd71c70695760d3fe4b13b7b834a5d7102740acff4c	gia con quel nome	il file si chiama gia cosi
2026-08-02T19:08:50	Cardio e Conditioning	Burpee.gif	Burpee.gif	2bdd6be621bed916634c598e5026065a4b657a0bb4602114303a4bd02193005a	gia con quel nome	il file si chiama gia cosi
2026-08-02T19:08:50	Cardio e Conditioning	Calcio circolare sacco.gif	Calcio circolare sacco.gif	c7a82eb585354f94f3eaed0e253cb6a9205d152948e4dab3759f3cc0cdd60e0f	gia con quel nome	il file si chiama gia cosi
2026-08-02T19:08:50	Cardio e Conditioning	Camminata bear crawl.gif	Camminata bear crawl.gif	12ba864e38b5b2452b69021658100f53db5deaf6ab73c59032135bfeecbf2092	gia con quel nome	il file si chiama gia cosi
2026-08-02T19:08:50	Cardio e Conditioning	Salti laterali rapidi.gif	Salti laterali rapidi.gif	e1e4307e26326e56dcf7574c67cd386015659c7bef39de23d926a33ef8f85145	gia con quel nome	il file si chiama gia cosi
2026-08-02T19:08:50	Cardio e Conditioning	Corsa all'indietro.gif	Corsa all'indietro.gif	c9c64a4db3b609aa8f21639a57fb0788e55c8988d89f7e98453db3e2842421f0	gia con quel nome	il file si chiama gia cosi
2026-08-02T19:08:50	Cardio e Conditioning	Corsa calciata sul posto.gif	Corsa calciata sul posto.gif	1a5c57cb842990b95cfe5ff8e675adc6fc9587effa5a3c0b4a467af5bb74e76c	gia con quel nome	il file si chiama gia cosi
2026-08-02T19:08:50	Cardio e Conditioning	Corsa X con conetti.gif	Corsa X con conetti.gif	66c92f9d4b54db54390e6c1d0a7f15d5b95f766902d580d2a4eb9f898ac8ce2f	gia con quel nome	il file si chiama gia cosi
2026-08-02T19:08:50	Cardio e Conditioning	Corsa zigzag con conetti.gif	Corsa zigzag con conetti.gif	b0b7a875ad6652b6ff7595b788c1769cd630a027b42cc9c73bc0f13b92fb9320	gia con quel nome	il file si chiama gia cosi
2026-08-02T19:08:50	Cardio e Conditioning	Corsa laterale agile con scaletta.gif	Corsa laterale scaletta agilità.gif	2bbbf4d8c436bda829c556e34f906d0799e2325ca84eeac6a261e99224881f07	rinominato	
2026-08-02T19:08:50	Cardio e Conditioning	Corsa passi corti.gif	Corsa passi corti.gif	982159ddd1a222150609b1e0619a8aa5fa96e87f504c7cefe7ca030b04799c7b	gia con quel nome	il file si chiama gia cosi
2026-08-02T19:08:50	Cardio e Conditioning	Corsa falcata lunga.gif	Corsa falcata lunga.gif	a60d810d7011b88d08973a027d7fe3674d8eb473fe55d5768fa23a44862ec4d5	gia con quel nome	il file si chiama gia cosi
2026-08-02T19:08:50	Cardio e Conditioning	Corsa resistenza con elastico.gif	Corsa resistenza con elastico.gif	862c4e408937cbdeeacb676e5d627bc9ea6ab96bade28e1847c194782f226423	gia con quel nome	il file si chiama gia cosi
2026-08-02T19:10:21	Cardio e Conditioning	Battle rope onde alternate.gif	Battle rope onde alternate.gif	1384915e79643e1d80a51cf3a14772c481ce136912e1dfc791f6ba17e3004baf	gia con quel nome	il file si chiama gia cosi
2026-08-02T19:10:21	Cardio e Conditioning	Boxe diretto al sacco.gif	Boxe diretto al sacco.gif	f09679bc4e2443430734210c6347416d1ee8db5c66f5dda09ab16601f04a049c	gia con quel nome	il file si chiama gia cosi
2026-08-02T19:10:21	Cardio e Conditioning	Boxe diretto alternato.gif	Boxe diretto alternato.gif	39773120a5975eabdbe9761cc390e2f20df43b15221fb628ec08e530a83f5a1e	gia con quel nome	il file si chiama gia cosi
2026-08-02T19:10:21	Cardio e Conditioning	Boxe pugni alternati.gif	Boxe pugni alternati.gif	c33c8c8ffd956d844aec76da14aed626159a5923a7f8ed0d9a965b917701bb99	gia con quel nome	il file si chiama gia cosi
2026-08-02T19:10:21	Cardio e Conditioning	Boxe footwork.gif	Boxe footwork.gif	b08701ba5b983efa624ea850cc1f3d6dc32ddfb77a4c4998a0b8dcbc163d1012	gia con quel nome	il file si chiama gia cosi
2026-08-02T19:10:21	Cardio e Conditioning	Boxe gancio.gif	Boxe gancio.gif	9cdbe942eb84f0ef7af7d1f8150814f77084568d4d67c0ff2ad7d4b247338855	gia con quel nome	il file si chiama gia cosi
2026-08-02T19:10:21	Cardio e Conditioning	Boxe jab.gif	Boxe jab.gif	5e5d92ecdc691ac195091f17b4863e345d1d9fa481dd6b9f7680cc65dd11e27e	gia con quel nome	il file si chiama gia cosi
2026-08-02T19:10:21	Cardio e Conditioning	Burpee navy seal.gif	Burpee navy seal.gif	506fad868b9713f2001f6cd71c70695760d3fe4b13b7b834a5d7102740acff4c	gia con quel nome	il file si chiama gia cosi
2026-08-02T19:10:21	Cardio e Conditioning	Burpee.gif	Burpee.gif	2bdd6be621bed916634c598e5026065a4b657a0bb4602114303a4bd02193005a	gia con quel nome	il file si chiama gia cosi
2026-08-02T19:10:21	Cardio e Conditioning	Calcio circolare sacco.gif	Calcio circolare sacco.gif	c7a82eb585354f94f3eaed0e253cb6a9205d152948e4dab3759f3cc0cdd60e0f	gia con quel nome	il file si chiama gia cosi
2026-08-02T19:10:21	Cardio e Conditioning	Camminata bear crawl.gif	Camminata bear crawl.gif	12ba864e38b5b2452b69021658100f53db5deaf6ab73c59032135bfeecbf2092	gia con quel nome	il file si chiama gia cosi
2026-08-02T19:10:21	Cardio e Conditioning	Salti laterali rapidi.gif	Salti laterali rapidi.gif	e1e4307e26326e56dcf7574c67cd386015659c7bef39de23d926a33ef8f85145	gia con quel nome	il file si chiama gia cosi
2026-08-02T19:10:21	Cardio e Conditioning	Corsa all'indietro.gif	Corsa all'indietro.gif	c9c64a4db3b609aa8f21639a57fb0788e55c8988d89f7e98453db3e2842421f0	gia con quel nome	il file si chiama gia cosi
2026-08-02T19:10:21	Cardio e Conditioning	Corsa calciata sul posto.gif	Corsa calciata sul posto.gif	1a5c57cb842990b95cfe5ff8e675adc6fc9587effa5a3c0b4a467af5bb74e76c	gia con quel nome	il file si chiama gia cosi
2026-08-02T19:10:21	Cardio e Conditioning	Corsa X con conetti.gif	Corsa X con conetti.gif	66c92f9d4b54db54390e6c1d0a7f15d5b95f766902d580d2a4eb9f898ac8ce2f	gia con quel nome	il file si chiama gia cosi
2026-08-02T19:10:21	Cardio e Conditioning	Corsa zigzag con conetti.gif	Corsa zigzag con conetti.gif	b0b7a875ad6652b6ff7595b788c1769cd630a027b42cc9c73bc0f13b92fb9320	gia con quel nome	il file si chiama gia cosi
2026-08-02T19:10:21	Cardio e Conditioning	Corsa laterale scaletta agilità.gif	Corsa laterale scaletta agilità.gif	2bbbf4d8c436bda829c556e34f906d0799e2325ca84eeac6a261e99224881f07	gia con quel nome	il file si chiama gia cosi
2026-08-02T19:10:21	Cardio e Conditioning	Corsa passi corti.gif	Corsa passi corti.gif	982159ddd1a222150609b1e0619a8aa5fa96e87f504c7cefe7ca030b04799c7b	gia con quel nome	il file si chiama gia cosi
2026-08-02T19:10:21	Cardio e Conditioning	Corsa falcata lunga.gif	Corsa falcata lunga.gif	a60d810d7011b88d08973a027d7fe3674d8eb473fe55d5768fa23a44862ec4d5	gia con quel nome	il file si chiama gia cosi
2026-08-02T19:10:21	Cardio e Conditioning	Corsa resistenza con elastico.gif	Corsa resistenza con elastico.gif	862c4e408937cbdeeacb676e5d627bc9ea6ab96bade28e1847c194782f226423	gia con quel nome	il file si chiama gia cosi
2026-08-02T19:10:21	Cardio e Conditioning	Corsa scaletta agilita.gif	Corsa scaletta agilità.gif	36e3cb067bdce3939ccbcef93cf0b581dd329696a706e3ecb32f9ebdbaf8cfb8	rinominato	
2026-08-02T19:10:21	Cardio e Conditioning	Corsa sforbiciata.gif	Corsa sforbiciata.gif	f133f97fc367c7b6743298a7b65049499531fd45bf64fdcb497d685d0d885768	gia con quel nome	il file si chiama gia cosi
2026-08-02T19:10:21	Cardio e Conditioning	Corsa sul posto.gif	Corsa sul posto.gif	b0ae0b2f226b265e0a382fe7fc980b72199a5c560d7607b4a1d7b7b45648e562	gia con quel nome	il file si chiama gia cosi
2026-08-02T19:10:21	Cardio e Conditioning	Jumping jack.gif	Jumping jack.gif	34de9d3bfa8b43956719063a299ae97c008f2eccec27d0ea970cfb6b3431a6f1	gia con quel nome	il file si chiama gia cosi
2026-08-02T19:10:21	Cardio e Conditioning	Saltelli caviglie.gif	Jumping rimbalzato.gif	2a8d176a026434c3b5c8ddcaf0495237e8bcb4fab76a95b5ff0c40a5f09de940	rinominato	
2026-08-02T19:10:21	Cardio e Conditioning	Salto con la corda.gif	Salto con la corda.gif	938e241230b22295e63e5ba0f995bda211a6c10512e077260e77fb33f285e024	gia con quel nome	il file si chiama gia cosi
2026-08-02T19:10:21	Cardio e Conditioning	Skip alto con calcio.gif	Skip con calcio.gif	3e4760a6950fcfb1842d201a3ae824f0dcffd42d08967fffe1080c4ddc46049c	rinominato	
2026-08-02T19:10:21	Cardio e Conditioning	Skip ginocchie alte sul posto.gif	Skip ginocchia alte.gif	15ca4f48e0b6e3964a91e5428bbd8c7fcc9262e27f8d429cd4ae4d903796ecc5	rinominato	
2026-08-02T19:10:21	Cardio e Conditioning	Skip power.gif	Skip power.gif	3f0a415a4e9828e08871a1a6fd88692df6fcf922b01e41c0516d86e22109cf1c	gia con quel nome	il file si chiama gia cosi
2026-08-02T19:10:21	Cardio e Conditioning	Skip sul posto.gif	Skip sul posto.gif	69357ea415b70ff9f18669587f8cd3cad959d6daa6d73d0a912c8cbe4862062b	gia con quel nome	il file si chiama gia cosi
2026-08-03T06:43:17	Gambe e Glutei	Squat barra dritta elastico (Band Barbell Squat).gif	Squat barra elastico.gif	21ffc120fe95b3122340eab79aac151f123bc49082f7d2ef71b3e2687fcb0452	rinominato	
2026-08-03T06:43:17	Gambe e Glutei	Squat bilanciere (Barbell squat).gif	Squat bilanciere.gif	7a0b33d7c67823493e97ca649ee2f9edd2ab6a5c05a4f48e3636440e68a0e749	rinominato	
2026-08-03T06:43:17	Gambe e Glutei	Squat bilanciere al rack (Barbell rack squat).gif	Squat bilanciere al rack.gif	e5641ea4bf94dbcf5922d6dd5ddfac0cb8599c3f48b583d2b46109bf884e89fa	rinominato	
2026-08-03T06:43:17	Gambe e Glutei	Squat bilanciere landmine (Landmine squat).gif	Squat bilanciere landmine.gif	210ccb4f95a26476675450fcc84c8c7646d68fc8fa97c8cfe6dc26cbcff3f14b	rinominato	
2026-08-03T06:43:17	Gambe e Glutei	Squat calcio laterale tocco tallone.gif	Squat calcio laterale.gif	8678172072528fb0150ffca39c5fd3c68d445cf20e8a4d9d75c0aaea9472f753	rinominato	
2026-08-03T06:43:17	Gambe e Glutei	Squat cavi doppi bassi (Dual cable squat).gif	Squat cavi bassi.gif	312a834ecbd28e0dce80d2c2313590dae1c70e49e4791b0cbf55d2dbcef2772b	rinominato	
2026-08-03T06:43:17	Gambe e Glutei	Squat cavo basso (Cable low squat).gif	Squat cavo basso.gif	c309f2e7e286f1c641ba2cc6c7accd31e044a56f44fa1260f1b0574811053f81	rinominato	
2026-08-03T06:43:17	Gambe e Glutei	Squat corpo libero (Bodyweight squat).gif	Squat corpo libero.gif	9bf078772d3b4afde76826ec8dffc878544353af72b2660d59e7178cb9f1ca2b	rinominato	
2026-08-03T06:43:17	Gambe e Glutei	Squat cosacco.gif	Squat cosacco.gif	88356c85eadd2df87324b869fe3b02bcd2d454062f63181a77b7213c5d3dd893	gia con quel nome	il file si chiama gia cosi
2026-08-03T06:50:29	Gambe e Glutei	Squat barra elastico.gif	Squat barra elastico.gif	21ffc120fe95b3122340eab79aac151f123bc49082f7d2ef71b3e2687fcb0452	gia con quel nome	il file si chiama gia cosi
2026-08-03T06:50:29	Gambe e Glutei	Squat bilanciere.gif	Squat bilanciere.gif	7a0b33d7c67823493e97ca649ee2f9edd2ab6a5c05a4f48e3636440e68a0e749	gia con quel nome	il file si chiama gia cosi
2026-08-03T06:50:29	Gambe e Glutei	Squat bilanciere al rack.gif	Squat bilanciere al rack.gif	e5641ea4bf94dbcf5922d6dd5ddfac0cb8599c3f48b583d2b46109bf884e89fa	gia con quel nome	il file si chiama gia cosi
2026-08-03T06:50:29	Gambe e Glutei	Squat bilanciere landmine.gif	Squat bilanciere landmine.gif	210ccb4f95a26476675450fcc84c8c7646d68fc8fa97c8cfe6dc26cbcff3f14b	gia con quel nome	il file si chiama gia cosi
2026-08-03T06:50:29	Gambe e Glutei	Squat calcio laterale.gif	Squat calcio laterale.gif	8678172072528fb0150ffca39c5fd3c68d445cf20e8a4d9d75c0aaea9472f753	gia con quel nome	il file si chiama gia cosi
2026-08-03T06:50:29	Gambe e Glutei	Squat cavi bassi.gif	Squat cavi bassi.gif	312a834ecbd28e0dce80d2c2313590dae1c70e49e4791b0cbf55d2dbcef2772b	gia con quel nome	il file si chiama gia cosi
2026-08-03T06:50:29	Gambe e Glutei	Squat cavo basso.gif	Squat cavo basso.gif	c309f2e7e286f1c641ba2cc6c7accd31e044a56f44fa1260f1b0574811053f81	gia con quel nome	il file si chiama gia cosi
2026-08-03T06:50:29	Gambe e Glutei	Squat corpo libero.gif	Squat corpo libero.gif	9bf078772d3b4afde76826ec8dffc878544353af72b2660d59e7178cb9f1ca2b	gia con quel nome	il file si chiama gia cosi
2026-08-03T06:50:29	Gambe e Glutei	Squat cosacco.gif	Squat cosacco.gif	88356c85eadd2df87324b869fe3b02bcd2d454062f63181a77b7213c5d3dd893	gia con quel nome	il file si chiama gia cosi
2026-08-03T06:50:29	Gambe e Glutei	Squat elastico sopra la testa (Band Overhead Squat).gif	Squat elastico braccia alte.gif	3927ec7c2413b5417cfe8e7c31dae52e83c35265d68e609a942d37c3a78cb82e	rinominato	
2026-08-03T06:50:29	Gambe e Glutei	Squat frontale bilanciere (Barbell front squat).gif	Squat bilanciere frontale.gif	e6605bcdad3f6579d265e0d2d0bb69efbb2ff7e6dc2067d954619c89f7413e6e	rinominato	
2026-08-03T06:50:29	Gambe e Glutei	Squat ginocchio alto (Squat with knee raise).gif	Squat torsione ginocchio alto.gif	8acd67cdd91098459064db42dcfdf5c94cd767526e667d05c14d08742a460739	rinominato	
2026-08-03T06:50:29	Gambe e Glutei	Squat Goblet kettlebell elastico (Band Kettlebell Goblet Squat).gif	Squat goblet kettlebell banda.gif	79aef9ca93ec5cac7ab66d2c5dbc7df03e8cc680af566f85cb2817601d7d924b	rinominato	
2026-08-03T06:50:29	Gambe e Glutei	Squat hack machine (Hack machine squat).gif	Squat hack machine.gif	70e04f664d37a10ef5d81db4aeeb3c115082c5e1104d179f241e190f8e72414a	rinominato	
2026-08-03T06:50:29	Gambe e Glutei	Squat hack machine inverso (Reverse hack machine squat).gif	Squat inverso hack machine.gif	75328f32765c95024ca5c537ccd38b7c1bf80c77194d6624bb839445823c7d9f	rinominato	
2026-08-03T06:50:29	Gambe e Glutei	Squat manubri (Dumbbell squat).gif	Squat manubri.gif	b80ed62ddecc7249d7a91862d1e697ad97b7bfe6acf7f1e22bd9bfe3c48c18de	rinominato	
2026-08-03T06:50:29	Gambe e Glutei	Squat multipower (Smith machine squat).gif	Squat multipower.gif	b1c24965c7c5217c4c3caac0d9211867485d960b81f407a4d22ef8f2bb274883	rinominato	
2026-08-03T06:50:29	Gambe e Glutei	Squat parete fitball corpo libero (Bodyweight wall squat with swiss ball).gif	Squat parete fitball.gif	6ba72710aed06cd82a34d53c5f6fe1e0f34aa80d70570a8403da04bc5e41a1cb	rinominato	
2026-08-03T11:50:41	Gambe e Glutei	Squat barra elastico.gif	Squat barra elastico.gif	21ffc120fe95b3122340eab79aac151f123bc49082f7d2ef71b3e2687fcb0452	gia con quel nome	il file si chiama gia cosi
2026-08-03T11:50:41	Gambe e Glutei	Squat bilanciere.gif	Squat bilanciere.gif	7a0b33d7c67823493e97ca649ee2f9edd2ab6a5c05a4f48e3636440e68a0e749	gia con quel nome	il file si chiama gia cosi
2026-08-03T11:50:41	Gambe e Glutei	Squat bilanciere al rack.gif	Squat bilanciere al rack.gif	e5641ea4bf94dbcf5922d6dd5ddfac0cb8599c3f48b583d2b46109bf884e89fa	gia con quel nome	il file si chiama gia cosi
2026-08-03T11:50:41	Gambe e Glutei	Squat bilanciere landmine.gif	Squat bilanciere landmine.gif	210ccb4f95a26476675450fcc84c8c7646d68fc8fa97c8cfe6dc26cbcff3f14b	gia con quel nome	il file si chiama gia cosi
2026-08-03T11:50:41	Gambe e Glutei	Squat calcio laterale.gif	Squat calcio laterale.gif	8678172072528fb0150ffca39c5fd3c68d445cf20e8a4d9d75c0aaea9472f753	gia con quel nome	il file si chiama gia cosi
2026-08-03T11:50:41	Gambe e Glutei	Squat cavi bassi.gif	Squat cavi bassi.gif	312a834ecbd28e0dce80d2c2313590dae1c70e49e4791b0cbf55d2dbcef2772b	gia con quel nome	il file si chiama gia cosi
2026-08-03T11:50:41	Gambe e Glutei	Squat cavo basso.gif	Squat cavo basso.gif	c309f2e7e286f1c641ba2cc6c7accd31e044a56f44fa1260f1b0574811053f81	gia con quel nome	il file si chiama gia cosi
2026-08-03T11:50:41	Gambe e Glutei	Squat corpo libero.gif	Squat corpo libero.gif	9bf078772d3b4afde76826ec8dffc878544353af72b2660d59e7178cb9f1ca2b	gia con quel nome	il file si chiama gia cosi
2026-08-03T11:50:41	Gambe e Glutei	Squat cosacco.gif	Squat cosacco.gif	88356c85eadd2df87324b869fe3b02bcd2d454062f63181a77b7213c5d3dd893	gia con quel nome	il file si chiama gia cosi
2026-08-03T11:50:41	Gambe e Glutei	Squat elastico braccia alte.gif	Squat elastico braccia alte.gif	3927ec7c2413b5417cfe8e7c31dae52e83c35265d68e609a942d37c3a78cb82e	gia con quel nome	il file si chiama gia cosi
2026-08-03T11:50:41	Gambe e Glutei	Squat bilanciere frontale.gif	Squat bilanciere frontale.gif	e6605bcdad3f6579d265e0d2d0bb69efbb2ff7e6dc2067d954619c89f7413e6e	gia con quel nome	il file si chiama gia cosi
2026-08-03T11:50:41	Gambe e Glutei	Squat torsione ginocchio alto.gif	Squat torsione ginocchio alto.gif	8acd67cdd91098459064db42dcfdf5c94cd767526e667d05c14d08742a460739	gia con quel nome	il file si chiama gia cosi
2026-08-03T11:50:41	Gambe e Glutei	Squat goblet kettlebell banda.gif	Squat goblet kettlebell banda.gif	79aef9ca93ec5cac7ab66d2c5dbc7df03e8cc680af566f85cb2817601d7d924b	gia con quel nome	il file si chiama gia cosi
2026-08-03T11:50:41	Gambe e Glutei	Squat hack machine.gif	Squat hack machine.gif	70e04f664d37a10ef5d81db4aeeb3c115082c5e1104d179f241e190f8e72414a	gia con quel nome	il file si chiama gia cosi
2026-08-03T11:50:41	Gambe e Glutei	Squat inverso hack machine.gif	Squat inverso hack machine.gif	75328f32765c95024ca5c537ccd38b7c1bf80c77194d6624bb839445823c7d9f	gia con quel nome	il file si chiama gia cosi
2026-08-03T11:50:41	Gambe e Glutei	Squat manubri.gif	Squat manubri.gif	b80ed62ddecc7249d7a91862d1e697ad97b7bfe6acf7f1e22bd9bfe3c48c18de	gia con quel nome	il file si chiama gia cosi
2026-08-03T11:50:41	Gambe e Glutei	Squat multipower.gif	Squat multipower.gif	b1c24965c7c5217c4c3caac0d9211867485d960b81f407a4d22ef8f2bb274883	gia con quel nome	il file si chiama gia cosi
2026-08-03T11:50:41	Gambe e Glutei	Squat parete fitball.gif	Squat parete fitball.gif	6ba72710aed06cd82a34d53c5f6fe1e0f34aa80d70570a8403da04bc5e41a1cb	gia con quel nome	il file si chiama gia cosi
2026-08-03T11:50:41	Gambe e Glutei	Squat su panca manubri (Dumbbell box:bench squat).gif	Squat manubri seduto su panca.gif	b66a750d54c81cfbb67564ccb2685e720b21d203fde5deca84679b38d41c69e9	rinominato	
2026-08-03T11:50:41	Gambe e Glutei	Squat profondo bilanciere (Barbell deep squat).gif	Squat profondo bilanciere.gif	44b6d5f224cb8e4cd6322fc73521f14461e1853d0851ffc153d36792e40069a2	rinominato	
2026-08-03T11:50:41	Gambe e Glutei	Squat sumo bilanciere frontale (Wide-stance barbell front squat).gif	Squat sumo bilanciere frontale.gif	912e9c482a0418040a7a6c344b5424f8241fdf5a2054a81c886eef7edf481b85	rinominato	
2026-08-03T11:50:41	Gambe e Glutei	Squat sumo corpo libero braccia distese (Bodyweight sumo squat with arms down).gif	Squat sumo corpo libero braccia distese.gif	41ca83090ef0db41dac62df77a8519c30f8bba6b32095d86bba7b53ebbd74572	rinominato	
2026-08-03T11:50:41	Gambe e Glutei	Squat sumo corpo libero mani al petto (Bodyweight sumo squat with hands to chest).gif	Squat sumo corpo libero mani al petto.gif	7b98bdec1a4dd54ce9bc3958cd9fbaa48d88ebd583bf7cb5d000f7a3447e0352	rinominato	
2026-08-03T11:50:41	Gambe e Glutei	Squat sumo manubrio (Dumbbell sumo squat).gif	Squat sumo manubrio.gif	0c4ca1d84bdb7eef33e72bb580bcaebbf63b1b21c3d6878f547146811a6726db	rinominato	
2026-08-03T11:50:41	Gambe e Glutei	Squat wall ball palla medica.gif	Squat wall ball palla medica.gif	710f513cf7df6749f80653e9e87dc022f047eb426f0ea4bd5238d538877c3612	gia con quel nome	il file si chiama gia cosi
2026-08-03T11:50:41	Gambe e Glutei	Wall Sit inclinazione tronco.gif	Squat wall sit inclinazione alternata.gif	1a35a3fe2f3b857ae0464ad22cd4958ba5ed49a185719a7d157ae4fcc99af38a	rinominato	
2026-08-03T11:51:22	Gambe e Glutei	Squat barra elastico.gif	Squat barra elastico.gif	21ffc120fe95b3122340eab79aac151f123bc49082f7d2ef71b3e2687fcb0452	gia con quel nome	il file si chiama gia cosi
2026-08-03T11:51:22	Gambe e Glutei	Squat bilanciere.gif	Squat bilanciere.gif	7a0b33d7c67823493e97ca649ee2f9edd2ab6a5c05a4f48e3636440e68a0e749	gia con quel nome	il file si chiama gia cosi
2026-08-03T11:51:22	Gambe e Glutei	Squat bilanciere al rack.gif	Squat bilanciere al rack.gif	e5641ea4bf94dbcf5922d6dd5ddfac0cb8599c3f48b583d2b46109bf884e89fa	gia con quel nome	il file si chiama gia cosi
2026-08-03T11:51:22	Gambe e Glutei	Squat bilanciere landmine.gif	Squat bilanciere landmine.gif	210ccb4f95a26476675450fcc84c8c7646d68fc8fa97c8cfe6dc26cbcff3f14b	gia con quel nome	il file si chiama gia cosi
2026-08-03T11:51:22	Gambe e Glutei	Squat calcio laterale.gif	Squat calcio laterale.gif	8678172072528fb0150ffca39c5fd3c68d445cf20e8a4d9d75c0aaea9472f753	gia con quel nome	il file si chiama gia cosi
2026-08-03T11:51:22	Gambe e Glutei	Squat cavi bassi.gif	Squat cavi bassi.gif	312a834ecbd28e0dce80d2c2313590dae1c70e49e4791b0cbf55d2dbcef2772b	gia con quel nome	il file si chiama gia cosi
2026-08-03T11:51:22	Gambe e Glutei	Squat cavo basso.gif	Squat cavo basso.gif	c309f2e7e286f1c641ba2cc6c7accd31e044a56f44fa1260f1b0574811053f81	gia con quel nome	il file si chiama gia cosi
2026-08-03T11:51:22	Gambe e Glutei	Squat corpo libero.gif	Squat corpo libero.gif	9bf078772d3b4afde76826ec8dffc878544353af72b2660d59e7178cb9f1ca2b	gia con quel nome	il file si chiama gia cosi
2026-08-03T11:51:22	Gambe e Glutei	Squat cosacco.gif	Squat cosacco.gif	88356c85eadd2df87324b869fe3b02bcd2d454062f63181a77b7213c5d3dd893	gia con quel nome	il file si chiama gia cosi
2026-08-03T11:51:22	Gambe e Glutei	Squat elastico braccia alte.gif	Squat elastico braccia alte.gif	3927ec7c2413b5417cfe8e7c31dae52e83c35265d68e609a942d37c3a78cb82e	gia con quel nome	il file si chiama gia cosi
2026-08-03T11:51:22	Gambe e Glutei	Squat bilanciere frontale.gif	Squat bilanciere frontale.gif	e6605bcdad3f6579d265e0d2d0bb69efbb2ff7e6dc2067d954619c89f7413e6e	gia con quel nome	il file si chiama gia cosi
2026-08-03T11:51:22	Gambe e Glutei	Squat torsione ginocchio alto.gif	Squat torsione ginocchio alto.gif	8acd67cdd91098459064db42dcfdf5c94cd767526e667d05c14d08742a460739	gia con quel nome	il file si chiama gia cosi
2026-08-03T11:51:22	Gambe e Glutei	Squat goblet kettlebell banda.gif	Squat goblet kettlebell banda.gif	79aef9ca93ec5cac7ab66d2c5dbc7df03e8cc680af566f85cb2817601d7d924b	gia con quel nome	il file si chiama gia cosi
2026-08-03T11:51:22	Gambe e Glutei	Squat hack machine.gif	Squat hack machine.gif	70e04f664d37a10ef5d81db4aeeb3c115082c5e1104d179f241e190f8e72414a	gia con quel nome	il file si chiama gia cosi
2026-08-03T11:51:22	Gambe e Glutei	Squat inverso hack machine.gif	Squat inverso hack machine.gif	75328f32765c95024ca5c537ccd38b7c1bf80c77194d6624bb839445823c7d9f	gia con quel nome	il file si chiama gia cosi
2026-08-03T11:51:22	Gambe e Glutei	Squat manubri.gif	Squat manubri.gif	b80ed62ddecc7249d7a91862d1e697ad97b7bfe6acf7f1e22bd9bfe3c48c18de	gia con quel nome	il file si chiama gia cosi
2026-08-03T11:51:22	Gambe e Glutei	Squat multipower.gif	Squat multipower.gif	b1c24965c7c5217c4c3caac0d9211867485d960b81f407a4d22ef8f2bb274883	gia con quel nome	il file si chiama gia cosi
2026-08-03T11:51:22	Gambe e Glutei	Squat parete fitball.gif	Squat wall fitball.gif	6ba72710aed06cd82a34d53c5f6fe1e0f34aa80d70570a8403da04bc5e41a1cb	rinominato	
2026-08-03T11:51:22	Gambe e Glutei	Squat manubri seduto su panca.gif	Squat manubri seduto su panca.gif	b66a750d54c81cfbb67564ccb2685e720b21d203fde5deca84679b38d41c69e9	gia con quel nome	il file si chiama gia cosi
2026-08-03T11:51:22	Gambe e Glutei	Squat profondo bilanciere.gif	Squat profondo bilanciere.gif	44b6d5f224cb8e4cd6322fc73521f14461e1853d0851ffc153d36792e40069a2	gia con quel nome	il file si chiama gia cosi
2026-08-03T11:51:22	Gambe e Glutei	Squat sumo bilanciere frontale.gif	Squat sumo bilanciere frontale.gif	912e9c482a0418040a7a6c344b5424f8241fdf5a2054a81c886eef7edf481b85	gia con quel nome	il file si chiama gia cosi
2026-08-03T11:51:22	Gambe e Glutei	Squat sumo corpo libero braccia distese.gif	Squat sumo corpo libero braccia distese.gif	41ca83090ef0db41dac62df77a8519c30f8bba6b32095d86bba7b53ebbd74572	gia con quel nome	il file si chiama gia cosi
2026-08-03T11:51:22	Gambe e Glutei	Squat sumo corpo libero mani al petto.gif	Squat sumo corpo libero mani al petto.gif	7b98bdec1a4dd54ce9bc3958cd9fbaa48d88ebd583bf7cb5d000f7a3447e0352	gia con quel nome	il file si chiama gia cosi
2026-08-03T11:51:22	Gambe e Glutei	Squat sumo manubrio.gif	Squat sumo manubrio.gif	0c4ca1d84bdb7eef33e72bb580bcaebbf63b1b21c3d6878f547146811a6726db	gia con quel nome	il file si chiama gia cosi
2026-08-03T11:51:22	Gambe e Glutei	Squat wall ball palla medica.gif	Squat wall ball palla medica.gif	710f513cf7df6749f80653e9e87dc022f047eb426f0ea4bd5238d538877c3612	gia con quel nome	il file si chiama gia cosi
2026-08-03T11:51:22	Gambe e Glutei	Squat wall sit inclinazione alternata.gif	Squat wall sit inclinazione alternata.gif	1a35a3fe2f3b857ae0464ad22cd4958ba5ed49a185719a7d157ae4fcc99af38a	gia con quel nome	il file si chiama gia cosi
2026-08-03T11:52:26	Gambe e Glutei	Squat barra elastico.gif	Squat barra elastico.gif	21ffc120fe95b3122340eab79aac151f123bc49082f7d2ef71b3e2687fcb0452	gia con quel nome	il file si chiama gia cosi
2026-08-03T11:52:26	Gambe e Glutei	Squat bilanciere.gif	Squat bilanciere.gif	7a0b33d7c67823493e97ca649ee2f9edd2ab6a5c05a4f48e3636440e68a0e749	gia con quel nome	il file si chiama gia cosi
2026-08-03T11:52:26	Gambe e Glutei	Squat bilanciere al rack.gif	Squat bilanciere al rack.gif	e5641ea4bf94dbcf5922d6dd5ddfac0cb8599c3f48b583d2b46109bf884e89fa	gia con quel nome	il file si chiama gia cosi
2026-08-03T11:52:26	Gambe e Glutei	Squat bilanciere landmine.gif	Squat bilanciere landmine.gif	210ccb4f95a26476675450fcc84c8c7646d68fc8fa97c8cfe6dc26cbcff3f14b	gia con quel nome	il file si chiama gia cosi
2026-08-03T11:52:26	Gambe e Glutei	Squat calcio laterale.gif	Squat calcio laterale.gif	8678172072528fb0150ffca39c5fd3c68d445cf20e8a4d9d75c0aaea9472f753	gia con quel nome	il file si chiama gia cosi
2026-08-03T11:52:26	Gambe e Glutei	Squat cavi bassi.gif	Squat cavi bassi.gif	312a834ecbd28e0dce80d2c2313590dae1c70e49e4791b0cbf55d2dbcef2772b	gia con quel nome	il file si chiama gia cosi
2026-08-03T11:52:26	Gambe e Glutei	Squat cavo basso.gif	Squat cavo basso.gif	c309f2e7e286f1c641ba2cc6c7accd31e044a56f44fa1260f1b0574811053f81	gia con quel nome	il file si chiama gia cosi
2026-08-03T11:52:26	Gambe e Glutei	Squat corpo libero.gif	Squat corpo libero.gif	9bf078772d3b4afde76826ec8dffc878544353af72b2660d59e7178cb9f1ca2b	gia con quel nome	il file si chiama gia cosi
2026-08-03T11:52:26	Gambe e Glutei	Squat cosacco.gif	Squat cosacco.gif	88356c85eadd2df87324b869fe3b02bcd2d454062f63181a77b7213c5d3dd893	gia con quel nome	il file si chiama gia cosi
2026-08-03T11:52:26	Gambe e Glutei	Squat elastico braccia alte.gif	Squat elastico braccia alte.gif	3927ec7c2413b5417cfe8e7c31dae52e83c35265d68e609a942d37c3a78cb82e	gia con quel nome	il file si chiama gia cosi
2026-08-03T11:52:26	Gambe e Glutei	Squat bilanciere frontale.gif	Squat bilanciere frontale.gif	e6605bcdad3f6579d265e0d2d0bb69efbb2ff7e6dc2067d954619c89f7413e6e	gia con quel nome	il file si chiama gia cosi
2026-08-03T11:52:26	Gambe e Glutei	Squat torsione ginocchio alto.gif	Squat torsione ginocchio alto.gif	8acd67cdd91098459064db42dcfdf5c94cd767526e667d05c14d08742a460739	gia con quel nome	il file si chiama gia cosi
2026-08-03T11:52:26	Gambe e Glutei	Squat goblet kettlebell banda.gif	Squat goblet kettlebell banda.gif	79aef9ca93ec5cac7ab66d2c5dbc7df03e8cc680af566f85cb2817601d7d924b	gia con quel nome	il file si chiama gia cosi
2026-08-03T11:52:26	Gambe e Glutei	Squat hack machine.gif	Squat hack machine.gif	70e04f664d37a10ef5d81db4aeeb3c115082c5e1104d179f241e190f8e72414a	gia con quel nome	il file si chiama gia cosi
2026-08-03T11:52:26	Gambe e Glutei	Squat inverso hack machine.gif	Squat inverso hack machine.gif	75328f32765c95024ca5c537ccd38b7c1bf80c77194d6624bb839445823c7d9f	gia con quel nome	il file si chiama gia cosi
2026-08-03T11:52:26	Gambe e Glutei	Squat manubri.gif	Squat manubri.gif	b80ed62ddecc7249d7a91862d1e697ad97b7bfe6acf7f1e22bd9bfe3c48c18de	gia con quel nome	il file si chiama gia cosi
2026-08-03T11:52:26	Gambe e Glutei	Squat multipower.gif	Squat multipower.gif	b1c24965c7c5217c4c3caac0d9211867485d960b81f407a4d22ef8f2bb274883	gia con quel nome	il file si chiama gia cosi
2026-08-03T11:52:26	Gambe e Glutei	Squat wall fitball.gif	Squat wall fitball.gif	6ba72710aed06cd82a34d53c5f6fe1e0f34aa80d70570a8403da04bc5e41a1cb	gia con quel nome	il file si chiama gia cosi
2026-08-03T11:52:26	Gambe e Glutei	Squat manubri seduto su panca.gif	Squat manubri seduto su panca.gif	b66a750d54c81cfbb67564ccb2685e720b21d203fde5deca84679b38d41c69e9	gia con quel nome	il file si chiama gia cosi
2026-08-03T11:52:26	Gambe e Glutei	Squat profondo bilanciere.gif	Squat profondo bilanciere.gif	44b6d5f224cb8e4cd6322fc73521f14461e1853d0851ffc153d36792e40069a2	gia con quel nome	il file si chiama gia cosi
2026-08-03T11:52:26	Gambe e Glutei	Squat sumo bilanciere frontale.gif	Squat sumo bilanciere frontale.gif	912e9c482a0418040a7a6c344b5424f8241fdf5a2054a81c886eef7edf481b85	gia con quel nome	il file si chiama gia cosi
2026-08-03T11:52:26	Gambe e Glutei	Squat sumo corpo libero braccia distese.gif	Squat sumo corpo libero braccia distese.gif	41ca83090ef0db41dac62df77a8519c30f8bba6b32095d86bba7b53ebbd74572	gia con quel nome	il file si chiama gia cosi
2026-08-03T11:52:26	Gambe e Glutei	Squat sumo corpo libero mani al petto.gif	Squat sumo corpo libero mani al petto.gif	7b98bdec1a4dd54ce9bc3958cd9fbaa48d88ebd583bf7cb5d000f7a3447e0352	gia con quel nome	il file si chiama gia cosi
2026-08-03T11:52:26	Gambe e Glutei	Squat sumo manubrio.gif	Squat sumo manubrio.gif	0c4ca1d84bdb7eef33e72bb580bcaebbf63b1b21c3d6878f547146811a6726db	gia con quel nome	il file si chiama gia cosi
2026-08-03T11:52:26	Gambe e Glutei	Squat wall ball palla medica.gif	Squat wall ball palla medica.gif	710f513cf7df6749f80653e9e87dc022f047eb426f0ea4bd5238d538877c3612	gia con quel nome	il file si chiama gia cosi
2026-08-03T11:52:26	Gambe e Glutei	Squat wall sit inclinazione alternata.gif	Squat wall sit inclinazione alternata.gif	1a35a3fe2f3b857ae0464ad22cd4958ba5ed49a185719a7d157ae4fcc99af38a	gia con quel nome	il file si chiama gia cosi
2026-08-03T11:52:26	Gambe e Glutei	Squat sumo bilanciere (Barbell sumo squat).gif	Squat sumo bilanciere.gif	d2bb04e1246596210448c7666bd6e48e1be9e4cebdeea4c0ff836153b5a1601f	rinominato	
2026-08-03T11:52:26	Gambe e Glutei	Wall Sit.gif	Squat wall sit.gif	10a09fa7466577f5fbaac35659348e97b884d35b5d733c9eff700461e98f2c32	rinominato	
2026-08-03T11:58:27	Gambe e Glutei	Squat barra elastico.gif	Squat barra elastico.gif	21ffc120fe95b3122340eab79aac151f123bc49082f7d2ef71b3e2687fcb0452	gia con quel nome	il file si chiama gia cosi
2026-08-03T11:58:27	Gambe e Glutei	Squat bilanciere.gif	Squat bilanciere.gif	7a0b33d7c67823493e97ca649ee2f9edd2ab6a5c05a4f48e3636440e68a0e749	gia con quel nome	il file si chiama gia cosi
2026-08-03T11:58:27	Gambe e Glutei	Squat bilanciere al rack.gif	Squat bilanciere al rack.gif	e5641ea4bf94dbcf5922d6dd5ddfac0cb8599c3f48b583d2b46109bf884e89fa	gia con quel nome	il file si chiama gia cosi
2026-08-03T11:58:27	Gambe e Glutei	Squat bilanciere landmine.gif	Squat bilanciere landmine.gif	210ccb4f95a26476675450fcc84c8c7646d68fc8fa97c8cfe6dc26cbcff3f14b	gia con quel nome	il file si chiama gia cosi
2026-08-03T11:58:27	Gambe e Glutei	Squat calcio laterale.gif	Squat calcio laterale.gif	8678172072528fb0150ffca39c5fd3c68d445cf20e8a4d9d75c0aaea9472f753	gia con quel nome	il file si chiama gia cosi
2026-08-03T11:58:27	Gambe e Glutei	Squat cavi bassi.gif	Squat cavi bassi.gif	312a834ecbd28e0dce80d2c2313590dae1c70e49e4791b0cbf55d2dbcef2772b	gia con quel nome	il file si chiama gia cosi
2026-08-03T11:58:27	Gambe e Glutei	Squat cavo basso.gif	Squat cavo basso.gif	c309f2e7e286f1c641ba2cc6c7accd31e044a56f44fa1260f1b0574811053f81	gia con quel nome	il file si chiama gia cosi
2026-08-03T11:58:27	Gambe e Glutei	Squat corpo libero.gif	Squat corpo libero.gif	9bf078772d3b4afde76826ec8dffc878544353af72b2660d59e7178cb9f1ca2b	gia con quel nome	il file si chiama gia cosi
2026-08-03T11:58:27	Gambe e Glutei	Squat cosacco.gif	Squat cosacco.gif	88356c85eadd2df87324b869fe3b02bcd2d454062f63181a77b7213c5d3dd893	gia con quel nome	il file si chiama gia cosi
2026-08-03T11:58:27	Gambe e Glutei	Squat elastico braccia alte.gif	Squat elastico braccia alte.gif	3927ec7c2413b5417cfe8e7c31dae52e83c35265d68e609a942d37c3a78cb82e	gia con quel nome	il file si chiama gia cosi
2026-08-03T11:58:27	Gambe e Glutei	Squat bilanciere frontale.gif	Squat bilanciere frontale.gif	e6605bcdad3f6579d265e0d2d0bb69efbb2ff7e6dc2067d954619c89f7413e6e	gia con quel nome	il file si chiama gia cosi
2026-08-03T11:58:27	Gambe e Glutei	Squat torsione ginocchio alto.gif	Squat torsione ginocchio alto.gif	8acd67cdd91098459064db42dcfdf5c94cd767526e667d05c14d08742a460739	gia con quel nome	il file si chiama gia cosi
2026-08-03T11:58:27	Gambe e Glutei	Squat goblet kettlebell banda.gif	Squat goblet kettlebell banda.gif	79aef9ca93ec5cac7ab66d2c5dbc7df03e8cc680af566f85cb2817601d7d924b	gia con quel nome	il file si chiama gia cosi
2026-08-03T11:58:27	Gambe e Glutei	Squat hack machine.gif	Squat hack machine.gif	70e04f664d37a10ef5d81db4aeeb3c115082c5e1104d179f241e190f8e72414a	gia con quel nome	il file si chiama gia cosi
2026-08-03T11:58:27	Gambe e Glutei	Squat inverso hack machine.gif	Squat inverso hack machine.gif	75328f32765c95024ca5c537ccd38b7c1bf80c77194d6624bb839445823c7d9f	gia con quel nome	il file si chiama gia cosi
2026-08-03T11:58:27	Gambe e Glutei	Squat manubri.gif	Squat manubri.gif	b80ed62ddecc7249d7a91862d1e697ad97b7bfe6acf7f1e22bd9bfe3c48c18de	gia con quel nome	il file si chiama gia cosi
2026-08-03T11:58:27	Gambe e Glutei	Squat multipower.gif	Squat multipower.gif	b1c24965c7c5217c4c3caac0d9211867485d960b81f407a4d22ef8f2bb274883	gia con quel nome	il file si chiama gia cosi
2026-08-03T11:58:27	Gambe e Glutei	Squat wall fitball.gif	Squat wall fitball.gif	6ba72710aed06cd82a34d53c5f6fe1e0f34aa80d70570a8403da04bc5e41a1cb	gia con quel nome	il file si chiama gia cosi
2026-08-03T11:58:27	Gambe e Glutei	Squat manubri seduto su panca.gif	Squat manubri seduto su panca.gif	b66a750d54c81cfbb67564ccb2685e720b21d203fde5deca84679b38d41c69e9	gia con quel nome	il file si chiama gia cosi
2026-08-03T11:58:27	Gambe e Glutei	Squat profondo bilanciere.gif	Squat profondo bilanciere.gif	44b6d5f224cb8e4cd6322fc73521f14461e1853d0851ffc153d36792e40069a2	gia con quel nome	il file si chiama gia cosi
2026-08-03T11:58:27	Gambe e Glutei	Squat sumo bilanciere frontale.gif	Squat sumo bilanciere frontale.gif	912e9c482a0418040a7a6c344b5424f8241fdf5a2054a81c886eef7edf481b85	gia con quel nome	il file si chiama gia cosi
2026-08-03T11:58:27	Gambe e Glutei	Squat sumo corpo libero braccia distese.gif	Squat sumo corpo libero braccia distese.gif	41ca83090ef0db41dac62df77a8519c30f8bba6b32095d86bba7b53ebbd74572	gia con quel nome	il file si chiama gia cosi
2026-08-03T11:58:27	Gambe e Glutei	Squat sumo corpo libero mani al petto.gif	Squat sumo corpo libero mani al petto.gif	7b98bdec1a4dd54ce9bc3958cd9fbaa48d88ebd583bf7cb5d000f7a3447e0352	gia con quel nome	il file si chiama gia cosi
2026-08-03T11:58:27	Gambe e Glutei	Squat sumo manubrio.gif	Squat sumo manubrio.gif	0c4ca1d84bdb7eef33e72bb580bcaebbf63b1b21c3d6878f547146811a6726db	gia con quel nome	il file si chiama gia cosi
2026-08-03T11:58:27	Gambe e Glutei	Squat wall ball palla medica.gif	Squat wall ball palla medica.gif	710f513cf7df6749f80653e9e87dc022f047eb426f0ea4bd5238d538877c3612	gia con quel nome	il file si chiama gia cosi
2026-08-03T11:58:27	Gambe e Glutei	Squat wall sit inclinazione alternata.gif	Squat wall sit inclinazione alternata.gif	1a35a3fe2f3b857ae0464ad22cd4958ba5ed49a185719a7d157ae4fcc99af38a	gia con quel nome	il file si chiama gia cosi
2026-08-03T11:58:27	Gambe e Glutei	Squat sumo bilanciere.gif	Squat sumo bilanciere.gif	d2bb04e1246596210448c7666bd6e48e1be9e4cebdeea4c0ff836153b5a1601f	gia con quel nome	il file si chiama gia cosi
2026-08-03T11:58:27	Gambe e Glutei	Squat wall sit.gif	Squat wall sit.gif	10a09fa7466577f5fbaac35659348e97b884d35b5d733c9eff700461e98f2c32	gia con quel nome	il file si chiama gia cosi
2026-08-03T11:58:27	Gambe e Glutei	Affondo profondo una gamba (Deep lunge single leg).gif	Affondo profondo una gamba.gif	cc8369de4b281ce25975e7c0352b3d93c5f9e4b566446faae052954d2302a0f7	rinominato	
2026-08-03T11:58:27	Gambe e Glutei	Squat bulgaro.gif	Squat bulgaro corpo libero.gif	28dd4732693d7d04fdafa88db627dd12e38dd0671a59b0dd3bf1e56ff835d599	rinominato	
2026-08-03T11:58:27	Gambe e Glutei	Squat bulgaro bilanciere.gif	Squat bulgaro bilanciere.gif	c81c93122bcf59ecbb71341cc109de14237ed54a66042cbf8897ec8d001e92f6	gia con quel nome	il file si chiama gia cosi
2026-08-03T11:58:27	Gambe e Glutei	Squat bulgaro manubri.gif	Squat bulgaro manubri.gif	f6fb56b663ccb97df557e9edee16b994b0dbd6231c7799317eb38ceaa100c986	gia con quel nome	il file si chiama gia cosi
2026-08-03T11:58:27	Gambe e Glutei	Squat hawaiano una gamba (Hawaiian squat single leg).gif	Squat hawaiano.gif	b5aca689631e5b840739ffb7e69968619d79feb2862c326b38d7d40d270409d3	rinominato	
2026-08-03T14:56:37	Gambe e Glutei	Squat barra elastico.gif	Squat barra elastico.gif	21ffc120fe95b3122340eab79aac151f123bc49082f7d2ef71b3e2687fcb0452	gia con quel nome	il file si chiama gia cosi
2026-08-03T14:56:37	Gambe e Glutei	Squat bilanciere.gif	Squat bilanciere.gif	7a0b33d7c67823493e97ca649ee2f9edd2ab6a5c05a4f48e3636440e68a0e749	gia con quel nome	il file si chiama gia cosi
2026-08-03T14:56:37	Gambe e Glutei	Squat bilanciere al rack.gif	Squat bilanciere al rack.gif	e5641ea4bf94dbcf5922d6dd5ddfac0cb8599c3f48b583d2b46109bf884e89fa	gia con quel nome	il file si chiama gia cosi
2026-08-03T14:56:37	Gambe e Glutei	Squat bilanciere landmine.gif	Squat bilanciere landmine.gif	210ccb4f95a26476675450fcc84c8c7646d68fc8fa97c8cfe6dc26cbcff3f14b	gia con quel nome	il file si chiama gia cosi
2026-08-03T14:56:37	Gambe e Glutei	Squat calcio laterale.gif	Squat calcio laterale.gif	8678172072528fb0150ffca39c5fd3c68d445cf20e8a4d9d75c0aaea9472f753	gia con quel nome	il file si chiama gia cosi
2026-08-03T14:56:37	Gambe e Glutei	Squat cavi bassi.gif	Squat cavi bassi.gif	312a834ecbd28e0dce80d2c2313590dae1c70e49e4791b0cbf55d2dbcef2772b	gia con quel nome	il file si chiama gia cosi
2026-08-03T14:56:37	Gambe e Glutei	Squat cavo basso.gif	Squat cavo basso.gif	c309f2e7e286f1c641ba2cc6c7accd31e044a56f44fa1260f1b0574811053f81	gia con quel nome	il file si chiama gia cosi
2026-08-03T14:56:37	Gambe e Glutei	Squat corpo libero.gif	Squat corpo libero.gif	9bf078772d3b4afde76826ec8dffc878544353af72b2660d59e7178cb9f1ca2b	gia con quel nome	il file si chiama gia cosi
2026-08-03T14:56:37	Gambe e Glutei	Squat cosacco.gif	Squat cosacco.gif	88356c85eadd2df87324b869fe3b02bcd2d454062f63181a77b7213c5d3dd893	gia con quel nome	il file si chiama gia cosi
2026-08-03T14:56:37	Gambe e Glutei	Squat elastico braccia alte.gif	Squat elastico braccia alte.gif	3927ec7c2413b5417cfe8e7c31dae52e83c35265d68e609a942d37c3a78cb82e	gia con quel nome	il file si chiama gia cosi
2026-08-03T14:56:37	Gambe e Glutei	Squat bilanciere frontale.gif	Squat bilanciere frontale.gif	e6605bcdad3f6579d265e0d2d0bb69efbb2ff7e6dc2067d954619c89f7413e6e	gia con quel nome	il file si chiama gia cosi
2026-08-03T14:56:37	Gambe e Glutei	Squat torsione ginocchio alto.gif	Squat torsione ginocchio alto.gif	8acd67cdd91098459064db42dcfdf5c94cd767526e667d05c14d08742a460739	gia con quel nome	il file si chiama gia cosi
2026-08-03T14:56:37	Gambe e Glutei	Squat goblet kettlebell banda.gif	Squat goblet kettlebell banda.gif	79aef9ca93ec5cac7ab66d2c5dbc7df03e8cc680af566f85cb2817601d7d924b	gia con quel nome	il file si chiama gia cosi
2026-08-03T14:56:37	Gambe e Glutei	Squat hack machine.gif	Squat hack machine.gif	70e04f664d37a10ef5d81db4aeeb3c115082c5e1104d179f241e190f8e72414a	gia con quel nome	il file si chiama gia cosi
2026-08-03T14:56:37	Gambe e Glutei	Squat inverso hack machine.gif	Squat inverso hack machine.gif	75328f32765c95024ca5c537ccd38b7c1bf80c77194d6624bb839445823c7d9f	gia con quel nome	il file si chiama gia cosi
2026-08-03T14:56:37	Gambe e Glutei	Squat manubri.gif	Squat manubri.gif	b80ed62ddecc7249d7a91862d1e697ad97b7bfe6acf7f1e22bd9bfe3c48c18de	gia con quel nome	il file si chiama gia cosi
2026-08-03T14:56:37	Gambe e Glutei	Squat multipower.gif	Squat multipower.gif	b1c24965c7c5217c4c3caac0d9211867485d960b81f407a4d22ef8f2bb274883	gia con quel nome	il file si chiama gia cosi
2026-08-03T14:56:37	Gambe e Glutei	Squat wall fitball.gif	Squat wall fitball.gif	6ba72710aed06cd82a34d53c5f6fe1e0f34aa80d70570a8403da04bc5e41a1cb	gia con quel nome	il file si chiama gia cosi
2026-08-03T14:56:37	Gambe e Glutei	Squat manubri seduto su panca.gif	Squat manubri seduto su panca.gif	b66a750d54c81cfbb67564ccb2685e720b21d203fde5deca84679b38d41c69e9	gia con quel nome	il file si chiama gia cosi
2026-08-03T14:56:37	Gambe e Glutei	Squat profondo bilanciere.gif	Squat profondo bilanciere.gif	44b6d5f224cb8e4cd6322fc73521f14461e1853d0851ffc153d36792e40069a2	gia con quel nome	il file si chiama gia cosi
2026-08-03T14:56:37	Gambe e Glutei	Squat sumo bilanciere frontale.gif	Squat sumo bilanciere frontale.gif	912e9c482a0418040a7a6c344b5424f8241fdf5a2054a81c886eef7edf481b85	gia con quel nome	il file si chiama gia cosi
2026-08-03T14:56:37	Gambe e Glutei	Squat sumo corpo libero braccia distese.gif	Squat sumo corpo libero braccia distese.gif	41ca83090ef0db41dac62df77a8519c30f8bba6b32095d86bba7b53ebbd74572	gia con quel nome	il file si chiama gia cosi
2026-08-03T14:56:37	Gambe e Glutei	Squat sumo corpo libero mani al petto.gif	Squat sumo corpo libero mani al petto.gif	7b98bdec1a4dd54ce9bc3958cd9fbaa48d88ebd583bf7cb5d000f7a3447e0352	gia con quel nome	il file si chiama gia cosi
2026-08-03T14:56:37	Gambe e Glutei	Squat sumo manubrio.gif	Squat sumo manubrio.gif	0c4ca1d84bdb7eef33e72bb580bcaebbf63b1b21c3d6878f547146811a6726db	gia con quel nome	il file si chiama gia cosi
2026-08-03T14:56:37	Gambe e Glutei	Squat wall ball palla medica.gif	Squat wall ball palla medica.gif	710f513cf7df6749f80653e9e87dc022f047eb426f0ea4bd5238d538877c3612	gia con quel nome	il file si chiama gia cosi
2026-08-03T14:56:37	Gambe e Glutei	Squat wall sit inclinazione alternata.gif	Squat wall sit inclinazione alternata.gif	1a35a3fe2f3b857ae0464ad22cd4958ba5ed49a185719a7d157ae4fcc99af38a	gia con quel nome	il file si chiama gia cosi
2026-08-03T14:56:37	Gambe e Glutei	Squat sumo bilanciere.gif	Squat sumo bilanciere.gif	d2bb04e1246596210448c7666bd6e48e1be9e4cebdeea4c0ff836153b5a1601f	gia con quel nome	il file si chiama gia cosi
2026-08-03T14:56:37	Gambe e Glutei	Squat wall sit.gif	Squat wall sit.gif	10a09fa7466577f5fbaac35659348e97b884d35b5d733c9eff700461e98f2c32	gia con quel nome	il file si chiama gia cosi
2026-08-03T14:56:37	Gambe e Glutei	Affondo profondo una gamba.gif	Affondo profondo una gamba.gif	cc8369de4b281ce25975e7c0352b3d93c5f9e4b566446faae052954d2302a0f7	gia con quel nome	il file si chiama gia cosi
2026-08-03T14:56:37	Gambe e Glutei	Squat bulgaro corpo libero.gif	Squat bulgaro corpo libero.gif	28dd4732693d7d04fdafa88db627dd12e38dd0671a59b0dd3bf1e56ff835d599	gia con quel nome	il file si chiama gia cosi
2026-08-03T14:56:37	Gambe e Glutei	Squat bulgaro bilanciere.gif	Squat bulgaro bilanciere.gif	c81c93122bcf59ecbb71341cc109de14237ed54a66042cbf8897ec8d001e92f6	gia con quel nome	il file si chiama gia cosi
2026-08-03T14:56:37	Gambe e Glutei	Squat bulgaro manubri.gif	Squat bulgaro manubri.gif	f6fb56b663ccb97df557e9edee16b994b0dbd6231c7799317eb38ceaa100c986	gia con quel nome	il file si chiama gia cosi
2026-08-03T14:56:37	Gambe e Glutei	Squat hawaiano.gif	Squat hawaiano.gif	b5aca689631e5b840739ffb7e69968619d79feb2862c326b38d7d40d270409d3	gia con quel nome	il file si chiama gia cosi
2026-08-03T14:56:37	Gambe e Glutei	Squat pistol assistito una gamba (Assisted pistol squat single leg).gif	Pistol squat assistito.gif	bd19e6f7b7e7b534929070ef5d8dc1f45f5ba640c9d4d12a0be221b168d8bd77	rinominato	
2026-08-03T14:56:37	Gambe e Glutei	Squat Pistol box.gif	Pistol squat su box.gif	96f55e295049a643332324a8fbe7f8049b54dd3fbb121c464018916b10ec04a4	rinominato	
2026-08-03T14:56:37	Gambe e Glutei	Squat pistol corpo libero (Bodyweight pistol squat).gif	Pistol squat corpo libero.gif	50b260f35c0ba8381efd54be486dcd493865ab435aae3a729d3e842e2f651d48	rinominato	
2026-08-03T14:56:37	Gambe e Glutei	Squat pistol kettlebell una gamba (Kettlebell pistol squat single leg).gif	Pistol squat kettlebell.gif	3ad266121a01ba6158276d205b0c72e5658a149338eef7c60a1c879b9e8c7498	rinominato	
2026-08-03T14:56:37	Gambe e Glutei	Squat pistol manubrio (Dumbbell pistol squat).gif	Pistol squat manubrio stesso lato.gif	0b1097d802adf22ee5016caf33fb456adb8d559b878aeb5b904501e076bc8927	rinominato	
2026-08-03T14:56:37	Gambe e Glutei	Squat pistol su box una gamba (Box pistol squat single leg).gif	Pistol squat al box.gif	1b6f327823bf4b87890331d300797096106ca2e08898c2b9d386bb0da0e66e1b	rinominato	
2026-08-03T14:56:37	Gambe e Glutei	Squat pistol TRX una gamba (TRX pistol squat single leg).gif	Pistol squat TRX.gif	344459a989277a53f986e05887fb3bbf6dfb9198ae8aabbe4f2bb9b23dc7e600	rinominato	
2026-08-03T14:56:37	Gambe e Glutei	Squat shrimp una gamba (Shrimp squat single leg).gif	Squat shrimp.gif	981f0611e0ccdc4721e3bc23cc97451a5f686ac5cfd0c99856ab0e39a506f720	rinominato	
2026-08-03T14:56:37	Gambe e Glutei	Squat sissy in ginocchio (Kneeling sissy squat).gif	Squat sissy in ginocchio.gif	b87dc9f6e10a093ead1bffc880dc5692773e84f8080083724e5d1f0e0f4d2bad	rinominato	
2026-08-03T14:56:37	Gambe e Glutei	Squat skater una gamba (Skater squat single leg).gif	Squat skater una gamba.gif	5a35a64bbf4b16af9b99e4b249219cfd028c9b8855b7270be1072ecb0de4dfbc	rinominato	
2026-08-03T14:56:37	Gambe e Glutei	Squat su step (Step squat).gif	Squat su step.gif	a3529953dec275883fd6986dc4f7d02bd4e2238da73ba51173a4cb265f924cd8	rinominato	
2026-08-03T14:58:28	Gambe e Glutei	Squat barra elastico.gif	Squat barra elastico.gif	21ffc120fe95b3122340eab79aac151f123bc49082f7d2ef71b3e2687fcb0452	gia con quel nome	il file si chiama gia cosi
2026-08-03T14:58:28	Gambe e Glutei	Squat bilanciere.gif	Squat bilanciere.gif	7a0b33d7c67823493e97ca649ee2f9edd2ab6a5c05a4f48e3636440e68a0e749	gia con quel nome	il file si chiama gia cosi
2026-08-03T14:58:28	Gambe e Glutei	Squat bilanciere al rack.gif	Squat bilanciere al rack.gif	e5641ea4bf94dbcf5922d6dd5ddfac0cb8599c3f48b583d2b46109bf884e89fa	gia con quel nome	il file si chiama gia cosi
2026-08-03T14:58:28	Gambe e Glutei	Squat bilanciere landmine.gif	Squat bilanciere landmine.gif	210ccb4f95a26476675450fcc84c8c7646d68fc8fa97c8cfe6dc26cbcff3f14b	gia con quel nome	il file si chiama gia cosi
2026-08-03T14:58:28	Gambe e Glutei	Squat calcio laterale.gif	Squat calcio laterale.gif	8678172072528fb0150ffca39c5fd3c68d445cf20e8a4d9d75c0aaea9472f753	gia con quel nome	il file si chiama gia cosi
2026-08-03T14:58:28	Gambe e Glutei	Squat cavi bassi.gif	Squat cavi bassi.gif	312a834ecbd28e0dce80d2c2313590dae1c70e49e4791b0cbf55d2dbcef2772b	gia con quel nome	il file si chiama gia cosi
2026-08-03T14:58:28	Gambe e Glutei	Squat cavo basso.gif	Squat cavo basso.gif	c309f2e7e286f1c641ba2cc6c7accd31e044a56f44fa1260f1b0574811053f81	gia con quel nome	il file si chiama gia cosi
2026-08-03T14:58:28	Gambe e Glutei	Squat corpo libero.gif	Squat corpo libero.gif	9bf078772d3b4afde76826ec8dffc878544353af72b2660d59e7178cb9f1ca2b	gia con quel nome	il file si chiama gia cosi
2026-08-03T14:58:28	Gambe e Glutei	Squat cosacco.gif	Squat cosacco.gif	88356c85eadd2df87324b869fe3b02bcd2d454062f63181a77b7213c5d3dd893	gia con quel nome	il file si chiama gia cosi
2026-08-03T14:58:28	Gambe e Glutei	Squat elastico braccia alte.gif	Squat elastico braccia alte.gif	3927ec7c2413b5417cfe8e7c31dae52e83c35265d68e609a942d37c3a78cb82e	gia con quel nome	il file si chiama gia cosi
2026-08-03T14:58:28	Gambe e Glutei	Squat bilanciere frontale.gif	Squat bilanciere frontale.gif	e6605bcdad3f6579d265e0d2d0bb69efbb2ff7e6dc2067d954619c89f7413e6e	gia con quel nome	il file si chiama gia cosi
2026-08-03T14:58:28	Gambe e Glutei	Squat torsione ginocchio alto.gif	Squat torsione ginocchio alto.gif	8acd67cdd91098459064db42dcfdf5c94cd767526e667d05c14d08742a460739	gia con quel nome	il file si chiama gia cosi
2026-08-03T14:58:28	Gambe e Glutei	Squat goblet kettlebell banda.gif	Squat goblet kettlebell banda.gif	79aef9ca93ec5cac7ab66d2c5dbc7df03e8cc680af566f85cb2817601d7d924b	gia con quel nome	il file si chiama gia cosi
2026-08-03T14:58:28	Gambe e Glutei	Squat hack machine.gif	Squat hack machine.gif	70e04f664d37a10ef5d81db4aeeb3c115082c5e1104d179f241e190f8e72414a	gia con quel nome	il file si chiama gia cosi
2026-08-03T14:58:28	Gambe e Glutei	Squat inverso hack machine.gif	Squat inverso hack machine.gif	75328f32765c95024ca5c537ccd38b7c1bf80c77194d6624bb839445823c7d9f	gia con quel nome	il file si chiama gia cosi
2026-08-03T14:58:28	Gambe e Glutei	Squat manubri.gif	Squat manubri.gif	b80ed62ddecc7249d7a91862d1e697ad97b7bfe6acf7f1e22bd9bfe3c48c18de	gia con quel nome	il file si chiama gia cosi
2026-08-03T14:58:28	Gambe e Glutei	Squat multipower.gif	Squat multipower.gif	b1c24965c7c5217c4c3caac0d9211867485d960b81f407a4d22ef8f2bb274883	gia con quel nome	il file si chiama gia cosi
2026-08-03T14:58:28	Gambe e Glutei	Squat wall fitball.gif	Squat wall fitball.gif	6ba72710aed06cd82a34d53c5f6fe1e0f34aa80d70570a8403da04bc5e41a1cb	gia con quel nome	il file si chiama gia cosi
2026-08-03T14:58:28	Gambe e Glutei	Squat manubri seduto su panca.gif	Squat manubri seduto su panca.gif	b66a750d54c81cfbb67564ccb2685e720b21d203fde5deca84679b38d41c69e9	gia con quel nome	il file si chiama gia cosi
2026-08-03T14:58:28	Gambe e Glutei	Squat profondo bilanciere.gif	Squat profondo bilanciere.gif	44b6d5f224cb8e4cd6322fc73521f14461e1853d0851ffc153d36792e40069a2	gia con quel nome	il file si chiama gia cosi
2026-08-03T14:58:28	Gambe e Glutei	Squat sumo bilanciere frontale.gif	Squat sumo bilanciere frontale.gif	912e9c482a0418040a7a6c344b5424f8241fdf5a2054a81c886eef7edf481b85	gia con quel nome	il file si chiama gia cosi
2026-08-03T14:58:28	Gambe e Glutei	Squat sumo corpo libero braccia distese.gif	Squat sumo corpo libero braccia distese.gif	41ca83090ef0db41dac62df77a8519c30f8bba6b32095d86bba7b53ebbd74572	gia con quel nome	il file si chiama gia cosi
2026-08-03T14:58:28	Gambe e Glutei	Squat sumo corpo libero mani al petto.gif	Squat sumo corpo libero mani al petto.gif	7b98bdec1a4dd54ce9bc3958cd9fbaa48d88ebd583bf7cb5d000f7a3447e0352	gia con quel nome	il file si chiama gia cosi
2026-08-03T14:58:28	Gambe e Glutei	Squat sumo manubrio.gif	Squat sumo manubrio.gif	0c4ca1d84bdb7eef33e72bb580bcaebbf63b1b21c3d6878f547146811a6726db	gia con quel nome	il file si chiama gia cosi
2026-08-03T14:58:28	Gambe e Glutei	Squat wall ball palla medica.gif	Squat wall ball palla medica.gif	710f513cf7df6749f80653e9e87dc022f047eb426f0ea4bd5238d538877c3612	gia con quel nome	il file si chiama gia cosi
2026-08-03T14:58:28	Gambe e Glutei	Squat wall sit inclinazione alternata.gif	Squat wall sit inclinazione alternata.gif	1a35a3fe2f3b857ae0464ad22cd4958ba5ed49a185719a7d157ae4fcc99af38a	gia con quel nome	il file si chiama gia cosi
2026-08-03T14:58:28	Gambe e Glutei	Squat sumo bilanciere.gif	Squat sumo bilanciere.gif	d2bb04e1246596210448c7666bd6e48e1be9e4cebdeea4c0ff836153b5a1601f	gia con quel nome	il file si chiama gia cosi
2026-08-03T14:58:28	Gambe e Glutei	Squat wall sit.gif	Squat wall sit.gif	10a09fa7466577f5fbaac35659348e97b884d35b5d733c9eff700461e98f2c32	gia con quel nome	il file si chiama gia cosi
2026-08-03T14:58:28	Gambe e Glutei	Affondo profondo una gamba.gif	Affondo profondo una gamba.gif	cc8369de4b281ce25975e7c0352b3d93c5f9e4b566446faae052954d2302a0f7	gia con quel nome	il file si chiama gia cosi
2026-08-03T14:58:28	Gambe e Glutei	Squat bulgaro corpo libero.gif	Squat bulgaro corpo libero.gif	28dd4732693d7d04fdafa88db627dd12e38dd0671a59b0dd3bf1e56ff835d599	gia con quel nome	il file si chiama gia cosi
2026-08-03T14:58:28	Gambe e Glutei	Squat bulgaro bilanciere.gif	Squat bulgaro bilanciere.gif	c81c93122bcf59ecbb71341cc109de14237ed54a66042cbf8897ec8d001e92f6	gia con quel nome	il file si chiama gia cosi
2026-08-03T14:58:28	Gambe e Glutei	Squat bulgaro manubri.gif	Squat bulgaro manubri.gif	f6fb56b663ccb97df557e9edee16b994b0dbd6231c7799317eb38ceaa100c986	gia con quel nome	il file si chiama gia cosi
2026-08-03T14:58:28	Gambe e Glutei	Squat hawaiano.gif	Squat hawaiano.gif	b5aca689631e5b840739ffb7e69968619d79feb2862c326b38d7d40d270409d3	gia con quel nome	il file si chiama gia cosi
2026-08-03T14:58:28	Gambe e Glutei	Pistol squat assistito.gif	Pistol squat assistito.gif	bd19e6f7b7e7b534929070ef5d8dc1f45f5ba640c9d4d12a0be221b168d8bd77	gia con quel nome	il file si chiama gia cosi
2026-08-03T14:58:28	Gambe e Glutei	Pistol squat su box.gif	Pistol squat su box.gif	96f55e295049a643332324a8fbe7f8049b54dd3fbb121c464018916b10ec04a4	gia con quel nome	il file si chiama gia cosi
2026-08-03T14:58:28	Gambe e Glutei	Pistol squat corpo libero.gif	Pistol squat corpo libero.gif	50b260f35c0ba8381efd54be486dcd493865ab435aae3a729d3e842e2f651d48	gia con quel nome	il file si chiama gia cosi
2026-08-03T14:58:28	Gambe e Glutei	Pistol squat kettlebell.gif	Pistol squat kettlebell.gif	3ad266121a01ba6158276d205b0c72e5658a149338eef7c60a1c879b9e8c7498	gia con quel nome	il file si chiama gia cosi
2026-08-03T14:58:28	Gambe e Glutei	Pistol squat manubrio stesso lato.gif	Pistol squat manubrio stesso lato.gif	0b1097d802adf22ee5016caf33fb456adb8d559b878aeb5b904501e076bc8927	gia con quel nome	il file si chiama gia cosi
2026-08-03T14:58:28	Gambe e Glutei	Pistol squat al box.gif	Pistol squat seduto su box.gif	1b6f327823bf4b87890331d300797096106ca2e08898c2b9d386bb0da0e66e1b	rinominato	
2026-08-03T14:58:28	Gambe e Glutei	Pistol squat TRX.gif	Pistol squat TRX.gif	344459a989277a53f986e05887fb3bbf6dfb9198ae8aabbe4f2bb9b23dc7e600	gia con quel nome	il file si chiama gia cosi
2026-08-03T14:58:28	Gambe e Glutei	Squat shrimp.gif	Squat shrimp.gif	981f0611e0ccdc4721e3bc23cc97451a5f686ac5cfd0c99856ab0e39a506f720	gia con quel nome	il file si chiama gia cosi
2026-08-03T14:58:28	Gambe e Glutei	Squat sissy in ginocchio.gif	Squat sissy in ginocchio.gif	b87dc9f6e10a093ead1bffc880dc5692773e84f8080083724e5d1f0e0f4d2bad	gia con quel nome	il file si chiama gia cosi
2026-08-03T14:58:28	Gambe e Glutei	Squat skater una gamba.gif	Squat skater una gamba.gif	5a35a64bbf4b16af9b99e4b249219cfd028c9b8855b7270be1072ecb0de4dfbc	gia con quel nome	il file si chiama gia cosi
2026-08-03T14:58:28	Gambe e Glutei	Squat su step.gif	Squat seduto su step.gif	a3529953dec275883fd6986dc4f7d02bd4e2238da73ba51173a4cb265f924cd8	rinominato	
2026-08-03T15:24:47	Gambe e Glutei	Squat barra elastico.gif	Squat barra elastico.gif	21ffc120fe95b3122340eab79aac151f123bc49082f7d2ef71b3e2687fcb0452	gia con quel nome	il file si chiama gia cosi
2026-08-03T15:24:47	Gambe e Glutei	Squat bilanciere.gif	Squat bilanciere.gif	7a0b33d7c67823493e97ca649ee2f9edd2ab6a5c05a4f48e3636440e68a0e749	gia con quel nome	il file si chiama gia cosi
2026-08-03T15:24:47	Gambe e Glutei	Squat bilanciere al rack.gif	Squat bilanciere al rack.gif	e5641ea4bf94dbcf5922d6dd5ddfac0cb8599c3f48b583d2b46109bf884e89fa	gia con quel nome	il file si chiama gia cosi
2026-08-03T15:24:47	Gambe e Glutei	Squat bilanciere landmine.gif	Squat bilanciere landmine.gif	210ccb4f95a26476675450fcc84c8c7646d68fc8fa97c8cfe6dc26cbcff3f14b	gia con quel nome	il file si chiama gia cosi
2026-08-03T15:24:47	Gambe e Glutei	Squat calcio laterale.gif	Squat calcio laterale.gif	8678172072528fb0150ffca39c5fd3c68d445cf20e8a4d9d75c0aaea9472f753	gia con quel nome	il file si chiama gia cosi
2026-08-03T15:24:47	Gambe e Glutei	Squat cavi bassi.gif	Squat cavi bassi.gif	312a834ecbd28e0dce80d2c2313590dae1c70e49e4791b0cbf55d2dbcef2772b	gia con quel nome	il file si chiama gia cosi
2026-08-03T15:24:47	Gambe e Glutei	Squat cavo basso.gif	Squat cavo basso.gif	c309f2e7e286f1c641ba2cc6c7accd31e044a56f44fa1260f1b0574811053f81	gia con quel nome	il file si chiama gia cosi
2026-08-03T15:24:47	Gambe e Glutei	Squat corpo libero.gif	Squat corpo libero.gif	9bf078772d3b4afde76826ec8dffc878544353af72b2660d59e7178cb9f1ca2b	gia con quel nome	il file si chiama gia cosi
2026-08-03T15:24:47	Gambe e Glutei	Squat cosacco.gif	Squat cosacco.gif	88356c85eadd2df87324b869fe3b02bcd2d454062f63181a77b7213c5d3dd893	gia con quel nome	il file si chiama gia cosi
2026-08-03T15:24:47	Gambe e Glutei	Squat elastico braccia alte.gif	Squat elastico braccia alte.gif	3927ec7c2413b5417cfe8e7c31dae52e83c35265d68e609a942d37c3a78cb82e	gia con quel nome	il file si chiama gia cosi
2026-08-03T15:24:47	Gambe e Glutei	Squat bilanciere frontale.gif	Squat bilanciere frontale.gif	e6605bcdad3f6579d265e0d2d0bb69efbb2ff7e6dc2067d954619c89f7413e6e	gia con quel nome	il file si chiama gia cosi
2026-08-03T15:24:47	Gambe e Glutei	Squat torsione ginocchio alto.gif	Squat torsione ginocchio alto.gif	8acd67cdd91098459064db42dcfdf5c94cd767526e667d05c14d08742a460739	gia con quel nome	il file si chiama gia cosi
2026-08-03T15:24:47	Gambe e Glutei	Squat goblet kettlebell banda.gif	Squat goblet kettlebell banda.gif	79aef9ca93ec5cac7ab66d2c5dbc7df03e8cc680af566f85cb2817601d7d924b	gia con quel nome	il file si chiama gia cosi
2026-08-03T15:24:47	Gambe e Glutei	Squat hack machine.gif	Squat hack machine.gif	70e04f664d37a10ef5d81db4aeeb3c115082c5e1104d179f241e190f8e72414a	gia con quel nome	il file si chiama gia cosi
2026-08-03T15:24:47	Gambe e Glutei	Squat inverso hack machine.gif	Squat inverso hack machine.gif	75328f32765c95024ca5c537ccd38b7c1bf80c77194d6624bb839445823c7d9f	gia con quel nome	il file si chiama gia cosi
2026-08-03T15:24:47	Gambe e Glutei	Squat manubri.gif	Squat manubri.gif	b80ed62ddecc7249d7a91862d1e697ad97b7bfe6acf7f1e22bd9bfe3c48c18de	gia con quel nome	il file si chiama gia cosi
2026-08-03T15:24:47	Gambe e Glutei	Squat multipower.gif	Squat multipower.gif	b1c24965c7c5217c4c3caac0d9211867485d960b81f407a4d22ef8f2bb274883	gia con quel nome	il file si chiama gia cosi
2026-08-03T15:24:47	Gambe e Glutei	Squat wall fitball.gif	Squat wall fitball.gif	6ba72710aed06cd82a34d53c5f6fe1e0f34aa80d70570a8403da04bc5e41a1cb	gia con quel nome	il file si chiama gia cosi
2026-08-03T15:24:47	Gambe e Glutei	Squat manubri seduto su panca.gif	Squat manubri seduto su panca.gif	b66a750d54c81cfbb67564ccb2685e720b21d203fde5deca84679b38d41c69e9	gia con quel nome	il file si chiama gia cosi
2026-08-03T15:24:47	Gambe e Glutei	Squat profondo bilanciere.gif	Squat profondo bilanciere.gif	44b6d5f224cb8e4cd6322fc73521f14461e1853d0851ffc153d36792e40069a2	gia con quel nome	il file si chiama gia cosi
2026-08-03T15:24:47	Gambe e Glutei	Squat sumo bilanciere frontale.gif	Squat sumo bilanciere frontale.gif	912e9c482a0418040a7a6c344b5424f8241fdf5a2054a81c886eef7edf481b85	gia con quel nome	il file si chiama gia cosi
2026-08-03T15:24:47	Gambe e Glutei	Squat sumo corpo libero braccia distese.gif	Squat sumo corpo libero braccia distese.gif	41ca83090ef0db41dac62df77a8519c30f8bba6b32095d86bba7b53ebbd74572	gia con quel nome	il file si chiama gia cosi
2026-08-03T15:24:47	Gambe e Glutei	Squat sumo corpo libero mani al petto.gif	Squat sumo corpo libero mani al petto.gif	7b98bdec1a4dd54ce9bc3958cd9fbaa48d88ebd583bf7cb5d000f7a3447e0352	gia con quel nome	il file si chiama gia cosi
2026-08-03T15:24:47	Gambe e Glutei	Squat sumo manubrio.gif	Squat sumo manubrio.gif	0c4ca1d84bdb7eef33e72bb580bcaebbf63b1b21c3d6878f547146811a6726db	gia con quel nome	il file si chiama gia cosi
2026-08-03T15:24:47	Gambe e Glutei	Squat wall ball palla medica.gif	Squat wall ball palla medica.gif	710f513cf7df6749f80653e9e87dc022f047eb426f0ea4bd5238d538877c3612	gia con quel nome	il file si chiama gia cosi
2026-08-03T15:24:47	Gambe e Glutei	Squat wall sit inclinazione alternata.gif	Squat wall sit inclinazione alternata.gif	1a35a3fe2f3b857ae0464ad22cd4958ba5ed49a185719a7d157ae4fcc99af38a	gia con quel nome	il file si chiama gia cosi
2026-08-03T15:24:47	Gambe e Glutei	Squat sumo bilanciere.gif	Squat sumo bilanciere.gif	d2bb04e1246596210448c7666bd6e48e1be9e4cebdeea4c0ff836153b5a1601f	gia con quel nome	il file si chiama gia cosi
2026-08-03T15:24:47	Gambe e Glutei	Squat wall sit.gif	Squat wall sit.gif	10a09fa7466577f5fbaac35659348e97b884d35b5d733c9eff700461e98f2c32	gia con quel nome	il file si chiama gia cosi
2026-08-03T15:24:47	Gambe e Glutei	Affondo profondo una gamba.gif	Affondo profondo una gamba.gif	cc8369de4b281ce25975e7c0352b3d93c5f9e4b566446faae052954d2302a0f7	gia con quel nome	il file si chiama gia cosi
2026-08-03T15:24:47	Gambe e Glutei	Squat bulgaro corpo libero.gif	Squat bulgaro corpo libero.gif	28dd4732693d7d04fdafa88db627dd12e38dd0671a59b0dd3bf1e56ff835d599	gia con quel nome	il file si chiama gia cosi
2026-08-03T15:24:47	Gambe e Glutei	Squat bulgaro bilanciere.gif	Squat bulgaro bilanciere.gif	c81c93122bcf59ecbb71341cc109de14237ed54a66042cbf8897ec8d001e92f6	gia con quel nome	il file si chiama gia cosi
2026-08-03T15:24:47	Gambe e Glutei	Squat bulgaro manubri.gif	Squat bulgaro manubri.gif	f6fb56b663ccb97df557e9edee16b994b0dbd6231c7799317eb38ceaa100c986	gia con quel nome	il file si chiama gia cosi
2026-08-03T15:24:47	Gambe e Glutei	Squat hawaiano.gif	Squat hawaiano.gif	b5aca689631e5b840739ffb7e69968619d79feb2862c326b38d7d40d270409d3	gia con quel nome	il file si chiama gia cosi
2026-08-03T15:24:47	Gambe e Glutei	Pistol squat assistito.gif	Pistol squat assistito.gif	bd19e6f7b7e7b534929070ef5d8dc1f45f5ba640c9d4d12a0be221b168d8bd77	gia con quel nome	il file si chiama gia cosi
2026-08-03T15:24:47	Gambe e Glutei	Pistol squat su box.gif	Pistol squat su box.gif	96f55e295049a643332324a8fbe7f8049b54dd3fbb121c464018916b10ec04a4	gia con quel nome	il file si chiama gia cosi
2026-08-03T15:24:47	Gambe e Glutei	Pistol squat corpo libero.gif	Pistol squat corpo libero.gif	50b260f35c0ba8381efd54be486dcd493865ab435aae3a729d3e842e2f651d48	gia con quel nome	il file si chiama gia cosi
2026-08-03T15:24:47	Gambe e Glutei	Pistol squat kettlebell.gif	Pistol squat kettlebell.gif	3ad266121a01ba6158276d205b0c72e5658a149338eef7c60a1c879b9e8c7498	gia con quel nome	il file si chiama gia cosi
2026-08-03T15:24:47	Gambe e Glutei	Pistol squat manubrio stesso lato.gif	Pistol squat manubrio stesso lato.gif	0b1097d802adf22ee5016caf33fb456adb8d559b878aeb5b904501e076bc8927	gia con quel nome	il file si chiama gia cosi
2026-08-03T15:24:47	Gambe e Glutei	Pistol squat seduto su box.gif	Pistol squat seduto su box.gif	1b6f327823bf4b87890331d300797096106ca2e08898c2b9d386bb0da0e66e1b	gia con quel nome	il file si chiama gia cosi
2026-08-03T15:24:47	Gambe e Glutei	Pistol squat TRX.gif	Pistol squat TRX.gif	344459a989277a53f986e05887fb3bbf6dfb9198ae8aabbe4f2bb9b23dc7e600	gia con quel nome	il file si chiama gia cosi
2026-08-03T15:24:47	Gambe e Glutei	Squat shrimp.gif	Squat shrimp.gif	981f0611e0ccdc4721e3bc23cc97451a5f686ac5cfd0c99856ab0e39a506f720	gia con quel nome	il file si chiama gia cosi
2026-08-03T15:24:47	Gambe e Glutei	Squat sissy in ginocchio.gif	Squat sissy in ginocchio.gif	b87dc9f6e10a093ead1bffc880dc5692773e84f8080083724e5d1f0e0f4d2bad	gia con quel nome	il file si chiama gia cosi
2026-08-03T15:24:47	Gambe e Glutei	Squat skater una gamba.gif	Squat skater una gamba.gif	5a35a64bbf4b16af9b99e4b249219cfd028c9b8855b7270be1072ecb0de4dfbc	gia con quel nome	il file si chiama gia cosi
2026-08-03T15:24:47	Gambe e Glutei	Squat seduto su step.gif	Squat seduto su step.gif	a3529953dec275883fd6986dc4f7d02bd4e2238da73ba51173a4cb265f924cd8	gia con quel nome	il file si chiama gia cosi
2026-08-03T15:24:47	Gambe e Glutei	Affondi inversi knee drive.gif	Affondo inverso con knee drive.gif	e564fed566cf957a976ad9bb00cecc71a7f06b23a769143f5cd6aead904a133a	rinominato	
2026-08-03T15:24:47	Gambe e Glutei	Affondo unilaterale sul posto a corpo libero.gif	Affondo corpo libero sul posto.gif	c200128141d1be1956108ec277f6cf44565152f36682f23bf3df7eb8f9777001	niente da fare sul Mac	nessun file sul Mac: si rinomina in migrazione
2026-08-03T15:24:47	Gambe e Glutei	Affondo avanti alternato.gif	Affondo avanti alternato.gif	e7c875251c94a43e7a7606b6e062338cb68dfd5680461ff0af4eab1a6aa55ea9	gia con quel nome	il file si chiama gia cosi
2026-08-03T15:24:47	Gambe e Glutei	Affondo avanti bilanciere (Alternating barbell forward lunge).gif	Affondo avanti bilanciere.gif	393e4a459e72ac14a2dc6e53e59d299a9a5c3f00b321d97608f9dc17908c8db1	rinominato	
2026-08-03T15:24:47	Gambe e Glutei	Affondo avanti manubri (Alternating dumbbell forward lunge).gif	Affondo avanti manubri.gif	a5a7bc30add78a15ff98521e7fe825e7487260112012aa20a0b1d55616319727	rinominato	
2026-08-03T15:24:47	Gambe e Glutei	Affondo avanti parziale manubri (Partial alternating dumbbell forward lunge).gif	Affondo avanti parziale manubri.gif	2485ad2e6b5c4f8b0471310205d595745df64b5149803f82d7c08d8c4e4fa9ff	rinominato	
2026-08-03T15:24:47	Gambe e Glutei	Affondo barra elastico in piedi.gif	Affondo barra elastico sul posto.gif	9abf8554bc761785893d83381662e9cdbe0a9e13292bdbad114c0fb8476dbc78	rinominato	
2026-08-03T15:24:47	Gambe e Glutei	Affondo bilanciere (Stationary barbell lunge).gif	Affondo bilanciere sul posto.gif	1520562ea588eec8b3724f02472a050f41e66d0a382088a9b75e263693066683	rinominato	
2026-08-03T15:24:47	Gambe e Glutei	Affondo Bosu knee drive.gif	Affondo inverso Bosu con knee drive.gif	c52787af2dd05b77d22a5c0d902f75ccc7f6b5bd28c7796fb5be3fd2bfd41068	rinominato	
2026-08-03T15:24:47	Gambe e Glutei	Affondo camminato knee drive.gif	Affondo camminato con knee drive.gif	071992bf16eccc3305771c9f9a6075b3a83c63f2bf3fba3ea7b58d0c2dd190ba	rinominato	
2026-08-03T15:32:32	Gambe e Glutei	Squat barra elastico.gif	Squat barra elastico.gif	21ffc120fe95b3122340eab79aac151f123bc49082f7d2ef71b3e2687fcb0452	gia con quel nome	il file si chiama gia cosi
2026-08-03T15:32:32	Gambe e Glutei	Squat bilanciere.gif	Squat bilanciere.gif	7a0b33d7c67823493e97ca649ee2f9edd2ab6a5c05a4f48e3636440e68a0e749	gia con quel nome	il file si chiama gia cosi
2026-08-03T15:32:32	Gambe e Glutei	Squat bilanciere al rack.gif	Squat bilanciere al rack.gif	e5641ea4bf94dbcf5922d6dd5ddfac0cb8599c3f48b583d2b46109bf884e89fa	gia con quel nome	il file si chiama gia cosi
2026-08-03T15:32:32	Gambe e Glutei	Squat bilanciere landmine.gif	Squat bilanciere landmine.gif	210ccb4f95a26476675450fcc84c8c7646d68fc8fa97c8cfe6dc26cbcff3f14b	gia con quel nome	il file si chiama gia cosi
2026-08-03T15:32:32	Gambe e Glutei	Squat calcio laterale.gif	Squat calcio laterale.gif	8678172072528fb0150ffca39c5fd3c68d445cf20e8a4d9d75c0aaea9472f753	gia con quel nome	il file si chiama gia cosi
2026-08-03T15:32:32	Gambe e Glutei	Squat cavi bassi.gif	Squat cavi bassi.gif	312a834ecbd28e0dce80d2c2313590dae1c70e49e4791b0cbf55d2dbcef2772b	gia con quel nome	il file si chiama gia cosi
2026-08-03T15:32:32	Gambe e Glutei	Squat cavo basso.gif	Squat cavo basso.gif	c309f2e7e286f1c641ba2cc6c7accd31e044a56f44fa1260f1b0574811053f81	gia con quel nome	il file si chiama gia cosi
2026-08-03T15:32:32	Gambe e Glutei	Squat corpo libero.gif	Squat corpo libero.gif	9bf078772d3b4afde76826ec8dffc878544353af72b2660d59e7178cb9f1ca2b	gia con quel nome	il file si chiama gia cosi
2026-08-03T15:32:32	Gambe e Glutei	Squat cosacco.gif	Squat cosacco.gif	88356c85eadd2df87324b869fe3b02bcd2d454062f63181a77b7213c5d3dd893	gia con quel nome	il file si chiama gia cosi
2026-08-03T15:32:32	Gambe e Glutei	Squat elastico braccia alte.gif	Squat elastico braccia alte.gif	3927ec7c2413b5417cfe8e7c31dae52e83c35265d68e609a942d37c3a78cb82e	gia con quel nome	il file si chiama gia cosi
2026-08-03T15:32:32	Gambe e Glutei	Squat bilanciere frontale.gif	Squat bilanciere frontale.gif	e6605bcdad3f6579d265e0d2d0bb69efbb2ff7e6dc2067d954619c89f7413e6e	gia con quel nome	il file si chiama gia cosi
2026-08-03T15:32:32	Gambe e Glutei	Squat torsione ginocchio alto.gif	Squat torsione ginocchio alto.gif	8acd67cdd91098459064db42dcfdf5c94cd767526e667d05c14d08742a460739	gia con quel nome	il file si chiama gia cosi
2026-08-03T15:32:32	Gambe e Glutei	Squat goblet kettlebell banda.gif	Squat goblet kettlebell banda.gif	79aef9ca93ec5cac7ab66d2c5dbc7df03e8cc680af566f85cb2817601d7d924b	gia con quel nome	il file si chiama gia cosi
2026-08-03T15:32:32	Gambe e Glutei	Squat hack machine.gif	Squat hack machine.gif	70e04f664d37a10ef5d81db4aeeb3c115082c5e1104d179f241e190f8e72414a	gia con quel nome	il file si chiama gia cosi
2026-08-03T15:32:32	Gambe e Glutei	Squat inverso hack machine.gif	Squat inverso hack machine.gif	75328f32765c95024ca5c537ccd38b7c1bf80c77194d6624bb839445823c7d9f	gia con quel nome	il file si chiama gia cosi
2026-08-03T15:32:32	Gambe e Glutei	Squat manubri.gif	Squat manubri.gif	b80ed62ddecc7249d7a91862d1e697ad97b7bfe6acf7f1e22bd9bfe3c48c18de	gia con quel nome	il file si chiama gia cosi
2026-08-03T15:32:32	Gambe e Glutei	Squat multipower.gif	Squat multipower.gif	b1c24965c7c5217c4c3caac0d9211867485d960b81f407a4d22ef8f2bb274883	gia con quel nome	il file si chiama gia cosi
2026-08-03T15:32:32	Gambe e Glutei	Squat wall fitball.gif	Squat wall fitball.gif	6ba72710aed06cd82a34d53c5f6fe1e0f34aa80d70570a8403da04bc5e41a1cb	gia con quel nome	il file si chiama gia cosi
2026-08-03T15:32:32	Gambe e Glutei	Squat manubri seduto su panca.gif	Squat manubri seduto su panca.gif	b66a750d54c81cfbb67564ccb2685e720b21d203fde5deca84679b38d41c69e9	gia con quel nome	il file si chiama gia cosi
2026-08-03T15:32:32	Gambe e Glutei	Squat profondo bilanciere.gif	Squat profondo bilanciere.gif	44b6d5f224cb8e4cd6322fc73521f14461e1853d0851ffc153d36792e40069a2	gia con quel nome	il file si chiama gia cosi
2026-08-03T15:32:32	Gambe e Glutei	Squat sumo bilanciere frontale.gif	Squat sumo bilanciere frontale.gif	912e9c482a0418040a7a6c344b5424f8241fdf5a2054a81c886eef7edf481b85	gia con quel nome	il file si chiama gia cosi
2026-08-03T15:32:32	Gambe e Glutei	Squat sumo corpo libero braccia distese.gif	Squat sumo corpo libero braccia distese.gif	41ca83090ef0db41dac62df77a8519c30f8bba6b32095d86bba7b53ebbd74572	gia con quel nome	il file si chiama gia cosi
2026-08-03T15:32:32	Gambe e Glutei	Squat sumo corpo libero mani al petto.gif	Squat sumo corpo libero mani al petto.gif	7b98bdec1a4dd54ce9bc3958cd9fbaa48d88ebd583bf7cb5d000f7a3447e0352	gia con quel nome	il file si chiama gia cosi
2026-08-03T15:32:32	Gambe e Glutei	Squat sumo manubrio.gif	Squat sumo manubrio.gif	0c4ca1d84bdb7eef33e72bb580bcaebbf63b1b21c3d6878f547146811a6726db	gia con quel nome	il file si chiama gia cosi
2026-08-03T15:32:32	Gambe e Glutei	Squat wall ball palla medica.gif	Squat wall ball palla medica.gif	710f513cf7df6749f80653e9e87dc022f047eb426f0ea4bd5238d538877c3612	gia con quel nome	il file si chiama gia cosi
2026-08-03T15:32:32	Gambe e Glutei	Squat wall sit inclinazione alternata.gif	Squat wall sit inclinazione alternata.gif	1a35a3fe2f3b857ae0464ad22cd4958ba5ed49a185719a7d157ae4fcc99af38a	gia con quel nome	il file si chiama gia cosi
2026-08-03T15:32:32	Gambe e Glutei	Squat sumo bilanciere.gif	Squat sumo bilanciere.gif	d2bb04e1246596210448c7666bd6e48e1be9e4cebdeea4c0ff836153b5a1601f	gia con quel nome	il file si chiama gia cosi
2026-08-03T15:32:32	Gambe e Glutei	Squat wall sit.gif	Squat wall sit.gif	10a09fa7466577f5fbaac35659348e97b884d35b5d733c9eff700461e98f2c32	gia con quel nome	il file si chiama gia cosi
2026-08-03T15:32:32	Gambe e Glutei	Affondo profondo una gamba.gif	Affondo profondo una gamba.gif	cc8369de4b281ce25975e7c0352b3d93c5f9e4b566446faae052954d2302a0f7	gia con quel nome	il file si chiama gia cosi
2026-08-03T15:32:32	Gambe e Glutei	Squat bulgaro corpo libero.gif	Squat bulgaro corpo libero.gif	28dd4732693d7d04fdafa88db627dd12e38dd0671a59b0dd3bf1e56ff835d599	gia con quel nome	il file si chiama gia cosi
2026-08-03T15:32:32	Gambe e Glutei	Squat bulgaro bilanciere.gif	Squat bulgaro bilanciere.gif	c81c93122bcf59ecbb71341cc109de14237ed54a66042cbf8897ec8d001e92f6	gia con quel nome	il file si chiama gia cosi
2026-08-03T15:32:32	Gambe e Glutei	Squat bulgaro manubri.gif	Squat bulgaro manubri.gif	f6fb56b663ccb97df557e9edee16b994b0dbd6231c7799317eb38ceaa100c986	gia con quel nome	il file si chiama gia cosi
2026-08-03T15:32:32	Gambe e Glutei	Squat hawaiano.gif	Squat hawaiano.gif	b5aca689631e5b840739ffb7e69968619d79feb2862c326b38d7d40d270409d3	gia con quel nome	il file si chiama gia cosi
2026-08-03T15:32:32	Gambe e Glutei	Pistol squat assistito.gif	Pistol squat assistito.gif	bd19e6f7b7e7b534929070ef5d8dc1f45f5ba640c9d4d12a0be221b168d8bd77	gia con quel nome	il file si chiama gia cosi
2026-08-03T15:32:32	Gambe e Glutei	Pistol squat su box.gif	Pistol squat su box.gif	96f55e295049a643332324a8fbe7f8049b54dd3fbb121c464018916b10ec04a4	gia con quel nome	il file si chiama gia cosi
2026-08-03T15:32:32	Gambe e Glutei	Pistol squat corpo libero.gif	Pistol squat corpo libero.gif	50b260f35c0ba8381efd54be486dcd493865ab435aae3a729d3e842e2f651d48	gia con quel nome	il file si chiama gia cosi
2026-08-03T15:32:32	Gambe e Glutei	Pistol squat kettlebell.gif	Pistol squat kettlebell.gif	3ad266121a01ba6158276d205b0c72e5658a149338eef7c60a1c879b9e8c7498	gia con quel nome	il file si chiama gia cosi
2026-08-03T15:32:32	Gambe e Glutei	Pistol squat manubrio stesso lato.gif	Pistol squat manubrio stesso lato.gif	0b1097d802adf22ee5016caf33fb456adb8d559b878aeb5b904501e076bc8927	gia con quel nome	il file si chiama gia cosi
2026-08-03T15:32:32	Gambe e Glutei	Pistol squat seduto su box.gif	Pistol squat seduto su box.gif	1b6f327823bf4b87890331d300797096106ca2e08898c2b9d386bb0da0e66e1b	gia con quel nome	il file si chiama gia cosi
2026-08-03T15:32:32	Gambe e Glutei	Pistol squat TRX.gif	Pistol squat TRX.gif	344459a989277a53f986e05887fb3bbf6dfb9198ae8aabbe4f2bb9b23dc7e600	gia con quel nome	il file si chiama gia cosi
2026-08-03T15:32:32	Gambe e Glutei	Squat shrimp.gif	Squat shrimp.gif	981f0611e0ccdc4721e3bc23cc97451a5f686ac5cfd0c99856ab0e39a506f720	gia con quel nome	il file si chiama gia cosi
2026-08-03T15:32:32	Gambe e Glutei	Squat sissy in ginocchio.gif	Squat sissy in ginocchio.gif	b87dc9f6e10a093ead1bffc880dc5692773e84f8080083724e5d1f0e0f4d2bad	gia con quel nome	il file si chiama gia cosi
2026-08-03T15:32:32	Gambe e Glutei	Squat skater una gamba.gif	Squat skater una gamba.gif	5a35a64bbf4b16af9b99e4b249219cfd028c9b8855b7270be1072ecb0de4dfbc	gia con quel nome	il file si chiama gia cosi
2026-08-03T15:32:32	Gambe e Glutei	Squat seduto su step.gif	Squat seduto su step.gif	a3529953dec275883fd6986dc4f7d02bd4e2238da73ba51173a4cb265f924cd8	gia con quel nome	il file si chiama gia cosi
2026-08-03T15:32:32	Gambe e Glutei	Affondo inverso con knee drive.gif	Affondo inverso con knee drive.gif	e564fed566cf957a976ad9bb00cecc71a7f06b23a769143f5cd6aead904a133a	gia con quel nome	il file si chiama gia cosi
2026-08-03T15:32:32	Gambe e Glutei	Affondo unilaterale sul posto a corpo libero.gif	Affondo corpo libero sul posto.gif	c200128141d1be1956108ec277f6cf44565152f36682f23bf3df7eb8f9777001	niente da fare sul Mac	nessun file sul Mac: si rinomina in migrazione
2026-08-03T15:32:32	Gambe e Glutei	Affondo avanti alternato.gif	Affondo avanti alternato.gif	e7c875251c94a43e7a7606b6e062338cb68dfd5680461ff0af4eab1a6aa55ea9	gia con quel nome	il file si chiama gia cosi
2026-08-03T15:32:32	Gambe e Glutei	Affondo avanti bilanciere.gif	Affondo avanti bilanciere.gif	393e4a459e72ac14a2dc6e53e59d299a9a5c3f00b321d97608f9dc17908c8db1	gia con quel nome	il file si chiama gia cosi
2026-08-03T15:32:32	Gambe e Glutei	Affondo avanti manubri.gif	Affondo avanti manubri.gif	a5a7bc30add78a15ff98521e7fe825e7487260112012aa20a0b1d55616319727	gia con quel nome	il file si chiama gia cosi
2026-08-03T15:32:32	Gambe e Glutei	Affondo avanti parziale manubri.gif	Affondo avanti parziale manubri.gif	2485ad2e6b5c4f8b0471310205d595745df64b5149803f82d7c08d8c4e4fa9ff	gia con quel nome	il file si chiama gia cosi
2026-08-03T15:32:32	Gambe e Glutei	Affondo barra elastico sul posto.gif	Affondo barra elastico sul posto.gif	9abf8554bc761785893d83381662e9cdbe0a9e13292bdbad114c0fb8476dbc78	gia con quel nome	il file si chiama gia cosi
2026-08-03T15:32:32	Gambe e Glutei	Affondo bilanciere sul posto.gif	Affondo bilanciere sul posto.gif	1520562ea588eec8b3724f02472a050f41e66d0a382088a9b75e263693066683	gia con quel nome	il file si chiama gia cosi
2026-08-03T15:32:32	Gambe e Glutei	Affondo inverso Bosu con knee drive.gif	Affondo inverso Bosu con knee drive.gif	c52787af2dd05b77d22a5c0d902f75ccc7f6b5bd28c7796fb5be3fd2bfd41068	gia con quel nome	il file si chiama gia cosi
2026-08-03T15:32:32	Gambe e Glutei	Affondo camminato con knee drive.gif	Affondo camminato con knee drive.gif	071992bf16eccc3305771c9f9a6075b3a83c63f2bf3fba3ea7b58d0c2dd190ba	gia con quel nome	il file si chiama gia cosi
2026-08-03T15:32:32	Gambe e Glutei	Affondo corpo libero (Stationary bodyweight lunge).gif	Affondo sul posto.gif	fc602a542d5afa607b994b5fa8248e884b8ab84e2f4d314c921139993d7bb549	rinominato	
2026-08-03T15:32:32	Gambe e Glutei	Affondo incrociato indietro bilanciere (Alternating barbell curtsy lunge).gif	Affondo incrociato indietro bilanciere.gif	7c6ff54f4d3c56e11f2547b6b7a6921a4aca4f2d99269542044277dbaed7ab59	rinominato	
2026-08-03T15:32:32	Gambe e Glutei	Affondo indietro bilanciere (Alternating barbell reverse lunge).gif	Affondo indietro bilanciere.gif	a4412c5fab9e3f1739c023afb1a9899340f309a93fae84e5c000115a71ba19ef	rinominato	
2026-08-03T15:32:32	Gambe e Glutei	Affondo indietro manubri (Alternating dumbbell reverse lunge).gif	Affondo indietro manubri.gif	b72a1e6cf4fdd01f8f30e6769e039678bbf9e724796db8938743d78a33fcb476	rinominato	
2026-08-03T15:32:32	Gambe e Glutei	Affondo laterale.gif	Affondo laterale alternato.gif	42049265076674d662e70b46efeb83bbad46796f76f3172acbaa0e35d4844b8c	rinominato	
2026-08-03T15:32:32	Gambe e Glutei	Affondo laterale bilanciere (Alternating barbell side lunge).gif	Affondo laterale bilanciere.gif	ad56ceacdee2e6d493bd4a6378b297009dea86742d417086294bea4a7c8069ba	rinominato	
2026-08-03T15:32:32	Gambe e Glutei	Affondo laterale manubri (Alternating dumbbell side lunge).gif	Affondo laterale manubri.gif	185313ac198178da31cc1b443263df6a1281eab8961222b7a863fb80e1d913b2	rinominato	
2026-08-03T15:32:32	Gambe e Glutei	Affondo multipower (Stationary smith machine lunge).gif	Affondo multipower.gif	6f6e56838a6afb79d88b3434cabbbec04c1a75c95822473607fa0bbef183f2d6	rinominato	
2026-08-03T15:32:32	Gambe e Glutei	Affondo Split maniglie elastico.gif	Affondo maniglie elastico sul posto.gif	7d11efd0eaef29bc0a76539aa48caa720e2f5df4a03e4c099d693ac70b719972	rinominato	
2026-08-03T15:32:32	Gambe e Glutei	Camminata manubri (Dumbbell farmer's walk).gif	Camminata manubri.gif	f952f75c65cc562af2eeac5b6c96c0d884dd1ec2a016dc48bc62e79a697f64a8	rinominato	
2026-08-03T15:32:32	Gambe e Glutei	Squat camminato (Duck walk squat).gif	Camminata squat.gif	a4f01d1a040b20588d9f25a19976ff75bb38957d7a990422405d66b6d5f440ae	rinominato	
2026-08-03T15:37:21	Gambe e Glutei	Squat barra elastico.gif	Squat barra elastico.gif	21ffc120fe95b3122340eab79aac151f123bc49082f7d2ef71b3e2687fcb0452	gia con quel nome	il file si chiama gia cosi
2026-08-03T15:37:21	Gambe e Glutei	Squat bilanciere.gif	Squat bilanciere.gif	7a0b33d7c67823493e97ca649ee2f9edd2ab6a5c05a4f48e3636440e68a0e749	gia con quel nome	il file si chiama gia cosi
2026-08-03T15:37:21	Gambe e Glutei	Squat bilanciere al rack.gif	Squat bilanciere al rack.gif	e5641ea4bf94dbcf5922d6dd5ddfac0cb8599c3f48b583d2b46109bf884e89fa	gia con quel nome	il file si chiama gia cosi
2026-08-03T15:37:21	Gambe e Glutei	Squat bilanciere landmine.gif	Squat bilanciere landmine.gif	210ccb4f95a26476675450fcc84c8c7646d68fc8fa97c8cfe6dc26cbcff3f14b	gia con quel nome	il file si chiama gia cosi
2026-08-03T15:37:21	Gambe e Glutei	Squat calcio laterale.gif	Squat calcio laterale.gif	8678172072528fb0150ffca39c5fd3c68d445cf20e8a4d9d75c0aaea9472f753	gia con quel nome	il file si chiama gia cosi
2026-08-03T15:37:21	Gambe e Glutei	Squat cavi bassi.gif	Squat cavi bassi.gif	312a834ecbd28e0dce80d2c2313590dae1c70e49e4791b0cbf55d2dbcef2772b	gia con quel nome	il file si chiama gia cosi
2026-08-03T15:37:21	Gambe e Glutei	Squat cavo basso.gif	Squat cavo basso.gif	c309f2e7e286f1c641ba2cc6c7accd31e044a56f44fa1260f1b0574811053f81	gia con quel nome	il file si chiama gia cosi
2026-08-03T15:37:21	Gambe e Glutei	Squat corpo libero.gif	Squat corpo libero.gif	9bf078772d3b4afde76826ec8dffc878544353af72b2660d59e7178cb9f1ca2b	gia con quel nome	il file si chiama gia cosi
2026-08-03T15:37:21	Gambe e Glutei	Squat cosacco.gif	Squat cosacco.gif	88356c85eadd2df87324b869fe3b02bcd2d454062f63181a77b7213c5d3dd893	gia con quel nome	il file si chiama gia cosi
2026-08-03T15:37:21	Gambe e Glutei	Squat elastico braccia alte.gif	Squat elastico braccia alte.gif	3927ec7c2413b5417cfe8e7c31dae52e83c35265d68e609a942d37c3a78cb82e	gia con quel nome	il file si chiama gia cosi
2026-08-03T15:37:21	Gambe e Glutei	Squat bilanciere frontale.gif	Squat bilanciere frontale.gif	e6605bcdad3f6579d265e0d2d0bb69efbb2ff7e6dc2067d954619c89f7413e6e	gia con quel nome	il file si chiama gia cosi
2026-08-03T15:37:21	Gambe e Glutei	Squat torsione ginocchio alto.gif	Squat torsione ginocchio alto.gif	8acd67cdd91098459064db42dcfdf5c94cd767526e667d05c14d08742a460739	gia con quel nome	il file si chiama gia cosi
2026-08-03T15:37:21	Gambe e Glutei	Squat goblet kettlebell banda.gif	Squat goblet kettlebell banda.gif	79aef9ca93ec5cac7ab66d2c5dbc7df03e8cc680af566f85cb2817601d7d924b	gia con quel nome	il file si chiama gia cosi
2026-08-03T15:37:21	Gambe e Glutei	Squat hack machine.gif	Squat hack machine.gif	70e04f664d37a10ef5d81db4aeeb3c115082c5e1104d179f241e190f8e72414a	gia con quel nome	il file si chiama gia cosi
2026-08-03T15:37:21	Gambe e Glutei	Squat inverso hack machine.gif	Squat inverso hack machine.gif	75328f32765c95024ca5c537ccd38b7c1bf80c77194d6624bb839445823c7d9f	gia con quel nome	il file si chiama gia cosi
2026-08-03T15:37:21	Gambe e Glutei	Squat manubri.gif	Squat manubri.gif	b80ed62ddecc7249d7a91862d1e697ad97b7bfe6acf7f1e22bd9bfe3c48c18de	gia con quel nome	il file si chiama gia cosi
2026-08-03T15:37:21	Gambe e Glutei	Squat multipower.gif	Squat multipower.gif	b1c24965c7c5217c4c3caac0d9211867485d960b81f407a4d22ef8f2bb274883	gia con quel nome	il file si chiama gia cosi
2026-08-03T15:37:21	Gambe e Glutei	Squat wall fitball.gif	Squat wall fitball.gif	6ba72710aed06cd82a34d53c5f6fe1e0f34aa80d70570a8403da04bc5e41a1cb	gia con quel nome	il file si chiama gia cosi
2026-08-03T15:37:21	Gambe e Glutei	Squat manubri seduto su panca.gif	Squat manubri seduto su panca.gif	b66a750d54c81cfbb67564ccb2685e720b21d203fde5deca84679b38d41c69e9	gia con quel nome	il file si chiama gia cosi
2026-08-03T15:37:21	Gambe e Glutei	Squat profondo bilanciere.gif	Squat profondo bilanciere.gif	44b6d5f224cb8e4cd6322fc73521f14461e1853d0851ffc153d36792e40069a2	gia con quel nome	il file si chiama gia cosi
2026-08-03T15:37:21	Gambe e Glutei	Squat sumo bilanciere frontale.gif	Squat sumo bilanciere frontale.gif	912e9c482a0418040a7a6c344b5424f8241fdf5a2054a81c886eef7edf481b85	gia con quel nome	il file si chiama gia cosi
2026-08-03T15:37:21	Gambe e Glutei	Squat sumo corpo libero braccia distese.gif	Squat sumo corpo libero braccia distese.gif	41ca83090ef0db41dac62df77a8519c30f8bba6b32095d86bba7b53ebbd74572	gia con quel nome	il file si chiama gia cosi
2026-08-03T15:37:21	Gambe e Glutei	Squat sumo corpo libero mani al petto.gif	Squat sumo corpo libero mani al petto.gif	7b98bdec1a4dd54ce9bc3958cd9fbaa48d88ebd583bf7cb5d000f7a3447e0352	gia con quel nome	il file si chiama gia cosi
2026-08-03T15:37:21	Gambe e Glutei	Squat sumo manubrio.gif	Squat sumo manubrio.gif	0c4ca1d84bdb7eef33e72bb580bcaebbf63b1b21c3d6878f547146811a6726db	gia con quel nome	il file si chiama gia cosi
2026-08-03T15:37:21	Gambe e Glutei	Squat wall ball palla medica.gif	Squat wall ball palla medica.gif	710f513cf7df6749f80653e9e87dc022f047eb426f0ea4bd5238d538877c3612	gia con quel nome	il file si chiama gia cosi
2026-08-03T15:37:21	Gambe e Glutei	Squat wall sit inclinazione alternata.gif	Squat wall sit inclinazione alternata.gif	1a35a3fe2f3b857ae0464ad22cd4958ba5ed49a185719a7d157ae4fcc99af38a	gia con quel nome	il file si chiama gia cosi
2026-08-03T15:37:21	Gambe e Glutei	Squat sumo bilanciere.gif	Squat sumo bilanciere.gif	d2bb04e1246596210448c7666bd6e48e1be9e4cebdeea4c0ff836153b5a1601f	gia con quel nome	il file si chiama gia cosi
2026-08-03T15:37:21	Gambe e Glutei	Squat wall sit.gif	Squat wall sit.gif	10a09fa7466577f5fbaac35659348e97b884d35b5d733c9eff700461e98f2c32	gia con quel nome	il file si chiama gia cosi
2026-08-03T15:37:21	Gambe e Glutei	Affondo profondo una gamba.gif	Affondo profondo una gamba.gif	cc8369de4b281ce25975e7c0352b3d93c5f9e4b566446faae052954d2302a0f7	gia con quel nome	il file si chiama gia cosi
2026-08-03T15:37:21	Gambe e Glutei	Squat bulgaro corpo libero.gif	Squat bulgaro corpo libero.gif	28dd4732693d7d04fdafa88db627dd12e38dd0671a59b0dd3bf1e56ff835d599	gia con quel nome	il file si chiama gia cosi
2026-08-03T15:37:21	Gambe e Glutei	Squat bulgaro bilanciere.gif	Squat bulgaro bilanciere.gif	c81c93122bcf59ecbb71341cc109de14237ed54a66042cbf8897ec8d001e92f6	gia con quel nome	il file si chiama gia cosi
2026-08-03T15:37:21	Gambe e Glutei	Squat bulgaro manubri.gif	Squat bulgaro manubri.gif	f6fb56b663ccb97df557e9edee16b994b0dbd6231c7799317eb38ceaa100c986	gia con quel nome	il file si chiama gia cosi
2026-08-03T15:37:21	Gambe e Glutei	Squat hawaiano.gif	Squat hawaiano.gif	b5aca689631e5b840739ffb7e69968619d79feb2862c326b38d7d40d270409d3	gia con quel nome	il file si chiama gia cosi
2026-08-03T15:37:21	Gambe e Glutei	Pistol squat assistito.gif	Pistol squat assistito.gif	bd19e6f7b7e7b534929070ef5d8dc1f45f5ba640c9d4d12a0be221b168d8bd77	gia con quel nome	il file si chiama gia cosi
2026-08-03T15:37:21	Gambe e Glutei	Pistol squat su box.gif	Pistol squat su box.gif	96f55e295049a643332324a8fbe7f8049b54dd3fbb121c464018916b10ec04a4	gia con quel nome	il file si chiama gia cosi
2026-08-03T15:37:21	Gambe e Glutei	Pistol squat corpo libero.gif	Pistol squat corpo libero.gif	50b260f35c0ba8381efd54be486dcd493865ab435aae3a729d3e842e2f651d48	gia con quel nome	il file si chiama gia cosi
2026-08-03T15:37:21	Gambe e Glutei	Pistol squat kettlebell.gif	Pistol squat kettlebell.gif	3ad266121a01ba6158276d205b0c72e5658a149338eef7c60a1c879b9e8c7498	gia con quel nome	il file si chiama gia cosi
2026-08-03T15:37:21	Gambe e Glutei	Pistol squat manubrio stesso lato.gif	Pistol squat manubrio stesso lato.gif	0b1097d802adf22ee5016caf33fb456adb8d559b878aeb5b904501e076bc8927	gia con quel nome	il file si chiama gia cosi
2026-08-03T15:37:21	Gambe e Glutei	Pistol squat seduto su box.gif	Pistol squat seduto su box.gif	1b6f327823bf4b87890331d300797096106ca2e08898c2b9d386bb0da0e66e1b	gia con quel nome	il file si chiama gia cosi
2026-08-03T15:37:21	Gambe e Glutei	Pistol squat TRX.gif	Pistol squat TRX.gif	344459a989277a53f986e05887fb3bbf6dfb9198ae8aabbe4f2bb9b23dc7e600	gia con quel nome	il file si chiama gia cosi
2026-08-03T15:37:21	Gambe e Glutei	Squat shrimp.gif	Squat shrimp.gif	981f0611e0ccdc4721e3bc23cc97451a5f686ac5cfd0c99856ab0e39a506f720	gia con quel nome	il file si chiama gia cosi
2026-08-03T15:37:21	Gambe e Glutei	Squat sissy in ginocchio.gif	Squat sissy in ginocchio.gif	b87dc9f6e10a093ead1bffc880dc5692773e84f8080083724e5d1f0e0f4d2bad	gia con quel nome	il file si chiama gia cosi
2026-08-03T15:37:21	Gambe e Glutei	Squat skater una gamba.gif	Squat skater una gamba.gif	5a35a64bbf4b16af9b99e4b249219cfd028c9b8855b7270be1072ecb0de4dfbc	gia con quel nome	il file si chiama gia cosi
2026-08-03T15:37:21	Gambe e Glutei	Squat seduto su step.gif	Squat seduto su step.gif	a3529953dec275883fd6986dc4f7d02bd4e2238da73ba51173a4cb265f924cd8	gia con quel nome	il file si chiama gia cosi
2026-08-03T15:37:21	Gambe e Glutei	Affondo inverso con knee drive.gif	Affondo inverso con knee drive.gif	e564fed566cf957a976ad9bb00cecc71a7f06b23a769143f5cd6aead904a133a	gia con quel nome	il file si chiama gia cosi
2026-08-03T15:37:21	Gambe e Glutei	Affondo unilaterale sul posto a corpo libero.gif	Affondo corpo libero sul posto.gif	c200128141d1be1956108ec277f6cf44565152f36682f23bf3df7eb8f9777001	niente da fare sul Mac	nessun file sul Mac: si rinomina in migrazione
2026-08-03T15:37:21	Gambe e Glutei	Affondo avanti alternato.gif	Affondo avanti alternato.gif	e7c875251c94a43e7a7606b6e062338cb68dfd5680461ff0af4eab1a6aa55ea9	gia con quel nome	il file si chiama gia cosi
2026-08-03T15:37:21	Gambe e Glutei	Affondo avanti bilanciere.gif	Affondo avanti bilanciere.gif	393e4a459e72ac14a2dc6e53e59d299a9a5c3f00b321d97608f9dc17908c8db1	gia con quel nome	il file si chiama gia cosi
2026-08-03T15:37:21	Gambe e Glutei	Affondo avanti manubri.gif	Affondo avanti manubri.gif	a5a7bc30add78a15ff98521e7fe825e7487260112012aa20a0b1d55616319727	gia con quel nome	il file si chiama gia cosi
2026-08-03T15:37:21	Gambe e Glutei	Affondo avanti parziale manubri.gif	Affondo avanti parziale manubri.gif	2485ad2e6b5c4f8b0471310205d595745df64b5149803f82d7c08d8c4e4fa9ff	gia con quel nome	il file si chiama gia cosi
2026-08-03T15:37:21	Gambe e Glutei	Affondo barra elastico sul posto.gif	Affondo barra elastico sul posto.gif	9abf8554bc761785893d83381662e9cdbe0a9e13292bdbad114c0fb8476dbc78	gia con quel nome	il file si chiama gia cosi
2026-08-03T15:37:21	Gambe e Glutei	Affondo bilanciere sul posto.gif	Affondo bilanciere sul posto.gif	1520562ea588eec8b3724f02472a050f41e66d0a382088a9b75e263693066683	gia con quel nome	il file si chiama gia cosi
2026-08-03T15:37:21	Gambe e Glutei	Affondo inverso Bosu con knee drive.gif	Affondo inverso Bosu con knee drive.gif	c52787af2dd05b77d22a5c0d902f75ccc7f6b5bd28c7796fb5be3fd2bfd41068	gia con quel nome	il file si chiama gia cosi
2026-08-03T15:37:21	Gambe e Glutei	Affondo camminato con knee drive.gif	Affondo camminato con knee drive.gif	071992bf16eccc3305771c9f9a6075b3a83c63f2bf3fba3ea7b58d0c2dd190ba	gia con quel nome	il file si chiama gia cosi
2026-08-03T15:37:21	Gambe e Glutei	Affondo sul posto.gif	Affondo sul posto.gif	fc602a542d5afa607b994b5fa8248e884b8ab84e2f4d314c921139993d7bb549	gia con quel nome	il file si chiama gia cosi
2026-08-03T15:37:21	Gambe e Glutei	Affondo incrociato indietro bilanciere.gif	Affondo incrociato indietro bilanciere.gif	7c6ff54f4d3c56e11f2547b6b7a6921a4aca4f2d99269542044277dbaed7ab59	gia con quel nome	il file si chiama gia cosi
2026-08-03T15:37:21	Gambe e Glutei	Affondo indietro bilanciere.gif	Affondo indietro bilanciere.gif	a4412c5fab9e3f1739c023afb1a9899340f309a93fae84e5c000115a71ba19ef	gia con quel nome	il file si chiama gia cosi
2026-08-03T15:37:21	Gambe e Glutei	Affondo indietro manubri.gif	Affondo indietro manubri.gif	b72a1e6cf4fdd01f8f30e6769e039678bbf9e724796db8938743d78a33fcb476	gia con quel nome	il file si chiama gia cosi
2026-08-03T15:37:21	Gambe e Glutei	Affondo laterale alternato.gif	Affondo laterale alternato.gif	42049265076674d662e70b46efeb83bbad46796f76f3172acbaa0e35d4844b8c	gia con quel nome	il file si chiama gia cosi
2026-08-03T15:37:21	Gambe e Glutei	Affondo laterale bilanciere.gif	Affondo laterale bilanciere.gif	ad56ceacdee2e6d493bd4a6378b297009dea86742d417086294bea4a7c8069ba	gia con quel nome	il file si chiama gia cosi
2026-08-03T15:37:21	Gambe e Glutei	Affondo laterale manubri.gif	Affondo laterale manubri.gif	185313ac198178da31cc1b443263df6a1281eab8961222b7a863fb80e1d913b2	gia con quel nome	il file si chiama gia cosi
2026-08-03T15:37:21	Gambe e Glutei	Affondo multipower.gif	Affondo multipower.gif	6f6e56838a6afb79d88b3434cabbbec04c1a75c95822473607fa0bbef183f2d6	gia con quel nome	il file si chiama gia cosi
2026-08-03T15:37:21	Gambe e Glutei	Affondo maniglie elastico sul posto.gif	Affondo maniglie elastico sul posto.gif	7d11efd0eaef29bc0a76539aa48caa720e2f5df4a03e4c099d693ac70b719972	gia con quel nome	il file si chiama gia cosi
2026-08-03T15:37:21	Gambe e Glutei	Camminata manubri.gif	Camminata manubri.gif	f952f75c65cc562af2eeac5b6c96c0d884dd1ec2a016dc48bc62e79a697f64a8	gia con quel nome	il file si chiama gia cosi
2026-08-03T15:37:21	Gambe e Glutei	Camminata squat.gif	Camminata squat.gif	a4f01d1a040b20588d9f25a19976ff75bb38957d7a990422405d66b6d5f440ae	gia con quel nome	il file si chiama gia cosi
2026-08-03T15:37:21	Gambe e Glutei	Leg extension macchina entrambe le gambe (Seated machine leg extension).gif	Leg extension macchina entrambe le gambe.gif	3b91cf1047fa467e7f6bf84d3e4856b3a4ef39771265e8dda96e34c17a089a65	rinominato	
2026-08-03T15:37:21	Gambe e Glutei	Leg extension macchina una gamba (Seated machine unilateral leg extension).gif	Leg extension macchina una gamba.gif	4509a38a5ec155ea9d5d407985f264210f3c4f61f278d7f2975f36ebd38c0ba6	rinominato	
2026-08-03T15:37:21	Gambe e Glutei	Leg press 45° entrambe le gambe (45-degree machine leg press).gif	Leg press 45 gradi entrambe le gambe.gif	8df5f83c669593ebe552cef07e968c55215addc14e0ff8a45f2c57000a4c227d	rinominato	
2026-08-03T15:37:21	Gambe e Glutei	Leg press 45° una gamba (45-degree machine unilateral leg press).gif	Leg press 45 gradi una gamba.gif	bbf585e7b1d26c3ff68786c36f2905c0567fa68daf8eb99d665676c17fd7726e	rinominato	
2026-08-03T15:37:21	Gambe e Glutei	Leg press alternato barra elastico piedi supino.gif	Leg press alternato barra elastico supino.gif	20162d5031162702b4b9dac80e9296b8584b342ed6d1103e97a932582c764b85	rinominato	
2026-08-03T15:37:21	Gambe e Glutei	Leg press orizzontale macchina (Seated machine horizontal leg press).gif	Leg press orizzontale macchina.gif	e1ac12ec44657dcff545989874baa8eaba1f3b39741279f976a03121c40ba390	rinominato	
2026-08-03T15:38:06	Gambe e Glutei	Squat barra elastico.gif	Squat barra elastico.gif	21ffc120fe95b3122340eab79aac151f123bc49082f7d2ef71b3e2687fcb0452	gia con quel nome	il file si chiama gia cosi
2026-08-03T15:38:06	Gambe e Glutei	Squat bilanciere.gif	Squat bilanciere.gif	7a0b33d7c67823493e97ca649ee2f9edd2ab6a5c05a4f48e3636440e68a0e749	gia con quel nome	il file si chiama gia cosi
2026-08-03T15:38:06	Gambe e Glutei	Squat bilanciere al rack.gif	Squat bilanciere al rack.gif	e5641ea4bf94dbcf5922d6dd5ddfac0cb8599c3f48b583d2b46109bf884e89fa	gia con quel nome	il file si chiama gia cosi
2026-08-03T15:38:06	Gambe e Glutei	Squat bilanciere landmine.gif	Squat bilanciere landmine.gif	210ccb4f95a26476675450fcc84c8c7646d68fc8fa97c8cfe6dc26cbcff3f14b	gia con quel nome	il file si chiama gia cosi
2026-08-03T15:38:06	Gambe e Glutei	Squat calcio laterale.gif	Squat calcio laterale.gif	8678172072528fb0150ffca39c5fd3c68d445cf20e8a4d9d75c0aaea9472f753	gia con quel nome	il file si chiama gia cosi
2026-08-03T15:38:06	Gambe e Glutei	Squat cavi bassi.gif	Squat cavi bassi.gif	312a834ecbd28e0dce80d2c2313590dae1c70e49e4791b0cbf55d2dbcef2772b	gia con quel nome	il file si chiama gia cosi
2026-08-03T15:38:06	Gambe e Glutei	Squat cavo basso.gif	Squat cavo basso.gif	c309f2e7e286f1c641ba2cc6c7accd31e044a56f44fa1260f1b0574811053f81	gia con quel nome	il file si chiama gia cosi
2026-08-03T15:38:06	Gambe e Glutei	Squat corpo libero.gif	Squat corpo libero.gif	9bf078772d3b4afde76826ec8dffc878544353af72b2660d59e7178cb9f1ca2b	gia con quel nome	il file si chiama gia cosi
2026-08-03T15:38:06	Gambe e Glutei	Squat cosacco.gif	Squat cosacco.gif	88356c85eadd2df87324b869fe3b02bcd2d454062f63181a77b7213c5d3dd893	gia con quel nome	il file si chiama gia cosi
2026-08-03T15:38:06	Gambe e Glutei	Squat elastico braccia alte.gif	Squat elastico braccia alte.gif	3927ec7c2413b5417cfe8e7c31dae52e83c35265d68e609a942d37c3a78cb82e	gia con quel nome	il file si chiama gia cosi
2026-08-03T15:38:06	Gambe e Glutei	Squat bilanciere frontale.gif	Squat bilanciere frontale.gif	e6605bcdad3f6579d265e0d2d0bb69efbb2ff7e6dc2067d954619c89f7413e6e	gia con quel nome	il file si chiama gia cosi
2026-08-03T15:38:06	Gambe e Glutei	Squat torsione ginocchio alto.gif	Squat torsione ginocchio alto.gif	8acd67cdd91098459064db42dcfdf5c94cd767526e667d05c14d08742a460739	gia con quel nome	il file si chiama gia cosi
2026-08-03T15:38:06	Gambe e Glutei	Squat goblet kettlebell banda.gif	Squat goblet kettlebell banda.gif	79aef9ca93ec5cac7ab66d2c5dbc7df03e8cc680af566f85cb2817601d7d924b	gia con quel nome	il file si chiama gia cosi
2026-08-03T15:38:06	Gambe e Glutei	Squat hack machine.gif	Squat hack machine.gif	70e04f664d37a10ef5d81db4aeeb3c115082c5e1104d179f241e190f8e72414a	gia con quel nome	il file si chiama gia cosi
2026-08-03T15:38:06	Gambe e Glutei	Squat inverso hack machine.gif	Squat inverso hack machine.gif	75328f32765c95024ca5c537ccd38b7c1bf80c77194d6624bb839445823c7d9f	gia con quel nome	il file si chiama gia cosi
2026-08-03T15:38:06	Gambe e Glutei	Squat manubri.gif	Squat manubri.gif	b80ed62ddecc7249d7a91862d1e697ad97b7bfe6acf7f1e22bd9bfe3c48c18de	gia con quel nome	il file si chiama gia cosi
2026-08-03T15:38:06	Gambe e Glutei	Squat multipower.gif	Squat multipower.gif	b1c24965c7c5217c4c3caac0d9211867485d960b81f407a4d22ef8f2bb274883	gia con quel nome	il file si chiama gia cosi
2026-08-03T15:38:06	Gambe e Glutei	Squat wall fitball.gif	Squat wall fitball.gif	6ba72710aed06cd82a34d53c5f6fe1e0f34aa80d70570a8403da04bc5e41a1cb	gia con quel nome	il file si chiama gia cosi
2026-08-03T15:38:06	Gambe e Glutei	Squat manubri seduto su panca.gif	Squat manubri seduto su panca.gif	b66a750d54c81cfbb67564ccb2685e720b21d203fde5deca84679b38d41c69e9	gia con quel nome	il file si chiama gia cosi
2026-08-03T15:38:06	Gambe e Glutei	Squat profondo bilanciere.gif	Squat profondo bilanciere.gif	44b6d5f224cb8e4cd6322fc73521f14461e1853d0851ffc153d36792e40069a2	gia con quel nome	il file si chiama gia cosi
2026-08-03T15:38:06	Gambe e Glutei	Squat sumo bilanciere frontale.gif	Squat sumo bilanciere frontale.gif	912e9c482a0418040a7a6c344b5424f8241fdf5a2054a81c886eef7edf481b85	gia con quel nome	il file si chiama gia cosi
2026-08-03T15:38:06	Gambe e Glutei	Squat sumo corpo libero braccia distese.gif	Squat sumo corpo libero braccia distese.gif	41ca83090ef0db41dac62df77a8519c30f8bba6b32095d86bba7b53ebbd74572	gia con quel nome	il file si chiama gia cosi
2026-08-03T15:38:06	Gambe e Glutei	Squat sumo corpo libero mani al petto.gif	Squat sumo corpo libero mani al petto.gif	7b98bdec1a4dd54ce9bc3958cd9fbaa48d88ebd583bf7cb5d000f7a3447e0352	gia con quel nome	il file si chiama gia cosi
2026-08-03T15:38:06	Gambe e Glutei	Squat sumo manubrio.gif	Squat sumo manubrio.gif	0c4ca1d84bdb7eef33e72bb580bcaebbf63b1b21c3d6878f547146811a6726db	gia con quel nome	il file si chiama gia cosi
2026-08-03T15:38:06	Gambe e Glutei	Squat wall ball palla medica.gif	Squat wall ball palla medica.gif	710f513cf7df6749f80653e9e87dc022f047eb426f0ea4bd5238d538877c3612	gia con quel nome	il file si chiama gia cosi
2026-08-03T15:38:06	Gambe e Glutei	Squat wall sit inclinazione alternata.gif	Squat wall sit inclinazione alternata.gif	1a35a3fe2f3b857ae0464ad22cd4958ba5ed49a185719a7d157ae4fcc99af38a	gia con quel nome	il file si chiama gia cosi
2026-08-03T15:38:06	Gambe e Glutei	Squat sumo bilanciere.gif	Squat sumo bilanciere.gif	d2bb04e1246596210448c7666bd6e48e1be9e4cebdeea4c0ff836153b5a1601f	gia con quel nome	il file si chiama gia cosi
2026-08-03T15:38:06	Gambe e Glutei	Squat wall sit.gif	Squat wall sit.gif	10a09fa7466577f5fbaac35659348e97b884d35b5d733c9eff700461e98f2c32	gia con quel nome	il file si chiama gia cosi
2026-08-03T15:38:06	Gambe e Glutei	Affondo profondo una gamba.gif	Affondo profondo una gamba.gif	cc8369de4b281ce25975e7c0352b3d93c5f9e4b566446faae052954d2302a0f7	gia con quel nome	il file si chiama gia cosi
2026-08-03T15:38:06	Gambe e Glutei	Squat bulgaro corpo libero.gif	Squat bulgaro corpo libero.gif	28dd4732693d7d04fdafa88db627dd12e38dd0671a59b0dd3bf1e56ff835d599	gia con quel nome	il file si chiama gia cosi
2026-08-03T15:38:06	Gambe e Glutei	Squat bulgaro bilanciere.gif	Squat bulgaro bilanciere.gif	c81c93122bcf59ecbb71341cc109de14237ed54a66042cbf8897ec8d001e92f6	gia con quel nome	il file si chiama gia cosi
2026-08-03T15:38:06	Gambe e Glutei	Squat bulgaro manubri.gif	Squat bulgaro manubri.gif	f6fb56b663ccb97df557e9edee16b994b0dbd6231c7799317eb38ceaa100c986	gia con quel nome	il file si chiama gia cosi
2026-08-03T15:38:06	Gambe e Glutei	Squat hawaiano.gif	Squat hawaiano.gif	b5aca689631e5b840739ffb7e69968619d79feb2862c326b38d7d40d270409d3	gia con quel nome	il file si chiama gia cosi
2026-08-03T15:38:06	Gambe e Glutei	Pistol squat assistito.gif	Pistol squat assistito.gif	bd19e6f7b7e7b534929070ef5d8dc1f45f5ba640c9d4d12a0be221b168d8bd77	gia con quel nome	il file si chiama gia cosi
2026-08-03T15:38:06	Gambe e Glutei	Pistol squat su box.gif	Pistol squat su box.gif	96f55e295049a643332324a8fbe7f8049b54dd3fbb121c464018916b10ec04a4	gia con quel nome	il file si chiama gia cosi
2026-08-03T15:38:06	Gambe e Glutei	Pistol squat corpo libero.gif	Pistol squat corpo libero.gif	50b260f35c0ba8381efd54be486dcd493865ab435aae3a729d3e842e2f651d48	gia con quel nome	il file si chiama gia cosi
2026-08-03T15:38:06	Gambe e Glutei	Pistol squat kettlebell.gif	Pistol squat kettlebell.gif	3ad266121a01ba6158276d205b0c72e5658a149338eef7c60a1c879b9e8c7498	gia con quel nome	il file si chiama gia cosi
2026-08-03T15:38:06	Gambe e Glutei	Pistol squat manubrio stesso lato.gif	Pistol squat manubrio stesso lato.gif	0b1097d802adf22ee5016caf33fb456adb8d559b878aeb5b904501e076bc8927	gia con quel nome	il file si chiama gia cosi
2026-08-03T15:38:06	Gambe e Glutei	Pistol squat seduto su box.gif	Pistol squat seduto su box.gif	1b6f327823bf4b87890331d300797096106ca2e08898c2b9d386bb0da0e66e1b	gia con quel nome	il file si chiama gia cosi
2026-08-03T15:38:06	Gambe e Glutei	Pistol squat TRX.gif	Pistol squat TRX.gif	344459a989277a53f986e05887fb3bbf6dfb9198ae8aabbe4f2bb9b23dc7e600	gia con quel nome	il file si chiama gia cosi
2026-08-03T15:38:06	Gambe e Glutei	Squat shrimp.gif	Squat shrimp.gif	981f0611e0ccdc4721e3bc23cc97451a5f686ac5cfd0c99856ab0e39a506f720	gia con quel nome	il file si chiama gia cosi
2026-08-03T15:38:06	Gambe e Glutei	Squat sissy in ginocchio.gif	Squat sissy in ginocchio.gif	b87dc9f6e10a093ead1bffc880dc5692773e84f8080083724e5d1f0e0f4d2bad	gia con quel nome	il file si chiama gia cosi
2026-08-03T15:38:06	Gambe e Glutei	Squat skater una gamba.gif	Squat skater una gamba.gif	5a35a64bbf4b16af9b99e4b249219cfd028c9b8855b7270be1072ecb0de4dfbc	gia con quel nome	il file si chiama gia cosi
2026-08-03T15:38:06	Gambe e Glutei	Squat seduto su step.gif	Squat seduto su step.gif	a3529953dec275883fd6986dc4f7d02bd4e2238da73ba51173a4cb265f924cd8	gia con quel nome	il file si chiama gia cosi
2026-08-03T15:38:06	Gambe e Glutei	Affondo inverso con knee drive.gif	Affondo inverso con knee drive.gif	e564fed566cf957a976ad9bb00cecc71a7f06b23a769143f5cd6aead904a133a	gia con quel nome	il file si chiama gia cosi
2026-08-03T15:38:06	Gambe e Glutei	Affondo unilaterale sul posto a corpo libero.gif	Affondo corpo libero sul posto.gif	c200128141d1be1956108ec277f6cf44565152f36682f23bf3df7eb8f9777001	niente da fare sul Mac	nessun file sul Mac: si rinomina in migrazione
2026-08-03T15:38:06	Gambe e Glutei	Affondo avanti alternato.gif	Affondo avanti alternato.gif	e7c875251c94a43e7a7606b6e062338cb68dfd5680461ff0af4eab1a6aa55ea9	gia con quel nome	il file si chiama gia cosi
2026-08-03T15:38:06	Gambe e Glutei	Affondo avanti bilanciere.gif	Affondo avanti bilanciere.gif	393e4a459e72ac14a2dc6e53e59d299a9a5c3f00b321d97608f9dc17908c8db1	gia con quel nome	il file si chiama gia cosi
2026-08-03T15:38:06	Gambe e Glutei	Affondo avanti manubri.gif	Affondo avanti manubri.gif	a5a7bc30add78a15ff98521e7fe825e7487260112012aa20a0b1d55616319727	gia con quel nome	il file si chiama gia cosi
2026-08-03T15:38:06	Gambe e Glutei	Affondo avanti parziale manubri.gif	Affondo avanti parziale manubri.gif	2485ad2e6b5c4f8b0471310205d595745df64b5149803f82d7c08d8c4e4fa9ff	gia con quel nome	il file si chiama gia cosi
2026-08-03T15:38:06	Gambe e Glutei	Affondo barra elastico sul posto.gif	Affondo barra elastico sul posto.gif	9abf8554bc761785893d83381662e9cdbe0a9e13292bdbad114c0fb8476dbc78	gia con quel nome	il file si chiama gia cosi
2026-08-03T15:38:06	Gambe e Glutei	Affondo bilanciere sul posto.gif	Affondo bilanciere sul posto.gif	1520562ea588eec8b3724f02472a050f41e66d0a382088a9b75e263693066683	gia con quel nome	il file si chiama gia cosi
2026-08-03T15:38:06	Gambe e Glutei	Affondo inverso Bosu con knee drive.gif	Affondo inverso Bosu con knee drive.gif	c52787af2dd05b77d22a5c0d902f75ccc7f6b5bd28c7796fb5be3fd2bfd41068	gia con quel nome	il file si chiama gia cosi
2026-08-03T15:38:06	Gambe e Glutei	Affondo camminato con knee drive.gif	Affondo camminato con knee drive.gif	071992bf16eccc3305771c9f9a6075b3a83c63f2bf3fba3ea7b58d0c2dd190ba	gia con quel nome	il file si chiama gia cosi
2026-08-03T15:38:06	Gambe e Glutei	Affondo sul posto.gif	Affondo sul posto.gif	fc602a542d5afa607b994b5fa8248e884b8ab84e2f4d314c921139993d7bb549	gia con quel nome	il file si chiama gia cosi
2026-08-03T15:38:06	Gambe e Glutei	Affondo incrociato indietro bilanciere.gif	Affondo incrociato indietro bilanciere.gif	7c6ff54f4d3c56e11f2547b6b7a6921a4aca4f2d99269542044277dbaed7ab59	gia con quel nome	il file si chiama gia cosi
2026-08-03T15:38:06	Gambe e Glutei	Affondo indietro bilanciere.gif	Affondo indietro bilanciere.gif	a4412c5fab9e3f1739c023afb1a9899340f309a93fae84e5c000115a71ba19ef	gia con quel nome	il file si chiama gia cosi
2026-08-03T15:38:06	Gambe e Glutei	Affondo indietro manubri.gif	Affondo indietro manubri.gif	b72a1e6cf4fdd01f8f30e6769e039678bbf9e724796db8938743d78a33fcb476	gia con quel nome	il file si chiama gia cosi
2026-08-03T15:38:06	Gambe e Glutei	Affondo laterale alternato.gif	Affondo laterale alternato.gif	42049265076674d662e70b46efeb83bbad46796f76f3172acbaa0e35d4844b8c	gia con quel nome	il file si chiama gia cosi
2026-08-03T15:38:06	Gambe e Glutei	Affondo laterale bilanciere.gif	Affondo laterale bilanciere.gif	ad56ceacdee2e6d493bd4a6378b297009dea86742d417086294bea4a7c8069ba	gia con quel nome	il file si chiama gia cosi
2026-08-03T15:38:06	Gambe e Glutei	Affondo laterale manubri.gif	Affondo laterale manubri.gif	185313ac198178da31cc1b443263df6a1281eab8961222b7a863fb80e1d913b2	gia con quel nome	il file si chiama gia cosi
2026-08-03T15:38:06	Gambe e Glutei	Affondo multipower.gif	Affondo multipower.gif	6f6e56838a6afb79d88b3434cabbbec04c1a75c95822473607fa0bbef183f2d6	gia con quel nome	il file si chiama gia cosi
2026-08-03T15:38:06	Gambe e Glutei	Affondo maniglie elastico sul posto.gif	Affondo maniglie elastico sul posto.gif	7d11efd0eaef29bc0a76539aa48caa720e2f5df4a03e4c099d693ac70b719972	gia con quel nome	il file si chiama gia cosi
2026-08-03T15:38:06	Gambe e Glutei	Camminata manubri.gif	Camminata manubri.gif	f952f75c65cc562af2eeac5b6c96c0d884dd1ec2a016dc48bc62e79a697f64a8	gia con quel nome	il file si chiama gia cosi
2026-08-03T15:38:06	Gambe e Glutei	Camminata squat.gif	Camminata squat.gif	a4f01d1a040b20588d9f25a19976ff75bb38957d7a990422405d66b6d5f440ae	gia con quel nome	il file si chiama gia cosi
2026-08-03T15:38:06	Gambe e Glutei	Leg extension macchina entrambe le gambe.gif	Leg extension macchina.gif	3b91cf1047fa467e7f6bf84d3e4856b3a4ef39771265e8dda96e34c17a089a65	rinominato	
2026-08-03T15:38:06	Gambe e Glutei	Leg extension macchina una gamba.gif	Leg extension macchina una gamba.gif	4509a38a5ec155ea9d5d407985f264210f3c4f61f278d7f2975f36ebd38c0ba6	gia con quel nome	il file si chiama gia cosi
2026-08-03T15:38:06	Gambe e Glutei	Leg press 45 gradi entrambe le gambe.gif	Leg press 45 gradi.gif	8df5f83c669593ebe552cef07e968c55215addc14e0ff8a45f2c57000a4c227d	rinominato	
2026-08-03T15:38:06	Gambe e Glutei	Leg press 45 gradi una gamba.gif	Leg press 45 gradi una gamba.gif	bbf585e7b1d26c3ff68786c36f2905c0567fa68daf8eb99d665676c17fd7726e	gia con quel nome	il file si chiama gia cosi
2026-08-03T15:38:06	Gambe e Glutei	Leg press alternato barra elastico supino.gif	Leg press alternato barra elastico supino.gif	20162d5031162702b4b9dac80e9296b8584b342ed6d1103e97a932582c764b85	gia con quel nome	il file si chiama gia cosi
2026-08-03T15:38:06	Gambe e Glutei	Leg press orizzontale macchina.gif	Leg press orizzontale macchina.gif	e1ac12ec44657dcff545989874baa8eaba1f3b39741279f976a03121c40ba390	gia con quel nome	il file si chiama gia cosi
2026-08-03T15:49:10	Gambe e Glutei	Squat barra elastico.gif	Squat barra elastico.gif	21ffc120fe95b3122340eab79aac151f123bc49082f7d2ef71b3e2687fcb0452	gia con quel nome	il file si chiama gia cosi
2026-08-03T15:49:10	Gambe e Glutei	Squat bilanciere.gif	Squat bilanciere.gif	7a0b33d7c67823493e97ca649ee2f9edd2ab6a5c05a4f48e3636440e68a0e749	gia con quel nome	il file si chiama gia cosi
2026-08-03T15:49:10	Gambe e Glutei	Squat bilanciere al rack.gif	Squat bilanciere al rack.gif	e5641ea4bf94dbcf5922d6dd5ddfac0cb8599c3f48b583d2b46109bf884e89fa	gia con quel nome	il file si chiama gia cosi
2026-08-03T15:49:10	Gambe e Glutei	Squat bilanciere landmine.gif	Squat bilanciere landmine.gif	210ccb4f95a26476675450fcc84c8c7646d68fc8fa97c8cfe6dc26cbcff3f14b	gia con quel nome	il file si chiama gia cosi
2026-08-03T15:49:10	Gambe e Glutei	Squat calcio laterale.gif	Squat calcio laterale.gif	8678172072528fb0150ffca39c5fd3c68d445cf20e8a4d9d75c0aaea9472f753	gia con quel nome	il file si chiama gia cosi
2026-08-03T15:49:10	Gambe e Glutei	Squat cavi bassi.gif	Squat cavi bassi.gif	312a834ecbd28e0dce80d2c2313590dae1c70e49e4791b0cbf55d2dbcef2772b	gia con quel nome	il file si chiama gia cosi
2026-08-03T15:49:10	Gambe e Glutei	Squat cavo basso.gif	Squat cavo basso.gif	c309f2e7e286f1c641ba2cc6c7accd31e044a56f44fa1260f1b0574811053f81	gia con quel nome	il file si chiama gia cosi
2026-08-03T15:49:10	Gambe e Glutei	Squat corpo libero.gif	Squat corpo libero.gif	9bf078772d3b4afde76826ec8dffc878544353af72b2660d59e7178cb9f1ca2b	gia con quel nome	il file si chiama gia cosi
2026-08-03T15:49:10	Gambe e Glutei	Squat cosacco.gif	Squat cosacco.gif	88356c85eadd2df87324b869fe3b02bcd2d454062f63181a77b7213c5d3dd893	gia con quel nome	il file si chiama gia cosi
2026-08-03T15:49:10	Gambe e Glutei	Squat elastico braccia alte.gif	Squat elastico braccia alte.gif	3927ec7c2413b5417cfe8e7c31dae52e83c35265d68e609a942d37c3a78cb82e	gia con quel nome	il file si chiama gia cosi
2026-08-03T15:49:10	Gambe e Glutei	Squat bilanciere frontale.gif	Squat bilanciere frontale.gif	e6605bcdad3f6579d265e0d2d0bb69efbb2ff7e6dc2067d954619c89f7413e6e	gia con quel nome	il file si chiama gia cosi
2026-08-03T15:49:10	Gambe e Glutei	Squat torsione ginocchio alto.gif	Squat torsione ginocchio alto.gif	8acd67cdd91098459064db42dcfdf5c94cd767526e667d05c14d08742a460739	gia con quel nome	il file si chiama gia cosi
2026-08-03T15:49:10	Gambe e Glutei	Squat goblet kettlebell banda.gif	Squat goblet kettlebell banda.gif	79aef9ca93ec5cac7ab66d2c5dbc7df03e8cc680af566f85cb2817601d7d924b	gia con quel nome	il file si chiama gia cosi
2026-08-03T15:49:10	Gambe e Glutei	Squat hack machine.gif	Squat hack machine.gif	70e04f664d37a10ef5d81db4aeeb3c115082c5e1104d179f241e190f8e72414a	gia con quel nome	il file si chiama gia cosi
2026-08-03T15:49:10	Gambe e Glutei	Squat inverso hack machine.gif	Squat inverso hack machine.gif	75328f32765c95024ca5c537ccd38b7c1bf80c77194d6624bb839445823c7d9f	gia con quel nome	il file si chiama gia cosi
2026-08-03T15:49:10	Gambe e Glutei	Squat manubri.gif	Squat manubri.gif	b80ed62ddecc7249d7a91862d1e697ad97b7bfe6acf7f1e22bd9bfe3c48c18de	gia con quel nome	il file si chiama gia cosi
2026-08-03T15:49:10	Gambe e Glutei	Squat multipower.gif	Squat multipower.gif	b1c24965c7c5217c4c3caac0d9211867485d960b81f407a4d22ef8f2bb274883	gia con quel nome	il file si chiama gia cosi
2026-08-03T15:49:10	Gambe e Glutei	Squat wall fitball.gif	Squat wall fitball.gif	6ba72710aed06cd82a34d53c5f6fe1e0f34aa80d70570a8403da04bc5e41a1cb	gia con quel nome	il file si chiama gia cosi
2026-08-03T15:49:10	Gambe e Glutei	Squat manubri seduto su panca.gif	Squat manubri seduto su panca.gif	b66a750d54c81cfbb67564ccb2685e720b21d203fde5deca84679b38d41c69e9	gia con quel nome	il file si chiama gia cosi
2026-08-03T15:49:10	Gambe e Glutei	Squat profondo bilanciere.gif	Squat profondo bilanciere.gif	44b6d5f224cb8e4cd6322fc73521f14461e1853d0851ffc153d36792e40069a2	gia con quel nome	il file si chiama gia cosi
2026-08-03T15:49:10	Gambe e Glutei	Squat sumo bilanciere frontale.gif	Squat sumo bilanciere frontale.gif	912e9c482a0418040a7a6c344b5424f8241fdf5a2054a81c886eef7edf481b85	gia con quel nome	il file si chiama gia cosi
2026-08-03T15:49:10	Gambe e Glutei	Squat sumo corpo libero braccia distese.gif	Squat sumo corpo libero braccia distese.gif	41ca83090ef0db41dac62df77a8519c30f8bba6b32095d86bba7b53ebbd74572	gia con quel nome	il file si chiama gia cosi
2026-08-03T15:49:10	Gambe e Glutei	Squat sumo corpo libero mani al petto.gif	Squat sumo corpo libero mani al petto.gif	7b98bdec1a4dd54ce9bc3958cd9fbaa48d88ebd583bf7cb5d000f7a3447e0352	gia con quel nome	il file si chiama gia cosi
2026-08-03T15:49:10	Gambe e Glutei	Squat sumo manubrio.gif	Squat sumo manubrio.gif	0c4ca1d84bdb7eef33e72bb580bcaebbf63b1b21c3d6878f547146811a6726db	gia con quel nome	il file si chiama gia cosi
2026-08-03T15:49:10	Gambe e Glutei	Squat wall ball palla medica.gif	Squat wall ball palla medica.gif	710f513cf7df6749f80653e9e87dc022f047eb426f0ea4bd5238d538877c3612	gia con quel nome	il file si chiama gia cosi
2026-08-03T15:49:10	Gambe e Glutei	Squat wall sit inclinazione alternata.gif	Squat wall sit inclinazione alternata.gif	1a35a3fe2f3b857ae0464ad22cd4958ba5ed49a185719a7d157ae4fcc99af38a	gia con quel nome	il file si chiama gia cosi
2026-08-03T15:49:10	Gambe e Glutei	Squat sumo bilanciere.gif	Squat sumo bilanciere.gif	d2bb04e1246596210448c7666bd6e48e1be9e4cebdeea4c0ff836153b5a1601f	gia con quel nome	il file si chiama gia cosi
2026-08-03T15:49:10	Gambe e Glutei	Squat wall sit.gif	Squat wall sit.gif	10a09fa7466577f5fbaac35659348e97b884d35b5d733c9eff700461e98f2c32	gia con quel nome	il file si chiama gia cosi
2026-08-03T15:49:10	Gambe e Glutei	Affondo profondo una gamba.gif	Affondo profondo una gamba.gif	cc8369de4b281ce25975e7c0352b3d93c5f9e4b566446faae052954d2302a0f7	gia con quel nome	il file si chiama gia cosi
2026-08-03T15:49:10	Gambe e Glutei	Squat bulgaro corpo libero.gif	Squat bulgaro corpo libero.gif	28dd4732693d7d04fdafa88db627dd12e38dd0671a59b0dd3bf1e56ff835d599	gia con quel nome	il file si chiama gia cosi
2026-08-03T15:49:10	Gambe e Glutei	Squat bulgaro bilanciere.gif	Squat bulgaro bilanciere.gif	c81c93122bcf59ecbb71341cc109de14237ed54a66042cbf8897ec8d001e92f6	gia con quel nome	il file si chiama gia cosi
2026-08-03T15:49:10	Gambe e Glutei	Squat bulgaro manubri.gif	Squat bulgaro manubri.gif	f6fb56b663ccb97df557e9edee16b994b0dbd6231c7799317eb38ceaa100c986	gia con quel nome	il file si chiama gia cosi
2026-08-03T15:49:10	Gambe e Glutei	Squat hawaiano.gif	Squat hawaiano.gif	b5aca689631e5b840739ffb7e69968619d79feb2862c326b38d7d40d270409d3	gia con quel nome	il file si chiama gia cosi
2026-08-03T15:49:10	Gambe e Glutei	Pistol squat assistito.gif	Pistol squat assistito.gif	bd19e6f7b7e7b534929070ef5d8dc1f45f5ba640c9d4d12a0be221b168d8bd77	gia con quel nome	il file si chiama gia cosi
2026-08-03T15:49:10	Gambe e Glutei	Pistol squat su box.gif	Pistol squat su box.gif	96f55e295049a643332324a8fbe7f8049b54dd3fbb121c464018916b10ec04a4	gia con quel nome	il file si chiama gia cosi
2026-08-03T15:49:10	Gambe e Glutei	Pistol squat corpo libero.gif	Pistol squat corpo libero.gif	50b260f35c0ba8381efd54be486dcd493865ab435aae3a729d3e842e2f651d48	gia con quel nome	il file si chiama gia cosi
2026-08-03T15:49:10	Gambe e Glutei	Pistol squat kettlebell.gif	Pistol squat kettlebell.gif	3ad266121a01ba6158276d205b0c72e5658a149338eef7c60a1c879b9e8c7498	gia con quel nome	il file si chiama gia cosi
2026-08-03T15:49:10	Gambe e Glutei	Pistol squat manubrio stesso lato.gif	Pistol squat manubrio stesso lato.gif	0b1097d802adf22ee5016caf33fb456adb8d559b878aeb5b904501e076bc8927	gia con quel nome	il file si chiama gia cosi
2026-08-03T15:49:10	Gambe e Glutei	Pistol squat seduto su box.gif	Pistol squat seduto su box.gif	1b6f327823bf4b87890331d300797096106ca2e08898c2b9d386bb0da0e66e1b	gia con quel nome	il file si chiama gia cosi
2026-08-03T15:49:10	Gambe e Glutei	Pistol squat TRX.gif	Pistol squat TRX.gif	344459a989277a53f986e05887fb3bbf6dfb9198ae8aabbe4f2bb9b23dc7e600	gia con quel nome	il file si chiama gia cosi
2026-08-03T15:49:10	Gambe e Glutei	Squat shrimp.gif	Squat shrimp.gif	981f0611e0ccdc4721e3bc23cc97451a5f686ac5cfd0c99856ab0e39a506f720	gia con quel nome	il file si chiama gia cosi
2026-08-03T15:49:10	Gambe e Glutei	Squat sissy in ginocchio.gif	Squat sissy in ginocchio.gif	b87dc9f6e10a093ead1bffc880dc5692773e84f8080083724e5d1f0e0f4d2bad	gia con quel nome	il file si chiama gia cosi
2026-08-03T15:49:10	Gambe e Glutei	Squat skater una gamba.gif	Squat skater una gamba.gif	5a35a64bbf4b16af9b99e4b249219cfd028c9b8855b7270be1072ecb0de4dfbc	gia con quel nome	il file si chiama gia cosi
2026-08-03T15:49:10	Gambe e Glutei	Squat seduto su step.gif	Squat seduto su step.gif	a3529953dec275883fd6986dc4f7d02bd4e2238da73ba51173a4cb265f924cd8	gia con quel nome	il file si chiama gia cosi
2026-08-03T15:49:10	Gambe e Glutei	Affondo inverso con knee drive.gif	Affondo inverso con knee drive.gif	e564fed566cf957a976ad9bb00cecc71a7f06b23a769143f5cd6aead904a133a	gia con quel nome	il file si chiama gia cosi
2026-08-03T15:49:10	Gambe e Glutei	Affondo unilaterale sul posto a corpo libero.gif	Affondo corpo libero sul posto.gif	c200128141d1be1956108ec277f6cf44565152f36682f23bf3df7eb8f9777001	niente da fare sul Mac	nessun file sul Mac: si rinomina in migrazione
2026-08-03T15:49:10	Gambe e Glutei	Affondo avanti alternato.gif	Affondo avanti alternato.gif	e7c875251c94a43e7a7606b6e062338cb68dfd5680461ff0af4eab1a6aa55ea9	gia con quel nome	il file si chiama gia cosi
2026-08-03T15:49:10	Gambe e Glutei	Affondo avanti bilanciere.gif	Affondo avanti bilanciere.gif	393e4a459e72ac14a2dc6e53e59d299a9a5c3f00b321d97608f9dc17908c8db1	gia con quel nome	il file si chiama gia cosi
2026-08-03T15:49:10	Gambe e Glutei	Affondo avanti manubri.gif	Affondo avanti manubri.gif	a5a7bc30add78a15ff98521e7fe825e7487260112012aa20a0b1d55616319727	gia con quel nome	il file si chiama gia cosi
2026-08-03T15:49:10	Gambe e Glutei	Affondo avanti parziale manubri.gif	Affondo avanti parziale manubri.gif	2485ad2e6b5c4f8b0471310205d595745df64b5149803f82d7c08d8c4e4fa9ff	gia con quel nome	il file si chiama gia cosi
2026-08-03T15:49:10	Gambe e Glutei	Affondo barra elastico sul posto.gif	Affondo barra elastico sul posto.gif	9abf8554bc761785893d83381662e9cdbe0a9e13292bdbad114c0fb8476dbc78	gia con quel nome	il file si chiama gia cosi
2026-08-03T15:49:10	Gambe e Glutei	Affondo bilanciere sul posto.gif	Affondo bilanciere sul posto.gif	1520562ea588eec8b3724f02472a050f41e66d0a382088a9b75e263693066683	gia con quel nome	il file si chiama gia cosi
2026-08-03T15:49:10	Gambe e Glutei	Affondo inverso Bosu con knee drive.gif	Affondo inverso Bosu con knee drive.gif	c52787af2dd05b77d22a5c0d902f75ccc7f6b5bd28c7796fb5be3fd2bfd41068	gia con quel nome	il file si chiama gia cosi
2026-08-03T15:49:10	Gambe e Glutei	Affondo camminato con knee drive.gif	Affondo camminato con knee drive.gif	071992bf16eccc3305771c9f9a6075b3a83c63f2bf3fba3ea7b58d0c2dd190ba	gia con quel nome	il file si chiama gia cosi
2026-08-03T15:49:10	Gambe e Glutei	Affondo sul posto.gif	Affondo sul posto.gif	fc602a542d5afa607b994b5fa8248e884b8ab84e2f4d314c921139993d7bb549	gia con quel nome	il file si chiama gia cosi
2026-08-03T15:49:10	Gambe e Glutei	Affondo incrociato indietro bilanciere.gif	Affondo incrociato indietro bilanciere.gif	7c6ff54f4d3c56e11f2547b6b7a6921a4aca4f2d99269542044277dbaed7ab59	gia con quel nome	il file si chiama gia cosi
2026-08-03T15:49:10	Gambe e Glutei	Affondo indietro bilanciere.gif	Affondo indietro bilanciere.gif	a4412c5fab9e3f1739c023afb1a9899340f309a93fae84e5c000115a71ba19ef	gia con quel nome	il file si chiama gia cosi
2026-08-03T15:49:10	Gambe e Glutei	Affondo indietro manubri.gif	Affondo indietro manubri.gif	b72a1e6cf4fdd01f8f30e6769e039678bbf9e724796db8938743d78a33fcb476	gia con quel nome	il file si chiama gia cosi
2026-08-03T15:49:10	Gambe e Glutei	Affondo laterale alternato.gif	Affondo laterale alternato.gif	42049265076674d662e70b46efeb83bbad46796f76f3172acbaa0e35d4844b8c	gia con quel nome	il file si chiama gia cosi
2026-08-03T15:49:10	Gambe e Glutei	Affondo laterale bilanciere.gif	Affondo laterale bilanciere.gif	ad56ceacdee2e6d493bd4a6378b297009dea86742d417086294bea4a7c8069ba	gia con quel nome	il file si chiama gia cosi
2026-08-03T15:49:10	Gambe e Glutei	Affondo laterale manubri.gif	Affondo laterale manubri.gif	185313ac198178da31cc1b443263df6a1281eab8961222b7a863fb80e1d913b2	gia con quel nome	il file si chiama gia cosi
2026-08-03T15:49:10	Gambe e Glutei	Affondo multipower.gif	Affondo multipower.gif	6f6e56838a6afb79d88b3434cabbbec04c1a75c95822473607fa0bbef183f2d6	gia con quel nome	il file si chiama gia cosi
2026-08-03T15:49:10	Gambe e Glutei	Affondo maniglie elastico sul posto.gif	Affondo maniglie elastico sul posto.gif	7d11efd0eaef29bc0a76539aa48caa720e2f5df4a03e4c099d693ac70b719972	gia con quel nome	il file si chiama gia cosi
2026-08-03T15:49:10	Gambe e Glutei	Camminata manubri.gif	Camminata manubri.gif	f952f75c65cc562af2eeac5b6c96c0d884dd1ec2a016dc48bc62e79a697f64a8	gia con quel nome	il file si chiama gia cosi
2026-08-03T15:49:10	Gambe e Glutei	Camminata squat.gif	Camminata squat.gif	a4f01d1a040b20588d9f25a19976ff75bb38957d7a990422405d66b6d5f440ae	gia con quel nome	il file si chiama gia cosi
2026-08-03T15:49:10	Gambe e Glutei	Leg extension macchina.gif	Leg extension macchina.gif	3b91cf1047fa467e7f6bf84d3e4856b3a4ef39771265e8dda96e34c17a089a65	gia con quel nome	il file si chiama gia cosi
2026-08-03T15:49:10	Gambe e Glutei	Leg extension macchina una gamba.gif	Leg extension macchina una gamba.gif	4509a38a5ec155ea9d5d407985f264210f3c4f61f278d7f2975f36ebd38c0ba6	gia con quel nome	il file si chiama gia cosi
2026-08-03T15:49:10	Gambe e Glutei	Leg press 45 gradi.gif	Leg press 45 gradi.gif	8df5f83c669593ebe552cef07e968c55215addc14e0ff8a45f2c57000a4c227d	gia con quel nome	il file si chiama gia cosi
2026-08-03T15:49:10	Gambe e Glutei	Leg press 45 gradi una gamba.gif	Leg press 45 gradi una gamba.gif	bbf585e7b1d26c3ff68786c36f2905c0567fa68daf8eb99d665676c17fd7726e	gia con quel nome	il file si chiama gia cosi
2026-08-03T15:49:10	Gambe e Glutei	Leg press alternato barra elastico supino.gif	Leg press alternato barra elastico supino.gif	20162d5031162702b4b9dac80e9296b8584b342ed6d1103e97a932582c764b85	gia con quel nome	il file si chiama gia cosi
2026-08-03T15:49:10	Gambe e Glutei	Leg press orizzontale macchina.gif	Leg press orizzontale macchina.gif	e1ac12ec44657dcff545989874baa8eaba1f3b39741279f976a03121c40ba390	gia con quel nome	il file si chiama gia cosi
2026-08-03T15:49:10	Gambe e Glutei	Girata al petto bilanciere (Barbell clean).gif	Girata al petto bilanciere.gif	3c81053bd441bf07b8ca04acca47b92c62639b74daa2c50cf85dcefc59398499	rinominato	
2026-08-03T15:49:10	Gambe e Glutei	Good morning bilanciere (Barbell good morning).gif	Good morning bilanciere.gif	986bff59711cb40b108871c67972db98cf4711720e8b5190e01ce579cc0e4728	rinominato	
2026-08-03T15:49:10	Gambe e Glutei	Good morning manubrio (Dumbbell good morning).gif	Good morning manubrio.gif	6fe44ab0098ed73fc28ad8113a1c241fa4777358e0732b487af3ee900d056bc6	rinominato	
2026-08-03T15:49:10	Gambe e Glutei	Hip hinge maniglie elastico in piedi.gif	Stacco rumeno una gamba maniglie elastico.gif	71966d49b0618b868e2d563e52f723fe8a435c6fbecb028e40199c0b173ce415	rinominato	
2026-08-03T15:49:10	Gambe e Glutei	Stacco da terra bilanciere (Barbell deadlift).gif	Stacco da terra bilanciere.gif	15a57eb444d733c52d7a4053f61643fbb26a3543f0d00b9656cd31f819eeca81	rinominato	
2026-08-03T15:49:10	Gambe e Glutei	Stacco da terra macchina presa neutra (Machine low-pulley deadlift with neutral grip).gif	Stacco da terra macchina presa neutra.gif	7f183e40e0584525c4f08ad1eb0752d629025494def47d030bccc5cb41df29a9	rinominato	
2026-08-03T15:49:10	Gambe e Glutei	Stacco da terra manubri (Dumbbell deadlift).gif	Stacco da terra manubri.gif	87cc308c4759f64506d8dc533d300bda38dde1f952147717ef19dd6ab01f5042	rinominato	
2026-08-03T15:49:10	Gambe e Glutei	Stacco da terra sumo bilanciere (Barbell sumo deadlift).gif	Stacco da terra sumo bilanciere.gif	2161fe48ec15af859b481f43cbdb75f0827c2ee67413b9eac3e94a071c7b6844	rinominato	
2026-08-03T15:49:10	Gambe e Glutei	Stacco da terra trap bar (Trap bar deadlift).gif	Stacco da terra trap bar.gif	66e0c09ab6c3089c68747ed92bd5e86436661407487a118f99dad90df207de20	rinominato	
2026-08-03T16:00:54	Gambe e Glutei	Squat barra elastico.gif	Squat barra elastico.gif	21ffc120fe95b3122340eab79aac151f123bc49082f7d2ef71b3e2687fcb0452	gia con quel nome	il file si chiama gia cosi
2026-08-03T16:00:54	Gambe e Glutei	Squat bilanciere.gif	Squat bilanciere.gif	7a0b33d7c67823493e97ca649ee2f9edd2ab6a5c05a4f48e3636440e68a0e749	gia con quel nome	il file si chiama gia cosi
2026-08-03T16:00:54	Gambe e Glutei	Squat bilanciere al rack.gif	Squat bilanciere al rack.gif	e5641ea4bf94dbcf5922d6dd5ddfac0cb8599c3f48b583d2b46109bf884e89fa	gia con quel nome	il file si chiama gia cosi
2026-08-03T16:00:54	Gambe e Glutei	Squat bilanciere landmine.gif	Squat bilanciere landmine.gif	210ccb4f95a26476675450fcc84c8c7646d68fc8fa97c8cfe6dc26cbcff3f14b	gia con quel nome	il file si chiama gia cosi
2026-08-03T16:00:54	Gambe e Glutei	Squat calcio laterale.gif	Squat calcio laterale.gif	8678172072528fb0150ffca39c5fd3c68d445cf20e8a4d9d75c0aaea9472f753	gia con quel nome	il file si chiama gia cosi
2026-08-03T16:00:54	Gambe e Glutei	Squat cavi bassi.gif	Squat cavi bassi.gif	312a834ecbd28e0dce80d2c2313590dae1c70e49e4791b0cbf55d2dbcef2772b	gia con quel nome	il file si chiama gia cosi
2026-08-03T16:00:54	Gambe e Glutei	Squat cavo basso.gif	Squat cavo basso.gif	c309f2e7e286f1c641ba2cc6c7accd31e044a56f44fa1260f1b0574811053f81	gia con quel nome	il file si chiama gia cosi
2026-08-03T16:00:54	Gambe e Glutei	Squat corpo libero.gif	Squat corpo libero.gif	9bf078772d3b4afde76826ec8dffc878544353af72b2660d59e7178cb9f1ca2b	gia con quel nome	il file si chiama gia cosi
2026-08-03T16:00:54	Gambe e Glutei	Squat cosacco.gif	Squat cosacco.gif	88356c85eadd2df87324b869fe3b02bcd2d454062f63181a77b7213c5d3dd893	gia con quel nome	il file si chiama gia cosi
2026-08-03T16:00:54	Gambe e Glutei	Squat elastico braccia alte.gif	Squat elastico braccia alte.gif	3927ec7c2413b5417cfe8e7c31dae52e83c35265d68e609a942d37c3a78cb82e	gia con quel nome	il file si chiama gia cosi
2026-08-03T16:00:54	Gambe e Glutei	Squat bilanciere frontale.gif	Squat bilanciere frontale.gif	e6605bcdad3f6579d265e0d2d0bb69efbb2ff7e6dc2067d954619c89f7413e6e	gia con quel nome	il file si chiama gia cosi
2026-08-03T16:00:54	Gambe e Glutei	Squat torsione ginocchio alto.gif	Squat torsione ginocchio alto.gif	8acd67cdd91098459064db42dcfdf5c94cd767526e667d05c14d08742a460739	gia con quel nome	il file si chiama gia cosi
2026-08-03T16:00:54	Gambe e Glutei	Squat goblet kettlebell banda.gif	Squat goblet kettlebell banda.gif	79aef9ca93ec5cac7ab66d2c5dbc7df03e8cc680af566f85cb2817601d7d924b	gia con quel nome	il file si chiama gia cosi
2026-08-03T16:00:54	Gambe e Glutei	Squat hack machine.gif	Squat hack machine.gif	70e04f664d37a10ef5d81db4aeeb3c115082c5e1104d179f241e190f8e72414a	gia con quel nome	il file si chiama gia cosi
2026-08-03T16:00:54	Gambe e Glutei	Squat inverso hack machine.gif	Squat inverso hack machine.gif	75328f32765c95024ca5c537ccd38b7c1bf80c77194d6624bb839445823c7d9f	gia con quel nome	il file si chiama gia cosi
2026-08-03T16:00:54	Gambe e Glutei	Squat manubri.gif	Squat manubri.gif	b80ed62ddecc7249d7a91862d1e697ad97b7bfe6acf7f1e22bd9bfe3c48c18de	gia con quel nome	il file si chiama gia cosi
2026-08-03T16:00:54	Gambe e Glutei	Squat multipower.gif	Squat multipower.gif	b1c24965c7c5217c4c3caac0d9211867485d960b81f407a4d22ef8f2bb274883	gia con quel nome	il file si chiama gia cosi
2026-08-03T16:00:54	Gambe e Glutei	Squat wall fitball.gif	Squat wall fitball.gif	6ba72710aed06cd82a34d53c5f6fe1e0f34aa80d70570a8403da04bc5e41a1cb	gia con quel nome	il file si chiama gia cosi
2026-08-03T16:00:54	Gambe e Glutei	Squat manubri seduto su panca.gif	Squat manubri seduto su panca.gif	b66a750d54c81cfbb67564ccb2685e720b21d203fde5deca84679b38d41c69e9	gia con quel nome	il file si chiama gia cosi
2026-08-03T16:00:54	Gambe e Glutei	Squat profondo bilanciere.gif	Squat profondo bilanciere.gif	44b6d5f224cb8e4cd6322fc73521f14461e1853d0851ffc153d36792e40069a2	gia con quel nome	il file si chiama gia cosi
2026-08-03T16:00:54	Gambe e Glutei	Squat sumo bilanciere frontale.gif	Squat sumo bilanciere frontale.gif	912e9c482a0418040a7a6c344b5424f8241fdf5a2054a81c886eef7edf481b85	gia con quel nome	il file si chiama gia cosi
2026-08-03T16:00:54	Gambe e Glutei	Squat sumo corpo libero braccia distese.gif	Squat sumo corpo libero braccia distese.gif	41ca83090ef0db41dac62df77a8519c30f8bba6b32095d86bba7b53ebbd74572	gia con quel nome	il file si chiama gia cosi
2026-08-03T16:00:54	Gambe e Glutei	Squat sumo corpo libero mani al petto.gif	Squat sumo corpo libero mani al petto.gif	7b98bdec1a4dd54ce9bc3958cd9fbaa48d88ebd583bf7cb5d000f7a3447e0352	gia con quel nome	il file si chiama gia cosi
2026-08-03T16:00:54	Gambe e Glutei	Squat sumo manubrio.gif	Squat sumo manubrio.gif	0c4ca1d84bdb7eef33e72bb580bcaebbf63b1b21c3d6878f547146811a6726db	gia con quel nome	il file si chiama gia cosi
2026-08-03T16:00:54	Gambe e Glutei	Squat wall ball palla medica.gif	Squat wall ball palla medica.gif	710f513cf7df6749f80653e9e87dc022f047eb426f0ea4bd5238d538877c3612	gia con quel nome	il file si chiama gia cosi
2026-08-03T16:00:54	Gambe e Glutei	Squat wall sit inclinazione alternata.gif	Squat wall sit inclinazione alternata.gif	1a35a3fe2f3b857ae0464ad22cd4958ba5ed49a185719a7d157ae4fcc99af38a	gia con quel nome	il file si chiama gia cosi
2026-08-03T16:00:54	Gambe e Glutei	Squat sumo bilanciere.gif	Squat sumo bilanciere.gif	d2bb04e1246596210448c7666bd6e48e1be9e4cebdeea4c0ff836153b5a1601f	gia con quel nome	il file si chiama gia cosi
2026-08-03T16:00:54	Gambe e Glutei	Squat wall sit.gif	Squat wall sit.gif	10a09fa7466577f5fbaac35659348e97b884d35b5d733c9eff700461e98f2c32	gia con quel nome	il file si chiama gia cosi
2026-08-03T16:00:54	Gambe e Glutei	Affondo profondo una gamba.gif	Affondo profondo una gamba.gif	cc8369de4b281ce25975e7c0352b3d93c5f9e4b566446faae052954d2302a0f7	gia con quel nome	il file si chiama gia cosi
2026-08-03T16:00:54	Gambe e Glutei	Squat bulgaro corpo libero.gif	Squat bulgaro corpo libero.gif	28dd4732693d7d04fdafa88db627dd12e38dd0671a59b0dd3bf1e56ff835d599	gia con quel nome	il file si chiama gia cosi
2026-08-03T16:00:54	Gambe e Glutei	Squat bulgaro bilanciere.gif	Squat bulgaro bilanciere.gif	c81c93122bcf59ecbb71341cc109de14237ed54a66042cbf8897ec8d001e92f6	gia con quel nome	il file si chiama gia cosi
2026-08-03T16:00:54	Gambe e Glutei	Squat bulgaro manubri.gif	Squat bulgaro manubri.gif	f6fb56b663ccb97df557e9edee16b994b0dbd6231c7799317eb38ceaa100c986	gia con quel nome	il file si chiama gia cosi
2026-08-03T16:00:54	Gambe e Glutei	Squat hawaiano.gif	Squat hawaiano.gif	b5aca689631e5b840739ffb7e69968619d79feb2862c326b38d7d40d270409d3	gia con quel nome	il file si chiama gia cosi
2026-08-03T16:00:54	Gambe e Glutei	Pistol squat assistito.gif	Pistol squat assistito.gif	bd19e6f7b7e7b534929070ef5d8dc1f45f5ba640c9d4d12a0be221b168d8bd77	gia con quel nome	il file si chiama gia cosi
2026-08-03T16:00:54	Gambe e Glutei	Pistol squat su box.gif	Pistol squat su box.gif	96f55e295049a643332324a8fbe7f8049b54dd3fbb121c464018916b10ec04a4	gia con quel nome	il file si chiama gia cosi
2026-08-03T16:00:54	Gambe e Glutei	Pistol squat corpo libero.gif	Pistol squat corpo libero.gif	50b260f35c0ba8381efd54be486dcd493865ab435aae3a729d3e842e2f651d48	gia con quel nome	il file si chiama gia cosi
2026-08-03T16:00:54	Gambe e Glutei	Pistol squat kettlebell.gif	Pistol squat kettlebell.gif	3ad266121a01ba6158276d205b0c72e5658a149338eef7c60a1c879b9e8c7498	gia con quel nome	il file si chiama gia cosi
2026-08-03T16:00:54	Gambe e Glutei	Pistol squat manubrio stesso lato.gif	Pistol squat manubrio stesso lato.gif	0b1097d802adf22ee5016caf33fb456adb8d559b878aeb5b904501e076bc8927	gia con quel nome	il file si chiama gia cosi
2026-08-03T16:00:54	Gambe e Glutei	Pistol squat seduto su box.gif	Pistol squat seduto su box.gif	1b6f327823bf4b87890331d300797096106ca2e08898c2b9d386bb0da0e66e1b	gia con quel nome	il file si chiama gia cosi
2026-08-03T16:00:54	Gambe e Glutei	Pistol squat TRX.gif	Pistol squat TRX.gif	344459a989277a53f986e05887fb3bbf6dfb9198ae8aabbe4f2bb9b23dc7e600	gia con quel nome	il file si chiama gia cosi
2026-08-03T16:00:54	Gambe e Glutei	Squat shrimp.gif	Squat shrimp.gif	981f0611e0ccdc4721e3bc23cc97451a5f686ac5cfd0c99856ab0e39a506f720	gia con quel nome	il file si chiama gia cosi
2026-08-03T16:00:54	Gambe e Glutei	Squat sissy in ginocchio.gif	Squat sissy in ginocchio.gif	b87dc9f6e10a093ead1bffc880dc5692773e84f8080083724e5d1f0e0f4d2bad	gia con quel nome	il file si chiama gia cosi
2026-08-03T16:00:54	Gambe e Glutei	Squat skater una gamba.gif	Squat skater una gamba.gif	5a35a64bbf4b16af9b99e4b249219cfd028c9b8855b7270be1072ecb0de4dfbc	gia con quel nome	il file si chiama gia cosi
2026-08-03T16:00:54	Gambe e Glutei	Squat seduto su step.gif	Squat seduto su step.gif	a3529953dec275883fd6986dc4f7d02bd4e2238da73ba51173a4cb265f924cd8	gia con quel nome	il file si chiama gia cosi
2026-08-03T16:00:54	Gambe e Glutei	Affondo inverso con knee drive.gif	Affondo inverso con knee drive.gif	e564fed566cf957a976ad9bb00cecc71a7f06b23a769143f5cd6aead904a133a	gia con quel nome	il file si chiama gia cosi
2026-08-03T16:00:54	Gambe e Glutei	Affondo unilaterale sul posto a corpo libero.gif	Affondo corpo libero sul posto.gif	c200128141d1be1956108ec277f6cf44565152f36682f23bf3df7eb8f9777001	niente da fare sul Mac	nessun file sul Mac: si rinomina in migrazione
2026-08-03T16:00:54	Gambe e Glutei	Affondo avanti alternato.gif	Affondo avanti alternato.gif	e7c875251c94a43e7a7606b6e062338cb68dfd5680461ff0af4eab1a6aa55ea9	gia con quel nome	il file si chiama gia cosi
2026-08-03T16:00:54	Gambe e Glutei	Affondo avanti bilanciere.gif	Affondo avanti bilanciere.gif	393e4a459e72ac14a2dc6e53e59d299a9a5c3f00b321d97608f9dc17908c8db1	gia con quel nome	il file si chiama gia cosi
2026-08-03T16:00:54	Gambe e Glutei	Affondo avanti manubri.gif	Affondo avanti manubri.gif	a5a7bc30add78a15ff98521e7fe825e7487260112012aa20a0b1d55616319727	gia con quel nome	il file si chiama gia cosi
2026-08-03T16:00:54	Gambe e Glutei	Affondo avanti parziale manubri.gif	Affondo avanti parziale manubri.gif	2485ad2e6b5c4f8b0471310205d595745df64b5149803f82d7c08d8c4e4fa9ff	gia con quel nome	il file si chiama gia cosi
2026-08-03T16:00:54	Gambe e Glutei	Affondo barra elastico sul posto.gif	Affondo barra elastico sul posto.gif	9abf8554bc761785893d83381662e9cdbe0a9e13292bdbad114c0fb8476dbc78	gia con quel nome	il file si chiama gia cosi
2026-08-03T16:00:54	Gambe e Glutei	Affondo bilanciere sul posto.gif	Affondo bilanciere sul posto.gif	1520562ea588eec8b3724f02472a050f41e66d0a382088a9b75e263693066683	gia con quel nome	il file si chiama gia cosi
2026-08-03T16:00:54	Gambe e Glutei	Affondo inverso Bosu con knee drive.gif	Affondo inverso Bosu con knee drive.gif	c52787af2dd05b77d22a5c0d902f75ccc7f6b5bd28c7796fb5be3fd2bfd41068	gia con quel nome	il file si chiama gia cosi
2026-08-03T16:00:54	Gambe e Glutei	Affondo camminato con knee drive.gif	Affondo camminato con knee drive.gif	071992bf16eccc3305771c9f9a6075b3a83c63f2bf3fba3ea7b58d0c2dd190ba	gia con quel nome	il file si chiama gia cosi
2026-08-03T16:00:54	Gambe e Glutei	Affondo sul posto.gif	Affondo sul posto.gif	fc602a542d5afa607b994b5fa8248e884b8ab84e2f4d314c921139993d7bb549	gia con quel nome	il file si chiama gia cosi
2026-08-03T16:00:54	Gambe e Glutei	Affondo incrociato indietro bilanciere.gif	Affondo incrociato indietro bilanciere.gif	7c6ff54f4d3c56e11f2547b6b7a6921a4aca4f2d99269542044277dbaed7ab59	gia con quel nome	il file si chiama gia cosi
2026-08-03T16:00:54	Gambe e Glutei	Affondo indietro bilanciere.gif	Affondo indietro bilanciere.gif	a4412c5fab9e3f1739c023afb1a9899340f309a93fae84e5c000115a71ba19ef	gia con quel nome	il file si chiama gia cosi
2026-08-03T16:00:54	Gambe e Glutei	Affondo indietro manubri.gif	Affondo indietro manubri.gif	b72a1e6cf4fdd01f8f30e6769e039678bbf9e724796db8938743d78a33fcb476	gia con quel nome	il file si chiama gia cosi
2026-08-03T16:00:54	Gambe e Glutei	Affondo laterale alternato.gif	Affondo laterale alternato.gif	42049265076674d662e70b46efeb83bbad46796f76f3172acbaa0e35d4844b8c	gia con quel nome	il file si chiama gia cosi
2026-08-03T16:00:54	Gambe e Glutei	Affondo laterale bilanciere.gif	Affondo laterale bilanciere.gif	ad56ceacdee2e6d493bd4a6378b297009dea86742d417086294bea4a7c8069ba	gia con quel nome	il file si chiama gia cosi
2026-08-03T16:00:54	Gambe e Glutei	Affondo laterale manubri.gif	Affondo laterale manubri.gif	185313ac198178da31cc1b443263df6a1281eab8961222b7a863fb80e1d913b2	gia con quel nome	il file si chiama gia cosi
2026-08-03T16:00:54	Gambe e Glutei	Affondo multipower.gif	Affondo multipower.gif	6f6e56838a6afb79d88b3434cabbbec04c1a75c95822473607fa0bbef183f2d6	gia con quel nome	il file si chiama gia cosi
2026-08-03T16:00:54	Gambe e Glutei	Affondo maniglie elastico sul posto.gif	Affondo maniglie elastico sul posto.gif	7d11efd0eaef29bc0a76539aa48caa720e2f5df4a03e4c099d693ac70b719972	gia con quel nome	il file si chiama gia cosi
2026-08-03T16:00:54	Gambe e Glutei	Camminata manubri.gif	Camminata manubri.gif	f952f75c65cc562af2eeac5b6c96c0d884dd1ec2a016dc48bc62e79a697f64a8	gia con quel nome	il file si chiama gia cosi
2026-08-03T16:00:54	Gambe e Glutei	Camminata squat.gif	Camminata squat.gif	a4f01d1a040b20588d9f25a19976ff75bb38957d7a990422405d66b6d5f440ae	gia con quel nome	il file si chiama gia cosi
2026-08-03T16:00:54	Gambe e Glutei	Leg extension macchina.gif	Leg extension macchina.gif	3b91cf1047fa467e7f6bf84d3e4856b3a4ef39771265e8dda96e34c17a089a65	gia con quel nome	il file si chiama gia cosi
2026-08-03T16:00:54	Gambe e Glutei	Leg extension macchina una gamba.gif	Leg extension macchina una gamba.gif	4509a38a5ec155ea9d5d407985f264210f3c4f61f278d7f2975f36ebd38c0ba6	gia con quel nome	il file si chiama gia cosi
2026-08-03T16:00:54	Gambe e Glutei	Leg press 45 gradi.gif	Leg press 45 gradi.gif	8df5f83c669593ebe552cef07e968c55215addc14e0ff8a45f2c57000a4c227d	gia con quel nome	il file si chiama gia cosi
2026-08-03T16:00:54	Gambe e Glutei	Leg press 45 gradi una gamba.gif	Leg press 45 gradi una gamba.gif	bbf585e7b1d26c3ff68786c36f2905c0567fa68daf8eb99d665676c17fd7726e	gia con quel nome	il file si chiama gia cosi
2026-08-03T16:00:54	Gambe e Glutei	Leg press alternato barra elastico supino.gif	Leg press alternato barra elastico supino.gif	20162d5031162702b4b9dac80e9296b8584b342ed6d1103e97a932582c764b85	gia con quel nome	il file si chiama gia cosi
2026-08-03T16:00:54	Gambe e Glutei	Leg press orizzontale macchina.gif	Leg press orizzontale macchina.gif	e1ac12ec44657dcff545989874baa8eaba1f3b39741279f976a03121c40ba390	gia con quel nome	il file si chiama gia cosi
2026-08-03T16:00:54	Gambe e Glutei	Girata al petto bilanciere.gif	Girata al petto bilanciere.gif	3c81053bd441bf07b8ca04acca47b92c62639b74daa2c50cf85dcefc59398499	gia con quel nome	il file si chiama gia cosi
2026-08-03T16:00:54	Gambe e Glutei	Good morning bilanciere.gif	Good morning bilanciere.gif	986bff59711cb40b108871c67972db98cf4711720e8b5190e01ce579cc0e4728	gia con quel nome	il file si chiama gia cosi
2026-08-03T16:00:54	Gambe e Glutei	Good morning manubrio.gif	Good morning manubrio.gif	6fe44ab0098ed73fc28ad8113a1c241fa4777358e0732b487af3ee900d056bc6	gia con quel nome	il file si chiama gia cosi
2026-08-03T16:00:54	Gambe e Glutei	Stacco rumeno una gamba maniglie elastico.gif	Stacco rumeno una gamba maniglie elastico.gif	71966d49b0618b868e2d563e52f723fe8a435c6fbecb028e40199c0b173ce415	gia con quel nome	il file si chiama gia cosi
2026-08-03T16:00:54	Gambe e Glutei	Stacco da terra bilanciere.gif	Stacco da terra bilanciere.gif	15a57eb444d733c52d7a4053f61643fbb26a3543f0d00b9656cd31f819eeca81	gia con quel nome	il file si chiama gia cosi
2026-08-03T16:00:54	Gambe e Glutei	Stacco da terra macchina presa neutra.gif	Stacco da terra macchina presa neutra.gif	7f183e40e0584525c4f08ad1eb0752d629025494def47d030bccc5cb41df29a9	gia con quel nome	il file si chiama gia cosi
2026-08-03T16:00:54	Gambe e Glutei	Stacco da terra manubri.gif	Stacco da terra manubri.gif	87cc308c4759f64506d8dc533d300bda38dde1f952147717ef19dd6ab01f5042	gia con quel nome	il file si chiama gia cosi
2026-08-03T16:00:54	Gambe e Glutei	Stacco da terra sumo bilanciere.gif	Stacco da terra sumo bilanciere.gif	2161fe48ec15af859b481f43cbdb75f0827c2ee67413b9eac3e94a071c7b6844	gia con quel nome	il file si chiama gia cosi
2026-08-03T16:00:54	Gambe e Glutei	Stacco da terra trap bar.gif	Stacco da terra trap bar.gif	66e0c09ab6c3089c68747ed92bd5e86436661407487a118f99dad90df207de20	gia con quel nome	il file si chiama gia cosi
2026-08-03T16:00:54	Gambe e Glutei	Stacco gambe tese bilanciere (Barbell stiff-leg deadlift).gif	Stacco gambe tese bilanciere.gif	2badabdb6c8473e87290897855aa693708596ad4abcc8f8e43768bc06bf214f0	rinominato	
2026-08-03T16:00:54	Gambe e Glutei	Stacco gambe tese manubri (Dumbbell stiff-leg deadlift).gif	Stacco gambe tese manubri.gif	a90b74bedb880e4e3b1652da7e0883e2c38ff70e33afa7b41396e9e220749bee	rinominato	
2026-08-03T16:00:54	Gambe e Glutei	Stacco gambe tese multipower (Smith machine stiff-leg deadlift).gif	Stacco gambe tese multipower.gif	5f8d86ff79eee25bf37bce42f045cbbc848dc3af1309fef89df368c25e617ba7	rinominato	
2026-08-03T16:00:54	Gambe e Glutei	Stacco monopodalico.gif	Stacco rumeno una gamba.gif	3a3d0c676837b5a88739ff2a73561742db542f346884bea20cbff64637d32711	rinominato	
2026-08-03T16:00:54	Gambe e Glutei	Stacco rumeno bilanciere (Barbell romanian deadlift).gif	Stacco rumeno bilanciere.gif	6408358f337d24be43a70149bed1c45a8cef0f7bf79e5694fcf38375f1bd7315	rinominato	
2026-08-03T16:00:54	Gambe e Glutei	Stacco rumeno manubri (Dumbbell romanian deadlift).gif	Stacco rumeno manubri.gif	8d5eb185bbfa050b83d395997b9aef39edbe540029389b65c99fab33637cc27b	rinominato	
2026-08-03T16:00:54	Gambe e Glutei	Stacco rumeno una gamba corpo libero palla medica (Single-leg romanian deadlift with medicine ball).gif	Stacco rumeno una gamba palla medica.gif	e874d1e8ebf510af12771ecbf13641202d00f611565b0934fc909b699a8021ee	rinominato	
2026-08-03T16:00:54	Gambe e Glutei	Stacco rumeno una gamba kettlebell (Single-leg kettlebell romanian deadlift).gif	Stacco rumeno una gamba kettlebell.gif	33ca04bb86160767b71426af9a5c29991ae6aca31400d6715f3aa94e9d02057b	rinominato	
2026-08-03T16:00:54	Gambe e Glutei	Stacco rumeno una gamba manubri (Single-leg dumbbell romanian deadlift).gif	Stacco rumeno una gamba manubri.gif	9c38b502463fa98c518afe0f80e030289039e3b32106bcc31d1948fe878ea546	rinominato	
2026-08-03T16:00:54	Gambe e Glutei	Stacco rumeno una gamba multipower (Smith machine unilateral romanian deadlift).gif	Stacco rumeno una gamba multipower.gif	b74e09fd01ae559deb27240898221efaf3965400c85dd75ca1c2571f6458891d	rinominato	
2026-08-03T16:00:54	Gambe e Glutei	Swing maniglie elastico barra piedi.gif	Swing elastico maniglie.gif	8985b3f51bdf676005206b9a4e679d9f79d7b0f10dc7db8c330f6b3cb8a58d31	rinominato	
2026-08-03T16:40:43	Gambe e Glutei	Squat barra elastico.gif	Squat barra elastico.gif	21ffc120fe95b3122340eab79aac151f123bc49082f7d2ef71b3e2687fcb0452	gia con quel nome	il file si chiama gia cosi
2026-08-03T16:40:43	Gambe e Glutei	Squat bilanciere.gif	Squat bilanciere.gif	7a0b33d7c67823493e97ca649ee2f9edd2ab6a5c05a4f48e3636440e68a0e749	gia con quel nome	il file si chiama gia cosi
2026-08-03T16:40:43	Gambe e Glutei	Squat bilanciere al rack.gif	Squat bilanciere al rack.gif	e5641ea4bf94dbcf5922d6dd5ddfac0cb8599c3f48b583d2b46109bf884e89fa	gia con quel nome	il file si chiama gia cosi
2026-08-03T16:40:43	Gambe e Glutei	Squat bilanciere landmine.gif	Squat bilanciere landmine.gif	210ccb4f95a26476675450fcc84c8c7646d68fc8fa97c8cfe6dc26cbcff3f14b	gia con quel nome	il file si chiama gia cosi
2026-08-03T16:40:43	Gambe e Glutei	Squat calcio laterale.gif	Squat calcio laterale.gif	8678172072528fb0150ffca39c5fd3c68d445cf20e8a4d9d75c0aaea9472f753	gia con quel nome	il file si chiama gia cosi
2026-08-03T16:40:43	Gambe e Glutei	Squat cavi bassi.gif	Squat cavi bassi.gif	312a834ecbd28e0dce80d2c2313590dae1c70e49e4791b0cbf55d2dbcef2772b	gia con quel nome	il file si chiama gia cosi
2026-08-03T16:40:43	Gambe e Glutei	Squat cavo basso.gif	Squat cavo basso.gif	c309f2e7e286f1c641ba2cc6c7accd31e044a56f44fa1260f1b0574811053f81	gia con quel nome	il file si chiama gia cosi
2026-08-03T16:40:43	Gambe e Glutei	Squat corpo libero.gif	Squat corpo libero.gif	9bf078772d3b4afde76826ec8dffc878544353af72b2660d59e7178cb9f1ca2b	gia con quel nome	il file si chiama gia cosi
2026-08-03T16:40:43	Gambe e Glutei	Squat cosacco.gif	Squat cosacco.gif	88356c85eadd2df87324b869fe3b02bcd2d454062f63181a77b7213c5d3dd893	gia con quel nome	il file si chiama gia cosi
2026-08-03T16:40:43	Gambe e Glutei	Squat elastico braccia alte.gif	Squat elastico braccia alte.gif	3927ec7c2413b5417cfe8e7c31dae52e83c35265d68e609a942d37c3a78cb82e	gia con quel nome	il file si chiama gia cosi
2026-08-03T16:40:43	Gambe e Glutei	Squat bilanciere frontale.gif	Squat bilanciere frontale.gif	e6605bcdad3f6579d265e0d2d0bb69efbb2ff7e6dc2067d954619c89f7413e6e	gia con quel nome	il file si chiama gia cosi
2026-08-03T16:40:43	Gambe e Glutei	Squat torsione ginocchio alto.gif	Squat torsione ginocchio alto.gif	8acd67cdd91098459064db42dcfdf5c94cd767526e667d05c14d08742a460739	gia con quel nome	il file si chiama gia cosi
2026-08-03T16:40:43	Gambe e Glutei	Squat goblet kettlebell banda.gif	Squat goblet kettlebell banda.gif	79aef9ca93ec5cac7ab66d2c5dbc7df03e8cc680af566f85cb2817601d7d924b	gia con quel nome	il file si chiama gia cosi
2026-08-03T16:40:43	Gambe e Glutei	Squat hack machine.gif	Squat hack machine.gif	70e04f664d37a10ef5d81db4aeeb3c115082c5e1104d179f241e190f8e72414a	gia con quel nome	il file si chiama gia cosi
2026-08-03T16:40:43	Gambe e Glutei	Squat inverso hack machine.gif	Squat inverso hack machine.gif	75328f32765c95024ca5c537ccd38b7c1bf80c77194d6624bb839445823c7d9f	gia con quel nome	il file si chiama gia cosi
2026-08-03T16:40:43	Gambe e Glutei	Squat manubri.gif	Squat manubri.gif	b80ed62ddecc7249d7a91862d1e697ad97b7bfe6acf7f1e22bd9bfe3c48c18de	gia con quel nome	il file si chiama gia cosi
2026-08-03T16:40:43	Gambe e Glutei	Squat multipower.gif	Squat multipower.gif	b1c24965c7c5217c4c3caac0d9211867485d960b81f407a4d22ef8f2bb274883	gia con quel nome	il file si chiama gia cosi
2026-08-03T16:40:43	Gambe e Glutei	Squat wall fitball.gif	Squat wall fitball.gif	6ba72710aed06cd82a34d53c5f6fe1e0f34aa80d70570a8403da04bc5e41a1cb	gia con quel nome	il file si chiama gia cosi
2026-08-03T16:40:43	Gambe e Glutei	Squat manubri seduto su panca.gif	Squat manubri seduto su panca.gif	b66a750d54c81cfbb67564ccb2685e720b21d203fde5deca84679b38d41c69e9	gia con quel nome	il file si chiama gia cosi
2026-08-03T16:40:43	Gambe e Glutei	Squat profondo bilanciere.gif	Squat profondo bilanciere.gif	44b6d5f224cb8e4cd6322fc73521f14461e1853d0851ffc153d36792e40069a2	gia con quel nome	il file si chiama gia cosi
2026-08-03T16:40:43	Gambe e Glutei	Squat sumo bilanciere frontale.gif	Squat sumo bilanciere frontale.gif	912e9c482a0418040a7a6c344b5424f8241fdf5a2054a81c886eef7edf481b85	gia con quel nome	il file si chiama gia cosi
2026-08-03T16:40:43	Gambe e Glutei	Squat sumo corpo libero braccia distese.gif	Squat sumo corpo libero braccia distese.gif	41ca83090ef0db41dac62df77a8519c30f8bba6b32095d86bba7b53ebbd74572	gia con quel nome	il file si chiama gia cosi
2026-08-03T16:40:43	Gambe e Glutei	Squat sumo corpo libero mani al petto.gif	Squat sumo corpo libero mani al petto.gif	7b98bdec1a4dd54ce9bc3958cd9fbaa48d88ebd583bf7cb5d000f7a3447e0352	gia con quel nome	il file si chiama gia cosi
2026-08-03T16:40:43	Gambe e Glutei	Squat sumo manubrio.gif	Squat sumo manubrio.gif	0c4ca1d84bdb7eef33e72bb580bcaebbf63b1b21c3d6878f547146811a6726db	gia con quel nome	il file si chiama gia cosi
2026-08-03T16:40:43	Gambe e Glutei	Squat wall ball palla medica.gif	Squat wall ball palla medica.gif	710f513cf7df6749f80653e9e87dc022f047eb426f0ea4bd5238d538877c3612	gia con quel nome	il file si chiama gia cosi
2026-08-03T16:40:43	Gambe e Glutei	Squat wall sit inclinazione alternata.gif	Squat wall sit inclinazione alternata.gif	1a35a3fe2f3b857ae0464ad22cd4958ba5ed49a185719a7d157ae4fcc99af38a	gia con quel nome	il file si chiama gia cosi
2026-08-03T16:40:43	Gambe e Glutei	Squat sumo bilanciere.gif	Squat sumo bilanciere.gif	d2bb04e1246596210448c7666bd6e48e1be9e4cebdeea4c0ff836153b5a1601f	gia con quel nome	il file si chiama gia cosi
2026-08-03T16:40:43	Gambe e Glutei	Squat wall sit.gif	Squat wall sit.gif	10a09fa7466577f5fbaac35659348e97b884d35b5d733c9eff700461e98f2c32	gia con quel nome	il file si chiama gia cosi
2026-08-03T16:40:43	Gambe e Glutei	Affondo profondo una gamba.gif	Affondo profondo una gamba.gif	cc8369de4b281ce25975e7c0352b3d93c5f9e4b566446faae052954d2302a0f7	gia con quel nome	il file si chiama gia cosi
2026-08-03T16:40:43	Gambe e Glutei	Squat bulgaro corpo libero.gif	Squat bulgaro corpo libero.gif	28dd4732693d7d04fdafa88db627dd12e38dd0671a59b0dd3bf1e56ff835d599	gia con quel nome	il file si chiama gia cosi
2026-08-03T16:40:43	Gambe e Glutei	Squat bulgaro bilanciere.gif	Squat bulgaro bilanciere.gif	c81c93122bcf59ecbb71341cc109de14237ed54a66042cbf8897ec8d001e92f6	gia con quel nome	il file si chiama gia cosi
2026-08-03T16:40:43	Gambe e Glutei	Squat bulgaro manubri.gif	Squat bulgaro manubri.gif	f6fb56b663ccb97df557e9edee16b994b0dbd6231c7799317eb38ceaa100c986	gia con quel nome	il file si chiama gia cosi
2026-08-03T16:40:43	Gambe e Glutei	Squat hawaiano.gif	Squat hawaiano.gif	b5aca689631e5b840739ffb7e69968619d79feb2862c326b38d7d40d270409d3	gia con quel nome	il file si chiama gia cosi
2026-08-03T16:40:43	Gambe e Glutei	Pistol squat assistito.gif	Pistol squat assistito.gif	bd19e6f7b7e7b534929070ef5d8dc1f45f5ba640c9d4d12a0be221b168d8bd77	gia con quel nome	il file si chiama gia cosi
2026-08-03T16:40:43	Gambe e Glutei	Pistol squat su box.gif	Pistol squat su box.gif	96f55e295049a643332324a8fbe7f8049b54dd3fbb121c464018916b10ec04a4	gia con quel nome	il file si chiama gia cosi
2026-08-03T16:40:43	Gambe e Glutei	Pistol squat corpo libero.gif	Pistol squat corpo libero.gif	50b260f35c0ba8381efd54be486dcd493865ab435aae3a729d3e842e2f651d48	gia con quel nome	il file si chiama gia cosi
2026-08-03T16:40:43	Gambe e Glutei	Pistol squat kettlebell.gif	Pistol squat kettlebell.gif	3ad266121a01ba6158276d205b0c72e5658a149338eef7c60a1c879b9e8c7498	gia con quel nome	il file si chiama gia cosi
2026-08-03T16:40:43	Gambe e Glutei	Pistol squat manubrio stesso lato.gif	Pistol squat manubrio stesso lato.gif	0b1097d802adf22ee5016caf33fb456adb8d559b878aeb5b904501e076bc8927	gia con quel nome	il file si chiama gia cosi
2026-08-03T16:40:43	Gambe e Glutei	Pistol squat seduto su box.gif	Pistol squat seduto su box.gif	1b6f327823bf4b87890331d300797096106ca2e08898c2b9d386bb0da0e66e1b	gia con quel nome	il file si chiama gia cosi
2026-08-03T16:40:43	Gambe e Glutei	Pistol squat TRX.gif	Pistol squat TRX.gif	344459a989277a53f986e05887fb3bbf6dfb9198ae8aabbe4f2bb9b23dc7e600	gia con quel nome	il file si chiama gia cosi
2026-08-03T16:40:43	Gambe e Glutei	Squat shrimp.gif	Squat shrimp.gif	981f0611e0ccdc4721e3bc23cc97451a5f686ac5cfd0c99856ab0e39a506f720	gia con quel nome	il file si chiama gia cosi
2026-08-03T16:40:43	Gambe e Glutei	Squat sissy in ginocchio.gif	Squat sissy in ginocchio.gif	b87dc9f6e10a093ead1bffc880dc5692773e84f8080083724e5d1f0e0f4d2bad	gia con quel nome	il file si chiama gia cosi
2026-08-03T16:40:43	Gambe e Glutei	Squat skater una gamba.gif	Squat skater una gamba.gif	5a35a64bbf4b16af9b99e4b249219cfd028c9b8855b7270be1072ecb0de4dfbc	gia con quel nome	il file si chiama gia cosi
2026-08-03T16:40:43	Gambe e Glutei	Squat seduto su step.gif	Squat seduto su step.gif	a3529953dec275883fd6986dc4f7d02bd4e2238da73ba51173a4cb265f924cd8	gia con quel nome	il file si chiama gia cosi
2026-08-03T16:40:43	Gambe e Glutei	Affondo inverso con knee drive.gif	Affondo inverso con knee drive.gif	e564fed566cf957a976ad9bb00cecc71a7f06b23a769143f5cd6aead904a133a	gia con quel nome	il file si chiama gia cosi
2026-08-03T16:40:43	Gambe e Glutei	Affondo unilaterale sul posto a corpo libero.gif	Affondo corpo libero sul posto.gif	c200128141d1be1956108ec277f6cf44565152f36682f23bf3df7eb8f9777001	niente da fare sul Mac	nessun file sul Mac: si rinomina in migrazione
2026-08-03T16:40:43	Gambe e Glutei	Affondo avanti alternato.gif	Affondo avanti alternato.gif	e7c875251c94a43e7a7606b6e062338cb68dfd5680461ff0af4eab1a6aa55ea9	gia con quel nome	il file si chiama gia cosi
2026-08-03T16:40:43	Gambe e Glutei	Affondo avanti bilanciere.gif	Affondo avanti bilanciere.gif	393e4a459e72ac14a2dc6e53e59d299a9a5c3f00b321d97608f9dc17908c8db1	gia con quel nome	il file si chiama gia cosi
2026-08-03T16:40:43	Gambe e Glutei	Affondo avanti manubri.gif	Affondo avanti manubri.gif	a5a7bc30add78a15ff98521e7fe825e7487260112012aa20a0b1d55616319727	gia con quel nome	il file si chiama gia cosi
2026-08-03T16:40:43	Gambe e Glutei	Affondo avanti parziale manubri.gif	Affondo avanti parziale manubri.gif	2485ad2e6b5c4f8b0471310205d595745df64b5149803f82d7c08d8c4e4fa9ff	gia con quel nome	il file si chiama gia cosi
2026-08-03T16:40:43	Gambe e Glutei	Affondo barra elastico sul posto.gif	Affondo barra elastico sul posto.gif	9abf8554bc761785893d83381662e9cdbe0a9e13292bdbad114c0fb8476dbc78	gia con quel nome	il file si chiama gia cosi
2026-08-03T16:40:43	Gambe e Glutei	Affondo bilanciere sul posto.gif	Affondo bilanciere sul posto.gif	1520562ea588eec8b3724f02472a050f41e66d0a382088a9b75e263693066683	gia con quel nome	il file si chiama gia cosi
2026-08-03T16:40:43	Gambe e Glutei	Affondo inverso Bosu con knee drive.gif	Affondo inverso Bosu con knee drive.gif	c52787af2dd05b77d22a5c0d902f75ccc7f6b5bd28c7796fb5be3fd2bfd41068	gia con quel nome	il file si chiama gia cosi
2026-08-03T16:40:43	Gambe e Glutei	Affondo camminato con knee drive.gif	Affondo camminato con knee drive.gif	071992bf16eccc3305771c9f9a6075b3a83c63f2bf3fba3ea7b58d0c2dd190ba	gia con quel nome	il file si chiama gia cosi
2026-08-03T16:40:43	Gambe e Glutei	Affondo sul posto.gif	Affondo sul posto.gif	fc602a542d5afa607b994b5fa8248e884b8ab84e2f4d314c921139993d7bb549	gia con quel nome	il file si chiama gia cosi
2026-08-03T16:40:43	Gambe e Glutei	Affondo incrociato indietro bilanciere.gif	Affondo incrociato indietro bilanciere.gif	7c6ff54f4d3c56e11f2547b6b7a6921a4aca4f2d99269542044277dbaed7ab59	gia con quel nome	il file si chiama gia cosi
2026-08-03T16:40:43	Gambe e Glutei	Affondo indietro bilanciere.gif	Affondo indietro bilanciere.gif	a4412c5fab9e3f1739c023afb1a9899340f309a93fae84e5c000115a71ba19ef	gia con quel nome	il file si chiama gia cosi
2026-08-03T16:40:43	Gambe e Glutei	Affondo indietro manubri.gif	Affondo indietro manubri.gif	b72a1e6cf4fdd01f8f30e6769e039678bbf9e724796db8938743d78a33fcb476	gia con quel nome	il file si chiama gia cosi
2026-08-03T16:40:43	Gambe e Glutei	Affondo laterale alternato.gif	Affondo laterale alternato.gif	42049265076674d662e70b46efeb83bbad46796f76f3172acbaa0e35d4844b8c	gia con quel nome	il file si chiama gia cosi
2026-08-03T16:40:43	Gambe e Glutei	Affondo laterale bilanciere.gif	Affondo laterale bilanciere.gif	ad56ceacdee2e6d493bd4a6378b297009dea86742d417086294bea4a7c8069ba	gia con quel nome	il file si chiama gia cosi
2026-08-03T16:40:43	Gambe e Glutei	Affondo laterale manubri.gif	Affondo laterale manubri.gif	185313ac198178da31cc1b443263df6a1281eab8961222b7a863fb80e1d913b2	gia con quel nome	il file si chiama gia cosi
2026-08-03T16:40:43	Gambe e Glutei	Affondo multipower.gif	Affondo multipower.gif	6f6e56838a6afb79d88b3434cabbbec04c1a75c95822473607fa0bbef183f2d6	gia con quel nome	il file si chiama gia cosi
2026-08-03T16:40:43	Gambe e Glutei	Affondo maniglie elastico sul posto.gif	Affondo maniglie elastico sul posto.gif	7d11efd0eaef29bc0a76539aa48caa720e2f5df4a03e4c099d693ac70b719972	gia con quel nome	il file si chiama gia cosi
2026-08-03T16:40:43	Gambe e Glutei	Camminata manubri.gif	Camminata manubri.gif	f952f75c65cc562af2eeac5b6c96c0d884dd1ec2a016dc48bc62e79a697f64a8	gia con quel nome	il file si chiama gia cosi
2026-08-03T16:40:43	Gambe e Glutei	Camminata squat.gif	Camminata squat.gif	a4f01d1a040b20588d9f25a19976ff75bb38957d7a990422405d66b6d5f440ae	gia con quel nome	il file si chiama gia cosi
2026-08-03T16:40:43	Gambe e Glutei	Leg extension macchina.gif	Leg extension macchina.gif	3b91cf1047fa467e7f6bf84d3e4856b3a4ef39771265e8dda96e34c17a089a65	gia con quel nome	il file si chiama gia cosi
2026-08-03T16:40:43	Gambe e Glutei	Leg extension macchina una gamba.gif	Leg extension macchina una gamba.gif	4509a38a5ec155ea9d5d407985f264210f3c4f61f278d7f2975f36ebd38c0ba6	gia con quel nome	il file si chiama gia cosi
2026-08-03T16:40:43	Gambe e Glutei	Leg press 45 gradi.gif	Leg press 45 gradi.gif	8df5f83c669593ebe552cef07e968c55215addc14e0ff8a45f2c57000a4c227d	gia con quel nome	il file si chiama gia cosi
2026-08-03T16:40:43	Gambe e Glutei	Leg press 45 gradi una gamba.gif	Leg press 45 gradi una gamba.gif	bbf585e7b1d26c3ff68786c36f2905c0567fa68daf8eb99d665676c17fd7726e	gia con quel nome	il file si chiama gia cosi
2026-08-03T16:40:43	Gambe e Glutei	Leg press alternato barra elastico supino.gif	Leg press alternato barra elastico supino.gif	20162d5031162702b4b9dac80e9296b8584b342ed6d1103e97a932582c764b85	gia con quel nome	il file si chiama gia cosi
2026-08-03T16:40:43	Gambe e Glutei	Leg press orizzontale macchina.gif	Leg press orizzontale macchina.gif	e1ac12ec44657dcff545989874baa8eaba1f3b39741279f976a03121c40ba390	gia con quel nome	il file si chiama gia cosi
2026-08-03T16:40:43	Gambe e Glutei	Girata al petto bilanciere.gif	Girata al petto bilanciere.gif	3c81053bd441bf07b8ca04acca47b92c62639b74daa2c50cf85dcefc59398499	gia con quel nome	il file si chiama gia cosi
2026-08-03T16:40:43	Gambe e Glutei	Good morning bilanciere.gif	Good morning bilanciere.gif	986bff59711cb40b108871c67972db98cf4711720e8b5190e01ce579cc0e4728	gia con quel nome	il file si chiama gia cosi
2026-08-03T16:40:43	Gambe e Glutei	Good morning manubrio.gif	Good morning manubrio.gif	6fe44ab0098ed73fc28ad8113a1c241fa4777358e0732b487af3ee900d056bc6	gia con quel nome	il file si chiama gia cosi
2026-08-03T16:40:43	Gambe e Glutei	Stacco rumeno una gamba maniglie elastico.gif	Stacco rumeno una gamba maniglie elastico.gif	71966d49b0618b868e2d563e52f723fe8a435c6fbecb028e40199c0b173ce415	gia con quel nome	il file si chiama gia cosi
2026-08-03T16:40:43	Gambe e Glutei	Stacco da terra bilanciere.gif	Stacco da terra bilanciere.gif	15a57eb444d733c52d7a4053f61643fbb26a3543f0d00b9656cd31f819eeca81	gia con quel nome	il file si chiama gia cosi
2026-08-03T16:40:43	Gambe e Glutei	Stacco da terra macchina presa neutra.gif	Stacco da terra macchina presa neutra.gif	7f183e40e0584525c4f08ad1eb0752d629025494def47d030bccc5cb41df29a9	gia con quel nome	il file si chiama gia cosi
2026-08-03T16:40:43	Gambe e Glutei	Stacco da terra manubri.gif	Stacco da terra manubri.gif	87cc308c4759f64506d8dc533d300bda38dde1f952147717ef19dd6ab01f5042	gia con quel nome	il file si chiama gia cosi
2026-08-03T16:40:43	Gambe e Glutei	Stacco da terra sumo bilanciere.gif	Stacco da terra sumo bilanciere.gif	2161fe48ec15af859b481f43cbdb75f0827c2ee67413b9eac3e94a071c7b6844	gia con quel nome	il file si chiama gia cosi
2026-08-03T16:40:43	Gambe e Glutei	Stacco da terra trap bar.gif	Stacco da terra trap bar.gif	66e0c09ab6c3089c68747ed92bd5e86436661407487a118f99dad90df207de20	gia con quel nome	il file si chiama gia cosi
2026-08-03T16:40:43	Gambe e Glutei	Stacco gambe tese bilanciere.gif	Stacco gambe tese bilanciere.gif	2badabdb6c8473e87290897855aa693708596ad4abcc8f8e43768bc06bf214f0	gia con quel nome	il file si chiama gia cosi
2026-08-03T16:40:43	Gambe e Glutei	Stacco gambe tese manubri.gif	Stacco gambe tese manubri.gif	a90b74bedb880e4e3b1652da7e0883e2c38ff70e33afa7b41396e9e220749bee	gia con quel nome	il file si chiama gia cosi
2026-08-03T16:40:43	Gambe e Glutei	Stacco gambe tese multipower.gif	Stacco gambe tese multipower.gif	5f8d86ff79eee25bf37bce42f045cbbc848dc3af1309fef89df368c25e617ba7	gia con quel nome	il file si chiama gia cosi
2026-08-03T16:40:43	Gambe e Glutei	Stacco rumeno una gamba.gif	Stacco rumeno una gamba.gif	3a3d0c676837b5a88739ff2a73561742db542f346884bea20cbff64637d32711	gia con quel nome	il file si chiama gia cosi
2026-08-03T16:40:43	Gambe e Glutei	Stacco rumeno bilanciere.gif	Stacco rumeno bilanciere.gif	6408358f337d24be43a70149bed1c45a8cef0f7bf79e5694fcf38375f1bd7315	gia con quel nome	il file si chiama gia cosi
2026-08-03T16:40:43	Gambe e Glutei	Stacco rumeno manubri.gif	Stacco rumeno manubri.gif	8d5eb185bbfa050b83d395997b9aef39edbe540029389b65c99fab33637cc27b	gia con quel nome	il file si chiama gia cosi
2026-08-03T16:40:43	Gambe e Glutei	Stacco rumeno una gamba palla medica.gif	Stacco rumeno una gamba palla medica.gif	e874d1e8ebf510af12771ecbf13641202d00f611565b0934fc909b699a8021ee	gia con quel nome	il file si chiama gia cosi
2026-08-03T16:40:43	Gambe e Glutei	Stacco rumeno una gamba kettlebell.gif	Stacco rumeno una gamba kettlebell.gif	33ca04bb86160767b71426af9a5c29991ae6aca31400d6715f3aa94e9d02057b	gia con quel nome	il file si chiama gia cosi
2026-08-03T16:40:43	Gambe e Glutei	Stacco rumeno una gamba manubri.gif	Stacco rumeno una gamba manubri.gif	9c38b502463fa98c518afe0f80e030289039e3b32106bcc31d1948fe878ea546	gia con quel nome	il file si chiama gia cosi
2026-08-03T16:40:43	Gambe e Glutei	Stacco rumeno una gamba multipower.gif	Stacco rumeno una gamba multipower.gif	b74e09fd01ae559deb27240898221efaf3965400c85dd75ca1c2571f6458891d	gia con quel nome	il file si chiama gia cosi
2026-08-03T16:40:43	Gambe e Glutei	Swing elastico maniglie.gif	Swing elastico maniglie.gif	8985b3f51bdf676005206b9a4e679d9f79d7b0f10dc7db8c330f6b3cb8a58d31	gia con quel nome	il file si chiama gia cosi
2026-08-03T16:40:43	Gambe e Glutei	Flessione nordica corpo libero (Bodyweight nordic hamstring curl).gif	Nordic curl panca romana.gif	a618650368f6b351b0b04d6845cc7253a241bf018d9ccc1549f65b2c645b9264	rinominato	
2026-08-03T16:40:43	Gambe e Glutei	Iperestensione inversa panca (Reverse hyperextension on bench).gif	Iperestensione inversa panca romana.gif	ede3cfa8877ccbb21d3ac3171a66670f2287ebc5ccbe498e862f114a327ea720	rinominato	
2026-08-03T16:40:43	Gambe e Glutei	Leg curl cavo basso in piedi (Standing cable leg curl).gif	Leg curl una gamba cavo in piedi.gif	618e2cfd885c89ed12c65bb52b951d0021a9d4e0fddbec1f03bf3eeda29581e0	rinominato	
2026-08-03T16:40:43	Gambe e Glutei	Leg curl macchina in piedi (Standing machine leg curl).gif	Leg curl una gamba macchina in piedi.gif	41e4d7dc92c16107d5b322e5f2c42edbed6ebaddbf928e6fe7261f3e8f8c6434	rinominato	
2026-08-03T16:40:43	Gambe e Glutei	Leg curl cavo sdraiato (Lying cable leg curl).gif	Leg curl cavo sdraiato.gif	df494a79e62f0371b067507da680cae4f1153d2ba45dac0c078d4c3981cb33ad	rinominato	
2026-08-03T16:40:43	Gambe e Glutei	Leg curl macchina in piedi supporto coscia (Standing machine leg curl with thigh support).gif	Leg curl una gamba macchina ginocchio rialzato.gif	fe67588edbb890cb52a23bb0f1f803db130a1dbf8b6638260c09d9d96197fa06	rinominato	
2026-08-03T16:40:43	Gambe e Glutei	Leg curl macchina prona entrambe le gambe (Lying machine leg curl).gif	Leg curl macchina prona.gif	3c94667d2cfce7f620b9d69455866a367a44483aa057acd97b14fac86c957834	rinominato	
2026-08-03T16:40:43	Gambe e Glutei	Leg curl macchina prona una gamba (Lying machine unilateral leg curl).gif	Leg curl una gamba macchina prona.gif	f95f386243dfe5e83d25893198858847a4df91a84afb71b7080e129d49ef1775	rinominato	
2026-08-03T16:40:43	Gambe e Glutei	Leg curl macchina seduto prese anteriori (Seated machine leg curl with front grips).gif	Leg curl macchina seduto prese anteriori.gif	bc6053d01b6789e92a618846509f702d7cb46ef6b602181b0de8881a700cdd01	rinominato	
2026-08-03T16:40:43	Gambe e Glutei	Leg curl macchina seduto prese laterali (Seated machine leg curl with side grips).gif	Leg curl macchina seduto prese laterali.gif	20d7a61edc8d4fe1ab8a25acf9b6d6e5331e8c616bcb1af8ce640a3d9e3ab666	rinominato	
2026-08-03T16:40:43	Gambe e Glutei	Reverse hyper elastico panca prono.gif	Reverse hyper elastico panca piana.gif	d323698d14233764d5922c7d01c4bffce78c33ad135da2a27fb2de5ef175a276	rinominato	
2026-08-03T17:11:41	Gambe e Glutei	Squat barra elastico.gif	Squat barra elastico.gif	21ffc120fe95b3122340eab79aac151f123bc49082f7d2ef71b3e2687fcb0452	gia con quel nome	il file si chiama gia cosi
2026-08-03T17:11:41	Gambe e Glutei	Squat bilanciere.gif	Squat bilanciere.gif	7a0b33d7c67823493e97ca649ee2f9edd2ab6a5c05a4f48e3636440e68a0e749	gia con quel nome	il file si chiama gia cosi
2026-08-03T17:11:41	Gambe e Glutei	Squat bilanciere al rack.gif	Squat bilanciere al rack.gif	e5641ea4bf94dbcf5922d6dd5ddfac0cb8599c3f48b583d2b46109bf884e89fa	gia con quel nome	il file si chiama gia cosi
2026-08-03T17:11:41	Gambe e Glutei	Squat bilanciere landmine.gif	Squat bilanciere landmine.gif	210ccb4f95a26476675450fcc84c8c7646d68fc8fa97c8cfe6dc26cbcff3f14b	gia con quel nome	il file si chiama gia cosi
2026-08-03T17:11:41	Gambe e Glutei	Squat calcio laterale.gif	Squat calcio laterale.gif	8678172072528fb0150ffca39c5fd3c68d445cf20e8a4d9d75c0aaea9472f753	gia con quel nome	il file si chiama gia cosi
2026-08-03T17:11:41	Gambe e Glutei	Squat cavi bassi.gif	Squat cavi bassi.gif	312a834ecbd28e0dce80d2c2313590dae1c70e49e4791b0cbf55d2dbcef2772b	gia con quel nome	il file si chiama gia cosi
2026-08-03T17:11:41	Gambe e Glutei	Squat cavo basso.gif	Squat cavo basso.gif	c309f2e7e286f1c641ba2cc6c7accd31e044a56f44fa1260f1b0574811053f81	gia con quel nome	il file si chiama gia cosi
2026-08-03T17:11:41	Gambe e Glutei	Squat corpo libero.gif	Squat corpo libero.gif	9bf078772d3b4afde76826ec8dffc878544353af72b2660d59e7178cb9f1ca2b	gia con quel nome	il file si chiama gia cosi
2026-08-03T17:11:41	Gambe e Glutei	Squat cosacco.gif	Squat cosacco.gif	88356c85eadd2df87324b869fe3b02bcd2d454062f63181a77b7213c5d3dd893	gia con quel nome	il file si chiama gia cosi
2026-08-03T17:11:41	Gambe e Glutei	Squat elastico braccia alte.gif	Squat elastico braccia alte.gif	3927ec7c2413b5417cfe8e7c31dae52e83c35265d68e609a942d37c3a78cb82e	gia con quel nome	il file si chiama gia cosi
2026-08-03T17:11:41	Gambe e Glutei	Squat bilanciere frontale.gif	Squat bilanciere frontale.gif	e6605bcdad3f6579d265e0d2d0bb69efbb2ff7e6dc2067d954619c89f7413e6e	gia con quel nome	il file si chiama gia cosi
2026-08-03T17:11:41	Gambe e Glutei	Squat torsione ginocchio alto.gif	Squat torsione ginocchio alto.gif	8acd67cdd91098459064db42dcfdf5c94cd767526e667d05c14d08742a460739	gia con quel nome	il file si chiama gia cosi
2026-08-03T17:11:41	Gambe e Glutei	Squat goblet kettlebell banda.gif	Squat goblet kettlebell banda.gif	79aef9ca93ec5cac7ab66d2c5dbc7df03e8cc680af566f85cb2817601d7d924b	gia con quel nome	il file si chiama gia cosi
2026-08-03T17:11:41	Gambe e Glutei	Squat hack machine.gif	Squat hack machine.gif	70e04f664d37a10ef5d81db4aeeb3c115082c5e1104d179f241e190f8e72414a	gia con quel nome	il file si chiama gia cosi
2026-08-03T17:11:41	Gambe e Glutei	Squat inverso hack machine.gif	Squat inverso hack machine.gif	75328f32765c95024ca5c537ccd38b7c1bf80c77194d6624bb839445823c7d9f	gia con quel nome	il file si chiama gia cosi
2026-08-03T17:11:41	Gambe e Glutei	Squat manubri.gif	Squat manubri.gif	b80ed62ddecc7249d7a91862d1e697ad97b7bfe6acf7f1e22bd9bfe3c48c18de	gia con quel nome	il file si chiama gia cosi
2026-08-03T17:11:41	Gambe e Glutei	Squat multipower.gif	Squat multipower.gif	b1c24965c7c5217c4c3caac0d9211867485d960b81f407a4d22ef8f2bb274883	gia con quel nome	il file si chiama gia cosi
2026-08-03T17:11:41	Gambe e Glutei	Squat wall fitball.gif	Squat wall fitball.gif	6ba72710aed06cd82a34d53c5f6fe1e0f34aa80d70570a8403da04bc5e41a1cb	gia con quel nome	il file si chiama gia cosi
2026-08-03T17:11:41	Gambe e Glutei	Squat manubri seduto su panca.gif	Squat manubri seduto su panca.gif	b66a750d54c81cfbb67564ccb2685e720b21d203fde5deca84679b38d41c69e9	gia con quel nome	il file si chiama gia cosi
2026-08-03T17:11:41	Gambe e Glutei	Squat profondo bilanciere.gif	Squat profondo bilanciere.gif	44b6d5f224cb8e4cd6322fc73521f14461e1853d0851ffc153d36792e40069a2	gia con quel nome	il file si chiama gia cosi
2026-08-03T17:11:41	Gambe e Glutei	Squat sumo bilanciere frontale.gif	Squat sumo bilanciere frontale.gif	912e9c482a0418040a7a6c344b5424f8241fdf5a2054a81c886eef7edf481b85	gia con quel nome	il file si chiama gia cosi
2026-08-03T17:11:41	Gambe e Glutei	Squat sumo corpo libero braccia distese.gif	Squat sumo corpo libero braccia distese.gif	41ca83090ef0db41dac62df77a8519c30f8bba6b32095d86bba7b53ebbd74572	gia con quel nome	il file si chiama gia cosi
2026-08-03T17:11:41	Gambe e Glutei	Squat sumo corpo libero mani al petto.gif	Squat sumo corpo libero mani al petto.gif	7b98bdec1a4dd54ce9bc3958cd9fbaa48d88ebd583bf7cb5d000f7a3447e0352	gia con quel nome	il file si chiama gia cosi
2026-08-03T17:11:41	Gambe e Glutei	Squat sumo manubrio.gif	Squat sumo manubrio.gif	0c4ca1d84bdb7eef33e72bb580bcaebbf63b1b21c3d6878f547146811a6726db	gia con quel nome	il file si chiama gia cosi
2026-08-03T17:11:41	Gambe e Glutei	Squat wall ball palla medica.gif	Squat wall ball palla medica.gif	710f513cf7df6749f80653e9e87dc022f047eb426f0ea4bd5238d538877c3612	gia con quel nome	il file si chiama gia cosi
2026-08-03T17:11:41	Gambe e Glutei	Squat wall sit inclinazione alternata.gif	Squat wall sit inclinazione alternata.gif	1a35a3fe2f3b857ae0464ad22cd4958ba5ed49a185719a7d157ae4fcc99af38a	gia con quel nome	il file si chiama gia cosi
2026-08-03T17:11:41	Gambe e Glutei	Squat sumo bilanciere.gif	Squat sumo bilanciere.gif	d2bb04e1246596210448c7666bd6e48e1be9e4cebdeea4c0ff836153b5a1601f	gia con quel nome	il file si chiama gia cosi
2026-08-03T17:11:41	Gambe e Glutei	Squat wall sit.gif	Squat wall sit.gif	10a09fa7466577f5fbaac35659348e97b884d35b5d733c9eff700461e98f2c32	gia con quel nome	il file si chiama gia cosi
2026-08-03T17:11:41	Gambe e Glutei	Affondo profondo una gamba.gif	Affondo profondo una gamba.gif	cc8369de4b281ce25975e7c0352b3d93c5f9e4b566446faae052954d2302a0f7	gia con quel nome	il file si chiama gia cosi
2026-08-03T17:11:41	Gambe e Glutei	Squat bulgaro corpo libero.gif	Squat bulgaro corpo libero.gif	28dd4732693d7d04fdafa88db627dd12e38dd0671a59b0dd3bf1e56ff835d599	gia con quel nome	il file si chiama gia cosi
2026-08-03T17:11:41	Gambe e Glutei	Squat bulgaro bilanciere.gif	Squat bulgaro bilanciere.gif	c81c93122bcf59ecbb71341cc109de14237ed54a66042cbf8897ec8d001e92f6	gia con quel nome	il file si chiama gia cosi
2026-08-03T17:11:41	Gambe e Glutei	Squat bulgaro manubri.gif	Squat bulgaro manubri.gif	f6fb56b663ccb97df557e9edee16b994b0dbd6231c7799317eb38ceaa100c986	gia con quel nome	il file si chiama gia cosi
2026-08-03T17:11:41	Gambe e Glutei	Squat hawaiano.gif	Squat hawaiano.gif	b5aca689631e5b840739ffb7e69968619d79feb2862c326b38d7d40d270409d3	gia con quel nome	il file si chiama gia cosi
2026-08-03T17:11:41	Gambe e Glutei	Pistol squat assistito.gif	Pistol squat assistito.gif	bd19e6f7b7e7b534929070ef5d8dc1f45f5ba640c9d4d12a0be221b168d8bd77	gia con quel nome	il file si chiama gia cosi
2026-08-03T17:11:41	Gambe e Glutei	Pistol squat su box.gif	Pistol squat su box.gif	96f55e295049a643332324a8fbe7f8049b54dd3fbb121c464018916b10ec04a4	gia con quel nome	il file si chiama gia cosi
2026-08-03T17:11:41	Gambe e Glutei	Pistol squat corpo libero.gif	Pistol squat corpo libero.gif	50b260f35c0ba8381efd54be486dcd493865ab435aae3a729d3e842e2f651d48	gia con quel nome	il file si chiama gia cosi
2026-08-03T17:11:41	Gambe e Glutei	Pistol squat kettlebell.gif	Pistol squat kettlebell.gif	3ad266121a01ba6158276d205b0c72e5658a149338eef7c60a1c879b9e8c7498	gia con quel nome	il file si chiama gia cosi
2026-08-03T17:11:41	Gambe e Glutei	Pistol squat manubrio stesso lato.gif	Pistol squat manubrio stesso lato.gif	0b1097d802adf22ee5016caf33fb456adb8d559b878aeb5b904501e076bc8927	gia con quel nome	il file si chiama gia cosi
2026-08-03T17:11:41	Gambe e Glutei	Pistol squat seduto su box.gif	Pistol squat seduto su box.gif	1b6f327823bf4b87890331d300797096106ca2e08898c2b9d386bb0da0e66e1b	gia con quel nome	il file si chiama gia cosi
2026-08-03T17:11:41	Gambe e Glutei	Pistol squat TRX.gif	Pistol squat TRX.gif	344459a989277a53f986e05887fb3bbf6dfb9198ae8aabbe4f2bb9b23dc7e600	gia con quel nome	il file si chiama gia cosi
2026-08-03T17:11:41	Gambe e Glutei	Squat shrimp.gif	Squat shrimp.gif	981f0611e0ccdc4721e3bc23cc97451a5f686ac5cfd0c99856ab0e39a506f720	gia con quel nome	il file si chiama gia cosi
2026-08-03T17:11:41	Gambe e Glutei	Squat sissy in ginocchio.gif	Squat sissy in ginocchio.gif	b87dc9f6e10a093ead1bffc880dc5692773e84f8080083724e5d1f0e0f4d2bad	gia con quel nome	il file si chiama gia cosi
2026-08-03T17:11:41	Gambe e Glutei	Squat skater una gamba.gif	Squat skater una gamba.gif	5a35a64bbf4b16af9b99e4b249219cfd028c9b8855b7270be1072ecb0de4dfbc	gia con quel nome	il file si chiama gia cosi
2026-08-03T17:11:41	Gambe e Glutei	Squat seduto su step.gif	Squat seduto su step.gif	a3529953dec275883fd6986dc4f7d02bd4e2238da73ba51173a4cb265f924cd8	gia con quel nome	il file si chiama gia cosi
2026-08-03T17:11:41	Gambe e Glutei	Affondo inverso con knee drive.gif	Affondo inverso con knee drive.gif	e564fed566cf957a976ad9bb00cecc71a7f06b23a769143f5cd6aead904a133a	gia con quel nome	il file si chiama gia cosi
2026-08-03T17:11:41	Gambe e Glutei	Affondo unilaterale sul posto a corpo libero.gif	Affondo corpo libero sul posto.gif	c200128141d1be1956108ec277f6cf44565152f36682f23bf3df7eb8f9777001	niente da fare sul Mac	nessun file sul Mac: si rinomina in migrazione
2026-08-03T17:11:41	Gambe e Glutei	Affondo avanti alternato.gif	Affondo avanti alternato.gif	e7c875251c94a43e7a7606b6e062338cb68dfd5680461ff0af4eab1a6aa55ea9	gia con quel nome	il file si chiama gia cosi
2026-08-03T17:11:41	Gambe e Glutei	Affondo avanti bilanciere.gif	Affondo avanti bilanciere.gif	393e4a459e72ac14a2dc6e53e59d299a9a5c3f00b321d97608f9dc17908c8db1	gia con quel nome	il file si chiama gia cosi
2026-08-03T17:11:41	Gambe e Glutei	Affondo avanti manubri.gif	Affondo avanti manubri.gif	a5a7bc30add78a15ff98521e7fe825e7487260112012aa20a0b1d55616319727	gia con quel nome	il file si chiama gia cosi
2026-08-03T17:11:41	Gambe e Glutei	Affondo avanti parziale manubri.gif	Affondo avanti parziale manubri.gif	2485ad2e6b5c4f8b0471310205d595745df64b5149803f82d7c08d8c4e4fa9ff	gia con quel nome	il file si chiama gia cosi
2026-08-03T17:11:41	Gambe e Glutei	Affondo barra elastico sul posto.gif	Affondo barra elastico sul posto.gif	9abf8554bc761785893d83381662e9cdbe0a9e13292bdbad114c0fb8476dbc78	gia con quel nome	il file si chiama gia cosi
2026-08-03T17:11:41	Gambe e Glutei	Affondo bilanciere sul posto.gif	Affondo bilanciere sul posto.gif	1520562ea588eec8b3724f02472a050f41e66d0a382088a9b75e263693066683	gia con quel nome	il file si chiama gia cosi
2026-08-03T17:11:41	Gambe e Glutei	Affondo inverso Bosu con knee drive.gif	Affondo inverso Bosu con knee drive.gif	c52787af2dd05b77d22a5c0d902f75ccc7f6b5bd28c7796fb5be3fd2bfd41068	gia con quel nome	il file si chiama gia cosi
2026-08-03T17:11:41	Gambe e Glutei	Affondo camminato con knee drive.gif	Affondo camminato con knee drive.gif	071992bf16eccc3305771c9f9a6075b3a83c63f2bf3fba3ea7b58d0c2dd190ba	gia con quel nome	il file si chiama gia cosi
2026-08-03T17:11:41	Gambe e Glutei	Affondo sul posto.gif	Affondo sul posto.gif	fc602a542d5afa607b994b5fa8248e884b8ab84e2f4d314c921139993d7bb549	gia con quel nome	il file si chiama gia cosi
2026-08-03T17:11:41	Gambe e Glutei	Affondo incrociato indietro bilanciere.gif	Affondo incrociato indietro bilanciere.gif	7c6ff54f4d3c56e11f2547b6b7a6921a4aca4f2d99269542044277dbaed7ab59	gia con quel nome	il file si chiama gia cosi
2026-08-03T17:11:41	Gambe e Glutei	Affondo indietro bilanciere.gif	Affondo indietro bilanciere.gif	a4412c5fab9e3f1739c023afb1a9899340f309a93fae84e5c000115a71ba19ef	gia con quel nome	il file si chiama gia cosi
2026-08-03T17:11:41	Gambe e Glutei	Affondo indietro manubri.gif	Affondo indietro manubri.gif	b72a1e6cf4fdd01f8f30e6769e039678bbf9e724796db8938743d78a33fcb476	gia con quel nome	il file si chiama gia cosi
2026-08-03T17:11:41	Gambe e Glutei	Affondo laterale alternato.gif	Affondo laterale alternato.gif	42049265076674d662e70b46efeb83bbad46796f76f3172acbaa0e35d4844b8c	gia con quel nome	il file si chiama gia cosi
2026-08-03T17:11:41	Gambe e Glutei	Affondo laterale bilanciere.gif	Affondo laterale bilanciere.gif	ad56ceacdee2e6d493bd4a6378b297009dea86742d417086294bea4a7c8069ba	gia con quel nome	il file si chiama gia cosi
2026-08-03T17:11:41	Gambe e Glutei	Affondo laterale manubri.gif	Affondo laterale manubri.gif	185313ac198178da31cc1b443263df6a1281eab8961222b7a863fb80e1d913b2	gia con quel nome	il file si chiama gia cosi
2026-08-03T17:11:41	Gambe e Glutei	Affondo multipower.gif	Affondo multipower.gif	6f6e56838a6afb79d88b3434cabbbec04c1a75c95822473607fa0bbef183f2d6	gia con quel nome	il file si chiama gia cosi
2026-08-03T17:11:41	Gambe e Glutei	Affondo maniglie elastico sul posto.gif	Affondo maniglie elastico sul posto.gif	7d11efd0eaef29bc0a76539aa48caa720e2f5df4a03e4c099d693ac70b719972	gia con quel nome	il file si chiama gia cosi
2026-08-03T17:11:41	Gambe e Glutei	Camminata manubri.gif	Camminata manubri.gif	f952f75c65cc562af2eeac5b6c96c0d884dd1ec2a016dc48bc62e79a697f64a8	gia con quel nome	il file si chiama gia cosi
2026-08-03T17:11:41	Gambe e Glutei	Camminata squat.gif	Camminata squat.gif	a4f01d1a040b20588d9f25a19976ff75bb38957d7a990422405d66b6d5f440ae	gia con quel nome	il file si chiama gia cosi
2026-08-03T17:11:41	Gambe e Glutei	Leg extension macchina.gif	Leg extension macchina.gif	3b91cf1047fa467e7f6bf84d3e4856b3a4ef39771265e8dda96e34c17a089a65	gia con quel nome	il file si chiama gia cosi
2026-08-03T17:11:41	Gambe e Glutei	Leg extension macchina una gamba.gif	Leg extension macchina una gamba.gif	4509a38a5ec155ea9d5d407985f264210f3c4f61f278d7f2975f36ebd38c0ba6	gia con quel nome	il file si chiama gia cosi
2026-08-03T17:11:41	Gambe e Glutei	Leg press 45 gradi.gif	Leg press 45 gradi.gif	8df5f83c669593ebe552cef07e968c55215addc14e0ff8a45f2c57000a4c227d	gia con quel nome	il file si chiama gia cosi
2026-08-03T17:11:41	Gambe e Glutei	Leg press 45 gradi una gamba.gif	Leg press 45 gradi una gamba.gif	bbf585e7b1d26c3ff68786c36f2905c0567fa68daf8eb99d665676c17fd7726e	gia con quel nome	il file si chiama gia cosi
2026-08-03T17:11:41	Gambe e Glutei	Leg press alternato barra elastico supino.gif	Leg press alternato barra elastico supino.gif	20162d5031162702b4b9dac80e9296b8584b342ed6d1103e97a932582c764b85	gia con quel nome	il file si chiama gia cosi
2026-08-03T17:11:41	Gambe e Glutei	Leg press orizzontale macchina.gif	Leg press orizzontale macchina.gif	e1ac12ec44657dcff545989874baa8eaba1f3b39741279f976a03121c40ba390	gia con quel nome	il file si chiama gia cosi
2026-08-03T17:11:41	Gambe e Glutei	Girata al petto bilanciere.gif	Girata al petto bilanciere.gif	3c81053bd441bf07b8ca04acca47b92c62639b74daa2c50cf85dcefc59398499	gia con quel nome	il file si chiama gia cosi
2026-08-03T17:11:41	Gambe e Glutei	Good morning bilanciere.gif	Good morning bilanciere.gif	986bff59711cb40b108871c67972db98cf4711720e8b5190e01ce579cc0e4728	gia con quel nome	il file si chiama gia cosi
2026-08-03T17:11:41	Gambe e Glutei	Good morning manubrio.gif	Good morning manubrio.gif	6fe44ab0098ed73fc28ad8113a1c241fa4777358e0732b487af3ee900d056bc6	gia con quel nome	il file si chiama gia cosi
2026-08-03T17:11:41	Gambe e Glutei	Stacco rumeno una gamba maniglie elastico.gif	Stacco rumeno una gamba maniglie elastico.gif	71966d49b0618b868e2d563e52f723fe8a435c6fbecb028e40199c0b173ce415	gia con quel nome	il file si chiama gia cosi
2026-08-03T17:11:41	Gambe e Glutei	Stacco da terra bilanciere.gif	Stacco da terra bilanciere.gif	15a57eb444d733c52d7a4053f61643fbb26a3543f0d00b9656cd31f819eeca81	gia con quel nome	il file si chiama gia cosi
2026-08-03T17:11:41	Gambe e Glutei	Stacco da terra macchina presa neutra.gif	Stacco da terra macchina presa neutra.gif	7f183e40e0584525c4f08ad1eb0752d629025494def47d030bccc5cb41df29a9	gia con quel nome	il file si chiama gia cosi
2026-08-03T17:11:41	Gambe e Glutei	Stacco da terra manubri.gif	Stacco da terra manubri.gif	87cc308c4759f64506d8dc533d300bda38dde1f952147717ef19dd6ab01f5042	gia con quel nome	il file si chiama gia cosi
2026-08-03T17:11:41	Gambe e Glutei	Stacco da terra sumo bilanciere.gif	Stacco da terra sumo bilanciere.gif	2161fe48ec15af859b481f43cbdb75f0827c2ee67413b9eac3e94a071c7b6844	gia con quel nome	il file si chiama gia cosi
2026-08-03T17:11:41	Gambe e Glutei	Stacco da terra trap bar.gif	Stacco da terra trap bar.gif	66e0c09ab6c3089c68747ed92bd5e86436661407487a118f99dad90df207de20	gia con quel nome	il file si chiama gia cosi
2026-08-03T17:11:41	Gambe e Glutei	Stacco gambe tese bilanciere.gif	Stacco gambe tese bilanciere.gif	2badabdb6c8473e87290897855aa693708596ad4abcc8f8e43768bc06bf214f0	gia con quel nome	il file si chiama gia cosi
2026-08-03T17:11:41	Gambe e Glutei	Stacco gambe tese manubri.gif	Stacco gambe tese manubri.gif	a90b74bedb880e4e3b1652da7e0883e2c38ff70e33afa7b41396e9e220749bee	gia con quel nome	il file si chiama gia cosi
2026-08-03T17:11:41	Gambe e Glutei	Stacco gambe tese multipower.gif	Stacco gambe tese multipower.gif	5f8d86ff79eee25bf37bce42f045cbbc848dc3af1309fef89df368c25e617ba7	gia con quel nome	il file si chiama gia cosi
2026-08-03T17:11:41	Gambe e Glutei	Stacco rumeno una gamba.gif	Stacco rumeno una gamba.gif	3a3d0c676837b5a88739ff2a73561742db542f346884bea20cbff64637d32711	gia con quel nome	il file si chiama gia cosi
2026-08-03T17:11:41	Gambe e Glutei	Stacco rumeno bilanciere.gif	Stacco rumeno bilanciere.gif	6408358f337d24be43a70149bed1c45a8cef0f7bf79e5694fcf38375f1bd7315	gia con quel nome	il file si chiama gia cosi
2026-08-03T17:11:41	Gambe e Glutei	Stacco rumeno manubri.gif	Stacco rumeno manubri.gif	8d5eb185bbfa050b83d395997b9aef39edbe540029389b65c99fab33637cc27b	gia con quel nome	il file si chiama gia cosi
2026-08-03T17:11:41	Gambe e Glutei	Stacco rumeno una gamba palla medica.gif	Stacco rumeno una gamba palla medica.gif	e874d1e8ebf510af12771ecbf13641202d00f611565b0934fc909b699a8021ee	gia con quel nome	il file si chiama gia cosi
2026-08-03T17:11:41	Gambe e Glutei	Stacco rumeno una gamba kettlebell.gif	Stacco rumeno una gamba kettlebell.gif	33ca04bb86160767b71426af9a5c29991ae6aca31400d6715f3aa94e9d02057b	gia con quel nome	il file si chiama gia cosi
2026-08-03T17:11:41	Gambe e Glutei	Stacco rumeno una gamba manubri.gif	Stacco rumeno una gamba manubri.gif	9c38b502463fa98c518afe0f80e030289039e3b32106bcc31d1948fe878ea546	gia con quel nome	il file si chiama gia cosi
2026-08-03T17:11:41	Gambe e Glutei	Stacco rumeno una gamba multipower.gif	Stacco rumeno una gamba multipower.gif	b74e09fd01ae559deb27240898221efaf3965400c85dd75ca1c2571f6458891d	gia con quel nome	il file si chiama gia cosi
2026-08-03T17:11:41	Gambe e Glutei	Swing elastico maniglie.gif	Swing elastico maniglie.gif	8985b3f51bdf676005206b9a4e679d9f79d7b0f10dc7db8c330f6b3cb8a58d31	gia con quel nome	il file si chiama gia cosi
2026-08-03T17:11:41	Gambe e Glutei	Nordic curl panca romana.gif	Nordic curl panca romana.gif	a618650368f6b351b0b04d6845cc7253a241bf018d9ccc1549f65b2c645b9264	gia con quel nome	il file si chiama gia cosi
2026-08-03T17:11:41	Gambe e Glutei	Iperestensione inversa panca romana.gif	Iperestensione inversa panca romana.gif	ede3cfa8877ccbb21d3ac3171a66670f2287ebc5ccbe498e862f114a327ea720	gia con quel nome	il file si chiama gia cosi
2026-08-03T17:11:41	Gambe e Glutei	Leg curl una gamba cavo in piedi.gif	Leg curl una gamba cavo in piedi.gif	618e2cfd885c89ed12c65bb52b951d0021a9d4e0fddbec1f03bf3eeda29581e0	gia con quel nome	il file si chiama gia cosi
2026-08-03T17:11:41	Gambe e Glutei	Leg curl una gamba macchina in piedi.gif	Leg curl una gamba macchina in piedi.gif	41e4d7dc92c16107d5b322e5f2c42edbed6ebaddbf928e6fe7261f3e8f8c6434	gia con quel nome	il file si chiama gia cosi
2026-08-03T17:11:41	Gambe e Glutei	Leg curl cavo sdraiato.gif	Leg curl cavo sdraiato.gif	df494a79e62f0371b067507da680cae4f1153d2ba45dac0c078d4c3981cb33ad	gia con quel nome	il file si chiama gia cosi
2026-08-03T17:11:41	Gambe e Glutei	Leg curl una gamba macchina ginocchio rialzato.gif	Leg curl una gamba macchina ginocchio rialzato.gif	fe67588edbb890cb52a23bb0f1f803db130a1dbf8b6638260c09d9d96197fa06	gia con quel nome	il file si chiama gia cosi
2026-08-03T17:11:41	Gambe e Glutei	Leg curl macchina prona.gif	Leg curl macchina prona.gif	3c94667d2cfce7f620b9d69455866a367a44483aa057acd97b14fac86c957834	gia con quel nome	il file si chiama gia cosi
2026-08-03T17:11:41	Gambe e Glutei	Leg curl una gamba macchina prona.gif	Leg curl una gamba macchina prona.gif	f95f386243dfe5e83d25893198858847a4df91a84afb71b7080e129d49ef1775	gia con quel nome	il file si chiama gia cosi
2026-08-03T17:11:41	Gambe e Glutei	Leg curl macchina seduto prese anteriori.gif	Leg curl macchina seduto prese anteriori.gif	bc6053d01b6789e92a618846509f702d7cb46ef6b602181b0de8881a700cdd01	gia con quel nome	il file si chiama gia cosi
2026-08-03T17:11:41	Gambe e Glutei	Leg curl macchina seduto prese laterali.gif	Leg curl macchina seduto prese laterali.gif	20d7a61edc8d4fe1ab8a25acf9b6d6e5331e8c616bcb1af8ce640a3d9e3ab666	gia con quel nome	il file si chiama gia cosi
2026-08-03T17:11:41	Gambe e Glutei	Reverse hyper elastico panca piana.gif	Reverse hyper elastico panca piana.gif	d323698d14233764d5922c7d01c4bffce78c33ad135da2a27fb2de5ef175a276	gia con quel nome	il file si chiama gia cosi
2026-08-03T17:11:41	Gambe e Glutei	Hip thrust bilanciere (Barbell hip thrust).gif	Hip thrust bilanciere panca.gif	7f6b35aebf337bcc17c4cdcb626103cad242f99c7bdadb448ee5319fd994b8e9	rinominato	
2026-08-03T17:11:41	Gambe e Glutei	Hip thrust corpo libero (Bodyweight hip thrust).gif	Hip thrust corpo libero panca.gif	b69d54b222fe7dc9fd5a9a7dff483a0a4226e179d26a3b7fbcc42ad6abe3b5b6	rinominato	
2026-08-03T17:11:41	Gambe e Glutei	Hip thrust elastico panca in ginocchio.gif	Hip thrust elastico in ginocchio.gif	70aa6e70da60bbcda01dcc948bfa5d18dad2b2f1d5754340adf68fe9322ee25d	rinominato	
2026-08-03T17:11:41	Gambe e Glutei	Hip thrust multipower (Smith machine hip thrust).gif	Hip thrust multipower panca.gif	0441b07c3842e386dda79f93d46f2afad2d6c8dda5ca857bd1f8035a112e6a57	rinominato	
2026-08-03T17:11:41	Gambe e Glutei	Hip thrust bilanciere piedi su panca (Barbell hip thrust with feet elevated).gif	Hip thrust bilanciere piedi su panca.gif	14ae4e0b84a58cfe25ecb63d53f547ad0c0d1795b27088ac26c283ee3de2a783	rinominato	
2026-08-03T17:11:41	Gambe e Glutei	Hip thrust talloni elevati corpo libero (Bodyweight heel-elevated hip thrust).gif	Hip thrust talloni elevati.gif	35f7947997e152eedbddeb78f86782be19495cd01bfa8a2307e7adfde157d77b	rinominato	
2026-08-03T17:11:41	Gambe e Glutei	Hip thrust unilaterale (schiena su panca).gif	Hip thrust bilanciere una gamba.gif	a0e304b97dce81084d12f534a7675e3fa00d2cc00a04cf7a526ef5206bbedccd	niente da fare sul Mac	nessun file sul Mac: si rinomina in migrazione
2026-08-03T17:11:41	Gambe e Glutei	Hip thrust unilaterale panca piana ginocchio raccolto corpo libero (Bodyweight flat bench single leg hip thrust knee tucked).gif	Hip thrust una gamba panca spinta esplosiva.gif	3def639c3af695e7d2e45782495e7b9d2016f600d2c275461b3debec3c99737e	rinominato	
2026-08-03T17:11:41	Gambe e Glutei	Hip thrust unilaterale panca piana gamba tesa corpo libero (Bodyweight flat bench single leg hip thrust straight leg).gif	Hip thrust una gamba panca.gif	76067cc0a70a14efbd3d24f4bc8be2e041c95b3eb82d8443f0da101b860ad038	rinominato	
2026-08-03T17:18:51	Gambe e Glutei	Squat barra elastico.gif	Squat barra elastico.gif	21ffc120fe95b3122340eab79aac151f123bc49082f7d2ef71b3e2687fcb0452	gia con quel nome	il file si chiama gia cosi
2026-08-03T17:18:51	Gambe e Glutei	Squat bilanciere.gif	Squat bilanciere.gif	7a0b33d7c67823493e97ca649ee2f9edd2ab6a5c05a4f48e3636440e68a0e749	gia con quel nome	il file si chiama gia cosi
2026-08-03T17:18:51	Gambe e Glutei	Squat bilanciere al rack.gif	Squat bilanciere al rack.gif	e5641ea4bf94dbcf5922d6dd5ddfac0cb8599c3f48b583d2b46109bf884e89fa	gia con quel nome	il file si chiama gia cosi
2026-08-03T17:18:51	Gambe e Glutei	Squat bilanciere landmine.gif	Squat bilanciere landmine.gif	210ccb4f95a26476675450fcc84c8c7646d68fc8fa97c8cfe6dc26cbcff3f14b	gia con quel nome	il file si chiama gia cosi
2026-08-03T17:18:51	Gambe e Glutei	Squat calcio laterale.gif	Squat calcio laterale.gif	8678172072528fb0150ffca39c5fd3c68d445cf20e8a4d9d75c0aaea9472f753	gia con quel nome	il file si chiama gia cosi
2026-08-03T17:18:51	Gambe e Glutei	Squat cavi bassi.gif	Squat cavi bassi.gif	312a834ecbd28e0dce80d2c2313590dae1c70e49e4791b0cbf55d2dbcef2772b	gia con quel nome	il file si chiama gia cosi
2026-08-03T17:18:51	Gambe e Glutei	Squat cavo basso.gif	Squat cavo basso.gif	c309f2e7e286f1c641ba2cc6c7accd31e044a56f44fa1260f1b0574811053f81	gia con quel nome	il file si chiama gia cosi
2026-08-03T17:18:51	Gambe e Glutei	Squat corpo libero.gif	Squat corpo libero.gif	9bf078772d3b4afde76826ec8dffc878544353af72b2660d59e7178cb9f1ca2b	gia con quel nome	il file si chiama gia cosi
2026-08-03T17:18:51	Gambe e Glutei	Squat cosacco.gif	Squat cosacco.gif	88356c85eadd2df87324b869fe3b02bcd2d454062f63181a77b7213c5d3dd893	gia con quel nome	il file si chiama gia cosi
2026-08-03T17:18:51	Gambe e Glutei	Squat elastico braccia alte.gif	Squat elastico braccia alte.gif	3927ec7c2413b5417cfe8e7c31dae52e83c35265d68e609a942d37c3a78cb82e	gia con quel nome	il file si chiama gia cosi
2026-08-03T17:18:51	Gambe e Glutei	Squat bilanciere frontale.gif	Squat bilanciere frontale.gif	e6605bcdad3f6579d265e0d2d0bb69efbb2ff7e6dc2067d954619c89f7413e6e	gia con quel nome	il file si chiama gia cosi
2026-08-03T17:18:51	Gambe e Glutei	Squat torsione ginocchio alto.gif	Squat torsione ginocchio alto.gif	8acd67cdd91098459064db42dcfdf5c94cd767526e667d05c14d08742a460739	gia con quel nome	il file si chiama gia cosi
2026-08-03T17:18:51	Gambe e Glutei	Squat goblet kettlebell banda.gif	Squat goblet kettlebell banda.gif	79aef9ca93ec5cac7ab66d2c5dbc7df03e8cc680af566f85cb2817601d7d924b	gia con quel nome	il file si chiama gia cosi
2026-08-03T17:18:51	Gambe e Glutei	Squat hack machine.gif	Squat hack machine.gif	70e04f664d37a10ef5d81db4aeeb3c115082c5e1104d179f241e190f8e72414a	gia con quel nome	il file si chiama gia cosi
2026-08-03T17:18:51	Gambe e Glutei	Squat inverso hack machine.gif	Squat inverso hack machine.gif	75328f32765c95024ca5c537ccd38b7c1bf80c77194d6624bb839445823c7d9f	gia con quel nome	il file si chiama gia cosi
2026-08-03T17:18:51	Gambe e Glutei	Squat manubri.gif	Squat manubri.gif	b80ed62ddecc7249d7a91862d1e697ad97b7bfe6acf7f1e22bd9bfe3c48c18de	gia con quel nome	il file si chiama gia cosi
2026-08-03T17:18:51	Gambe e Glutei	Squat multipower.gif	Squat multipower.gif	b1c24965c7c5217c4c3caac0d9211867485d960b81f407a4d22ef8f2bb274883	gia con quel nome	il file si chiama gia cosi
2026-08-03T17:18:51	Gambe e Glutei	Squat wall fitball.gif	Squat wall fitball.gif	6ba72710aed06cd82a34d53c5f6fe1e0f34aa80d70570a8403da04bc5e41a1cb	gia con quel nome	il file si chiama gia cosi
2026-08-03T17:18:51	Gambe e Glutei	Squat manubri seduto su panca.gif	Squat manubri seduto su panca.gif	b66a750d54c81cfbb67564ccb2685e720b21d203fde5deca84679b38d41c69e9	gia con quel nome	il file si chiama gia cosi
2026-08-03T17:18:51	Gambe e Glutei	Squat profondo bilanciere.gif	Squat profondo bilanciere.gif	44b6d5f224cb8e4cd6322fc73521f14461e1853d0851ffc153d36792e40069a2	gia con quel nome	il file si chiama gia cosi
2026-08-03T17:18:51	Gambe e Glutei	Squat sumo bilanciere frontale.gif	Squat sumo bilanciere frontale.gif	912e9c482a0418040a7a6c344b5424f8241fdf5a2054a81c886eef7edf481b85	gia con quel nome	il file si chiama gia cosi
2026-08-03T17:18:51	Gambe e Glutei	Squat sumo corpo libero braccia distese.gif	Squat sumo corpo libero braccia distese.gif	41ca83090ef0db41dac62df77a8519c30f8bba6b32095d86bba7b53ebbd74572	gia con quel nome	il file si chiama gia cosi
2026-08-03T17:18:51	Gambe e Glutei	Squat sumo corpo libero mani al petto.gif	Squat sumo corpo libero mani al petto.gif	7b98bdec1a4dd54ce9bc3958cd9fbaa48d88ebd583bf7cb5d000f7a3447e0352	gia con quel nome	il file si chiama gia cosi
2026-08-03T17:18:51	Gambe e Glutei	Squat sumo manubrio.gif	Squat sumo manubrio.gif	0c4ca1d84bdb7eef33e72bb580bcaebbf63b1b21c3d6878f547146811a6726db	gia con quel nome	il file si chiama gia cosi
2026-08-03T17:18:51	Gambe e Glutei	Squat wall ball palla medica.gif	Squat wall ball palla medica.gif	710f513cf7df6749f80653e9e87dc022f047eb426f0ea4bd5238d538877c3612	gia con quel nome	il file si chiama gia cosi
2026-08-03T17:18:51	Gambe e Glutei	Squat wall sit inclinazione alternata.gif	Squat wall sit inclinazione alternata.gif	1a35a3fe2f3b857ae0464ad22cd4958ba5ed49a185719a7d157ae4fcc99af38a	gia con quel nome	il file si chiama gia cosi
2026-08-03T17:18:51	Gambe e Glutei	Squat sumo bilanciere.gif	Squat sumo bilanciere.gif	d2bb04e1246596210448c7666bd6e48e1be9e4cebdeea4c0ff836153b5a1601f	gia con quel nome	il file si chiama gia cosi
2026-08-03T17:18:51	Gambe e Glutei	Squat wall sit.gif	Squat wall sit.gif	10a09fa7466577f5fbaac35659348e97b884d35b5d733c9eff700461e98f2c32	gia con quel nome	il file si chiama gia cosi
2026-08-03T17:18:51	Gambe e Glutei	Affondo profondo una gamba.gif	Affondo profondo una gamba.gif	cc8369de4b281ce25975e7c0352b3d93c5f9e4b566446faae052954d2302a0f7	gia con quel nome	il file si chiama gia cosi
2026-08-03T17:18:51	Gambe e Glutei	Squat bulgaro corpo libero.gif	Squat bulgaro corpo libero.gif	28dd4732693d7d04fdafa88db627dd12e38dd0671a59b0dd3bf1e56ff835d599	gia con quel nome	il file si chiama gia cosi
2026-08-03T17:18:51	Gambe e Glutei	Squat bulgaro bilanciere.gif	Squat bulgaro bilanciere.gif	c81c93122bcf59ecbb71341cc109de14237ed54a66042cbf8897ec8d001e92f6	gia con quel nome	il file si chiama gia cosi
2026-08-03T17:18:51	Gambe e Glutei	Squat bulgaro manubri.gif	Squat bulgaro manubri.gif	f6fb56b663ccb97df557e9edee16b994b0dbd6231c7799317eb38ceaa100c986	gia con quel nome	il file si chiama gia cosi
2026-08-03T17:18:51	Gambe e Glutei	Squat hawaiano.gif	Squat hawaiano.gif	b5aca689631e5b840739ffb7e69968619d79feb2862c326b38d7d40d270409d3	gia con quel nome	il file si chiama gia cosi
2026-08-03T17:18:51	Gambe e Glutei	Pistol squat assistito.gif	Pistol squat assistito.gif	bd19e6f7b7e7b534929070ef5d8dc1f45f5ba640c9d4d12a0be221b168d8bd77	gia con quel nome	il file si chiama gia cosi
2026-08-03T17:18:51	Gambe e Glutei	Pistol squat su box.gif	Pistol squat su box.gif	96f55e295049a643332324a8fbe7f8049b54dd3fbb121c464018916b10ec04a4	gia con quel nome	il file si chiama gia cosi
2026-08-03T17:18:51	Gambe e Glutei	Pistol squat corpo libero.gif	Pistol squat corpo libero.gif	50b260f35c0ba8381efd54be486dcd493865ab435aae3a729d3e842e2f651d48	gia con quel nome	il file si chiama gia cosi
2026-08-03T17:18:51	Gambe e Glutei	Pistol squat kettlebell.gif	Pistol squat kettlebell.gif	3ad266121a01ba6158276d205b0c72e5658a149338eef7c60a1c879b9e8c7498	gia con quel nome	il file si chiama gia cosi
2026-08-03T17:18:51	Gambe e Glutei	Pistol squat manubrio stesso lato.gif	Pistol squat manubrio stesso lato.gif	0b1097d802adf22ee5016caf33fb456adb8d559b878aeb5b904501e076bc8927	gia con quel nome	il file si chiama gia cosi
2026-08-03T17:18:51	Gambe e Glutei	Pistol squat seduto su box.gif	Pistol squat seduto su box.gif	1b6f327823bf4b87890331d300797096106ca2e08898c2b9d386bb0da0e66e1b	gia con quel nome	il file si chiama gia cosi
2026-08-03T17:18:51	Gambe e Glutei	Pistol squat TRX.gif	Pistol squat TRX.gif	344459a989277a53f986e05887fb3bbf6dfb9198ae8aabbe4f2bb9b23dc7e600	gia con quel nome	il file si chiama gia cosi
2026-08-03T17:18:51	Gambe e Glutei	Squat shrimp.gif	Squat shrimp.gif	981f0611e0ccdc4721e3bc23cc97451a5f686ac5cfd0c99856ab0e39a506f720	gia con quel nome	il file si chiama gia cosi
2026-08-03T17:18:51	Gambe e Glutei	Squat sissy in ginocchio.gif	Squat sissy in ginocchio.gif	b87dc9f6e10a093ead1bffc880dc5692773e84f8080083724e5d1f0e0f4d2bad	gia con quel nome	il file si chiama gia cosi
2026-08-03T17:18:51	Gambe e Glutei	Squat skater una gamba.gif	Squat skater una gamba.gif	5a35a64bbf4b16af9b99e4b249219cfd028c9b8855b7270be1072ecb0de4dfbc	gia con quel nome	il file si chiama gia cosi
2026-08-03T17:18:51	Gambe e Glutei	Squat seduto su step.gif	Squat seduto su step.gif	a3529953dec275883fd6986dc4f7d02bd4e2238da73ba51173a4cb265f924cd8	gia con quel nome	il file si chiama gia cosi
2026-08-03T17:18:51	Gambe e Glutei	Affondo inverso con knee drive.gif	Affondo inverso con knee drive.gif	e564fed566cf957a976ad9bb00cecc71a7f06b23a769143f5cd6aead904a133a	gia con quel nome	il file si chiama gia cosi
2026-08-03T17:18:51	Gambe e Glutei	Affondo unilaterale sul posto a corpo libero.gif	Affondo corpo libero sul posto.gif	c200128141d1be1956108ec277f6cf44565152f36682f23bf3df7eb8f9777001	niente da fare sul Mac	nessun file sul Mac: si rinomina in migrazione
2026-08-03T17:18:51	Gambe e Glutei	Affondo avanti alternato.gif	Affondo avanti alternato.gif	e7c875251c94a43e7a7606b6e062338cb68dfd5680461ff0af4eab1a6aa55ea9	gia con quel nome	il file si chiama gia cosi
2026-08-03T17:18:51	Gambe e Glutei	Affondo avanti bilanciere.gif	Affondo avanti bilanciere.gif	393e4a459e72ac14a2dc6e53e59d299a9a5c3f00b321d97608f9dc17908c8db1	gia con quel nome	il file si chiama gia cosi
2026-08-03T17:18:51	Gambe e Glutei	Affondo avanti manubri.gif	Affondo avanti manubri.gif	a5a7bc30add78a15ff98521e7fe825e7487260112012aa20a0b1d55616319727	gia con quel nome	il file si chiama gia cosi
2026-08-03T17:18:51	Gambe e Glutei	Affondo avanti parziale manubri.gif	Affondo avanti parziale manubri.gif	2485ad2e6b5c4f8b0471310205d595745df64b5149803f82d7c08d8c4e4fa9ff	gia con quel nome	il file si chiama gia cosi
2026-08-03T17:18:51	Gambe e Glutei	Affondo barra elastico sul posto.gif	Affondo barra elastico sul posto.gif	9abf8554bc761785893d83381662e9cdbe0a9e13292bdbad114c0fb8476dbc78	gia con quel nome	il file si chiama gia cosi
2026-08-03T17:18:51	Gambe e Glutei	Affondo bilanciere sul posto.gif	Affondo bilanciere sul posto.gif	1520562ea588eec8b3724f02472a050f41e66d0a382088a9b75e263693066683	gia con quel nome	il file si chiama gia cosi
2026-08-03T17:18:51	Gambe e Glutei	Affondo inverso Bosu con knee drive.gif	Affondo inverso Bosu con knee drive.gif	c52787af2dd05b77d22a5c0d902f75ccc7f6b5bd28c7796fb5be3fd2bfd41068	gia con quel nome	il file si chiama gia cosi
2026-08-03T17:18:51	Gambe e Glutei	Affondo camminato con knee drive.gif	Affondo camminato con knee drive.gif	071992bf16eccc3305771c9f9a6075b3a83c63f2bf3fba3ea7b58d0c2dd190ba	gia con quel nome	il file si chiama gia cosi
2026-08-03T17:18:51	Gambe e Glutei	Affondo sul posto.gif	Affondo sul posto.gif	fc602a542d5afa607b994b5fa8248e884b8ab84e2f4d314c921139993d7bb549	gia con quel nome	il file si chiama gia cosi
2026-08-03T17:18:51	Gambe e Glutei	Affondo incrociato indietro bilanciere.gif	Affondo incrociato indietro bilanciere.gif	7c6ff54f4d3c56e11f2547b6b7a6921a4aca4f2d99269542044277dbaed7ab59	gia con quel nome	il file si chiama gia cosi
2026-08-03T17:18:51	Gambe e Glutei	Affondo indietro bilanciere.gif	Affondo indietro bilanciere.gif	a4412c5fab9e3f1739c023afb1a9899340f309a93fae84e5c000115a71ba19ef	gia con quel nome	il file si chiama gia cosi
2026-08-03T17:18:51	Gambe e Glutei	Affondo indietro manubri.gif	Affondo indietro manubri.gif	b72a1e6cf4fdd01f8f30e6769e039678bbf9e724796db8938743d78a33fcb476	gia con quel nome	il file si chiama gia cosi
2026-08-03T17:18:51	Gambe e Glutei	Affondo laterale alternato.gif	Affondo laterale alternato.gif	42049265076674d662e70b46efeb83bbad46796f76f3172acbaa0e35d4844b8c	gia con quel nome	il file si chiama gia cosi
2026-08-03T17:18:51	Gambe e Glutei	Affondo laterale bilanciere.gif	Affondo laterale bilanciere.gif	ad56ceacdee2e6d493bd4a6378b297009dea86742d417086294bea4a7c8069ba	gia con quel nome	il file si chiama gia cosi
2026-08-03T17:18:51	Gambe e Glutei	Affondo laterale manubri.gif	Affondo laterale manubri.gif	185313ac198178da31cc1b443263df6a1281eab8961222b7a863fb80e1d913b2	gia con quel nome	il file si chiama gia cosi
2026-08-03T17:18:51	Gambe e Glutei	Affondo multipower.gif	Affondo multipower.gif	6f6e56838a6afb79d88b3434cabbbec04c1a75c95822473607fa0bbef183f2d6	gia con quel nome	il file si chiama gia cosi
2026-08-03T17:18:51	Gambe e Glutei	Affondo maniglie elastico sul posto.gif	Affondo maniglie elastico sul posto.gif	7d11efd0eaef29bc0a76539aa48caa720e2f5df4a03e4c099d693ac70b719972	gia con quel nome	il file si chiama gia cosi
2026-08-03T17:18:51	Gambe e Glutei	Camminata manubri.gif	Camminata manubri.gif	f952f75c65cc562af2eeac5b6c96c0d884dd1ec2a016dc48bc62e79a697f64a8	gia con quel nome	il file si chiama gia cosi
2026-08-03T17:18:51	Gambe e Glutei	Camminata squat.gif	Camminata squat.gif	a4f01d1a040b20588d9f25a19976ff75bb38957d7a990422405d66b6d5f440ae	gia con quel nome	il file si chiama gia cosi
2026-08-03T17:18:51	Gambe e Glutei	Leg extension macchina.gif	Leg extension macchina.gif	3b91cf1047fa467e7f6bf84d3e4856b3a4ef39771265e8dda96e34c17a089a65	gia con quel nome	il file si chiama gia cosi
2026-08-03T17:18:51	Gambe e Glutei	Leg extension macchina una gamba.gif	Leg extension macchina una gamba.gif	4509a38a5ec155ea9d5d407985f264210f3c4f61f278d7f2975f36ebd38c0ba6	gia con quel nome	il file si chiama gia cosi
2026-08-03T17:18:51	Gambe e Glutei	Leg press 45 gradi.gif	Leg press 45 gradi.gif	8df5f83c669593ebe552cef07e968c55215addc14e0ff8a45f2c57000a4c227d	gia con quel nome	il file si chiama gia cosi
2026-08-03T17:18:51	Gambe e Glutei	Leg press 45 gradi una gamba.gif	Leg press 45 gradi una gamba.gif	bbf585e7b1d26c3ff68786c36f2905c0567fa68daf8eb99d665676c17fd7726e	gia con quel nome	il file si chiama gia cosi
2026-08-03T17:18:51	Gambe e Glutei	Leg press alternato barra elastico supino.gif	Leg press alternato barra elastico supino.gif	20162d5031162702b4b9dac80e9296b8584b342ed6d1103e97a932582c764b85	gia con quel nome	il file si chiama gia cosi
2026-08-03T17:18:51	Gambe e Glutei	Leg press orizzontale macchina.gif	Leg press orizzontale macchina.gif	e1ac12ec44657dcff545989874baa8eaba1f3b39741279f976a03121c40ba390	gia con quel nome	il file si chiama gia cosi
2026-08-03T17:18:51	Gambe e Glutei	Girata al petto bilanciere.gif	Girata al petto bilanciere.gif	3c81053bd441bf07b8ca04acca47b92c62639b74daa2c50cf85dcefc59398499	gia con quel nome	il file si chiama gia cosi
2026-08-03T17:18:51	Gambe e Glutei	Good morning bilanciere.gif	Good morning bilanciere.gif	986bff59711cb40b108871c67972db98cf4711720e8b5190e01ce579cc0e4728	gia con quel nome	il file si chiama gia cosi
2026-08-03T17:18:51	Gambe e Glutei	Good morning manubrio.gif	Good morning manubrio.gif	6fe44ab0098ed73fc28ad8113a1c241fa4777358e0732b487af3ee900d056bc6	gia con quel nome	il file si chiama gia cosi
2026-08-03T17:18:51	Gambe e Glutei	Stacco rumeno una gamba maniglie elastico.gif	Stacco rumeno una gamba maniglie elastico.gif	71966d49b0618b868e2d563e52f723fe8a435c6fbecb028e40199c0b173ce415	gia con quel nome	il file si chiama gia cosi
2026-08-03T17:18:51	Gambe e Glutei	Stacco da terra bilanciere.gif	Stacco da terra bilanciere.gif	15a57eb444d733c52d7a4053f61643fbb26a3543f0d00b9656cd31f819eeca81	gia con quel nome	il file si chiama gia cosi
2026-08-03T17:18:51	Gambe e Glutei	Stacco da terra macchina presa neutra.gif	Stacco da terra macchina presa neutra.gif	7f183e40e0584525c4f08ad1eb0752d629025494def47d030bccc5cb41df29a9	gia con quel nome	il file si chiama gia cosi
2026-08-03T17:18:51	Gambe e Glutei	Stacco da terra manubri.gif	Stacco da terra manubri.gif	87cc308c4759f64506d8dc533d300bda38dde1f952147717ef19dd6ab01f5042	gia con quel nome	il file si chiama gia cosi
2026-08-03T17:18:51	Gambe e Glutei	Stacco da terra sumo bilanciere.gif	Stacco da terra sumo bilanciere.gif	2161fe48ec15af859b481f43cbdb75f0827c2ee67413b9eac3e94a071c7b6844	gia con quel nome	il file si chiama gia cosi
2026-08-03T17:18:51	Gambe e Glutei	Stacco da terra trap bar.gif	Stacco da terra trap bar.gif	66e0c09ab6c3089c68747ed92bd5e86436661407487a118f99dad90df207de20	gia con quel nome	il file si chiama gia cosi
2026-08-03T17:18:51	Gambe e Glutei	Stacco gambe tese bilanciere.gif	Stacco gambe tese bilanciere.gif	2badabdb6c8473e87290897855aa693708596ad4abcc8f8e43768bc06bf214f0	gia con quel nome	il file si chiama gia cosi
2026-08-03T17:18:51	Gambe e Glutei	Stacco gambe tese manubri.gif	Stacco gambe tese manubri.gif	a90b74bedb880e4e3b1652da7e0883e2c38ff70e33afa7b41396e9e220749bee	gia con quel nome	il file si chiama gia cosi
2026-08-03T17:18:51	Gambe e Glutei	Stacco gambe tese multipower.gif	Stacco gambe tese multipower.gif	5f8d86ff79eee25bf37bce42f045cbbc848dc3af1309fef89df368c25e617ba7	gia con quel nome	il file si chiama gia cosi
2026-08-03T17:18:51	Gambe e Glutei	Stacco rumeno una gamba.gif	Stacco rumeno una gamba.gif	3a3d0c676837b5a88739ff2a73561742db542f346884bea20cbff64637d32711	gia con quel nome	il file si chiama gia cosi
2026-08-03T17:18:51	Gambe e Glutei	Stacco rumeno bilanciere.gif	Stacco rumeno bilanciere.gif	6408358f337d24be43a70149bed1c45a8cef0f7bf79e5694fcf38375f1bd7315	gia con quel nome	il file si chiama gia cosi
2026-08-03T17:18:51	Gambe e Glutei	Stacco rumeno manubri.gif	Stacco rumeno manubri.gif	8d5eb185bbfa050b83d395997b9aef39edbe540029389b65c99fab33637cc27b	gia con quel nome	il file si chiama gia cosi
2026-08-03T17:18:51	Gambe e Glutei	Stacco rumeno una gamba palla medica.gif	Stacco rumeno una gamba palla medica.gif	e874d1e8ebf510af12771ecbf13641202d00f611565b0934fc909b699a8021ee	gia con quel nome	il file si chiama gia cosi
2026-08-03T17:18:51	Gambe e Glutei	Stacco rumeno una gamba kettlebell.gif	Stacco rumeno una gamba kettlebell.gif	33ca04bb86160767b71426af9a5c29991ae6aca31400d6715f3aa94e9d02057b	gia con quel nome	il file si chiama gia cosi
2026-08-03T17:18:51	Gambe e Glutei	Stacco rumeno una gamba manubri.gif	Stacco rumeno una gamba manubri.gif	9c38b502463fa98c518afe0f80e030289039e3b32106bcc31d1948fe878ea546	gia con quel nome	il file si chiama gia cosi
2026-08-03T17:18:51	Gambe e Glutei	Stacco rumeno una gamba multipower.gif	Stacco rumeno una gamba multipower.gif	b74e09fd01ae559deb27240898221efaf3965400c85dd75ca1c2571f6458891d	gia con quel nome	il file si chiama gia cosi
2026-08-03T17:18:51	Gambe e Glutei	Swing elastico maniglie.gif	Swing elastico maniglie.gif	8985b3f51bdf676005206b9a4e679d9f79d7b0f10dc7db8c330f6b3cb8a58d31	gia con quel nome	il file si chiama gia cosi
2026-08-03T17:18:51	Gambe e Glutei	Nordic curl panca romana.gif	Nordic curl panca romana.gif	a618650368f6b351b0b04d6845cc7253a241bf018d9ccc1549f65b2c645b9264	gia con quel nome	il file si chiama gia cosi
2026-08-03T17:18:51	Gambe e Glutei	Iperestensione inversa panca romana.gif	Iperestensione inversa panca romana.gif	ede3cfa8877ccbb21d3ac3171a66670f2287ebc5ccbe498e862f114a327ea720	gia con quel nome	il file si chiama gia cosi
2026-08-03T17:18:51	Gambe e Glutei	Leg curl una gamba cavo in piedi.gif	Leg curl una gamba cavo in piedi.gif	618e2cfd885c89ed12c65bb52b951d0021a9d4e0fddbec1f03bf3eeda29581e0	gia con quel nome	il file si chiama gia cosi
2026-08-03T17:18:51	Gambe e Glutei	Leg curl una gamba macchina in piedi.gif	Leg curl una gamba macchina in piedi.gif	41e4d7dc92c16107d5b322e5f2c42edbed6ebaddbf928e6fe7261f3e8f8c6434	gia con quel nome	il file si chiama gia cosi
2026-08-03T17:18:51	Gambe e Glutei	Leg curl cavo sdraiato.gif	Leg curl cavo sdraiato.gif	df494a79e62f0371b067507da680cae4f1153d2ba45dac0c078d4c3981cb33ad	gia con quel nome	il file si chiama gia cosi
2026-08-03T17:18:51	Gambe e Glutei	Leg curl una gamba macchina ginocchio rialzato.gif	Leg curl una gamba macchina ginocchio rialzato.gif	fe67588edbb890cb52a23bb0f1f803db130a1dbf8b6638260c09d9d96197fa06	gia con quel nome	il file si chiama gia cosi
2026-08-03T17:18:51	Gambe e Glutei	Leg curl macchina prona.gif	Leg curl macchina prona.gif	3c94667d2cfce7f620b9d69455866a367a44483aa057acd97b14fac86c957834	gia con quel nome	il file si chiama gia cosi
2026-08-03T17:18:51	Gambe e Glutei	Leg curl una gamba macchina prona.gif	Leg curl una gamba macchina prona.gif	f95f386243dfe5e83d25893198858847a4df91a84afb71b7080e129d49ef1775	gia con quel nome	il file si chiama gia cosi
2026-08-03T17:18:51	Gambe e Glutei	Leg curl macchina seduto prese anteriori.gif	Leg curl macchina seduto prese anteriori.gif	bc6053d01b6789e92a618846509f702d7cb46ef6b602181b0de8881a700cdd01	gia con quel nome	il file si chiama gia cosi
2026-08-03T17:18:51	Gambe e Glutei	Leg curl macchina seduto prese laterali.gif	Leg curl macchina seduto prese laterali.gif	20d7a61edc8d4fe1ab8a25acf9b6d6e5331e8c616bcb1af8ce640a3d9e3ab666	gia con quel nome	il file si chiama gia cosi
2026-08-03T17:18:51	Gambe e Glutei	Reverse hyper elastico panca piana.gif	Reverse hyper elastico panca piana.gif	d323698d14233764d5922c7d01c4bffce78c33ad135da2a27fb2de5ef175a276	gia con quel nome	il file si chiama gia cosi
2026-08-03T17:18:51	Gambe e Glutei	Hip thrust bilanciere panca.gif	Hip thrust bilanciere panca.gif	7f6b35aebf337bcc17c4cdcb626103cad242f99c7bdadb448ee5319fd994b8e9	gia con quel nome	il file si chiama gia cosi
2026-08-03T17:18:51	Gambe e Glutei	Hip thrust corpo libero panca.gif	Hip thrust corpo libero panca.gif	b69d54b222fe7dc9fd5a9a7dff483a0a4226e179d26a3b7fbcc42ad6abe3b5b6	gia con quel nome	il file si chiama gia cosi
2026-08-03T17:18:51	Gambe e Glutei	Hip thrust elastico in ginocchio.gif	Hip thrust elastico in ginocchio.gif	70aa6e70da60bbcda01dcc948bfa5d18dad2b2f1d5754340adf68fe9322ee25d	gia con quel nome	il file si chiama gia cosi
2026-08-03T17:18:51	Gambe e Glutei	Hip thrust multipower panca.gif	Hip thrust multipower panca.gif	0441b07c3842e386dda79f93d46f2afad2d6c8dda5ca857bd1f8035a112e6a57	gia con quel nome	il file si chiama gia cosi
2026-08-03T17:18:51	Gambe e Glutei	Hip thrust bilanciere piedi su panca.gif	Hip thrust bilanciere piedi su panca.gif	14ae4e0b84a58cfe25ecb63d53f547ad0c0d1795b27088ac26c283ee3de2a783	gia con quel nome	il file si chiama gia cosi
2026-08-03T17:18:51	Gambe e Glutei	Hip thrust talloni elevati.gif	Hip thrust talloni elevati.gif	35f7947997e152eedbddeb78f86782be19495cd01bfa8a2307e7adfde157d77b	gia con quel nome	il file si chiama gia cosi
2026-08-03T17:18:51	Gambe e Glutei	Hip thrust unilaterale (schiena su panca).gif	Hip thrust bilanciere una gamba.gif	a0e304b97dce81084d12f534a7675e3fa00d2cc00a04cf7a526ef5206bbedccd	niente da fare sul Mac	nessun file sul Mac: si rinomina in migrazione
2026-08-03T17:18:51	Gambe e Glutei	Hip thrust una gamba panca spinta esplosiva.gif	Hip thrust una gamba panca spinta esplosiva.gif	3def639c3af695e7d2e45782495e7b9d2016f600d2c275461b3debec3c99737e	gia con quel nome	il file si chiama gia cosi
2026-08-03T17:18:51	Gambe e Glutei	Hip thrust una gamba panca.gif	Hip thrust una gamba panca.gif	76067cc0a70a14efbd3d24f4bc8be2e041c95b3eb82d8443f0da101b860ad038	gia con quel nome	il file si chiama gia cosi
2026-08-03T17:18:51	Gambe e Glutei	Ponte glutei corpo libero (Bodyweight glute bridge).gif	Ponte glutei.gif	58825f7b669b759a54fb2df628b95dde97b52d45b404280ef4edd611c87257a9	rinominato	
2026-08-03T17:18:51	Gambe e Glutei	Ponte glutei frog pump corpo libero (Bodyweight frog pump glute bridge).gif	Ponte glutei frog pump.gif	ca76398a9a97a43247d3012102edc70b536642e2270d0fefa08ececb4c80cc46	rinominato	
2026-08-03T17:18:51	Gambe e Glutei	Ponte glutei gambe tese piedi su panca (Straight-leg bodyweight glute bridge with feet elevated).gif	Ponte glutei gambe tese piedi su panca.gif	adc40d2960ef1ed9d553170f564149e92dcbfaa12c6bd5feacea2f5ef643968a	rinominato	
2026-08-03T17:18:51	Gambe e Glutei	Ponte glutei manubrio (Dumbbell glute bridge).gif	Ponte glutei manubrio.gif	8395ca4cae72657568dc9ba63adc0cba92793fc74e2a18fc8e516dc2ff276baa	rinominato	
2026-08-03T17:18:51	Gambe e Glutei	Ponte glutei piedi su panca (Bodyweight glute bridge with feet elevated).gif	Ponte glutei piedi su panca.gif	21bd3fcb0d7f65598a6d20f9b0bff4fef175c699f27d5f06a80eb04ddf075c56	rinominato	
2026-08-03T17:18:51	Gambe e Glutei	Ponte glutei una gamba piede posteriore panca (Single-leg bodyweight glute bridge with feet elevated).gif	Ponte glutei una gamba piede posteriore panca.gif	a6c1840a5fa155ca60277e3ed2fc95c8a912b141cf140aa04b662550605f13a8	rinominato	
2026-08-03T17:18:51	Gambe e Glutei	Ponte glutei una gamba tesa allineata corpo libero (Straight-leg aligned bodyweight single-leg glute bridge).gif	Ponte glutei una gamba tesa.gif	19f92551056487f8c4aecbb95797644b0c7d10e973ca8517cf22ae63ea04e6a9	rinominato	
2026-08-03T17:18:51	Gambe e Glutei	Ponte glutei una gamba verticale corpo libero (Vertical-leg bodyweight single-leg glute bridge).gif	Ponte glutei una gamba verticale.gif	1d2cf901a45504db769aeb02bade7a17d07e95cb83d17ae68eda017aaaa4f2af	rinominato	
2026-08-03T17:30:22	Gambe e Glutei	Squat barra elastico.gif	Squat barra elastico.gif	21ffc120fe95b3122340eab79aac151f123bc49082f7d2ef71b3e2687fcb0452	gia con quel nome	il file si chiama gia cosi
2026-08-03T17:30:22	Gambe e Glutei	Squat bilanciere.gif	Squat bilanciere.gif	7a0b33d7c67823493e97ca649ee2f9edd2ab6a5c05a4f48e3636440e68a0e749	gia con quel nome	il file si chiama gia cosi
2026-08-03T17:30:22	Gambe e Glutei	Squat bilanciere al rack.gif	Squat bilanciere al rack.gif	e5641ea4bf94dbcf5922d6dd5ddfac0cb8599c3f48b583d2b46109bf884e89fa	gia con quel nome	il file si chiama gia cosi
2026-08-03T17:30:22	Gambe e Glutei	Squat bilanciere landmine.gif	Squat bilanciere landmine.gif	210ccb4f95a26476675450fcc84c8c7646d68fc8fa97c8cfe6dc26cbcff3f14b	gia con quel nome	il file si chiama gia cosi
2026-08-03T17:30:22	Gambe e Glutei	Squat calcio laterale.gif	Squat calcio laterale.gif	8678172072528fb0150ffca39c5fd3c68d445cf20e8a4d9d75c0aaea9472f753	gia con quel nome	il file si chiama gia cosi
2026-08-03T17:30:22	Gambe e Glutei	Squat cavi bassi.gif	Squat cavi bassi.gif	312a834ecbd28e0dce80d2c2313590dae1c70e49e4791b0cbf55d2dbcef2772b	gia con quel nome	il file si chiama gia cosi
2026-08-03T17:30:22	Gambe e Glutei	Squat cavo basso.gif	Squat cavo basso.gif	c309f2e7e286f1c641ba2cc6c7accd31e044a56f44fa1260f1b0574811053f81	gia con quel nome	il file si chiama gia cosi
2026-08-03T17:30:22	Gambe e Glutei	Squat corpo libero.gif	Squat corpo libero.gif	9bf078772d3b4afde76826ec8dffc878544353af72b2660d59e7178cb9f1ca2b	gia con quel nome	il file si chiama gia cosi
2026-08-03T17:30:22	Gambe e Glutei	Squat cosacco.gif	Squat cosacco.gif	88356c85eadd2df87324b869fe3b02bcd2d454062f63181a77b7213c5d3dd893	gia con quel nome	il file si chiama gia cosi
2026-08-03T17:30:22	Gambe e Glutei	Squat elastico braccia alte.gif	Squat elastico braccia alte.gif	3927ec7c2413b5417cfe8e7c31dae52e83c35265d68e609a942d37c3a78cb82e	gia con quel nome	il file si chiama gia cosi
2026-08-03T17:30:22	Gambe e Glutei	Squat bilanciere frontale.gif	Squat bilanciere frontale.gif	e6605bcdad3f6579d265e0d2d0bb69efbb2ff7e6dc2067d954619c89f7413e6e	gia con quel nome	il file si chiama gia cosi
2026-08-03T17:30:22	Gambe e Glutei	Squat torsione ginocchio alto.gif	Squat torsione ginocchio alto.gif	8acd67cdd91098459064db42dcfdf5c94cd767526e667d05c14d08742a460739	gia con quel nome	il file si chiama gia cosi
2026-08-03T17:30:22	Gambe e Glutei	Squat goblet kettlebell banda.gif	Squat goblet kettlebell banda.gif	79aef9ca93ec5cac7ab66d2c5dbc7df03e8cc680af566f85cb2817601d7d924b	gia con quel nome	il file si chiama gia cosi
2026-08-03T17:30:22	Gambe e Glutei	Squat hack machine.gif	Squat hack machine.gif	70e04f664d37a10ef5d81db4aeeb3c115082c5e1104d179f241e190f8e72414a	gia con quel nome	il file si chiama gia cosi
2026-08-03T17:30:22	Gambe e Glutei	Squat inverso hack machine.gif	Squat inverso hack machine.gif	75328f32765c95024ca5c537ccd38b7c1bf80c77194d6624bb839445823c7d9f	gia con quel nome	il file si chiama gia cosi
2026-08-03T17:30:22	Gambe e Glutei	Squat manubri.gif	Squat manubri.gif	b80ed62ddecc7249d7a91862d1e697ad97b7bfe6acf7f1e22bd9bfe3c48c18de	gia con quel nome	il file si chiama gia cosi
2026-08-03T17:30:22	Gambe e Glutei	Squat multipower.gif	Squat multipower.gif	b1c24965c7c5217c4c3caac0d9211867485d960b81f407a4d22ef8f2bb274883	gia con quel nome	il file si chiama gia cosi
2026-08-03T17:30:22	Gambe e Glutei	Squat wall fitball.gif	Squat wall fitball.gif	6ba72710aed06cd82a34d53c5f6fe1e0f34aa80d70570a8403da04bc5e41a1cb	gia con quel nome	il file si chiama gia cosi
2026-08-03T17:30:22	Gambe e Glutei	Squat manubri seduto su panca.gif	Squat manubri seduto su panca.gif	b66a750d54c81cfbb67564ccb2685e720b21d203fde5deca84679b38d41c69e9	gia con quel nome	il file si chiama gia cosi
2026-08-03T17:30:22	Gambe e Glutei	Squat profondo bilanciere.gif	Squat profondo bilanciere.gif	44b6d5f224cb8e4cd6322fc73521f14461e1853d0851ffc153d36792e40069a2	gia con quel nome	il file si chiama gia cosi
2026-08-03T17:30:22	Gambe e Glutei	Squat sumo bilanciere frontale.gif	Squat sumo bilanciere frontale.gif	912e9c482a0418040a7a6c344b5424f8241fdf5a2054a81c886eef7edf481b85	gia con quel nome	il file si chiama gia cosi
2026-08-03T17:30:22	Gambe e Glutei	Squat sumo corpo libero braccia distese.gif	Squat sumo corpo libero braccia distese.gif	41ca83090ef0db41dac62df77a8519c30f8bba6b32095d86bba7b53ebbd74572	gia con quel nome	il file si chiama gia cosi
2026-08-03T17:30:22	Gambe e Glutei	Squat sumo corpo libero mani al petto.gif	Squat sumo corpo libero mani al petto.gif	7b98bdec1a4dd54ce9bc3958cd9fbaa48d88ebd583bf7cb5d000f7a3447e0352	gia con quel nome	il file si chiama gia cosi
2026-08-03T17:30:22	Gambe e Glutei	Squat sumo manubrio.gif	Squat sumo manubrio.gif	0c4ca1d84bdb7eef33e72bb580bcaebbf63b1b21c3d6878f547146811a6726db	gia con quel nome	il file si chiama gia cosi
2026-08-03T17:30:22	Gambe e Glutei	Squat wall ball palla medica.gif	Squat wall ball palla medica.gif	710f513cf7df6749f80653e9e87dc022f047eb426f0ea4bd5238d538877c3612	gia con quel nome	il file si chiama gia cosi
2026-08-03T17:30:22	Gambe e Glutei	Squat wall sit inclinazione alternata.gif	Squat wall sit inclinazione alternata.gif	1a35a3fe2f3b857ae0464ad22cd4958ba5ed49a185719a7d157ae4fcc99af38a	gia con quel nome	il file si chiama gia cosi
2026-08-03T17:30:22	Gambe e Glutei	Squat sumo bilanciere.gif	Squat sumo bilanciere.gif	d2bb04e1246596210448c7666bd6e48e1be9e4cebdeea4c0ff836153b5a1601f	gia con quel nome	il file si chiama gia cosi
2026-08-03T17:30:22	Gambe e Glutei	Squat wall sit.gif	Squat wall sit.gif	10a09fa7466577f5fbaac35659348e97b884d35b5d733c9eff700461e98f2c32	gia con quel nome	il file si chiama gia cosi
2026-08-03T17:30:22	Gambe e Glutei	Affondo profondo una gamba.gif	Affondo profondo una gamba.gif	cc8369de4b281ce25975e7c0352b3d93c5f9e4b566446faae052954d2302a0f7	gia con quel nome	il file si chiama gia cosi
2026-08-03T17:30:22	Gambe e Glutei	Squat bulgaro corpo libero.gif	Squat bulgaro corpo libero.gif	28dd4732693d7d04fdafa88db627dd12e38dd0671a59b0dd3bf1e56ff835d599	gia con quel nome	il file si chiama gia cosi
2026-08-03T17:30:22	Gambe e Glutei	Squat bulgaro bilanciere.gif	Squat bulgaro bilanciere.gif	c81c93122bcf59ecbb71341cc109de14237ed54a66042cbf8897ec8d001e92f6	gia con quel nome	il file si chiama gia cosi
2026-08-03T17:30:22	Gambe e Glutei	Squat bulgaro manubri.gif	Squat bulgaro manubri.gif	f6fb56b663ccb97df557e9edee16b994b0dbd6231c7799317eb38ceaa100c986	gia con quel nome	il file si chiama gia cosi
2026-08-03T17:30:22	Gambe e Glutei	Squat hawaiano.gif	Squat hawaiano.gif	b5aca689631e5b840739ffb7e69968619d79feb2862c326b38d7d40d270409d3	gia con quel nome	il file si chiama gia cosi
2026-08-03T17:30:22	Gambe e Glutei	Pistol squat assistito.gif	Pistol squat assistito.gif	bd19e6f7b7e7b534929070ef5d8dc1f45f5ba640c9d4d12a0be221b168d8bd77	gia con quel nome	il file si chiama gia cosi
2026-08-03T17:30:22	Gambe e Glutei	Pistol squat su box.gif	Pistol squat su box.gif	96f55e295049a643332324a8fbe7f8049b54dd3fbb121c464018916b10ec04a4	gia con quel nome	il file si chiama gia cosi
2026-08-03T17:30:22	Gambe e Glutei	Pistol squat corpo libero.gif	Pistol squat corpo libero.gif	50b260f35c0ba8381efd54be486dcd493865ab435aae3a729d3e842e2f651d48	gia con quel nome	il file si chiama gia cosi
2026-08-03T17:30:22	Gambe e Glutei	Pistol squat kettlebell.gif	Pistol squat kettlebell.gif	3ad266121a01ba6158276d205b0c72e5658a149338eef7c60a1c879b9e8c7498	gia con quel nome	il file si chiama gia cosi
2026-08-03T17:30:22	Gambe e Glutei	Pistol squat manubrio stesso lato.gif	Pistol squat manubrio stesso lato.gif	0b1097d802adf22ee5016caf33fb456adb8d559b878aeb5b904501e076bc8927	gia con quel nome	il file si chiama gia cosi
2026-08-03T17:30:22	Gambe e Glutei	Pistol squat seduto su box.gif	Pistol squat seduto su box.gif	1b6f327823bf4b87890331d300797096106ca2e08898c2b9d386bb0da0e66e1b	gia con quel nome	il file si chiama gia cosi
2026-08-03T17:30:22	Gambe e Glutei	Pistol squat TRX.gif	Pistol squat TRX.gif	344459a989277a53f986e05887fb3bbf6dfb9198ae8aabbe4f2bb9b23dc7e600	gia con quel nome	il file si chiama gia cosi
2026-08-03T17:30:22	Gambe e Glutei	Squat shrimp.gif	Squat shrimp.gif	981f0611e0ccdc4721e3bc23cc97451a5f686ac5cfd0c99856ab0e39a506f720	gia con quel nome	il file si chiama gia cosi
2026-08-03T17:30:22	Gambe e Glutei	Squat sissy in ginocchio.gif	Squat sissy in ginocchio.gif	b87dc9f6e10a093ead1bffc880dc5692773e84f8080083724e5d1f0e0f4d2bad	gia con quel nome	il file si chiama gia cosi
2026-08-03T17:30:22	Gambe e Glutei	Squat skater una gamba.gif	Squat skater una gamba.gif	5a35a64bbf4b16af9b99e4b249219cfd028c9b8855b7270be1072ecb0de4dfbc	gia con quel nome	il file si chiama gia cosi
2026-08-03T17:30:22	Gambe e Glutei	Squat seduto su step.gif	Squat seduto su step.gif	a3529953dec275883fd6986dc4f7d02bd4e2238da73ba51173a4cb265f924cd8	gia con quel nome	il file si chiama gia cosi
2026-08-03T17:30:22	Gambe e Glutei	Affondo inverso con knee drive.gif	Affondo inverso con knee drive.gif	e564fed566cf957a976ad9bb00cecc71a7f06b23a769143f5cd6aead904a133a	gia con quel nome	il file si chiama gia cosi
2026-08-03T17:30:22	Gambe e Glutei	Affondo unilaterale sul posto a corpo libero.gif	Affondo corpo libero sul posto.gif	c200128141d1be1956108ec277f6cf44565152f36682f23bf3df7eb8f9777001	niente da fare sul Mac	nessun file sul Mac: si rinomina in migrazione
2026-08-03T17:30:22	Gambe e Glutei	Affondo avanti alternato.gif	Affondo avanti alternato.gif	e7c875251c94a43e7a7606b6e062338cb68dfd5680461ff0af4eab1a6aa55ea9	gia con quel nome	il file si chiama gia cosi
2026-08-03T17:30:22	Gambe e Glutei	Affondo avanti bilanciere.gif	Affondo avanti bilanciere.gif	393e4a459e72ac14a2dc6e53e59d299a9a5c3f00b321d97608f9dc17908c8db1	gia con quel nome	il file si chiama gia cosi
2026-08-03T17:30:22	Gambe e Glutei	Affondo avanti manubri.gif	Affondo avanti manubri.gif	a5a7bc30add78a15ff98521e7fe825e7487260112012aa20a0b1d55616319727	gia con quel nome	il file si chiama gia cosi
2026-08-03T17:30:22	Gambe e Glutei	Affondo avanti parziale manubri.gif	Affondo avanti parziale manubri.gif	2485ad2e6b5c4f8b0471310205d595745df64b5149803f82d7c08d8c4e4fa9ff	gia con quel nome	il file si chiama gia cosi
2026-08-03T17:30:22	Gambe e Glutei	Affondo barra elastico sul posto.gif	Affondo barra elastico sul posto.gif	9abf8554bc761785893d83381662e9cdbe0a9e13292bdbad114c0fb8476dbc78	gia con quel nome	il file si chiama gia cosi
2026-08-03T17:30:22	Gambe e Glutei	Affondo bilanciere sul posto.gif	Affondo bilanciere sul posto.gif	1520562ea588eec8b3724f02472a050f41e66d0a382088a9b75e263693066683	gia con quel nome	il file si chiama gia cosi
2026-08-03T17:30:22	Gambe e Glutei	Affondo inverso Bosu con knee drive.gif	Affondo inverso Bosu con knee drive.gif	c52787af2dd05b77d22a5c0d902f75ccc7f6b5bd28c7796fb5be3fd2bfd41068	gia con quel nome	il file si chiama gia cosi
2026-08-03T17:30:22	Gambe e Glutei	Affondo camminato con knee drive.gif	Affondo camminato con knee drive.gif	071992bf16eccc3305771c9f9a6075b3a83c63f2bf3fba3ea7b58d0c2dd190ba	gia con quel nome	il file si chiama gia cosi
2026-08-03T17:30:22	Gambe e Glutei	Affondo sul posto.gif	Affondo sul posto.gif	fc602a542d5afa607b994b5fa8248e884b8ab84e2f4d314c921139993d7bb549	gia con quel nome	il file si chiama gia cosi
2026-08-03T17:30:22	Gambe e Glutei	Affondo incrociato indietro bilanciere.gif	Affondo incrociato indietro bilanciere.gif	7c6ff54f4d3c56e11f2547b6b7a6921a4aca4f2d99269542044277dbaed7ab59	gia con quel nome	il file si chiama gia cosi
2026-08-03T17:30:22	Gambe e Glutei	Affondo indietro bilanciere.gif	Affondo indietro bilanciere.gif	a4412c5fab9e3f1739c023afb1a9899340f309a93fae84e5c000115a71ba19ef	gia con quel nome	il file si chiama gia cosi
2026-08-03T17:30:22	Gambe e Glutei	Affondo indietro manubri.gif	Affondo indietro manubri.gif	b72a1e6cf4fdd01f8f30e6769e039678bbf9e724796db8938743d78a33fcb476	gia con quel nome	il file si chiama gia cosi
2026-08-03T17:30:22	Gambe e Glutei	Affondo laterale alternato.gif	Affondo laterale alternato.gif	42049265076674d662e70b46efeb83bbad46796f76f3172acbaa0e35d4844b8c	gia con quel nome	il file si chiama gia cosi
2026-08-03T17:30:22	Gambe e Glutei	Affondo laterale bilanciere.gif	Affondo laterale bilanciere.gif	ad56ceacdee2e6d493bd4a6378b297009dea86742d417086294bea4a7c8069ba	gia con quel nome	il file si chiama gia cosi
2026-08-03T17:30:22	Gambe e Glutei	Affondo laterale manubri.gif	Affondo laterale manubri.gif	185313ac198178da31cc1b443263df6a1281eab8961222b7a863fb80e1d913b2	gia con quel nome	il file si chiama gia cosi
2026-08-03T17:30:22	Gambe e Glutei	Affondo multipower.gif	Affondo multipower.gif	6f6e56838a6afb79d88b3434cabbbec04c1a75c95822473607fa0bbef183f2d6	gia con quel nome	il file si chiama gia cosi
2026-08-03T17:30:22	Gambe e Glutei	Affondo maniglie elastico sul posto.gif	Affondo maniglie elastico sul posto.gif	7d11efd0eaef29bc0a76539aa48caa720e2f5df4a03e4c099d693ac70b719972	gia con quel nome	il file si chiama gia cosi
2026-08-03T17:30:22	Gambe e Glutei	Camminata manubri.gif	Camminata manubri.gif	f952f75c65cc562af2eeac5b6c96c0d884dd1ec2a016dc48bc62e79a697f64a8	gia con quel nome	il file si chiama gia cosi
2026-08-03T17:30:22	Gambe e Glutei	Camminata squat.gif	Camminata squat.gif	a4f01d1a040b20588d9f25a19976ff75bb38957d7a990422405d66b6d5f440ae	gia con quel nome	il file si chiama gia cosi
2026-08-03T17:30:22	Gambe e Glutei	Leg extension macchina.gif	Leg extension macchina.gif	3b91cf1047fa467e7f6bf84d3e4856b3a4ef39771265e8dda96e34c17a089a65	gia con quel nome	il file si chiama gia cosi
2026-08-03T17:30:22	Gambe e Glutei	Leg extension macchina una gamba.gif	Leg extension macchina una gamba.gif	4509a38a5ec155ea9d5d407985f264210f3c4f61f278d7f2975f36ebd38c0ba6	gia con quel nome	il file si chiama gia cosi
2026-08-03T17:30:22	Gambe e Glutei	Leg press 45 gradi.gif	Leg press 45 gradi.gif	8df5f83c669593ebe552cef07e968c55215addc14e0ff8a45f2c57000a4c227d	gia con quel nome	il file si chiama gia cosi
2026-08-03T17:30:22	Gambe e Glutei	Leg press 45 gradi una gamba.gif	Leg press 45 gradi una gamba.gif	bbf585e7b1d26c3ff68786c36f2905c0567fa68daf8eb99d665676c17fd7726e	gia con quel nome	il file si chiama gia cosi
2026-08-03T17:30:22	Gambe e Glutei	Leg press alternato barra elastico supino.gif	Leg press alternato barra elastico supino.gif	20162d5031162702b4b9dac80e9296b8584b342ed6d1103e97a932582c764b85	gia con quel nome	il file si chiama gia cosi
2026-08-03T17:30:22	Gambe e Glutei	Leg press orizzontale macchina.gif	Leg press orizzontale macchina.gif	e1ac12ec44657dcff545989874baa8eaba1f3b39741279f976a03121c40ba390	gia con quel nome	il file si chiama gia cosi
2026-08-03T17:30:22	Gambe e Glutei	Girata al petto bilanciere.gif	Girata al petto bilanciere.gif	3c81053bd441bf07b8ca04acca47b92c62639b74daa2c50cf85dcefc59398499	gia con quel nome	il file si chiama gia cosi
2026-08-03T17:30:22	Gambe e Glutei	Good morning bilanciere.gif	Good morning bilanciere.gif	986bff59711cb40b108871c67972db98cf4711720e8b5190e01ce579cc0e4728	gia con quel nome	il file si chiama gia cosi
2026-08-03T17:30:22	Gambe e Glutei	Good morning manubrio.gif	Good morning manubrio.gif	6fe44ab0098ed73fc28ad8113a1c241fa4777358e0732b487af3ee900d056bc6	gia con quel nome	il file si chiama gia cosi
2026-08-03T17:30:22	Gambe e Glutei	Stacco rumeno una gamba maniglie elastico.gif	Stacco rumeno una gamba maniglie elastico.gif	71966d49b0618b868e2d563e52f723fe8a435c6fbecb028e40199c0b173ce415	gia con quel nome	il file si chiama gia cosi
2026-08-03T17:30:22	Gambe e Glutei	Stacco da terra bilanciere.gif	Stacco da terra bilanciere.gif	15a57eb444d733c52d7a4053f61643fbb26a3543f0d00b9656cd31f819eeca81	gia con quel nome	il file si chiama gia cosi
2026-08-03T17:30:22	Gambe e Glutei	Stacco da terra macchina presa neutra.gif	Stacco da terra macchina presa neutra.gif	7f183e40e0584525c4f08ad1eb0752d629025494def47d030bccc5cb41df29a9	gia con quel nome	il file si chiama gia cosi
2026-08-03T17:30:22	Gambe e Glutei	Stacco da terra manubri.gif	Stacco da terra manubri.gif	87cc308c4759f64506d8dc533d300bda38dde1f952147717ef19dd6ab01f5042	gia con quel nome	il file si chiama gia cosi
2026-08-03T17:30:22	Gambe e Glutei	Stacco da terra sumo bilanciere.gif	Stacco da terra sumo bilanciere.gif	2161fe48ec15af859b481f43cbdb75f0827c2ee67413b9eac3e94a071c7b6844	gia con quel nome	il file si chiama gia cosi
2026-08-03T17:30:22	Gambe e Glutei	Stacco da terra trap bar.gif	Stacco da terra trap bar.gif	66e0c09ab6c3089c68747ed92bd5e86436661407487a118f99dad90df207de20	gia con quel nome	il file si chiama gia cosi
2026-08-03T17:30:22	Gambe e Glutei	Stacco gambe tese bilanciere.gif	Stacco gambe tese bilanciere.gif	2badabdb6c8473e87290897855aa693708596ad4abcc8f8e43768bc06bf214f0	gia con quel nome	il file si chiama gia cosi
2026-08-03T17:30:22	Gambe e Glutei	Stacco gambe tese manubri.gif	Stacco gambe tese manubri.gif	a90b74bedb880e4e3b1652da7e0883e2c38ff70e33afa7b41396e9e220749bee	gia con quel nome	il file si chiama gia cosi
2026-08-03T17:30:22	Gambe e Glutei	Stacco gambe tese multipower.gif	Stacco gambe tese multipower.gif	5f8d86ff79eee25bf37bce42f045cbbc848dc3af1309fef89df368c25e617ba7	gia con quel nome	il file si chiama gia cosi
2026-08-03T17:30:22	Gambe e Glutei	Stacco rumeno una gamba.gif	Stacco rumeno una gamba.gif	3a3d0c676837b5a88739ff2a73561742db542f346884bea20cbff64637d32711	gia con quel nome	il file si chiama gia cosi
2026-08-03T17:30:22	Gambe e Glutei	Stacco rumeno bilanciere.gif	Stacco rumeno bilanciere.gif	6408358f337d24be43a70149bed1c45a8cef0f7bf79e5694fcf38375f1bd7315	gia con quel nome	il file si chiama gia cosi
2026-08-03T17:30:22	Gambe e Glutei	Stacco rumeno manubri.gif	Stacco rumeno manubri.gif	8d5eb185bbfa050b83d395997b9aef39edbe540029389b65c99fab33637cc27b	gia con quel nome	il file si chiama gia cosi
2026-08-03T17:30:22	Gambe e Glutei	Stacco rumeno una gamba palla medica.gif	Stacco rumeno una gamba palla medica.gif	e874d1e8ebf510af12771ecbf13641202d00f611565b0934fc909b699a8021ee	gia con quel nome	il file si chiama gia cosi
2026-08-03T17:30:22	Gambe e Glutei	Stacco rumeno una gamba kettlebell.gif	Stacco rumeno una gamba kettlebell.gif	33ca04bb86160767b71426af9a5c29991ae6aca31400d6715f3aa94e9d02057b	gia con quel nome	il file si chiama gia cosi
2026-08-03T17:30:22	Gambe e Glutei	Stacco rumeno una gamba manubri.gif	Stacco rumeno una gamba manubri.gif	9c38b502463fa98c518afe0f80e030289039e3b32106bcc31d1948fe878ea546	gia con quel nome	il file si chiama gia cosi
2026-08-03T17:30:22	Gambe e Glutei	Stacco rumeno una gamba multipower.gif	Stacco rumeno una gamba multipower.gif	b74e09fd01ae559deb27240898221efaf3965400c85dd75ca1c2571f6458891d	gia con quel nome	il file si chiama gia cosi
2026-08-03T17:30:22	Gambe e Glutei	Swing elastico maniglie.gif	Swing elastico maniglie.gif	8985b3f51bdf676005206b9a4e679d9f79d7b0f10dc7db8c330f6b3cb8a58d31	gia con quel nome	il file si chiama gia cosi
2026-08-03T17:30:22	Gambe e Glutei	Nordic curl panca romana.gif	Nordic curl panca romana.gif	a618650368f6b351b0b04d6845cc7253a241bf018d9ccc1549f65b2c645b9264	gia con quel nome	il file si chiama gia cosi
2026-08-03T17:30:22	Gambe e Glutei	Iperestensione inversa panca romana.gif	Iperestensione inversa panca romana.gif	ede3cfa8877ccbb21d3ac3171a66670f2287ebc5ccbe498e862f114a327ea720	gia con quel nome	il file si chiama gia cosi
2026-08-03T17:30:22	Gambe e Glutei	Leg curl una gamba cavo in piedi.gif	Leg curl una gamba cavo in piedi.gif	618e2cfd885c89ed12c65bb52b951d0021a9d4e0fddbec1f03bf3eeda29581e0	gia con quel nome	il file si chiama gia cosi
2026-08-03T17:30:22	Gambe e Glutei	Leg curl una gamba macchina in piedi.gif	Leg curl una gamba macchina in piedi.gif	41e4d7dc92c16107d5b322e5f2c42edbed6ebaddbf928e6fe7261f3e8f8c6434	gia con quel nome	il file si chiama gia cosi
2026-08-03T17:30:22	Gambe e Glutei	Leg curl cavo sdraiato.gif	Leg curl cavo sdraiato.gif	df494a79e62f0371b067507da680cae4f1153d2ba45dac0c078d4c3981cb33ad	gia con quel nome	il file si chiama gia cosi
2026-08-03T17:30:22	Gambe e Glutei	Leg curl una gamba macchina ginocchio rialzato.gif	Leg curl una gamba macchina ginocchio rialzato.gif	fe67588edbb890cb52a23bb0f1f803db130a1dbf8b6638260c09d9d96197fa06	gia con quel nome	il file si chiama gia cosi
2026-08-03T17:30:22	Gambe e Glutei	Leg curl macchina prona.gif	Leg curl macchina prona.gif	3c94667d2cfce7f620b9d69455866a367a44483aa057acd97b14fac86c957834	gia con quel nome	il file si chiama gia cosi
2026-08-03T17:30:22	Gambe e Glutei	Leg curl una gamba macchina prona.gif	Leg curl una gamba macchina prona.gif	f95f386243dfe5e83d25893198858847a4df91a84afb71b7080e129d49ef1775	gia con quel nome	il file si chiama gia cosi
2026-08-03T17:30:22	Gambe e Glutei	Leg curl macchina seduto prese anteriori.gif	Leg curl macchina seduto prese anteriori.gif	bc6053d01b6789e92a618846509f702d7cb46ef6b602181b0de8881a700cdd01	gia con quel nome	il file si chiama gia cosi
2026-08-03T17:30:22	Gambe e Glutei	Leg curl macchina seduto prese laterali.gif	Leg curl macchina seduto prese laterali.gif	20d7a61edc8d4fe1ab8a25acf9b6d6e5331e8c616bcb1af8ce640a3d9e3ab666	gia con quel nome	il file si chiama gia cosi
2026-08-03T17:30:22	Gambe e Glutei	Reverse hyper elastico panca piana.gif	Reverse hyper elastico panca piana.gif	d323698d14233764d5922c7d01c4bffce78c33ad135da2a27fb2de5ef175a276	gia con quel nome	il file si chiama gia cosi
2026-08-03T17:30:22	Gambe e Glutei	Hip thrust bilanciere panca.gif	Hip thrust bilanciere panca.gif	7f6b35aebf337bcc17c4cdcb626103cad242f99c7bdadb448ee5319fd994b8e9	gia con quel nome	il file si chiama gia cosi
2026-08-03T17:30:22	Gambe e Glutei	Hip thrust corpo libero panca.gif	Hip thrust corpo libero panca.gif	b69d54b222fe7dc9fd5a9a7dff483a0a4226e179d26a3b7fbcc42ad6abe3b5b6	gia con quel nome	il file si chiama gia cosi
2026-08-03T17:30:22	Gambe e Glutei	Hip thrust elastico in ginocchio.gif	Hip thrust elastico in ginocchio.gif	70aa6e70da60bbcda01dcc948bfa5d18dad2b2f1d5754340adf68fe9322ee25d	gia con quel nome	il file si chiama gia cosi
2026-08-03T17:30:22	Gambe e Glutei	Hip thrust multipower panca.gif	Hip thrust multipower panca.gif	0441b07c3842e386dda79f93d46f2afad2d6c8dda5ca857bd1f8035a112e6a57	gia con quel nome	il file si chiama gia cosi
2026-08-03T17:30:22	Gambe e Glutei	Hip thrust bilanciere piedi su panca.gif	Hip thrust bilanciere piedi su panca.gif	14ae4e0b84a58cfe25ecb63d53f547ad0c0d1795b27088ac26c283ee3de2a783	gia con quel nome	il file si chiama gia cosi
2026-08-03T17:30:22	Gambe e Glutei	Hip thrust talloni elevati.gif	Hip thrust talloni elevati.gif	35f7947997e152eedbddeb78f86782be19495cd01bfa8a2307e7adfde157d77b	gia con quel nome	il file si chiama gia cosi
2026-08-03T17:30:22	Gambe e Glutei	Hip thrust unilaterale (schiena su panca).gif	Hip thrust bilanciere una gamba.gif	a0e304b97dce81084d12f534a7675e3fa00d2cc00a04cf7a526ef5206bbedccd	niente da fare sul Mac	nessun file sul Mac: si rinomina in migrazione
2026-08-03T17:30:22	Gambe e Glutei	Hip thrust una gamba panca spinta esplosiva.gif	Hip thrust una gamba panca spinta esplosiva.gif	3def639c3af695e7d2e45782495e7b9d2016f600d2c275461b3debec3c99737e	gia con quel nome	il file si chiama gia cosi
2026-08-03T17:30:22	Gambe e Glutei	Hip thrust una gamba panca.gif	Hip thrust una gamba panca.gif	76067cc0a70a14efbd3d24f4bc8be2e041c95b3eb82d8443f0da101b860ad038	gia con quel nome	il file si chiama gia cosi
2026-08-03T17:30:22	Gambe e Glutei	Ponte glutei.gif	Ponte glutei.gif	58825f7b669b759a54fb2df628b95dde97b52d45b404280ef4edd611c87257a9	gia con quel nome	il file si chiama gia cosi
2026-08-03T17:30:22	Gambe e Glutei	Ponte glutei frog pump.gif	Ponte glutei frog pump.gif	ca76398a9a97a43247d3012102edc70b536642e2270d0fefa08ececb4c80cc46	gia con quel nome	il file si chiama gia cosi
2026-08-03T17:30:22	Gambe e Glutei	Ponte glutei gambe tese piedi su panca.gif	Ponte glutei gambe tese piedi su panca.gif	adc40d2960ef1ed9d553170f564149e92dcbfaa12c6bd5feacea2f5ef643968a	gia con quel nome	il file si chiama gia cosi
2026-08-03T17:30:22	Gambe e Glutei	Ponte glutei manubrio.gif	Ponte glutei manubrio.gif	8395ca4cae72657568dc9ba63adc0cba92793fc74e2a18fc8e516dc2ff276baa	gia con quel nome	il file si chiama gia cosi
2026-08-03T17:30:22	Gambe e Glutei	Ponte glutei piedi su panca.gif	Ponte glutei piedi su panca.gif	21bd3fcb0d7f65598a6d20f9b0bff4fef175c699f27d5f06a80eb04ddf075c56	gia con quel nome	il file si chiama gia cosi
2026-08-03T17:30:22	Gambe e Glutei	Ponte glutei una gamba piede posteriore panca.gif	Ponte glutei una gamba piede posteriore panca.gif	a6c1840a5fa155ca60277e3ed2fc95c8a912b141cf140aa04b662550605f13a8	gia con quel nome	il file si chiama gia cosi
2026-08-03T17:30:22	Gambe e Glutei	Ponte glutei una gamba tesa.gif	Ponte glutei una gamba tesa.gif	19f92551056487f8c4aecbb95797644b0c7d10e973ca8517cf22ae63ea04e6a9	gia con quel nome	il file si chiama gia cosi
2026-08-03T17:30:22	Gambe e Glutei	Ponte glutei una gamba verticale.gif	Ponte glutei una gamba verticale.gif	1d2cf901a45504db769aeb02bade7a17d07e95cb83d17ae68eda017aaaa4f2af	gia con quel nome	il file si chiama gia cosi
2026-08-03T17:30:22	Gambe e Glutei	Abduzione anca decubito laterale.gif	Abduzione anca decubito laterale.gif	36591f7540ab08a2bcbe24449da7731e89e7119b12a546bcc20e5fbb84a8148d	gia con quel nome	il file si chiama gia cosi
2026-08-03T17:30:22	Gambe e Glutei	Abduzione anca elastico seduto panca.gif	Abduzione anca elastico seduto panca.gif	28e9e41d85fdd9e187ffd7ff3e73c28cde6118a577191becff5d6d029d152e59	gia con quel nome	il file si chiama gia cosi
2026-08-03T17:30:22	Gambe e Glutei	Abduzione cavo in piedi (Standing cable hip abduction).gif	Abduzione una gamba cavo.gif	26bd85ebbc14d6d894c757fff7c01e1f3b1bf7737b41a10b5307dfdd11116904	rinominato	
2026-08-03T17:30:22	Gambe e Glutei	Abduzione Clamshell decubito laterale.gif	Abduzione clamshell decubito laterale.gif	9cf0d29aa0f7a9164b50442a2aa752ada10ce315e552bf309c118a7f7bd60cfd	errore	destinazione comparsa nel frattempo
2026-08-03T17:30:22	Gambe e Glutei	Abduzione Clamshell elastico decubito laterale.gif	Abduzione clamshell elastico decubito laterale.gif	a3c6ef8292fcd0d17e17a4b137d39ae6cac1ec07262b4f8e5d4f0f2c7a6c767f	errore	destinazione comparsa nel frattempo
2026-08-03T17:30:22	Gambe e Glutei	Abduzione fire hydrant elastico quadrupedia.gif	Abduzione fire hydrant elastico quadrupedia.gif	87f4ee85172f30be9424a03edadc54cf2bf029d471b4fd71b0c542d496fff371	gia con quel nome	il file si chiama gia cosi
2026-08-03T17:30:22	Gambe e Glutei	Abduzione corpo libero in piedi appoggio (Standing bodyweight hip abduction (supported)).gif	Abduzione appoggio in piedi.gif	6af8638aea63e98ec4bce399caef862421d70e54f1b93a80719fc77ddaac656d	rinominato	
2026-08-03T17:30:22	Gambe e Glutei	Abduzione fire hydrant quadrupedia.gif	Abduzione fire hydrant quadrupedia.gif	e5d41dae55dd5ca517472921fb792caf11a1467dc6d161cba40a91fd6f2517a8	gia con quel nome	il file si chiama gia cosi
2026-08-03T17:38:53	Gambe e Glutei	Squat barra elastico.gif	Squat barra elastico.gif	21ffc120fe95b3122340eab79aac151f123bc49082f7d2ef71b3e2687fcb0452	gia con quel nome	il file si chiama gia cosi
2026-08-03T17:38:53	Gambe e Glutei	Squat bilanciere.gif	Squat bilanciere.gif	7a0b33d7c67823493e97ca649ee2f9edd2ab6a5c05a4f48e3636440e68a0e749	gia con quel nome	il file si chiama gia cosi
2026-08-03T17:38:53	Gambe e Glutei	Squat bilanciere al rack.gif	Squat bilanciere al rack.gif	e5641ea4bf94dbcf5922d6dd5ddfac0cb8599c3f48b583d2b46109bf884e89fa	gia con quel nome	il file si chiama gia cosi
2026-08-03T17:38:53	Gambe e Glutei	Squat bilanciere landmine.gif	Squat bilanciere landmine.gif	210ccb4f95a26476675450fcc84c8c7646d68fc8fa97c8cfe6dc26cbcff3f14b	gia con quel nome	il file si chiama gia cosi
2026-08-03T17:38:53	Gambe e Glutei	Squat calcio laterale.gif	Squat calcio laterale.gif	8678172072528fb0150ffca39c5fd3c68d445cf20e8a4d9d75c0aaea9472f753	gia con quel nome	il file si chiama gia cosi
2026-08-03T17:38:53	Gambe e Glutei	Squat cavi bassi.gif	Squat cavi bassi.gif	312a834ecbd28e0dce80d2c2313590dae1c70e49e4791b0cbf55d2dbcef2772b	gia con quel nome	il file si chiama gia cosi
2026-08-03T17:38:53	Gambe e Glutei	Squat cavo basso.gif	Squat cavo basso.gif	c309f2e7e286f1c641ba2cc6c7accd31e044a56f44fa1260f1b0574811053f81	gia con quel nome	il file si chiama gia cosi
2026-08-03T17:38:53	Gambe e Glutei	Squat corpo libero.gif	Squat corpo libero.gif	9bf078772d3b4afde76826ec8dffc878544353af72b2660d59e7178cb9f1ca2b	gia con quel nome	il file si chiama gia cosi
2026-08-03T17:38:53	Gambe e Glutei	Squat cosacco.gif	Squat cosacco.gif	88356c85eadd2df87324b869fe3b02bcd2d454062f63181a77b7213c5d3dd893	gia con quel nome	il file si chiama gia cosi
2026-08-03T17:38:53	Gambe e Glutei	Squat elastico braccia alte.gif	Squat elastico braccia alte.gif	3927ec7c2413b5417cfe8e7c31dae52e83c35265d68e609a942d37c3a78cb82e	gia con quel nome	il file si chiama gia cosi
2026-08-03T17:38:53	Gambe e Glutei	Squat bilanciere frontale.gif	Squat bilanciere frontale.gif	e6605bcdad3f6579d265e0d2d0bb69efbb2ff7e6dc2067d954619c89f7413e6e	gia con quel nome	il file si chiama gia cosi
2026-08-03T17:38:53	Gambe e Glutei	Squat torsione ginocchio alto.gif	Squat torsione ginocchio alto.gif	8acd67cdd91098459064db42dcfdf5c94cd767526e667d05c14d08742a460739	gia con quel nome	il file si chiama gia cosi
2026-08-03T17:38:53	Gambe e Glutei	Squat goblet kettlebell banda.gif	Squat goblet kettlebell banda.gif	79aef9ca93ec5cac7ab66d2c5dbc7df03e8cc680af566f85cb2817601d7d924b	gia con quel nome	il file si chiama gia cosi
2026-08-03T17:38:53	Gambe e Glutei	Squat hack machine.gif	Squat hack machine.gif	70e04f664d37a10ef5d81db4aeeb3c115082c5e1104d179f241e190f8e72414a	gia con quel nome	il file si chiama gia cosi
2026-08-03T17:38:53	Gambe e Glutei	Squat inverso hack machine.gif	Squat inverso hack machine.gif	75328f32765c95024ca5c537ccd38b7c1bf80c77194d6624bb839445823c7d9f	gia con quel nome	il file si chiama gia cosi
2026-08-03T17:38:53	Gambe e Glutei	Squat manubri.gif	Squat manubri.gif	b80ed62ddecc7249d7a91862d1e697ad97b7bfe6acf7f1e22bd9bfe3c48c18de	gia con quel nome	il file si chiama gia cosi
2026-08-03T17:38:53	Gambe e Glutei	Squat multipower.gif	Squat multipower.gif	b1c24965c7c5217c4c3caac0d9211867485d960b81f407a4d22ef8f2bb274883	gia con quel nome	il file si chiama gia cosi
2026-08-03T17:38:53	Gambe e Glutei	Squat wall fitball.gif	Squat wall fitball.gif	6ba72710aed06cd82a34d53c5f6fe1e0f34aa80d70570a8403da04bc5e41a1cb	gia con quel nome	il file si chiama gia cosi
2026-08-03T17:38:53	Gambe e Glutei	Squat manubri seduto su panca.gif	Squat manubri seduto su panca.gif	b66a750d54c81cfbb67564ccb2685e720b21d203fde5deca84679b38d41c69e9	gia con quel nome	il file si chiama gia cosi
2026-08-03T17:38:53	Gambe e Glutei	Squat profondo bilanciere.gif	Squat profondo bilanciere.gif	44b6d5f224cb8e4cd6322fc73521f14461e1853d0851ffc153d36792e40069a2	gia con quel nome	il file si chiama gia cosi
2026-08-03T17:38:53	Gambe e Glutei	Squat sumo bilanciere frontale.gif	Squat sumo bilanciere frontale.gif	912e9c482a0418040a7a6c344b5424f8241fdf5a2054a81c886eef7edf481b85	gia con quel nome	il file si chiama gia cosi
2026-08-03T17:38:53	Gambe e Glutei	Squat sumo corpo libero braccia distese.gif	Squat sumo corpo libero braccia distese.gif	41ca83090ef0db41dac62df77a8519c30f8bba6b32095d86bba7b53ebbd74572	gia con quel nome	il file si chiama gia cosi
2026-08-03T17:38:53	Gambe e Glutei	Squat sumo corpo libero mani al petto.gif	Squat sumo corpo libero mani al petto.gif	7b98bdec1a4dd54ce9bc3958cd9fbaa48d88ebd583bf7cb5d000f7a3447e0352	gia con quel nome	il file si chiama gia cosi
2026-08-03T17:38:53	Gambe e Glutei	Squat sumo manubrio.gif	Squat sumo manubrio.gif	0c4ca1d84bdb7eef33e72bb580bcaebbf63b1b21c3d6878f547146811a6726db	gia con quel nome	il file si chiama gia cosi
2026-08-03T17:38:53	Gambe e Glutei	Squat wall ball palla medica.gif	Squat wall ball palla medica.gif	710f513cf7df6749f80653e9e87dc022f047eb426f0ea4bd5238d538877c3612	gia con quel nome	il file si chiama gia cosi
2026-08-03T17:38:53	Gambe e Glutei	Squat wall sit inclinazione alternata.gif	Squat wall sit inclinazione alternata.gif	1a35a3fe2f3b857ae0464ad22cd4958ba5ed49a185719a7d157ae4fcc99af38a	gia con quel nome	il file si chiama gia cosi
2026-08-03T17:38:53	Gambe e Glutei	Squat sumo bilanciere.gif	Squat sumo bilanciere.gif	d2bb04e1246596210448c7666bd6e48e1be9e4cebdeea4c0ff836153b5a1601f	gia con quel nome	il file si chiama gia cosi
2026-08-03T17:38:53	Gambe e Glutei	Squat wall sit.gif	Squat wall sit.gif	10a09fa7466577f5fbaac35659348e97b884d35b5d733c9eff700461e98f2c32	gia con quel nome	il file si chiama gia cosi
2026-08-03T17:38:53	Gambe e Glutei	Affondo profondo una gamba.gif	Affondo profondo una gamba.gif	cc8369de4b281ce25975e7c0352b3d93c5f9e4b566446faae052954d2302a0f7	gia con quel nome	il file si chiama gia cosi
2026-08-03T17:38:53	Gambe e Glutei	Squat bulgaro corpo libero.gif	Squat bulgaro corpo libero.gif	28dd4732693d7d04fdafa88db627dd12e38dd0671a59b0dd3bf1e56ff835d599	gia con quel nome	il file si chiama gia cosi
2026-08-03T17:38:53	Gambe e Glutei	Squat bulgaro bilanciere.gif	Squat bulgaro bilanciere.gif	c81c93122bcf59ecbb71341cc109de14237ed54a66042cbf8897ec8d001e92f6	gia con quel nome	il file si chiama gia cosi
2026-08-03T17:38:53	Gambe e Glutei	Squat bulgaro manubri.gif	Squat bulgaro manubri.gif	f6fb56b663ccb97df557e9edee16b994b0dbd6231c7799317eb38ceaa100c986	gia con quel nome	il file si chiama gia cosi
2026-08-03T17:38:53	Gambe e Glutei	Squat hawaiano.gif	Squat hawaiano.gif	b5aca689631e5b840739ffb7e69968619d79feb2862c326b38d7d40d270409d3	gia con quel nome	il file si chiama gia cosi
2026-08-03T17:38:53	Gambe e Glutei	Pistol squat assistito.gif	Pistol squat assistito.gif	bd19e6f7b7e7b534929070ef5d8dc1f45f5ba640c9d4d12a0be221b168d8bd77	gia con quel nome	il file si chiama gia cosi
2026-08-03T17:38:53	Gambe e Glutei	Pistol squat su box.gif	Pistol squat su box.gif	96f55e295049a643332324a8fbe7f8049b54dd3fbb121c464018916b10ec04a4	gia con quel nome	il file si chiama gia cosi
2026-08-03T17:38:53	Gambe e Glutei	Pistol squat corpo libero.gif	Pistol squat corpo libero.gif	50b260f35c0ba8381efd54be486dcd493865ab435aae3a729d3e842e2f651d48	gia con quel nome	il file si chiama gia cosi
2026-08-03T17:38:53	Gambe e Glutei	Pistol squat kettlebell.gif	Pistol squat kettlebell.gif	3ad266121a01ba6158276d205b0c72e5658a149338eef7c60a1c879b9e8c7498	gia con quel nome	il file si chiama gia cosi
2026-08-03T17:38:53	Gambe e Glutei	Pistol squat manubrio stesso lato.gif	Pistol squat manubrio stesso lato.gif	0b1097d802adf22ee5016caf33fb456adb8d559b878aeb5b904501e076bc8927	gia con quel nome	il file si chiama gia cosi
2026-08-03T17:38:53	Gambe e Glutei	Pistol squat seduto su box.gif	Pistol squat seduto su box.gif	1b6f327823bf4b87890331d300797096106ca2e08898c2b9d386bb0da0e66e1b	gia con quel nome	il file si chiama gia cosi
2026-08-03T17:38:53	Gambe e Glutei	Pistol squat TRX.gif	Pistol squat TRX.gif	344459a989277a53f986e05887fb3bbf6dfb9198ae8aabbe4f2bb9b23dc7e600	gia con quel nome	il file si chiama gia cosi
2026-08-03T17:38:53	Gambe e Glutei	Squat shrimp.gif	Squat shrimp.gif	981f0611e0ccdc4721e3bc23cc97451a5f686ac5cfd0c99856ab0e39a506f720	gia con quel nome	il file si chiama gia cosi
2026-08-03T17:38:53	Gambe e Glutei	Squat sissy in ginocchio.gif	Squat sissy in ginocchio.gif	b87dc9f6e10a093ead1bffc880dc5692773e84f8080083724e5d1f0e0f4d2bad	gia con quel nome	il file si chiama gia cosi
2026-08-03T17:38:53	Gambe e Glutei	Squat skater una gamba.gif	Squat skater una gamba.gif	5a35a64bbf4b16af9b99e4b249219cfd028c9b8855b7270be1072ecb0de4dfbc	gia con quel nome	il file si chiama gia cosi
2026-08-03T17:38:53	Gambe e Glutei	Squat seduto su step.gif	Squat seduto su step.gif	a3529953dec275883fd6986dc4f7d02bd4e2238da73ba51173a4cb265f924cd8	gia con quel nome	il file si chiama gia cosi
2026-08-03T17:38:53	Gambe e Glutei	Affondo inverso con knee drive.gif	Affondo inverso con knee drive.gif	e564fed566cf957a976ad9bb00cecc71a7f06b23a769143f5cd6aead904a133a	gia con quel nome	il file si chiama gia cosi
2026-08-03T17:38:53	Gambe e Glutei	Affondo unilaterale sul posto a corpo libero.gif	Affondo corpo libero sul posto.gif	c200128141d1be1956108ec277f6cf44565152f36682f23bf3df7eb8f9777001	niente da fare sul Mac	nessun file sul Mac: si rinomina in migrazione
2026-08-03T17:38:53	Gambe e Glutei	Affondo avanti alternato.gif	Affondo avanti alternato.gif	e7c875251c94a43e7a7606b6e062338cb68dfd5680461ff0af4eab1a6aa55ea9	gia con quel nome	il file si chiama gia cosi
2026-08-03T17:38:53	Gambe e Glutei	Affondo avanti bilanciere.gif	Affondo avanti bilanciere.gif	393e4a459e72ac14a2dc6e53e59d299a9a5c3f00b321d97608f9dc17908c8db1	gia con quel nome	il file si chiama gia cosi
2026-08-03T17:38:53	Gambe e Glutei	Affondo avanti manubri.gif	Affondo avanti manubri.gif	a5a7bc30add78a15ff98521e7fe825e7487260112012aa20a0b1d55616319727	gia con quel nome	il file si chiama gia cosi
2026-08-03T17:38:53	Gambe e Glutei	Affondo avanti parziale manubri.gif	Affondo avanti parziale manubri.gif	2485ad2e6b5c4f8b0471310205d595745df64b5149803f82d7c08d8c4e4fa9ff	gia con quel nome	il file si chiama gia cosi
2026-08-03T17:38:53	Gambe e Glutei	Affondo barra elastico sul posto.gif	Affondo barra elastico sul posto.gif	9abf8554bc761785893d83381662e9cdbe0a9e13292bdbad114c0fb8476dbc78	gia con quel nome	il file si chiama gia cosi
2026-08-03T17:38:53	Gambe e Glutei	Affondo bilanciere sul posto.gif	Affondo bilanciere sul posto.gif	1520562ea588eec8b3724f02472a050f41e66d0a382088a9b75e263693066683	gia con quel nome	il file si chiama gia cosi
2026-08-03T17:38:53	Gambe e Glutei	Affondo inverso Bosu con knee drive.gif	Affondo inverso Bosu con knee drive.gif	c52787af2dd05b77d22a5c0d902f75ccc7f6b5bd28c7796fb5be3fd2bfd41068	gia con quel nome	il file si chiama gia cosi
2026-08-03T17:38:53	Gambe e Glutei	Affondo camminato con knee drive.gif	Affondo camminato con knee drive.gif	071992bf16eccc3305771c9f9a6075b3a83c63f2bf3fba3ea7b58d0c2dd190ba	gia con quel nome	il file si chiama gia cosi
2026-08-03T17:38:53	Gambe e Glutei	Affondo sul posto.gif	Affondo sul posto.gif	fc602a542d5afa607b994b5fa8248e884b8ab84e2f4d314c921139993d7bb549	gia con quel nome	il file si chiama gia cosi
2026-08-03T17:38:53	Gambe e Glutei	Affondo incrociato indietro bilanciere.gif	Affondo incrociato indietro bilanciere.gif	7c6ff54f4d3c56e11f2547b6b7a6921a4aca4f2d99269542044277dbaed7ab59	gia con quel nome	il file si chiama gia cosi
2026-08-03T17:38:53	Gambe e Glutei	Affondo indietro bilanciere.gif	Affondo indietro bilanciere.gif	a4412c5fab9e3f1739c023afb1a9899340f309a93fae84e5c000115a71ba19ef	gia con quel nome	il file si chiama gia cosi
2026-08-03T17:38:53	Gambe e Glutei	Affondo indietro manubri.gif	Affondo indietro manubri.gif	b72a1e6cf4fdd01f8f30e6769e039678bbf9e724796db8938743d78a33fcb476	gia con quel nome	il file si chiama gia cosi
2026-08-03T17:38:53	Gambe e Glutei	Affondo laterale alternato.gif	Affondo laterale alternato.gif	42049265076674d662e70b46efeb83bbad46796f76f3172acbaa0e35d4844b8c	gia con quel nome	il file si chiama gia cosi
2026-08-03T17:38:53	Gambe e Glutei	Affondo laterale bilanciere.gif	Affondo laterale bilanciere.gif	ad56ceacdee2e6d493bd4a6378b297009dea86742d417086294bea4a7c8069ba	gia con quel nome	il file si chiama gia cosi
2026-08-03T17:38:53	Gambe e Glutei	Affondo laterale manubri.gif	Affondo laterale manubri.gif	185313ac198178da31cc1b443263df6a1281eab8961222b7a863fb80e1d913b2	gia con quel nome	il file si chiama gia cosi
2026-08-03T17:38:53	Gambe e Glutei	Affondo multipower.gif	Affondo multipower.gif	6f6e56838a6afb79d88b3434cabbbec04c1a75c95822473607fa0bbef183f2d6	gia con quel nome	il file si chiama gia cosi
2026-08-03T17:38:53	Gambe e Glutei	Affondo maniglie elastico sul posto.gif	Affondo maniglie elastico sul posto.gif	7d11efd0eaef29bc0a76539aa48caa720e2f5df4a03e4c099d693ac70b719972	gia con quel nome	il file si chiama gia cosi
2026-08-03T17:38:53	Gambe e Glutei	Camminata manubri.gif	Camminata manubri.gif	f952f75c65cc562af2eeac5b6c96c0d884dd1ec2a016dc48bc62e79a697f64a8	gia con quel nome	il file si chiama gia cosi
2026-08-03T17:38:53	Gambe e Glutei	Camminata squat.gif	Camminata squat.gif	a4f01d1a040b20588d9f25a19976ff75bb38957d7a990422405d66b6d5f440ae	gia con quel nome	il file si chiama gia cosi
2026-08-03T17:38:53	Gambe e Glutei	Leg extension macchina.gif	Leg extension macchina.gif	3b91cf1047fa467e7f6bf84d3e4856b3a4ef39771265e8dda96e34c17a089a65	gia con quel nome	il file si chiama gia cosi
2026-08-03T17:38:53	Gambe e Glutei	Leg extension macchina una gamba.gif	Leg extension macchina una gamba.gif	4509a38a5ec155ea9d5d407985f264210f3c4f61f278d7f2975f36ebd38c0ba6	gia con quel nome	il file si chiama gia cosi
2026-08-03T17:38:53	Gambe e Glutei	Leg press 45 gradi.gif	Leg press 45 gradi.gif	8df5f83c669593ebe552cef07e968c55215addc14e0ff8a45f2c57000a4c227d	gia con quel nome	il file si chiama gia cosi
2026-08-03T17:38:53	Gambe e Glutei	Leg press 45 gradi una gamba.gif	Leg press 45 gradi una gamba.gif	bbf585e7b1d26c3ff68786c36f2905c0567fa68daf8eb99d665676c17fd7726e	gia con quel nome	il file si chiama gia cosi
2026-08-03T17:38:53	Gambe e Glutei	Leg press alternato barra elastico supino.gif	Leg press alternato barra elastico supino.gif	20162d5031162702b4b9dac80e9296b8584b342ed6d1103e97a932582c764b85	gia con quel nome	il file si chiama gia cosi
2026-08-03T17:38:53	Gambe e Glutei	Leg press orizzontale macchina.gif	Leg press orizzontale macchina.gif	e1ac12ec44657dcff545989874baa8eaba1f3b39741279f976a03121c40ba390	gia con quel nome	il file si chiama gia cosi
2026-08-03T17:38:53	Gambe e Glutei	Girata al petto bilanciere.gif	Girata al petto bilanciere.gif	3c81053bd441bf07b8ca04acca47b92c62639b74daa2c50cf85dcefc59398499	gia con quel nome	il file si chiama gia cosi
2026-08-03T17:38:53	Gambe e Glutei	Good morning bilanciere.gif	Good morning bilanciere.gif	986bff59711cb40b108871c67972db98cf4711720e8b5190e01ce579cc0e4728	gia con quel nome	il file si chiama gia cosi
2026-08-03T17:38:53	Gambe e Glutei	Good morning manubrio.gif	Good morning manubrio.gif	6fe44ab0098ed73fc28ad8113a1c241fa4777358e0732b487af3ee900d056bc6	gia con quel nome	il file si chiama gia cosi
2026-08-03T17:38:53	Gambe e Glutei	Stacco rumeno una gamba maniglie elastico.gif	Stacco rumeno una gamba maniglie elastico.gif	71966d49b0618b868e2d563e52f723fe8a435c6fbecb028e40199c0b173ce415	gia con quel nome	il file si chiama gia cosi
2026-08-03T17:38:53	Gambe e Glutei	Stacco da terra bilanciere.gif	Stacco da terra bilanciere.gif	15a57eb444d733c52d7a4053f61643fbb26a3543f0d00b9656cd31f819eeca81	gia con quel nome	il file si chiama gia cosi
2026-08-03T17:38:53	Gambe e Glutei	Stacco da terra macchina presa neutra.gif	Stacco da terra macchina presa neutra.gif	7f183e40e0584525c4f08ad1eb0752d629025494def47d030bccc5cb41df29a9	gia con quel nome	il file si chiama gia cosi
2026-08-03T17:38:53	Gambe e Glutei	Stacco da terra manubri.gif	Stacco da terra manubri.gif	87cc308c4759f64506d8dc533d300bda38dde1f952147717ef19dd6ab01f5042	gia con quel nome	il file si chiama gia cosi
2026-08-03T17:38:53	Gambe e Glutei	Stacco da terra sumo bilanciere.gif	Stacco da terra sumo bilanciere.gif	2161fe48ec15af859b481f43cbdb75f0827c2ee67413b9eac3e94a071c7b6844	gia con quel nome	il file si chiama gia cosi
2026-08-03T17:38:53	Gambe e Glutei	Stacco da terra trap bar.gif	Stacco da terra trap bar.gif	66e0c09ab6c3089c68747ed92bd5e86436661407487a118f99dad90df207de20	gia con quel nome	il file si chiama gia cosi
2026-08-03T17:38:53	Gambe e Glutei	Stacco gambe tese bilanciere.gif	Stacco gambe tese bilanciere.gif	2badabdb6c8473e87290897855aa693708596ad4abcc8f8e43768bc06bf214f0	gia con quel nome	il file si chiama gia cosi
2026-08-03T17:38:53	Gambe e Glutei	Stacco gambe tese manubri.gif	Stacco gambe tese manubri.gif	a90b74bedb880e4e3b1652da7e0883e2c38ff70e33afa7b41396e9e220749bee	gia con quel nome	il file si chiama gia cosi
2026-08-03T17:38:53	Gambe e Glutei	Stacco gambe tese multipower.gif	Stacco gambe tese multipower.gif	5f8d86ff79eee25bf37bce42f045cbbc848dc3af1309fef89df368c25e617ba7	gia con quel nome	il file si chiama gia cosi
2026-08-03T17:38:53	Gambe e Glutei	Stacco rumeno una gamba.gif	Stacco rumeno una gamba.gif	3a3d0c676837b5a88739ff2a73561742db542f346884bea20cbff64637d32711	gia con quel nome	il file si chiama gia cosi
2026-08-03T17:38:53	Gambe e Glutei	Stacco rumeno bilanciere.gif	Stacco rumeno bilanciere.gif	6408358f337d24be43a70149bed1c45a8cef0f7bf79e5694fcf38375f1bd7315	gia con quel nome	il file si chiama gia cosi
2026-08-03T17:38:53	Gambe e Glutei	Stacco rumeno manubri.gif	Stacco rumeno manubri.gif	8d5eb185bbfa050b83d395997b9aef39edbe540029389b65c99fab33637cc27b	gia con quel nome	il file si chiama gia cosi
2026-08-03T17:38:53	Gambe e Glutei	Stacco rumeno una gamba palla medica.gif	Stacco rumeno una gamba palla medica.gif	e874d1e8ebf510af12771ecbf13641202d00f611565b0934fc909b699a8021ee	gia con quel nome	il file si chiama gia cosi
2026-08-03T17:38:53	Gambe e Glutei	Stacco rumeno una gamba kettlebell.gif	Stacco rumeno una gamba kettlebell.gif	33ca04bb86160767b71426af9a5c29991ae6aca31400d6715f3aa94e9d02057b	gia con quel nome	il file si chiama gia cosi
2026-08-03T17:38:53	Gambe e Glutei	Stacco rumeno una gamba manubri.gif	Stacco rumeno una gamba manubri.gif	9c38b502463fa98c518afe0f80e030289039e3b32106bcc31d1948fe878ea546	gia con quel nome	il file si chiama gia cosi
2026-08-03T17:38:53	Gambe e Glutei	Stacco rumeno una gamba multipower.gif	Stacco rumeno una gamba multipower.gif	b74e09fd01ae559deb27240898221efaf3965400c85dd75ca1c2571f6458891d	gia con quel nome	il file si chiama gia cosi
2026-08-03T17:38:53	Gambe e Glutei	Swing elastico maniglie.gif	Swing elastico maniglie.gif	8985b3f51bdf676005206b9a4e679d9f79d7b0f10dc7db8c330f6b3cb8a58d31	gia con quel nome	il file si chiama gia cosi
2026-08-03T17:38:53	Gambe e Glutei	Nordic curl panca romana.gif	Nordic curl panca romana.gif	a618650368f6b351b0b04d6845cc7253a241bf018d9ccc1549f65b2c645b9264	gia con quel nome	il file si chiama gia cosi
2026-08-03T17:38:53	Gambe e Glutei	Iperestensione inversa panca romana.gif	Iperestensione inversa panca romana.gif	ede3cfa8877ccbb21d3ac3171a66670f2287ebc5ccbe498e862f114a327ea720	gia con quel nome	il file si chiama gia cosi
2026-08-03T17:38:53	Gambe e Glutei	Leg curl una gamba cavo in piedi.gif	Leg curl una gamba cavo in piedi.gif	618e2cfd885c89ed12c65bb52b951d0021a9d4e0fddbec1f03bf3eeda29581e0	gia con quel nome	il file si chiama gia cosi
2026-08-03T17:38:53	Gambe e Glutei	Leg curl una gamba macchina in piedi.gif	Leg curl una gamba macchina in piedi.gif	41e4d7dc92c16107d5b322e5f2c42edbed6ebaddbf928e6fe7261f3e8f8c6434	gia con quel nome	il file si chiama gia cosi
2026-08-03T17:38:53	Gambe e Glutei	Leg curl cavo sdraiato.gif	Leg curl cavo sdraiato.gif	df494a79e62f0371b067507da680cae4f1153d2ba45dac0c078d4c3981cb33ad	gia con quel nome	il file si chiama gia cosi
2026-08-03T17:38:53	Gambe e Glutei	Leg curl una gamba macchina ginocchio rialzato.gif	Leg curl una gamba macchina ginocchio rialzato.gif	fe67588edbb890cb52a23bb0f1f803db130a1dbf8b6638260c09d9d96197fa06	gia con quel nome	il file si chiama gia cosi
2026-08-03T17:38:53	Gambe e Glutei	Leg curl macchina prona.gif	Leg curl macchina prona.gif	3c94667d2cfce7f620b9d69455866a367a44483aa057acd97b14fac86c957834	gia con quel nome	il file si chiama gia cosi
2026-08-03T17:38:53	Gambe e Glutei	Leg curl una gamba macchina prona.gif	Leg curl una gamba macchina prona.gif	f95f386243dfe5e83d25893198858847a4df91a84afb71b7080e129d49ef1775	gia con quel nome	il file si chiama gia cosi
2026-08-03T17:38:53	Gambe e Glutei	Leg curl macchina seduto prese anteriori.gif	Leg curl macchina seduto prese anteriori.gif	bc6053d01b6789e92a618846509f702d7cb46ef6b602181b0de8881a700cdd01	gia con quel nome	il file si chiama gia cosi
2026-08-03T17:38:53	Gambe e Glutei	Leg curl macchina seduto prese laterali.gif	Leg curl macchina seduto prese laterali.gif	20d7a61edc8d4fe1ab8a25acf9b6d6e5331e8c616bcb1af8ce640a3d9e3ab666	gia con quel nome	il file si chiama gia cosi
2026-08-03T17:38:53	Gambe e Glutei	Reverse hyper elastico panca piana.gif	Reverse hyper elastico panca piana.gif	d323698d14233764d5922c7d01c4bffce78c33ad135da2a27fb2de5ef175a276	gia con quel nome	il file si chiama gia cosi
2026-08-03T17:38:53	Gambe e Glutei	Hip thrust bilanciere panca.gif	Hip thrust bilanciere panca.gif	7f6b35aebf337bcc17c4cdcb626103cad242f99c7bdadb448ee5319fd994b8e9	gia con quel nome	il file si chiama gia cosi
2026-08-03T17:38:53	Gambe e Glutei	Hip thrust corpo libero panca.gif	Hip thrust corpo libero panca.gif	b69d54b222fe7dc9fd5a9a7dff483a0a4226e179d26a3b7fbcc42ad6abe3b5b6	gia con quel nome	il file si chiama gia cosi
2026-08-03T17:38:53	Gambe e Glutei	Hip thrust elastico in ginocchio.gif	Hip thrust elastico in ginocchio.gif	70aa6e70da60bbcda01dcc948bfa5d18dad2b2f1d5754340adf68fe9322ee25d	gia con quel nome	il file si chiama gia cosi
2026-08-03T17:38:53	Gambe e Glutei	Hip thrust multipower panca.gif	Hip thrust multipower panca.gif	0441b07c3842e386dda79f93d46f2afad2d6c8dda5ca857bd1f8035a112e6a57	gia con quel nome	il file si chiama gia cosi
2026-08-03T17:38:53	Gambe e Glutei	Hip thrust bilanciere piedi su panca.gif	Hip thrust bilanciere piedi su panca.gif	14ae4e0b84a58cfe25ecb63d53f547ad0c0d1795b27088ac26c283ee3de2a783	gia con quel nome	il file si chiama gia cosi
2026-08-03T17:38:53	Gambe e Glutei	Hip thrust talloni elevati.gif	Hip thrust talloni elevati.gif	35f7947997e152eedbddeb78f86782be19495cd01bfa8a2307e7adfde157d77b	gia con quel nome	il file si chiama gia cosi
2026-08-03T17:38:53	Gambe e Glutei	Hip thrust unilaterale (schiena su panca).gif	Hip thrust bilanciere una gamba.gif	a0e304b97dce81084d12f534a7675e3fa00d2cc00a04cf7a526ef5206bbedccd	niente da fare sul Mac	nessun file sul Mac: si rinomina in migrazione
2026-08-03T17:38:53	Gambe e Glutei	Hip thrust una gamba panca spinta esplosiva.gif	Hip thrust una gamba panca spinta esplosiva.gif	3def639c3af695e7d2e45782495e7b9d2016f600d2c275461b3debec3c99737e	gia con quel nome	il file si chiama gia cosi
2026-08-03T17:38:53	Gambe e Glutei	Hip thrust una gamba panca.gif	Hip thrust una gamba panca.gif	76067cc0a70a14efbd3d24f4bc8be2e041c95b3eb82d8443f0da101b860ad038	gia con quel nome	il file si chiama gia cosi
2026-08-03T17:38:53	Gambe e Glutei	Ponte glutei.gif	Ponte glutei.gif	58825f7b669b759a54fb2df628b95dde97b52d45b404280ef4edd611c87257a9	gia con quel nome	il file si chiama gia cosi
2026-08-03T17:38:53	Gambe e Glutei	Ponte glutei frog pump.gif	Ponte glutei frog pump.gif	ca76398a9a97a43247d3012102edc70b536642e2270d0fefa08ececb4c80cc46	gia con quel nome	il file si chiama gia cosi
2026-08-03T17:38:53	Gambe e Glutei	Ponte glutei gambe tese piedi su panca.gif	Ponte glutei gambe tese piedi su panca.gif	adc40d2960ef1ed9d553170f564149e92dcbfaa12c6bd5feacea2f5ef643968a	gia con quel nome	il file si chiama gia cosi
2026-08-03T17:38:53	Gambe e Glutei	Ponte glutei manubrio.gif	Ponte glutei manubrio.gif	8395ca4cae72657568dc9ba63adc0cba92793fc74e2a18fc8e516dc2ff276baa	gia con quel nome	il file si chiama gia cosi
2026-08-03T17:38:53	Gambe e Glutei	Ponte glutei piedi su panca.gif	Ponte glutei piedi su panca.gif	21bd3fcb0d7f65598a6d20f9b0bff4fef175c699f27d5f06a80eb04ddf075c56	gia con quel nome	il file si chiama gia cosi
2026-08-03T17:38:53	Gambe e Glutei	Ponte glutei una gamba piede posteriore panca.gif	Ponte glutei una gamba piede posteriore panca.gif	a6c1840a5fa155ca60277e3ed2fc95c8a912b141cf140aa04b662550605f13a8	gia con quel nome	il file si chiama gia cosi
2026-08-03T17:38:53	Gambe e Glutei	Ponte glutei una gamba tesa.gif	Ponte glutei una gamba tesa.gif	19f92551056487f8c4aecbb95797644b0c7d10e973ca8517cf22ae63ea04e6a9	gia con quel nome	il file si chiama gia cosi
2026-08-03T17:38:53	Gambe e Glutei	Ponte glutei una gamba verticale.gif	Ponte glutei una gamba verticale.gif	1d2cf901a45504db769aeb02bade7a17d07e95cb83d17ae68eda017aaaa4f2af	gia con quel nome	il file si chiama gia cosi
2026-08-03T17:38:53	Gambe e Glutei	Abduzione anca decubito laterale.gif	Abduzione anca decubito laterale.gif	36591f7540ab08a2bcbe24449da7731e89e7119b12a546bcc20e5fbb84a8148d	gia con quel nome	il file si chiama gia cosi
2026-08-03T17:38:53	Gambe e Glutei	Abduzione anca elastico seduto panca.gif	Abduzione anca elastico seduto panca.gif	28e9e41d85fdd9e187ffd7ff3e73c28cde6118a577191becff5d6d029d152e59	gia con quel nome	il file si chiama gia cosi
2026-08-03T17:38:53	Gambe e Glutei	Abduzione una gamba cavo.gif	Abduzione una gamba cavo.gif	26bd85ebbc14d6d894c757fff7c01e1f3b1bf7737b41a10b5307dfdd11116904	gia con quel nome	il file si chiama gia cosi
2026-08-03T17:38:53	Gambe e Glutei	Abduzione Clamshell decubito laterale.gif	Abduzione clamshell decubito laterale.gif	9cf0d29aa0f7a9164b50442a2aa752ada10ce315e552bf309c118a7f7bd60cfd	errore	destinazione comparsa nel frattempo
2026-08-03T17:38:53	Gambe e Glutei	Abduzione Clamshell elastico decubito laterale.gif	Abduzione clamshell elastico decubito laterale.gif	a3c6ef8292fcd0d17e17a4b137d39ae6cac1ec07262b4f8e5d4f0f2c7a6c767f	errore	destinazione comparsa nel frattempo
2026-08-03T17:38:53	Gambe e Glutei	Abduzione fire hydrant elastico quadrupedia.gif	Abduzione fire hydrant elastico quadrupedia.gif	87f4ee85172f30be9424a03edadc54cf2bf029d471b4fd71b0c542d496fff371	gia con quel nome	il file si chiama gia cosi
2026-08-03T17:38:53	Gambe e Glutei	Abduzione appoggio in piedi.gif	Abduzione appoggio in piedi.gif	6af8638aea63e98ec4bce399caef862421d70e54f1b93a80719fc77ddaac656d	gia con quel nome	il file si chiama gia cosi
2026-08-03T17:38:53	Gambe e Glutei	Abduzione fire hydrant quadrupedia.gif	Abduzione fire hydrant quadrupedia.gif	e5d41dae55dd5ca517472921fb792caf11a1467dc6d161cba40a91fd6f2517a8	gia con quel nome	il file si chiama gia cosi
2026-08-03T17:38:53	Gambe e Glutei	Abduzione macchina in piedi spinta laterale (Standing machine hip abduction).gif	Abduzione una gamba macchina spinta laterale.gif	2e41cb245a580273b33089a600781079868d652293d8b415f9c0444bc6df7d97	rinominato	
2026-08-03T17:38:53	Gambe e Glutei	Abduzione macchina in piedi spinta posteriore (Standing rear-drive machine hip abduction).gif	Abduzione macchina spinta posteriore.gif	2de2d239a271bed617680c7b37b05d3bf1d44d059ddd725d4841ebdc393afc57	rinominato	
2026-08-03T17:38:53	Gambe e Glutei	Abduzione macchina seduto (Seated machine hip abduction).gif	Abduzione macchina seduto.gif	47eb61b4daa92f896b6c1aa2461d598e0468d57e3a36558c2a789a7bf24c52c2	rinominato	
2026-08-03T17:38:53	Gambe e Glutei	Camminata laterale elastico caviglie.gif	Camminata laterale elastico.gif	615827e78ad806768b9deaa68d7f4f3e4f4be53724e2b3160c252175907096d1	rinominato	
2026-08-03T17:38:53	Gambe e Glutei	Donkey kick corpo libero avambracci a terra (Straight-leg bodyweight donkey kick).gif	Donkey kick una gamba avambracci a terra.gif	5599f5fbeb64e446a40f88a24259976360b98dc6e73cc3efe2a7ee12b2c8e76c	rinominato	
2026-08-03T17:38:53	Gambe e Glutei	Donkey kick corpo libero mani a terra (Bodyweight donkey kick).gif	Donkey kick una gamba mani a terra.gif	2f33257ee046083d5e52ef7369a19ca36fcba6b4b4ee623ac1f2ec268fdc615c	rinominato	
2026-08-03T17:38:53	Gambe e Glutei	Donkey kick elastico barra mani quadrupedia.gif	Donkey kick una gamba elastico quadrupedia.gif	1805d106e06b98da16dabf757d6434eaaf81d0947b4284348d57d7be030464f6	rinominato	
2026-08-03T17:38:53	Gambe e Glutei	Donkey kick gamba tesa panca (Side-lying bodyweight donkey kick).gif	Donkey kick una gamba tesa panca.gif	8d226f8371aa8b5867e5272d1e4f49df2816e8f4f553e806f1c99af0f2fd19eb	rinominato	
2026-08-03T17:38:53	Gambe e Glutei	Donkey kick macchina (Machine donkey kick).gif	Donkey kick una gamba macchina.gif	d5ba21d65a6d2480506e35b47dacc8db49ed73895fbd400eeb7d5be7e5095b2e	rinominato	
2026-08-03T17:39:57	Gambe e Glutei	Squat barra elastico.gif	Squat barra elastico.gif	21ffc120fe95b3122340eab79aac151f123bc49082f7d2ef71b3e2687fcb0452	gia con quel nome	il file si chiama gia cosi
2026-08-03T17:39:57	Gambe e Glutei	Squat bilanciere.gif	Squat bilanciere.gif	7a0b33d7c67823493e97ca649ee2f9edd2ab6a5c05a4f48e3636440e68a0e749	gia con quel nome	il file si chiama gia cosi
2026-08-03T17:39:57	Gambe e Glutei	Squat bilanciere al rack.gif	Squat bilanciere al rack.gif	e5641ea4bf94dbcf5922d6dd5ddfac0cb8599c3f48b583d2b46109bf884e89fa	gia con quel nome	il file si chiama gia cosi
2026-08-03T17:39:57	Gambe e Glutei	Squat bilanciere landmine.gif	Squat bilanciere landmine.gif	210ccb4f95a26476675450fcc84c8c7646d68fc8fa97c8cfe6dc26cbcff3f14b	gia con quel nome	il file si chiama gia cosi
2026-08-03T17:39:57	Gambe e Glutei	Squat calcio laterale.gif	Squat calcio laterale.gif	8678172072528fb0150ffca39c5fd3c68d445cf20e8a4d9d75c0aaea9472f753	gia con quel nome	il file si chiama gia cosi
2026-08-03T17:39:57	Gambe e Glutei	Squat cavi bassi.gif	Squat cavi bassi.gif	312a834ecbd28e0dce80d2c2313590dae1c70e49e4791b0cbf55d2dbcef2772b	gia con quel nome	il file si chiama gia cosi
2026-08-03T17:39:57	Gambe e Glutei	Squat cavo basso.gif	Squat cavo basso.gif	c309f2e7e286f1c641ba2cc6c7accd31e044a56f44fa1260f1b0574811053f81	gia con quel nome	il file si chiama gia cosi
2026-08-03T17:39:57	Gambe e Glutei	Squat corpo libero.gif	Squat corpo libero.gif	9bf078772d3b4afde76826ec8dffc878544353af72b2660d59e7178cb9f1ca2b	gia con quel nome	il file si chiama gia cosi
2026-08-03T17:39:57	Gambe e Glutei	Squat cosacco.gif	Squat cosacco.gif	88356c85eadd2df87324b869fe3b02bcd2d454062f63181a77b7213c5d3dd893	gia con quel nome	il file si chiama gia cosi
2026-08-03T17:39:57	Gambe e Glutei	Squat elastico braccia alte.gif	Squat elastico braccia alte.gif	3927ec7c2413b5417cfe8e7c31dae52e83c35265d68e609a942d37c3a78cb82e	gia con quel nome	il file si chiama gia cosi
2026-08-03T17:39:57	Gambe e Glutei	Squat bilanciere frontale.gif	Squat bilanciere frontale.gif	e6605bcdad3f6579d265e0d2d0bb69efbb2ff7e6dc2067d954619c89f7413e6e	gia con quel nome	il file si chiama gia cosi
2026-08-03T17:39:57	Gambe e Glutei	Squat torsione ginocchio alto.gif	Squat torsione ginocchio alto.gif	8acd67cdd91098459064db42dcfdf5c94cd767526e667d05c14d08742a460739	gia con quel nome	il file si chiama gia cosi
2026-08-03T17:39:57	Gambe e Glutei	Squat goblet kettlebell banda.gif	Squat goblet kettlebell banda.gif	79aef9ca93ec5cac7ab66d2c5dbc7df03e8cc680af566f85cb2817601d7d924b	gia con quel nome	il file si chiama gia cosi
2026-08-03T17:39:57	Gambe e Glutei	Squat hack machine.gif	Squat hack machine.gif	70e04f664d37a10ef5d81db4aeeb3c115082c5e1104d179f241e190f8e72414a	gia con quel nome	il file si chiama gia cosi
2026-08-03T17:39:57	Gambe e Glutei	Squat inverso hack machine.gif	Squat inverso hack machine.gif	75328f32765c95024ca5c537ccd38b7c1bf80c77194d6624bb839445823c7d9f	gia con quel nome	il file si chiama gia cosi
2026-08-03T17:39:57	Gambe e Glutei	Squat manubri.gif	Squat manubri.gif	b80ed62ddecc7249d7a91862d1e697ad97b7bfe6acf7f1e22bd9bfe3c48c18de	gia con quel nome	il file si chiama gia cosi
2026-08-03T17:39:57	Gambe e Glutei	Squat multipower.gif	Squat multipower.gif	b1c24965c7c5217c4c3caac0d9211867485d960b81f407a4d22ef8f2bb274883	gia con quel nome	il file si chiama gia cosi
2026-08-03T17:39:57	Gambe e Glutei	Squat wall fitball.gif	Squat wall fitball.gif	6ba72710aed06cd82a34d53c5f6fe1e0f34aa80d70570a8403da04bc5e41a1cb	gia con quel nome	il file si chiama gia cosi
2026-08-03T17:39:57	Gambe e Glutei	Squat manubri seduto su panca.gif	Squat manubri seduto su panca.gif	b66a750d54c81cfbb67564ccb2685e720b21d203fde5deca84679b38d41c69e9	gia con quel nome	il file si chiama gia cosi
2026-08-03T17:39:57	Gambe e Glutei	Squat profondo bilanciere.gif	Squat profondo bilanciere.gif	44b6d5f224cb8e4cd6322fc73521f14461e1853d0851ffc153d36792e40069a2	gia con quel nome	il file si chiama gia cosi
2026-08-03T17:39:57	Gambe e Glutei	Squat sumo bilanciere frontale.gif	Squat sumo bilanciere frontale.gif	912e9c482a0418040a7a6c344b5424f8241fdf5a2054a81c886eef7edf481b85	gia con quel nome	il file si chiama gia cosi
2026-08-03T17:39:57	Gambe e Glutei	Squat sumo corpo libero braccia distese.gif	Squat sumo corpo libero braccia distese.gif	41ca83090ef0db41dac62df77a8519c30f8bba6b32095d86bba7b53ebbd74572	gia con quel nome	il file si chiama gia cosi
2026-08-03T17:39:57	Gambe e Glutei	Squat sumo corpo libero mani al petto.gif	Squat sumo corpo libero mani al petto.gif	7b98bdec1a4dd54ce9bc3958cd9fbaa48d88ebd583bf7cb5d000f7a3447e0352	gia con quel nome	il file si chiama gia cosi
2026-08-03T17:39:57	Gambe e Glutei	Squat sumo manubrio.gif	Squat sumo manubrio.gif	0c4ca1d84bdb7eef33e72bb580bcaebbf63b1b21c3d6878f547146811a6726db	gia con quel nome	il file si chiama gia cosi
2026-08-03T17:39:57	Gambe e Glutei	Squat wall ball palla medica.gif	Squat wall ball palla medica.gif	710f513cf7df6749f80653e9e87dc022f047eb426f0ea4bd5238d538877c3612	gia con quel nome	il file si chiama gia cosi
2026-08-03T17:39:57	Gambe e Glutei	Squat wall sit inclinazione alternata.gif	Squat wall sit inclinazione alternata.gif	1a35a3fe2f3b857ae0464ad22cd4958ba5ed49a185719a7d157ae4fcc99af38a	gia con quel nome	il file si chiama gia cosi
2026-08-03T17:39:57	Gambe e Glutei	Squat sumo bilanciere.gif	Squat sumo bilanciere.gif	d2bb04e1246596210448c7666bd6e48e1be9e4cebdeea4c0ff836153b5a1601f	gia con quel nome	il file si chiama gia cosi
2026-08-03T17:39:57	Gambe e Glutei	Squat wall sit.gif	Squat wall sit.gif	10a09fa7466577f5fbaac35659348e97b884d35b5d733c9eff700461e98f2c32	gia con quel nome	il file si chiama gia cosi
2026-08-03T17:39:57	Gambe e Glutei	Affondo profondo una gamba.gif	Affondo profondo una gamba.gif	cc8369de4b281ce25975e7c0352b3d93c5f9e4b566446faae052954d2302a0f7	gia con quel nome	il file si chiama gia cosi
2026-08-03T17:39:57	Gambe e Glutei	Squat bulgaro corpo libero.gif	Squat bulgaro corpo libero.gif	28dd4732693d7d04fdafa88db627dd12e38dd0671a59b0dd3bf1e56ff835d599	gia con quel nome	il file si chiama gia cosi
2026-08-03T17:39:57	Gambe e Glutei	Squat bulgaro bilanciere.gif	Squat bulgaro bilanciere.gif	c81c93122bcf59ecbb71341cc109de14237ed54a66042cbf8897ec8d001e92f6	gia con quel nome	il file si chiama gia cosi
2026-08-03T17:39:57	Gambe e Glutei	Squat bulgaro manubri.gif	Squat bulgaro manubri.gif	f6fb56b663ccb97df557e9edee16b994b0dbd6231c7799317eb38ceaa100c986	gia con quel nome	il file si chiama gia cosi
2026-08-03T17:39:57	Gambe e Glutei	Squat hawaiano.gif	Squat hawaiano.gif	b5aca689631e5b840739ffb7e69968619d79feb2862c326b38d7d40d270409d3	gia con quel nome	il file si chiama gia cosi
2026-08-03T17:39:57	Gambe e Glutei	Pistol squat assistito.gif	Pistol squat assistito.gif	bd19e6f7b7e7b534929070ef5d8dc1f45f5ba640c9d4d12a0be221b168d8bd77	gia con quel nome	il file si chiama gia cosi
2026-08-03T17:39:57	Gambe e Glutei	Pistol squat su box.gif	Pistol squat su box.gif	96f55e295049a643332324a8fbe7f8049b54dd3fbb121c464018916b10ec04a4	gia con quel nome	il file si chiama gia cosi
2026-08-03T17:39:57	Gambe e Glutei	Pistol squat corpo libero.gif	Pistol squat corpo libero.gif	50b260f35c0ba8381efd54be486dcd493865ab435aae3a729d3e842e2f651d48	gia con quel nome	il file si chiama gia cosi
2026-08-03T17:39:57	Gambe e Glutei	Pistol squat kettlebell.gif	Pistol squat kettlebell.gif	3ad266121a01ba6158276d205b0c72e5658a149338eef7c60a1c879b9e8c7498	gia con quel nome	il file si chiama gia cosi
2026-08-03T17:39:57	Gambe e Glutei	Pistol squat manubrio stesso lato.gif	Pistol squat manubrio stesso lato.gif	0b1097d802adf22ee5016caf33fb456adb8d559b878aeb5b904501e076bc8927	gia con quel nome	il file si chiama gia cosi
2026-08-03T17:39:57	Gambe e Glutei	Pistol squat seduto su box.gif	Pistol squat seduto su box.gif	1b6f327823bf4b87890331d300797096106ca2e08898c2b9d386bb0da0e66e1b	gia con quel nome	il file si chiama gia cosi
2026-08-03T17:39:57	Gambe e Glutei	Pistol squat TRX.gif	Pistol squat TRX.gif	344459a989277a53f986e05887fb3bbf6dfb9198ae8aabbe4f2bb9b23dc7e600	gia con quel nome	il file si chiama gia cosi
2026-08-03T17:39:57	Gambe e Glutei	Squat shrimp.gif	Squat shrimp.gif	981f0611e0ccdc4721e3bc23cc97451a5f686ac5cfd0c99856ab0e39a506f720	gia con quel nome	il file si chiama gia cosi
2026-08-03T17:39:57	Gambe e Glutei	Squat sissy in ginocchio.gif	Squat sissy in ginocchio.gif	b87dc9f6e10a093ead1bffc880dc5692773e84f8080083724e5d1f0e0f4d2bad	gia con quel nome	il file si chiama gia cosi
2026-08-03T17:39:57	Gambe e Glutei	Squat skater una gamba.gif	Squat skater una gamba.gif	5a35a64bbf4b16af9b99e4b249219cfd028c9b8855b7270be1072ecb0de4dfbc	gia con quel nome	il file si chiama gia cosi
2026-08-03T17:39:57	Gambe e Glutei	Squat seduto su step.gif	Squat seduto su step.gif	a3529953dec275883fd6986dc4f7d02bd4e2238da73ba51173a4cb265f924cd8	gia con quel nome	il file si chiama gia cosi
2026-08-03T17:39:57	Gambe e Glutei	Affondo inverso con knee drive.gif	Affondo inverso con knee drive.gif	e564fed566cf957a976ad9bb00cecc71a7f06b23a769143f5cd6aead904a133a	gia con quel nome	il file si chiama gia cosi
2026-08-03T17:39:57	Gambe e Glutei	Affondo unilaterale sul posto a corpo libero.gif	Affondo corpo libero sul posto.gif	c200128141d1be1956108ec277f6cf44565152f36682f23bf3df7eb8f9777001	niente da fare sul Mac	nessun file sul Mac: si rinomina in migrazione
2026-08-03T17:39:57	Gambe e Glutei	Affondo avanti alternato.gif	Affondo avanti alternato.gif	e7c875251c94a43e7a7606b6e062338cb68dfd5680461ff0af4eab1a6aa55ea9	gia con quel nome	il file si chiama gia cosi
2026-08-03T17:39:57	Gambe e Glutei	Affondo avanti bilanciere.gif	Affondo avanti bilanciere.gif	393e4a459e72ac14a2dc6e53e59d299a9a5c3f00b321d97608f9dc17908c8db1	gia con quel nome	il file si chiama gia cosi
2026-08-03T17:39:57	Gambe e Glutei	Affondo avanti manubri.gif	Affondo avanti manubri.gif	a5a7bc30add78a15ff98521e7fe825e7487260112012aa20a0b1d55616319727	gia con quel nome	il file si chiama gia cosi
2026-08-03T17:39:57	Gambe e Glutei	Affondo avanti parziale manubri.gif	Affondo avanti parziale manubri.gif	2485ad2e6b5c4f8b0471310205d595745df64b5149803f82d7c08d8c4e4fa9ff	gia con quel nome	il file si chiama gia cosi
2026-08-03T17:39:57	Gambe e Glutei	Affondo barra elastico sul posto.gif	Affondo barra elastico sul posto.gif	9abf8554bc761785893d83381662e9cdbe0a9e13292bdbad114c0fb8476dbc78	gia con quel nome	il file si chiama gia cosi
2026-08-03T17:39:57	Gambe e Glutei	Affondo bilanciere sul posto.gif	Affondo bilanciere sul posto.gif	1520562ea588eec8b3724f02472a050f41e66d0a382088a9b75e263693066683	gia con quel nome	il file si chiama gia cosi
2026-08-03T17:39:57	Gambe e Glutei	Affondo inverso Bosu con knee drive.gif	Affondo inverso Bosu con knee drive.gif	c52787af2dd05b77d22a5c0d902f75ccc7f6b5bd28c7796fb5be3fd2bfd41068	gia con quel nome	il file si chiama gia cosi
2026-08-03T17:39:57	Gambe e Glutei	Affondo camminato con knee drive.gif	Affondo camminato con knee drive.gif	071992bf16eccc3305771c9f9a6075b3a83c63f2bf3fba3ea7b58d0c2dd190ba	gia con quel nome	il file si chiama gia cosi
2026-08-03T17:39:57	Gambe e Glutei	Affondo sul posto.gif	Affondo sul posto.gif	fc602a542d5afa607b994b5fa8248e884b8ab84e2f4d314c921139993d7bb549	gia con quel nome	il file si chiama gia cosi
2026-08-03T17:39:57	Gambe e Glutei	Affondo incrociato indietro bilanciere.gif	Affondo incrociato indietro bilanciere.gif	7c6ff54f4d3c56e11f2547b6b7a6921a4aca4f2d99269542044277dbaed7ab59	gia con quel nome	il file si chiama gia cosi
2026-08-03T17:39:57	Gambe e Glutei	Affondo indietro bilanciere.gif	Affondo indietro bilanciere.gif	a4412c5fab9e3f1739c023afb1a9899340f309a93fae84e5c000115a71ba19ef	gia con quel nome	il file si chiama gia cosi
2026-08-03T17:39:57	Gambe e Glutei	Affondo indietro manubri.gif	Affondo indietro manubri.gif	b72a1e6cf4fdd01f8f30e6769e039678bbf9e724796db8938743d78a33fcb476	gia con quel nome	il file si chiama gia cosi
2026-08-03T17:39:57	Gambe e Glutei	Affondo laterale alternato.gif	Affondo laterale alternato.gif	42049265076674d662e70b46efeb83bbad46796f76f3172acbaa0e35d4844b8c	gia con quel nome	il file si chiama gia cosi
2026-08-03T17:39:57	Gambe e Glutei	Affondo laterale bilanciere.gif	Affondo laterale bilanciere.gif	ad56ceacdee2e6d493bd4a6378b297009dea86742d417086294bea4a7c8069ba	gia con quel nome	il file si chiama gia cosi
2026-08-03T17:39:57	Gambe e Glutei	Affondo laterale manubri.gif	Affondo laterale manubri.gif	185313ac198178da31cc1b443263df6a1281eab8961222b7a863fb80e1d913b2	gia con quel nome	il file si chiama gia cosi
2026-08-03T17:39:57	Gambe e Glutei	Affondo multipower.gif	Affondo multipower.gif	6f6e56838a6afb79d88b3434cabbbec04c1a75c95822473607fa0bbef183f2d6	gia con quel nome	il file si chiama gia cosi
2026-08-03T17:39:57	Gambe e Glutei	Affondo maniglie elastico sul posto.gif	Affondo maniglie elastico sul posto.gif	7d11efd0eaef29bc0a76539aa48caa720e2f5df4a03e4c099d693ac70b719972	gia con quel nome	il file si chiama gia cosi
2026-08-03T17:39:57	Gambe e Glutei	Camminata manubri.gif	Camminata manubri.gif	f952f75c65cc562af2eeac5b6c96c0d884dd1ec2a016dc48bc62e79a697f64a8	gia con quel nome	il file si chiama gia cosi
2026-08-03T17:39:57	Gambe e Glutei	Camminata squat.gif	Camminata squat.gif	a4f01d1a040b20588d9f25a19976ff75bb38957d7a990422405d66b6d5f440ae	gia con quel nome	il file si chiama gia cosi
2026-08-03T17:39:57	Gambe e Glutei	Leg extension macchina.gif	Leg extension macchina.gif	3b91cf1047fa467e7f6bf84d3e4856b3a4ef39771265e8dda96e34c17a089a65	gia con quel nome	il file si chiama gia cosi
2026-08-03T17:39:57	Gambe e Glutei	Leg extension macchina una gamba.gif	Leg extension macchina una gamba.gif	4509a38a5ec155ea9d5d407985f264210f3c4f61f278d7f2975f36ebd38c0ba6	gia con quel nome	il file si chiama gia cosi
2026-08-03T17:39:57	Gambe e Glutei	Leg press 45 gradi.gif	Leg press 45 gradi.gif	8df5f83c669593ebe552cef07e968c55215addc14e0ff8a45f2c57000a4c227d	gia con quel nome	il file si chiama gia cosi
2026-08-03T17:39:57	Gambe e Glutei	Leg press 45 gradi una gamba.gif	Leg press 45 gradi una gamba.gif	bbf585e7b1d26c3ff68786c36f2905c0567fa68daf8eb99d665676c17fd7726e	gia con quel nome	il file si chiama gia cosi
2026-08-03T17:39:57	Gambe e Glutei	Leg press alternato barra elastico supino.gif	Leg press alternato barra elastico supino.gif	20162d5031162702b4b9dac80e9296b8584b342ed6d1103e97a932582c764b85	gia con quel nome	il file si chiama gia cosi
2026-08-03T17:39:57	Gambe e Glutei	Leg press orizzontale macchina.gif	Leg press orizzontale macchina.gif	e1ac12ec44657dcff545989874baa8eaba1f3b39741279f976a03121c40ba390	gia con quel nome	il file si chiama gia cosi
2026-08-03T17:39:57	Gambe e Glutei	Girata al petto bilanciere.gif	Girata al petto bilanciere.gif	3c81053bd441bf07b8ca04acca47b92c62639b74daa2c50cf85dcefc59398499	gia con quel nome	il file si chiama gia cosi
2026-08-03T17:39:57	Gambe e Glutei	Good morning bilanciere.gif	Good morning bilanciere.gif	986bff59711cb40b108871c67972db98cf4711720e8b5190e01ce579cc0e4728	gia con quel nome	il file si chiama gia cosi
2026-08-03T17:39:57	Gambe e Glutei	Good morning manubrio.gif	Good morning manubrio.gif	6fe44ab0098ed73fc28ad8113a1c241fa4777358e0732b487af3ee900d056bc6	gia con quel nome	il file si chiama gia cosi
2026-08-03T17:39:57	Gambe e Glutei	Stacco rumeno una gamba maniglie elastico.gif	Stacco rumeno una gamba maniglie elastico.gif	71966d49b0618b868e2d563e52f723fe8a435c6fbecb028e40199c0b173ce415	gia con quel nome	il file si chiama gia cosi
2026-08-03T17:39:57	Gambe e Glutei	Stacco da terra bilanciere.gif	Stacco da terra bilanciere.gif	15a57eb444d733c52d7a4053f61643fbb26a3543f0d00b9656cd31f819eeca81	gia con quel nome	il file si chiama gia cosi
2026-08-03T17:39:57	Gambe e Glutei	Stacco da terra macchina presa neutra.gif	Stacco da terra macchina presa neutra.gif	7f183e40e0584525c4f08ad1eb0752d629025494def47d030bccc5cb41df29a9	gia con quel nome	il file si chiama gia cosi
2026-08-03T17:39:57	Gambe e Glutei	Stacco da terra manubri.gif	Stacco da terra manubri.gif	87cc308c4759f64506d8dc533d300bda38dde1f952147717ef19dd6ab01f5042	gia con quel nome	il file si chiama gia cosi
2026-08-03T17:39:57	Gambe e Glutei	Stacco da terra sumo bilanciere.gif	Stacco da terra sumo bilanciere.gif	2161fe48ec15af859b481f43cbdb75f0827c2ee67413b9eac3e94a071c7b6844	gia con quel nome	il file si chiama gia cosi
2026-08-03T17:39:57	Gambe e Glutei	Stacco da terra trap bar.gif	Stacco da terra trap bar.gif	66e0c09ab6c3089c68747ed92bd5e86436661407487a118f99dad90df207de20	gia con quel nome	il file si chiama gia cosi
2026-08-03T17:39:57	Gambe e Glutei	Stacco gambe tese bilanciere.gif	Stacco gambe tese bilanciere.gif	2badabdb6c8473e87290897855aa693708596ad4abcc8f8e43768bc06bf214f0	gia con quel nome	il file si chiama gia cosi
2026-08-03T17:39:57	Gambe e Glutei	Stacco gambe tese manubri.gif	Stacco gambe tese manubri.gif	a90b74bedb880e4e3b1652da7e0883e2c38ff70e33afa7b41396e9e220749bee	gia con quel nome	il file si chiama gia cosi
2026-08-03T17:39:57	Gambe e Glutei	Stacco gambe tese multipower.gif	Stacco gambe tese multipower.gif	5f8d86ff79eee25bf37bce42f045cbbc848dc3af1309fef89df368c25e617ba7	gia con quel nome	il file si chiama gia cosi
2026-08-03T17:39:57	Gambe e Glutei	Stacco rumeno una gamba.gif	Stacco rumeno una gamba.gif	3a3d0c676837b5a88739ff2a73561742db542f346884bea20cbff64637d32711	gia con quel nome	il file si chiama gia cosi
2026-08-03T17:39:57	Gambe e Glutei	Stacco rumeno bilanciere.gif	Stacco rumeno bilanciere.gif	6408358f337d24be43a70149bed1c45a8cef0f7bf79e5694fcf38375f1bd7315	gia con quel nome	il file si chiama gia cosi
2026-08-03T17:39:57	Gambe e Glutei	Stacco rumeno manubri.gif	Stacco rumeno manubri.gif	8d5eb185bbfa050b83d395997b9aef39edbe540029389b65c99fab33637cc27b	gia con quel nome	il file si chiama gia cosi
2026-08-03T17:39:57	Gambe e Glutei	Stacco rumeno una gamba palla medica.gif	Stacco rumeno una gamba palla medica.gif	e874d1e8ebf510af12771ecbf13641202d00f611565b0934fc909b699a8021ee	gia con quel nome	il file si chiama gia cosi
2026-08-03T17:39:57	Gambe e Glutei	Stacco rumeno una gamba kettlebell.gif	Stacco rumeno una gamba kettlebell.gif	33ca04bb86160767b71426af9a5c29991ae6aca31400d6715f3aa94e9d02057b	gia con quel nome	il file si chiama gia cosi
2026-08-03T17:39:57	Gambe e Glutei	Stacco rumeno una gamba manubri.gif	Stacco rumeno una gamba manubri.gif	9c38b502463fa98c518afe0f80e030289039e3b32106bcc31d1948fe878ea546	gia con quel nome	il file si chiama gia cosi
2026-08-03T17:39:57	Gambe e Glutei	Stacco rumeno una gamba multipower.gif	Stacco rumeno una gamba multipower.gif	b74e09fd01ae559deb27240898221efaf3965400c85dd75ca1c2571f6458891d	gia con quel nome	il file si chiama gia cosi
2026-08-03T17:39:57	Gambe e Glutei	Swing elastico maniglie.gif	Swing elastico maniglie.gif	8985b3f51bdf676005206b9a4e679d9f79d7b0f10dc7db8c330f6b3cb8a58d31	gia con quel nome	il file si chiama gia cosi
2026-08-03T17:39:57	Gambe e Glutei	Nordic curl panca romana.gif	Nordic curl panca romana.gif	a618650368f6b351b0b04d6845cc7253a241bf018d9ccc1549f65b2c645b9264	gia con quel nome	il file si chiama gia cosi
2026-08-03T17:39:57	Gambe e Glutei	Iperestensione inversa panca romana.gif	Iperestensione inversa panca romana.gif	ede3cfa8877ccbb21d3ac3171a66670f2287ebc5ccbe498e862f114a327ea720	gia con quel nome	il file si chiama gia cosi
2026-08-03T17:39:57	Gambe e Glutei	Leg curl una gamba cavo in piedi.gif	Leg curl una gamba cavo in piedi.gif	618e2cfd885c89ed12c65bb52b951d0021a9d4e0fddbec1f03bf3eeda29581e0	gia con quel nome	il file si chiama gia cosi
2026-08-03T17:39:57	Gambe e Glutei	Leg curl una gamba macchina in piedi.gif	Leg curl una gamba macchina in piedi.gif	41e4d7dc92c16107d5b322e5f2c42edbed6ebaddbf928e6fe7261f3e8f8c6434	gia con quel nome	il file si chiama gia cosi
2026-08-03T17:39:57	Gambe e Glutei	Leg curl cavo sdraiato.gif	Leg curl cavo sdraiato.gif	df494a79e62f0371b067507da680cae4f1153d2ba45dac0c078d4c3981cb33ad	gia con quel nome	il file si chiama gia cosi
2026-08-03T17:39:57	Gambe e Glutei	Leg curl una gamba macchina ginocchio rialzato.gif	Leg curl una gamba macchina ginocchio rialzato.gif	fe67588edbb890cb52a23bb0f1f803db130a1dbf8b6638260c09d9d96197fa06	gia con quel nome	il file si chiama gia cosi
2026-08-03T17:39:57	Gambe e Glutei	Leg curl macchina prona.gif	Leg curl macchina prona.gif	3c94667d2cfce7f620b9d69455866a367a44483aa057acd97b14fac86c957834	gia con quel nome	il file si chiama gia cosi
2026-08-03T17:39:57	Gambe e Glutei	Leg curl una gamba macchina prona.gif	Leg curl una gamba macchina prona.gif	f95f386243dfe5e83d25893198858847a4df91a84afb71b7080e129d49ef1775	gia con quel nome	il file si chiama gia cosi
2026-08-03T17:39:57	Gambe e Glutei	Leg curl macchina seduto prese anteriori.gif	Leg curl macchina seduto prese anteriori.gif	bc6053d01b6789e92a618846509f702d7cb46ef6b602181b0de8881a700cdd01	gia con quel nome	il file si chiama gia cosi
2026-08-03T17:39:57	Gambe e Glutei	Leg curl macchina seduto prese laterali.gif	Leg curl macchina seduto prese laterali.gif	20d7a61edc8d4fe1ab8a25acf9b6d6e5331e8c616bcb1af8ce640a3d9e3ab666	gia con quel nome	il file si chiama gia cosi
2026-08-03T17:39:57	Gambe e Glutei	Reverse hyper elastico panca piana.gif	Reverse hyper elastico panca piana.gif	d323698d14233764d5922c7d01c4bffce78c33ad135da2a27fb2de5ef175a276	gia con quel nome	il file si chiama gia cosi
2026-08-03T17:39:57	Gambe e Glutei	Hip thrust bilanciere panca.gif	Hip thrust bilanciere panca.gif	7f6b35aebf337bcc17c4cdcb626103cad242f99c7bdadb448ee5319fd994b8e9	gia con quel nome	il file si chiama gia cosi
2026-08-03T17:39:57	Gambe e Glutei	Hip thrust corpo libero panca.gif	Hip thrust corpo libero panca.gif	b69d54b222fe7dc9fd5a9a7dff483a0a4226e179d26a3b7fbcc42ad6abe3b5b6	gia con quel nome	il file si chiama gia cosi
2026-08-03T17:39:57	Gambe e Glutei	Hip thrust elastico in ginocchio.gif	Hip thrust elastico in ginocchio.gif	70aa6e70da60bbcda01dcc948bfa5d18dad2b2f1d5754340adf68fe9322ee25d	gia con quel nome	il file si chiama gia cosi
2026-08-03T17:39:57	Gambe e Glutei	Hip thrust multipower panca.gif	Hip thrust multipower panca.gif	0441b07c3842e386dda79f93d46f2afad2d6c8dda5ca857bd1f8035a112e6a57	gia con quel nome	il file si chiama gia cosi
2026-08-03T17:39:57	Gambe e Glutei	Hip thrust bilanciere piedi su panca.gif	Hip thrust bilanciere piedi su panca.gif	14ae4e0b84a58cfe25ecb63d53f547ad0c0d1795b27088ac26c283ee3de2a783	gia con quel nome	il file si chiama gia cosi
2026-08-03T17:39:57	Gambe e Glutei	Hip thrust talloni elevati.gif	Hip thrust talloni elevati.gif	35f7947997e152eedbddeb78f86782be19495cd01bfa8a2307e7adfde157d77b	gia con quel nome	il file si chiama gia cosi
2026-08-03T17:39:57	Gambe e Glutei	Hip thrust unilaterale (schiena su panca).gif	Hip thrust bilanciere una gamba.gif	a0e304b97dce81084d12f534a7675e3fa00d2cc00a04cf7a526ef5206bbedccd	niente da fare sul Mac	nessun file sul Mac: si rinomina in migrazione
2026-08-03T17:39:57	Gambe e Glutei	Hip thrust una gamba panca spinta esplosiva.gif	Hip thrust una gamba panca spinta esplosiva.gif	3def639c3af695e7d2e45782495e7b9d2016f600d2c275461b3debec3c99737e	gia con quel nome	il file si chiama gia cosi
2026-08-03T17:39:57	Gambe e Glutei	Hip thrust una gamba panca.gif	Hip thrust una gamba panca.gif	76067cc0a70a14efbd3d24f4bc8be2e041c95b3eb82d8443f0da101b860ad038	gia con quel nome	il file si chiama gia cosi
2026-08-03T17:39:57	Gambe e Glutei	Ponte glutei.gif	Ponte glutei.gif	58825f7b669b759a54fb2df628b95dde97b52d45b404280ef4edd611c87257a9	gia con quel nome	il file si chiama gia cosi
2026-08-03T17:39:57	Gambe e Glutei	Ponte glutei frog pump.gif	Ponte glutei frog pump.gif	ca76398a9a97a43247d3012102edc70b536642e2270d0fefa08ececb4c80cc46	gia con quel nome	il file si chiama gia cosi
2026-08-03T17:39:57	Gambe e Glutei	Ponte glutei gambe tese piedi su panca.gif	Ponte glutei gambe tese piedi su panca.gif	adc40d2960ef1ed9d553170f564149e92dcbfaa12c6bd5feacea2f5ef643968a	gia con quel nome	il file si chiama gia cosi
2026-08-03T17:39:57	Gambe e Glutei	Ponte glutei manubrio.gif	Ponte glutei manubrio.gif	8395ca4cae72657568dc9ba63adc0cba92793fc74e2a18fc8e516dc2ff276baa	gia con quel nome	il file si chiama gia cosi
2026-08-03T17:39:57	Gambe e Glutei	Ponte glutei piedi su panca.gif	Ponte glutei piedi su panca.gif	21bd3fcb0d7f65598a6d20f9b0bff4fef175c699f27d5f06a80eb04ddf075c56	gia con quel nome	il file si chiama gia cosi
2026-08-03T17:39:57	Gambe e Glutei	Ponte glutei una gamba piede posteriore panca.gif	Ponte glutei una gamba piede posteriore panca.gif	a6c1840a5fa155ca60277e3ed2fc95c8a912b141cf140aa04b662550605f13a8	gia con quel nome	il file si chiama gia cosi
2026-08-03T17:39:57	Gambe e Glutei	Ponte glutei una gamba tesa.gif	Ponte glutei una gamba tesa.gif	19f92551056487f8c4aecbb95797644b0c7d10e973ca8517cf22ae63ea04e6a9	gia con quel nome	il file si chiama gia cosi
2026-08-03T17:39:57	Gambe e Glutei	Ponte glutei una gamba verticale.gif	Ponte glutei una gamba verticale.gif	1d2cf901a45504db769aeb02bade7a17d07e95cb83d17ae68eda017aaaa4f2af	gia con quel nome	il file si chiama gia cosi
2026-08-03T17:39:57	Gambe e Glutei	Abduzione anca decubito laterale.gif	Abduzione anca decubito laterale.gif	36591f7540ab08a2bcbe24449da7731e89e7119b12a546bcc20e5fbb84a8148d	gia con quel nome	il file si chiama gia cosi
2026-08-03T17:39:57	Gambe e Glutei	Abduzione anca elastico seduto panca.gif	Abduzione anca elastico seduto panca.gif	28e9e41d85fdd9e187ffd7ff3e73c28cde6118a577191becff5d6d029d152e59	gia con quel nome	il file si chiama gia cosi
2026-08-03T17:39:57	Gambe e Glutei	Abduzione una gamba cavo.gif	Abduzione una gamba cavo.gif	26bd85ebbc14d6d894c757fff7c01e1f3b1bf7737b41a10b5307dfdd11116904	gia con quel nome	il file si chiama gia cosi
2026-08-03T17:39:57	Gambe e Glutei	Abduzione Clamshell decubito laterale.gif	Abduzione clamshell decubito laterale.gif	9cf0d29aa0f7a9164b50442a2aa752ada10ce315e552bf309c118a7f7bd60cfd	errore	destinazione comparsa nel frattempo
2026-08-03T17:39:57	Gambe e Glutei	Abduzione Clamshell elastico decubito laterale.gif	Abduzione clamshell elastico decubito laterale.gif	a3c6ef8292fcd0d17e17a4b137d39ae6cac1ec07262b4f8e5d4f0f2c7a6c767f	errore	destinazione comparsa nel frattempo
2026-08-03T17:39:57	Gambe e Glutei	Abduzione fire hydrant elastico quadrupedia.gif	Abduzione fire hydrant elastico quadrupedia.gif	87f4ee85172f30be9424a03edadc54cf2bf029d471b4fd71b0c542d496fff371	gia con quel nome	il file si chiama gia cosi
2026-08-03T17:39:57	Gambe e Glutei	Abduzione appoggio in piedi.gif	Abduzione appoggio in piedi.gif	6af8638aea63e98ec4bce399caef862421d70e54f1b93a80719fc77ddaac656d	gia con quel nome	il file si chiama gia cosi
2026-08-03T17:39:57	Gambe e Glutei	Abduzione fire hydrant quadrupedia.gif	Abduzione fire hydrant quadrupedia.gif	e5d41dae55dd5ca517472921fb792caf11a1467dc6d161cba40a91fd6f2517a8	gia con quel nome	il file si chiama gia cosi
2026-08-03T17:39:57	Gambe e Glutei	Abduzione una gamba macchina spinta laterale.gif	Abduzione una gamba macchina spinta laterale.gif	2e41cb245a580273b33089a600781079868d652293d8b415f9c0444bc6df7d97	gia con quel nome	il file si chiama gia cosi
2026-08-03T17:39:57	Gambe e Glutei	Abduzione macchina spinta posteriore.gif	Abduzione macchina spinta posteriore.gif	2de2d239a271bed617680c7b37b05d3bf1d44d059ddd725d4841ebdc393afc57	gia con quel nome	il file si chiama gia cosi
2026-08-03T17:39:57	Gambe e Glutei	Abduzione macchina seduto.gif	Abduzione macchina seduto.gif	47eb61b4daa92f896b6c1aa2461d598e0468d57e3a36558c2a789a7bf24c52c2	gia con quel nome	il file si chiama gia cosi
2026-08-03T17:39:57	Gambe e Glutei	Camminata laterale elastico.gif	Camminata laterale elastico.gif	615827e78ad806768b9deaa68d7f4f3e4f4be53724e2b3160c252175907096d1	gia con quel nome	il file si chiama gia cosi
2026-08-03T17:39:57	Gambe e Glutei	Donkey kick una gamba avambracci a terra.gif	Donkey kick avambracci a terra.gif	5599f5fbeb64e446a40f88a24259976360b98dc6e73cc3efe2a7ee12b2c8e76c	rinominato	
2026-08-03T17:39:57	Gambe e Glutei	Donkey kick una gamba mani a terra.gif	Donkey kick mani a terra.gif	2f33257ee046083d5e52ef7369a19ca36fcba6b4b4ee623ac1f2ec268fdc615c	rinominato	
2026-08-03T17:39:57	Gambe e Glutei	Donkey kick una gamba elastico quadrupedia.gif	Donkey kick elastico quadrupedia.gif	1805d106e06b98da16dabf757d6434eaaf81d0947b4284348d57d7be030464f6	rinominato	
2026-08-03T17:39:57	Gambe e Glutei	Donkey kick una gamba tesa panca.gif	Donkey kick tesa panca.gif	8d226f8371aa8b5867e5272d1e4f49df2816e8f4f553e806f1c99af0f2fd19eb	rinominato	
2026-08-03T17:39:57	Gambe e Glutei	Donkey kick una gamba macchina.gif	Donkey kick macchina.gif	d5ba21d65a6d2480506e35b47dacc8db49ed73895fbd400eeb7d5be7e5095b2e	rinominato	
2026-08-03T18:23:50	Gambe e Glutei	Squat barra elastico.gif	Squat barra elastico.gif	21ffc120fe95b3122340eab79aac151f123bc49082f7d2ef71b3e2687fcb0452	gia con quel nome	il file si chiama gia cosi
2026-08-03T18:23:50	Gambe e Glutei	Squat bilanciere.gif	Squat bilanciere.gif	7a0b33d7c67823493e97ca649ee2f9edd2ab6a5c05a4f48e3636440e68a0e749	gia con quel nome	il file si chiama gia cosi
2026-08-03T18:23:50	Gambe e Glutei	Squat bilanciere al rack.gif	Squat bilanciere al rack.gif	e5641ea4bf94dbcf5922d6dd5ddfac0cb8599c3f48b583d2b46109bf884e89fa	gia con quel nome	il file si chiama gia cosi
2026-08-03T18:23:50	Gambe e Glutei	Squat bilanciere landmine.gif	Squat bilanciere landmine.gif	210ccb4f95a26476675450fcc84c8c7646d68fc8fa97c8cfe6dc26cbcff3f14b	gia con quel nome	il file si chiama gia cosi
2026-08-03T18:23:50	Gambe e Glutei	Squat calcio laterale.gif	Squat calcio laterale.gif	8678172072528fb0150ffca39c5fd3c68d445cf20e8a4d9d75c0aaea9472f753	gia con quel nome	il file si chiama gia cosi
2026-08-03T18:23:50	Gambe e Glutei	Squat cavi bassi.gif	Squat cavi bassi.gif	312a834ecbd28e0dce80d2c2313590dae1c70e49e4791b0cbf55d2dbcef2772b	gia con quel nome	il file si chiama gia cosi
2026-08-03T18:23:50	Gambe e Glutei	Squat cavo basso.gif	Squat cavo basso.gif	c309f2e7e286f1c641ba2cc6c7accd31e044a56f44fa1260f1b0574811053f81	gia con quel nome	il file si chiama gia cosi
2026-08-03T18:23:50	Gambe e Glutei	Squat corpo libero.gif	Squat corpo libero.gif	9bf078772d3b4afde76826ec8dffc878544353af72b2660d59e7178cb9f1ca2b	gia con quel nome	il file si chiama gia cosi
2026-08-03T18:23:50	Gambe e Glutei	Squat cosacco.gif	Squat cosacco.gif	88356c85eadd2df87324b869fe3b02bcd2d454062f63181a77b7213c5d3dd893	gia con quel nome	il file si chiama gia cosi
2026-08-03T18:23:50	Gambe e Glutei	Squat elastico braccia alte.gif	Squat elastico braccia alte.gif	3927ec7c2413b5417cfe8e7c31dae52e83c35265d68e609a942d37c3a78cb82e	gia con quel nome	il file si chiama gia cosi
2026-08-03T18:23:50	Gambe e Glutei	Squat bilanciere frontale.gif	Squat bilanciere frontale.gif	e6605bcdad3f6579d265e0d2d0bb69efbb2ff7e6dc2067d954619c89f7413e6e	gia con quel nome	il file si chiama gia cosi
2026-08-03T18:23:50	Gambe e Glutei	Squat torsione ginocchio alto.gif	Squat torsione ginocchio alto.gif	8acd67cdd91098459064db42dcfdf5c94cd767526e667d05c14d08742a460739	gia con quel nome	il file si chiama gia cosi
2026-08-03T18:23:50	Gambe e Glutei	Squat goblet kettlebell banda.gif	Squat goblet kettlebell banda.gif	79aef9ca93ec5cac7ab66d2c5dbc7df03e8cc680af566f85cb2817601d7d924b	gia con quel nome	il file si chiama gia cosi
2026-08-03T18:23:50	Gambe e Glutei	Squat hack machine.gif	Squat hack machine.gif	70e04f664d37a10ef5d81db4aeeb3c115082c5e1104d179f241e190f8e72414a	gia con quel nome	il file si chiama gia cosi
2026-08-03T18:23:50	Gambe e Glutei	Squat inverso hack machine.gif	Squat inverso hack machine.gif	75328f32765c95024ca5c537ccd38b7c1bf80c77194d6624bb839445823c7d9f	gia con quel nome	il file si chiama gia cosi
2026-08-03T18:23:50	Gambe e Glutei	Squat manubri.gif	Squat manubri.gif	b80ed62ddecc7249d7a91862d1e697ad97b7bfe6acf7f1e22bd9bfe3c48c18de	gia con quel nome	il file si chiama gia cosi
2026-08-03T18:23:50	Gambe e Glutei	Squat multipower.gif	Squat multipower.gif	b1c24965c7c5217c4c3caac0d9211867485d960b81f407a4d22ef8f2bb274883	gia con quel nome	il file si chiama gia cosi
2026-08-03T18:23:50	Gambe e Glutei	Squat wall fitball.gif	Squat wall fitball.gif	6ba72710aed06cd82a34d53c5f6fe1e0f34aa80d70570a8403da04bc5e41a1cb	gia con quel nome	il file si chiama gia cosi
2026-08-03T18:23:50	Gambe e Glutei	Squat manubri seduto su panca.gif	Squat manubri seduto su panca.gif	b66a750d54c81cfbb67564ccb2685e720b21d203fde5deca84679b38d41c69e9	gia con quel nome	il file si chiama gia cosi
2026-08-03T18:23:50	Gambe e Glutei	Squat profondo bilanciere.gif	Squat profondo bilanciere.gif	44b6d5f224cb8e4cd6322fc73521f14461e1853d0851ffc153d36792e40069a2	gia con quel nome	il file si chiama gia cosi
2026-08-03T18:23:50	Gambe e Glutei	Squat sumo bilanciere frontale.gif	Squat sumo bilanciere frontale.gif	912e9c482a0418040a7a6c344b5424f8241fdf5a2054a81c886eef7edf481b85	gia con quel nome	il file si chiama gia cosi
2026-08-03T18:23:50	Gambe e Glutei	Squat sumo corpo libero braccia distese.gif	Squat sumo corpo libero braccia distese.gif	41ca83090ef0db41dac62df77a8519c30f8bba6b32095d86bba7b53ebbd74572	gia con quel nome	il file si chiama gia cosi
2026-08-03T18:23:50	Gambe e Glutei	Squat sumo corpo libero mani al petto.gif	Squat sumo corpo libero mani al petto.gif	7b98bdec1a4dd54ce9bc3958cd9fbaa48d88ebd583bf7cb5d000f7a3447e0352	gia con quel nome	il file si chiama gia cosi
2026-08-03T18:23:50	Gambe e Glutei	Squat sumo manubrio.gif	Squat sumo manubrio.gif	0c4ca1d84bdb7eef33e72bb580bcaebbf63b1b21c3d6878f547146811a6726db	gia con quel nome	il file si chiama gia cosi
2026-08-03T18:23:50	Gambe e Glutei	Squat wall ball palla medica.gif	Squat wall ball palla medica.gif	710f513cf7df6749f80653e9e87dc022f047eb426f0ea4bd5238d538877c3612	gia con quel nome	il file si chiama gia cosi
2026-08-03T18:23:50	Gambe e Glutei	Squat wall sit inclinazione alternata.gif	Squat wall sit inclinazione alternata.gif	1a35a3fe2f3b857ae0464ad22cd4958ba5ed49a185719a7d157ae4fcc99af38a	gia con quel nome	il file si chiama gia cosi
2026-08-03T18:23:50	Gambe e Glutei	Squat sumo bilanciere.gif	Squat sumo bilanciere.gif	d2bb04e1246596210448c7666bd6e48e1be9e4cebdeea4c0ff836153b5a1601f	gia con quel nome	il file si chiama gia cosi
2026-08-03T18:23:50	Gambe e Glutei	Squat wall sit.gif	Squat wall sit.gif	10a09fa7466577f5fbaac35659348e97b884d35b5d733c9eff700461e98f2c32	gia con quel nome	il file si chiama gia cosi
2026-08-03T18:23:50	Gambe e Glutei	Affondo profondo una gamba.gif	Affondo profondo una gamba.gif	cc8369de4b281ce25975e7c0352b3d93c5f9e4b566446faae052954d2302a0f7	gia con quel nome	il file si chiama gia cosi
2026-08-03T18:23:50	Gambe e Glutei	Squat bulgaro corpo libero.gif	Squat bulgaro corpo libero.gif	28dd4732693d7d04fdafa88db627dd12e38dd0671a59b0dd3bf1e56ff835d599	gia con quel nome	il file si chiama gia cosi
2026-08-03T18:23:50	Gambe e Glutei	Squat bulgaro bilanciere.gif	Squat bulgaro bilanciere.gif	c81c93122bcf59ecbb71341cc109de14237ed54a66042cbf8897ec8d001e92f6	gia con quel nome	il file si chiama gia cosi
2026-08-03T18:23:50	Gambe e Glutei	Squat bulgaro manubri.gif	Squat bulgaro manubri.gif	f6fb56b663ccb97df557e9edee16b994b0dbd6231c7799317eb38ceaa100c986	gia con quel nome	il file si chiama gia cosi
2026-08-03T18:23:50	Gambe e Glutei	Squat hawaiano.gif	Squat hawaiano.gif	b5aca689631e5b840739ffb7e69968619d79feb2862c326b38d7d40d270409d3	gia con quel nome	il file si chiama gia cosi
2026-08-03T18:23:50	Gambe e Glutei	Pistol squat assistito.gif	Pistol squat assistito.gif	bd19e6f7b7e7b534929070ef5d8dc1f45f5ba640c9d4d12a0be221b168d8bd77	gia con quel nome	il file si chiama gia cosi
2026-08-03T18:23:50	Gambe e Glutei	Pistol squat su box.gif	Pistol squat su box.gif	96f55e295049a643332324a8fbe7f8049b54dd3fbb121c464018916b10ec04a4	gia con quel nome	il file si chiama gia cosi
2026-08-03T18:23:50	Gambe e Glutei	Pistol squat corpo libero.gif	Pistol squat corpo libero.gif	50b260f35c0ba8381efd54be486dcd493865ab435aae3a729d3e842e2f651d48	gia con quel nome	il file si chiama gia cosi
2026-08-03T18:23:50	Gambe e Glutei	Pistol squat kettlebell.gif	Pistol squat kettlebell.gif	3ad266121a01ba6158276d205b0c72e5658a149338eef7c60a1c879b9e8c7498	gia con quel nome	il file si chiama gia cosi
2026-08-03T18:23:50	Gambe e Glutei	Pistol squat manubrio stesso lato.gif	Pistol squat manubrio stesso lato.gif	0b1097d802adf22ee5016caf33fb456adb8d559b878aeb5b904501e076bc8927	gia con quel nome	il file si chiama gia cosi
2026-08-03T18:23:50	Gambe e Glutei	Pistol squat seduto su box.gif	Pistol squat seduto su box.gif	1b6f327823bf4b87890331d300797096106ca2e08898c2b9d386bb0da0e66e1b	gia con quel nome	il file si chiama gia cosi
2026-08-03T18:23:50	Gambe e Glutei	Pistol squat TRX.gif	Pistol squat TRX.gif	344459a989277a53f986e05887fb3bbf6dfb9198ae8aabbe4f2bb9b23dc7e600	gia con quel nome	il file si chiama gia cosi
2026-08-03T18:23:50	Gambe e Glutei	Squat shrimp.gif	Squat shrimp.gif	981f0611e0ccdc4721e3bc23cc97451a5f686ac5cfd0c99856ab0e39a506f720	gia con quel nome	il file si chiama gia cosi
2026-08-03T18:23:50	Gambe e Glutei	Squat sissy in ginocchio.gif	Squat sissy in ginocchio.gif	b87dc9f6e10a093ead1bffc880dc5692773e84f8080083724e5d1f0e0f4d2bad	gia con quel nome	il file si chiama gia cosi
2026-08-03T18:23:50	Gambe e Glutei	Squat skater una gamba.gif	Squat skater una gamba.gif	5a35a64bbf4b16af9b99e4b249219cfd028c9b8855b7270be1072ecb0de4dfbc	gia con quel nome	il file si chiama gia cosi
2026-08-03T18:23:50	Gambe e Glutei	Squat seduto su step.gif	Squat seduto su step.gif	a3529953dec275883fd6986dc4f7d02bd4e2238da73ba51173a4cb265f924cd8	gia con quel nome	il file si chiama gia cosi
2026-08-03T18:23:50	Gambe e Glutei	Affondo inverso con knee drive.gif	Affondo inverso con knee drive.gif	e564fed566cf957a976ad9bb00cecc71a7f06b23a769143f5cd6aead904a133a	gia con quel nome	il file si chiama gia cosi
2026-08-03T18:23:50	Gambe e Glutei	Affondo unilaterale sul posto a corpo libero.gif	Affondo corpo libero sul posto.gif	c200128141d1be1956108ec277f6cf44565152f36682f23bf3df7eb8f9777001	niente da fare sul Mac	nessun file sul Mac: si rinomina in migrazione
2026-08-03T18:23:50	Gambe e Glutei	Affondo avanti alternato.gif	Affondo avanti alternato.gif	e7c875251c94a43e7a7606b6e062338cb68dfd5680461ff0af4eab1a6aa55ea9	gia con quel nome	il file si chiama gia cosi
2026-08-03T18:23:50	Gambe e Glutei	Affondo avanti bilanciere.gif	Affondo avanti bilanciere.gif	393e4a459e72ac14a2dc6e53e59d299a9a5c3f00b321d97608f9dc17908c8db1	gia con quel nome	il file si chiama gia cosi
2026-08-03T18:23:50	Gambe e Glutei	Affondo avanti manubri.gif	Affondo avanti manubri.gif	a5a7bc30add78a15ff98521e7fe825e7487260112012aa20a0b1d55616319727	gia con quel nome	il file si chiama gia cosi
2026-08-03T18:23:50	Gambe e Glutei	Affondo avanti parziale manubri.gif	Affondo avanti parziale manubri.gif	2485ad2e6b5c4f8b0471310205d595745df64b5149803f82d7c08d8c4e4fa9ff	gia con quel nome	il file si chiama gia cosi
2026-08-03T18:23:50	Gambe e Glutei	Affondo barra elastico sul posto.gif	Affondo barra elastico sul posto.gif	9abf8554bc761785893d83381662e9cdbe0a9e13292bdbad114c0fb8476dbc78	gia con quel nome	il file si chiama gia cosi
2026-08-03T18:23:50	Gambe e Glutei	Affondo bilanciere sul posto.gif	Affondo bilanciere sul posto.gif	1520562ea588eec8b3724f02472a050f41e66d0a382088a9b75e263693066683	gia con quel nome	il file si chiama gia cosi
2026-08-03T18:23:50	Gambe e Glutei	Affondo inverso Bosu con knee drive.gif	Affondo inverso Bosu con knee drive.gif	c52787af2dd05b77d22a5c0d902f75ccc7f6b5bd28c7796fb5be3fd2bfd41068	gia con quel nome	il file si chiama gia cosi
2026-08-03T18:23:50	Gambe e Glutei	Affondo camminato con knee drive.gif	Affondo camminato con knee drive.gif	071992bf16eccc3305771c9f9a6075b3a83c63f2bf3fba3ea7b58d0c2dd190ba	gia con quel nome	il file si chiama gia cosi
2026-08-03T18:23:50	Gambe e Glutei	Affondo sul posto.gif	Affondo sul posto.gif	fc602a542d5afa607b994b5fa8248e884b8ab84e2f4d314c921139993d7bb549	gia con quel nome	il file si chiama gia cosi
2026-08-03T18:23:50	Gambe e Glutei	Affondo incrociato indietro bilanciere.gif	Affondo incrociato indietro bilanciere.gif	7c6ff54f4d3c56e11f2547b6b7a6921a4aca4f2d99269542044277dbaed7ab59	gia con quel nome	il file si chiama gia cosi
2026-08-03T18:23:50	Gambe e Glutei	Affondo indietro bilanciere.gif	Affondo indietro bilanciere.gif	a4412c5fab9e3f1739c023afb1a9899340f309a93fae84e5c000115a71ba19ef	gia con quel nome	il file si chiama gia cosi
2026-08-03T18:23:50	Gambe e Glutei	Affondo indietro manubri.gif	Affondo indietro manubri.gif	b72a1e6cf4fdd01f8f30e6769e039678bbf9e724796db8938743d78a33fcb476	gia con quel nome	il file si chiama gia cosi
2026-08-03T18:23:50	Gambe e Glutei	Affondo laterale alternato.gif	Affondo laterale alternato.gif	42049265076674d662e70b46efeb83bbad46796f76f3172acbaa0e35d4844b8c	gia con quel nome	il file si chiama gia cosi
2026-08-03T18:23:50	Gambe e Glutei	Affondo laterale bilanciere.gif	Affondo laterale bilanciere.gif	ad56ceacdee2e6d493bd4a6378b297009dea86742d417086294bea4a7c8069ba	gia con quel nome	il file si chiama gia cosi
2026-08-03T18:23:50	Gambe e Glutei	Affondo laterale manubri.gif	Affondo laterale manubri.gif	185313ac198178da31cc1b443263df6a1281eab8961222b7a863fb80e1d913b2	gia con quel nome	il file si chiama gia cosi
2026-08-03T18:23:50	Gambe e Glutei	Affondo multipower.gif	Affondo multipower.gif	6f6e56838a6afb79d88b3434cabbbec04c1a75c95822473607fa0bbef183f2d6	gia con quel nome	il file si chiama gia cosi
2026-08-03T18:23:50	Gambe e Glutei	Affondo maniglie elastico sul posto.gif	Affondo maniglie elastico sul posto.gif	7d11efd0eaef29bc0a76539aa48caa720e2f5df4a03e4c099d693ac70b719972	gia con quel nome	il file si chiama gia cosi
2026-08-03T18:23:50	Gambe e Glutei	Camminata manubri.gif	Camminata manubri.gif	f952f75c65cc562af2eeac5b6c96c0d884dd1ec2a016dc48bc62e79a697f64a8	gia con quel nome	il file si chiama gia cosi
2026-08-03T18:23:50	Gambe e Glutei	Camminata squat.gif	Camminata squat.gif	a4f01d1a040b20588d9f25a19976ff75bb38957d7a990422405d66b6d5f440ae	gia con quel nome	il file si chiama gia cosi
2026-08-03T18:23:50	Gambe e Glutei	Leg extension macchina.gif	Leg extension macchina.gif	3b91cf1047fa467e7f6bf84d3e4856b3a4ef39771265e8dda96e34c17a089a65	gia con quel nome	il file si chiama gia cosi
2026-08-03T18:23:50	Gambe e Glutei	Leg extension macchina una gamba.gif	Leg extension macchina una gamba.gif	4509a38a5ec155ea9d5d407985f264210f3c4f61f278d7f2975f36ebd38c0ba6	gia con quel nome	il file si chiama gia cosi
2026-08-03T18:23:50	Gambe e Glutei	Leg press 45 gradi.gif	Leg press 45 gradi.gif	8df5f83c669593ebe552cef07e968c55215addc14e0ff8a45f2c57000a4c227d	gia con quel nome	il file si chiama gia cosi
2026-08-03T18:23:50	Gambe e Glutei	Leg press 45 gradi una gamba.gif	Leg press 45 gradi una gamba.gif	bbf585e7b1d26c3ff68786c36f2905c0567fa68daf8eb99d665676c17fd7726e	gia con quel nome	il file si chiama gia cosi
2026-08-03T18:23:50	Gambe e Glutei	Leg press alternato barra elastico supino.gif	Leg press alternato barra elastico supino.gif	20162d5031162702b4b9dac80e9296b8584b342ed6d1103e97a932582c764b85	gia con quel nome	il file si chiama gia cosi
2026-08-03T18:23:50	Gambe e Glutei	Leg press orizzontale macchina.gif	Leg press orizzontale macchina.gif	e1ac12ec44657dcff545989874baa8eaba1f3b39741279f976a03121c40ba390	gia con quel nome	il file si chiama gia cosi
2026-08-03T18:23:50	Gambe e Glutei	Girata al petto bilanciere.gif	Girata al petto bilanciere.gif	3c81053bd441bf07b8ca04acca47b92c62639b74daa2c50cf85dcefc59398499	gia con quel nome	il file si chiama gia cosi
2026-08-03T18:23:50	Gambe e Glutei	Good morning bilanciere.gif	Good morning bilanciere.gif	986bff59711cb40b108871c67972db98cf4711720e8b5190e01ce579cc0e4728	gia con quel nome	il file si chiama gia cosi
2026-08-03T18:23:50	Gambe e Glutei	Good morning manubrio.gif	Good morning manubrio.gif	6fe44ab0098ed73fc28ad8113a1c241fa4777358e0732b487af3ee900d056bc6	gia con quel nome	il file si chiama gia cosi
2026-08-03T18:23:50	Gambe e Glutei	Stacco rumeno una gamba maniglie elastico.gif	Stacco rumeno una gamba maniglie elastico.gif	71966d49b0618b868e2d563e52f723fe8a435c6fbecb028e40199c0b173ce415	gia con quel nome	il file si chiama gia cosi
2026-08-03T18:23:50	Gambe e Glutei	Stacco da terra bilanciere.gif	Stacco da terra bilanciere.gif	15a57eb444d733c52d7a4053f61643fbb26a3543f0d00b9656cd31f819eeca81	gia con quel nome	il file si chiama gia cosi
2026-08-03T18:23:50	Gambe e Glutei	Stacco da terra macchina presa neutra.gif	Stacco da terra macchina presa neutra.gif	7f183e40e0584525c4f08ad1eb0752d629025494def47d030bccc5cb41df29a9	gia con quel nome	il file si chiama gia cosi
2026-08-03T18:23:50	Gambe e Glutei	Stacco da terra manubri.gif	Stacco da terra manubri.gif	87cc308c4759f64506d8dc533d300bda38dde1f952147717ef19dd6ab01f5042	gia con quel nome	il file si chiama gia cosi
2026-08-03T18:23:50	Gambe e Glutei	Stacco da terra sumo bilanciere.gif	Stacco da terra sumo bilanciere.gif	2161fe48ec15af859b481f43cbdb75f0827c2ee67413b9eac3e94a071c7b6844	gia con quel nome	il file si chiama gia cosi
2026-08-03T18:23:50	Gambe e Glutei	Stacco da terra trap bar.gif	Stacco da terra trap bar.gif	66e0c09ab6c3089c68747ed92bd5e86436661407487a118f99dad90df207de20	gia con quel nome	il file si chiama gia cosi
2026-08-03T18:23:50	Gambe e Glutei	Stacco gambe tese bilanciere.gif	Stacco gambe tese bilanciere.gif	2badabdb6c8473e87290897855aa693708596ad4abcc8f8e43768bc06bf214f0	gia con quel nome	il file si chiama gia cosi
2026-08-03T18:23:50	Gambe e Glutei	Stacco gambe tese manubri.gif	Stacco gambe tese manubri.gif	a90b74bedb880e4e3b1652da7e0883e2c38ff70e33afa7b41396e9e220749bee	gia con quel nome	il file si chiama gia cosi
2026-08-03T18:23:50	Gambe e Glutei	Stacco gambe tese multipower.gif	Stacco gambe tese multipower.gif	5f8d86ff79eee25bf37bce42f045cbbc848dc3af1309fef89df368c25e617ba7	gia con quel nome	il file si chiama gia cosi
2026-08-03T18:23:50	Gambe e Glutei	Stacco rumeno una gamba.gif	Stacco rumeno una gamba.gif	3a3d0c676837b5a88739ff2a73561742db542f346884bea20cbff64637d32711	gia con quel nome	il file si chiama gia cosi
2026-08-03T18:23:50	Gambe e Glutei	Stacco rumeno bilanciere.gif	Stacco rumeno bilanciere.gif	6408358f337d24be43a70149bed1c45a8cef0f7bf79e5694fcf38375f1bd7315	gia con quel nome	il file si chiama gia cosi
2026-08-03T18:23:50	Gambe e Glutei	Stacco rumeno manubri.gif	Stacco rumeno manubri.gif	8d5eb185bbfa050b83d395997b9aef39edbe540029389b65c99fab33637cc27b	gia con quel nome	il file si chiama gia cosi
2026-08-03T18:23:50	Gambe e Glutei	Stacco rumeno una gamba palla medica.gif	Stacco rumeno una gamba palla medica.gif	e874d1e8ebf510af12771ecbf13641202d00f611565b0934fc909b699a8021ee	gia con quel nome	il file si chiama gia cosi
2026-08-03T18:23:50	Gambe e Glutei	Stacco rumeno una gamba kettlebell.gif	Stacco rumeno una gamba kettlebell.gif	33ca04bb86160767b71426af9a5c29991ae6aca31400d6715f3aa94e9d02057b	gia con quel nome	il file si chiama gia cosi
2026-08-03T18:23:50	Gambe e Glutei	Stacco rumeno una gamba manubri.gif	Stacco rumeno una gamba manubri.gif	9c38b502463fa98c518afe0f80e030289039e3b32106bcc31d1948fe878ea546	gia con quel nome	il file si chiama gia cosi
2026-08-03T18:23:50	Gambe e Glutei	Stacco rumeno una gamba multipower.gif	Stacco rumeno una gamba multipower.gif	b74e09fd01ae559deb27240898221efaf3965400c85dd75ca1c2571f6458891d	gia con quel nome	il file si chiama gia cosi
2026-08-03T18:23:50	Gambe e Glutei	Swing elastico maniglie.gif	Swing elastico maniglie.gif	8985b3f51bdf676005206b9a4e679d9f79d7b0f10dc7db8c330f6b3cb8a58d31	gia con quel nome	il file si chiama gia cosi
2026-08-03T18:23:50	Gambe e Glutei	Nordic curl panca romana.gif	Nordic curl panca romana.gif	a618650368f6b351b0b04d6845cc7253a241bf018d9ccc1549f65b2c645b9264	gia con quel nome	il file si chiama gia cosi
2026-08-03T18:23:50	Gambe e Glutei	Iperestensione inversa panca romana.gif	Iperestensione inversa panca romana.gif	ede3cfa8877ccbb21d3ac3171a66670f2287ebc5ccbe498e862f114a327ea720	gia con quel nome	il file si chiama gia cosi
2026-08-03T18:23:50	Gambe e Glutei	Leg curl una gamba cavo in piedi.gif	Leg curl una gamba cavo in piedi.gif	618e2cfd885c89ed12c65bb52b951d0021a9d4e0fddbec1f03bf3eeda29581e0	gia con quel nome	il file si chiama gia cosi
2026-08-03T18:23:50	Gambe e Glutei	Leg curl una gamba macchina in piedi.gif	Leg curl una gamba macchina in piedi.gif	41e4d7dc92c16107d5b322e5f2c42edbed6ebaddbf928e6fe7261f3e8f8c6434	gia con quel nome	il file si chiama gia cosi
2026-08-03T18:23:50	Gambe e Glutei	Leg curl cavo sdraiato.gif	Leg curl cavo sdraiato.gif	df494a79e62f0371b067507da680cae4f1153d2ba45dac0c078d4c3981cb33ad	gia con quel nome	il file si chiama gia cosi
2026-08-03T18:23:50	Gambe e Glutei	Leg curl una gamba macchina ginocchio rialzato.gif	Leg curl una gamba macchina ginocchio rialzato.gif	fe67588edbb890cb52a23bb0f1f803db130a1dbf8b6638260c09d9d96197fa06	gia con quel nome	il file si chiama gia cosi
2026-08-03T18:23:50	Gambe e Glutei	Leg curl macchina prona.gif	Leg curl macchina prona.gif	3c94667d2cfce7f620b9d69455866a367a44483aa057acd97b14fac86c957834	gia con quel nome	il file si chiama gia cosi
2026-08-03T18:23:50	Gambe e Glutei	Leg curl una gamba macchina prona.gif	Leg curl una gamba macchina prona.gif	f95f386243dfe5e83d25893198858847a4df91a84afb71b7080e129d49ef1775	gia con quel nome	il file si chiama gia cosi
2026-08-03T18:23:50	Gambe e Glutei	Leg curl macchina seduto prese anteriori.gif	Leg curl macchina seduto prese anteriori.gif	bc6053d01b6789e92a618846509f702d7cb46ef6b602181b0de8881a700cdd01	gia con quel nome	il file si chiama gia cosi
2026-08-03T18:23:50	Gambe e Glutei	Leg curl macchina seduto prese laterali.gif	Leg curl macchina seduto prese laterali.gif	20d7a61edc8d4fe1ab8a25acf9b6d6e5331e8c616bcb1af8ce640a3d9e3ab666	gia con quel nome	il file si chiama gia cosi
2026-08-03T18:23:50	Gambe e Glutei	Reverse hyper elastico panca piana.gif	Reverse hyper elastico panca piana.gif	d323698d14233764d5922c7d01c4bffce78c33ad135da2a27fb2de5ef175a276	gia con quel nome	il file si chiama gia cosi
2026-08-03T18:23:50	Gambe e Glutei	Hip thrust bilanciere panca.gif	Hip thrust bilanciere panca.gif	7f6b35aebf337bcc17c4cdcb626103cad242f99c7bdadb448ee5319fd994b8e9	gia con quel nome	il file si chiama gia cosi
2026-08-03T18:23:50	Gambe e Glutei	Hip thrust corpo libero panca.gif	Hip thrust corpo libero panca.gif	b69d54b222fe7dc9fd5a9a7dff483a0a4226e179d26a3b7fbcc42ad6abe3b5b6	gia con quel nome	il file si chiama gia cosi
2026-08-03T18:23:50	Gambe e Glutei	Hip thrust elastico in ginocchio.gif	Hip thrust elastico in ginocchio.gif	70aa6e70da60bbcda01dcc948bfa5d18dad2b2f1d5754340adf68fe9322ee25d	gia con quel nome	il file si chiama gia cosi
2026-08-03T18:23:50	Gambe e Glutei	Hip thrust multipower panca.gif	Hip thrust multipower panca.gif	0441b07c3842e386dda79f93d46f2afad2d6c8dda5ca857bd1f8035a112e6a57	gia con quel nome	il file si chiama gia cosi
2026-08-03T18:23:50	Gambe e Glutei	Hip thrust bilanciere piedi su panca.gif	Hip thrust bilanciere piedi su panca.gif	14ae4e0b84a58cfe25ecb63d53f547ad0c0d1795b27088ac26c283ee3de2a783	gia con quel nome	il file si chiama gia cosi
2026-08-03T18:23:50	Gambe e Glutei	Hip thrust talloni elevati.gif	Hip thrust talloni elevati.gif	35f7947997e152eedbddeb78f86782be19495cd01bfa8a2307e7adfde157d77b	gia con quel nome	il file si chiama gia cosi
2026-08-03T18:23:50	Gambe e Glutei	Hip thrust unilaterale (schiena su panca).gif	Hip thrust bilanciere una gamba.gif	a0e304b97dce81084d12f534a7675e3fa00d2cc00a04cf7a526ef5206bbedccd	niente da fare sul Mac	nessun file sul Mac: si rinomina in migrazione
2026-08-03T18:23:50	Gambe e Glutei	Hip thrust una gamba panca spinta esplosiva.gif	Hip thrust una gamba panca spinta esplosiva.gif	3def639c3af695e7d2e45782495e7b9d2016f600d2c275461b3debec3c99737e	gia con quel nome	il file si chiama gia cosi
2026-08-03T18:23:50	Gambe e Glutei	Hip thrust una gamba panca.gif	Hip thrust una gamba panca.gif	76067cc0a70a14efbd3d24f4bc8be2e041c95b3eb82d8443f0da101b860ad038	gia con quel nome	il file si chiama gia cosi
2026-08-03T18:23:50	Gambe e Glutei	Ponte glutei.gif	Ponte glutei.gif	58825f7b669b759a54fb2df628b95dde97b52d45b404280ef4edd611c87257a9	gia con quel nome	il file si chiama gia cosi
2026-08-03T18:23:50	Gambe e Glutei	Ponte glutei frog pump.gif	Ponte glutei frog pump.gif	ca76398a9a97a43247d3012102edc70b536642e2270d0fefa08ececb4c80cc46	gia con quel nome	il file si chiama gia cosi
2026-08-03T18:23:50	Gambe e Glutei	Ponte glutei gambe tese piedi su panca.gif	Ponte glutei gambe tese piedi su panca.gif	adc40d2960ef1ed9d553170f564149e92dcbfaa12c6bd5feacea2f5ef643968a	gia con quel nome	il file si chiama gia cosi
2026-08-03T18:23:50	Gambe e Glutei	Ponte glutei manubrio.gif	Ponte glutei manubrio.gif	8395ca4cae72657568dc9ba63adc0cba92793fc74e2a18fc8e516dc2ff276baa	gia con quel nome	il file si chiama gia cosi
2026-08-03T18:23:50	Gambe e Glutei	Ponte glutei piedi su panca.gif	Ponte glutei piedi su panca.gif	21bd3fcb0d7f65598a6d20f9b0bff4fef175c699f27d5f06a80eb04ddf075c56	gia con quel nome	il file si chiama gia cosi
2026-08-03T18:23:50	Gambe e Glutei	Ponte glutei una gamba piede posteriore panca.gif	Ponte glutei una gamba piede posteriore panca.gif	a6c1840a5fa155ca60277e3ed2fc95c8a912b141cf140aa04b662550605f13a8	gia con quel nome	il file si chiama gia cosi
2026-08-03T18:23:50	Gambe e Glutei	Ponte glutei una gamba tesa.gif	Ponte glutei una gamba tesa.gif	19f92551056487f8c4aecbb95797644b0c7d10e973ca8517cf22ae63ea04e6a9	gia con quel nome	il file si chiama gia cosi
2026-08-03T18:23:50	Gambe e Glutei	Ponte glutei una gamba verticale.gif	Ponte glutei una gamba verticale.gif	1d2cf901a45504db769aeb02bade7a17d07e95cb83d17ae68eda017aaaa4f2af	gia con quel nome	il file si chiama gia cosi
2026-08-03T18:23:50	Gambe e Glutei	Abduzione anca decubito laterale.gif	Abduzione anca decubito laterale.gif	36591f7540ab08a2bcbe24449da7731e89e7119b12a546bcc20e5fbb84a8148d	gia con quel nome	il file si chiama gia cosi
2026-08-03T18:23:50	Gambe e Glutei	Abduzione anca elastico seduto panca.gif	Abduzione anca elastico seduto panca.gif	28e9e41d85fdd9e187ffd7ff3e73c28cde6118a577191becff5d6d029d152e59	gia con quel nome	il file si chiama gia cosi
2026-08-03T18:23:50	Gambe e Glutei	Abduzione una gamba cavo.gif	Abduzione una gamba cavo.gif	26bd85ebbc14d6d894c757fff7c01e1f3b1bf7737b41a10b5307dfdd11116904	gia con quel nome	il file si chiama gia cosi
2026-08-03T18:23:50	Gambe e Glutei	Abduzione Clamshell decubito laterale.gif	Abduzione clamshell decubito laterale.gif	9cf0d29aa0f7a9164b50442a2aa752ada10ce315e552bf309c118a7f7bd60cfd	errore	destinazione comparsa nel frattempo
2026-08-03T18:23:50	Gambe e Glutei	Abduzione Clamshell elastico decubito laterale.gif	Abduzione clamshell elastico decubito laterale.gif	a3c6ef8292fcd0d17e17a4b137d39ae6cac1ec07262b4f8e5d4f0f2c7a6c767f	errore	destinazione comparsa nel frattempo
2026-08-03T18:23:50	Gambe e Glutei	Abduzione fire hydrant elastico quadrupedia.gif	Abduzione fire hydrant elastico quadrupedia.gif	87f4ee85172f30be9424a03edadc54cf2bf029d471b4fd71b0c542d496fff371	gia con quel nome	il file si chiama gia cosi
2026-08-03T18:23:50	Gambe e Glutei	Abduzione appoggio in piedi.gif	Abduzione appoggio in piedi.gif	6af8638aea63e98ec4bce399caef862421d70e54f1b93a80719fc77ddaac656d	gia con quel nome	il file si chiama gia cosi
2026-08-03T18:23:50	Gambe e Glutei	Abduzione fire hydrant quadrupedia.gif	Abduzione fire hydrant quadrupedia.gif	e5d41dae55dd5ca517472921fb792caf11a1467dc6d161cba40a91fd6f2517a8	gia con quel nome	il file si chiama gia cosi
2026-08-03T18:23:50	Gambe e Glutei	Abduzione una gamba macchina spinta laterale.gif	Abduzione una gamba macchina spinta laterale.gif	2e41cb245a580273b33089a600781079868d652293d8b415f9c0444bc6df7d97	gia con quel nome	il file si chiama gia cosi
2026-08-03T18:23:50	Gambe e Glutei	Abduzione macchina spinta posteriore.gif	Abduzione macchina spinta posteriore.gif	2de2d239a271bed617680c7b37b05d3bf1d44d059ddd725d4841ebdc393afc57	gia con quel nome	il file si chiama gia cosi
2026-08-03T18:23:50	Gambe e Glutei	Abduzione macchina seduto.gif	Abduzione macchina seduto.gif	47eb61b4daa92f896b6c1aa2461d598e0468d57e3a36558c2a789a7bf24c52c2	gia con quel nome	il file si chiama gia cosi
2026-08-03T18:23:50	Gambe e Glutei	Camminata laterale elastico.gif	Camminata laterale elastico.gif	615827e78ad806768b9deaa68d7f4f3e4f4be53724e2b3160c252175907096d1	gia con quel nome	il file si chiama gia cosi
2026-08-03T18:23:50	Gambe e Glutei	Donkey kick avambracci a terra.gif	Donkey kick avambracci a terra.gif	5599f5fbeb64e446a40f88a24259976360b98dc6e73cc3efe2a7ee12b2c8e76c	gia con quel nome	il file si chiama gia cosi
2026-08-03T18:23:50	Gambe e Glutei	Donkey kick mani a terra.gif	Donkey kick mani a terra.gif	2f33257ee046083d5e52ef7369a19ca36fcba6b4b4ee623ac1f2ec268fdc615c	gia con quel nome	il file si chiama gia cosi
2026-08-03T18:23:50	Gambe e Glutei	Donkey kick elastico quadrupedia.gif	Donkey kick elastico quadrupedia.gif	1805d106e06b98da16dabf757d6434eaaf81d0947b4284348d57d7be030464f6	gia con quel nome	il file si chiama gia cosi
2026-08-03T18:23:50	Gambe e Glutei	Donkey kick tesa panca.gif	Donkey kick tesa panca.gif	8d226f8371aa8b5867e5272d1e4f49df2816e8f4f553e806f1c99af0f2fd19eb	gia con quel nome	il file si chiama gia cosi
2026-08-03T18:23:50	Gambe e Glutei	Donkey kick macchina.gif	Donkey kick macchina.gif	d5ba21d65a6d2480506e35b47dacc8db49ed73895fbd400eeb7d5be7e5095b2e	gia con quel nome	il file si chiama gia cosi
2026-08-03T18:23:50	Gambe e Glutei	Estensione anca appoggio bilanciere (unilateral hip extension with vertical barbell support).gif	Estensione anca elastico con appoggio.gif	680dae8c4cc422aa7b26097083317b838d5eee2e927738a43f99d82de938f7f8	niente da fare sul Mac	nessun file sul Mac: si rinomina in migrazione
2026-08-03T18:23:50	Gambe e Glutei	Estensione anca cavo basso busto flesso (Bent-over cable hip extension).gif	Estensione anca cavo busto flesso con appoggio.gif	42c8d4637ea6b6659f1bdaf0f0d4d6a3334c08f96d0a9039b457af0e3d65b202	rinominato	
2026-08-03T18:23:50	Gambe e Glutei	Estensione anca cavo basso in piedi (Standing cable hip extension).gif	Estensione anca cavo basso con appoggio.gif	87fea7deeed06a9a924b0eee4517a48c740fd76b40ed8c78e78ffe88e69a92e4	rinominato	
2026-08-03T18:23:50	Gambe e Glutei	Estensione anca elastico busto flesso (Bent-over band hip extension).gif	Estensione anca elastico busto flesso.gif	b0bcd55a0cc7503a450a92113fe44d959a1722ca5625b3cbb9766ec0fe52464a	rinominato	
2026-08-03T18:23:50	Gambe e Glutei	Estensione anca elastico caviglia in piedi.gif	Estensione anca elastico knee drive.gif	99f9d3c042f625294b7b4deba0f28d96c9d65471269a117560a9768545fe1a5e	rinominato	
2026-08-03T18:23:50	Gambe e Glutei	Estensione anca glute machine in piedi (Standing glute machine hip extension).gif	Estensione anca glute machine.gif	3ecf41e11996cd93ec79cafc00f6314bd1c2239f1dc8e04cdd7a2a6b810550ce	rinominato	
2026-08-03T18:23:50	Gambe e Glutei	Estensione anca in piedi appoggio bilanciere (Standing unilateral hip extension with vertical barbell support).gif	Estensione anca in piedi appoggio bilanciere.gif	f9f13514b2203edd9ff6e414b54d899447701d70ddb07b9c06e1e98c8b52d190	rinominato	
2026-08-03T18:23:50	Gambe e Glutei	Estensione anca in piedi bilanciere (Standing barbell hip extension).gif	Stacco rumeno una gamba bilanciere.gif	cb6e1394da0aa481bff8c8b45a5af8d6168db7cb039ad43bab61fbb426e3a41d	rinominato	
2026-08-03T18:23:50	Gambe e Glutei	Estensione anca macchina graviton in piedi (Standing machine hip extension).gif	Estensione anca macchina.gif	8f88a46d9caaaedd3213f089a348da6a9391dfbcdfe19ce54be18e937946e0ca	rinominato	
2026-08-04T15:33:07	Gambe e Glutei	Squat barra elastico.gif	Squat barra elastico.gif	21ffc120fe95b3122340eab79aac151f123bc49082f7d2ef71b3e2687fcb0452	gia con quel nome	il file si chiama gia cosi
2026-08-04T15:33:07	Gambe e Glutei	Squat bilanciere.gif	Squat bilanciere.gif	7a0b33d7c67823493e97ca649ee2f9edd2ab6a5c05a4f48e3636440e68a0e749	gia con quel nome	il file si chiama gia cosi
2026-08-04T15:33:07	Gambe e Glutei	Squat bilanciere al rack.gif	Squat bilanciere al rack.gif	e5641ea4bf94dbcf5922d6dd5ddfac0cb8599c3f48b583d2b46109bf884e89fa	gia con quel nome	il file si chiama gia cosi
2026-08-04T15:33:07	Gambe e Glutei	Squat bilanciere landmine.gif	Squat bilanciere landmine.gif	210ccb4f95a26476675450fcc84c8c7646d68fc8fa97c8cfe6dc26cbcff3f14b	gia con quel nome	il file si chiama gia cosi
2026-08-04T15:33:07	Gambe e Glutei	Squat calcio laterale.gif	Squat calcio laterale.gif	8678172072528fb0150ffca39c5fd3c68d445cf20e8a4d9d75c0aaea9472f753	gia con quel nome	il file si chiama gia cosi
2026-08-04T15:33:07	Gambe e Glutei	Squat cavi bassi.gif	Squat cavi bassi.gif	312a834ecbd28e0dce80d2c2313590dae1c70e49e4791b0cbf55d2dbcef2772b	gia con quel nome	il file si chiama gia cosi
2026-08-04T15:33:07	Gambe e Glutei	Squat cavo basso.gif	Squat cavo basso.gif	c309f2e7e286f1c641ba2cc6c7accd31e044a56f44fa1260f1b0574811053f81	gia con quel nome	il file si chiama gia cosi
2026-08-04T15:33:07	Gambe e Glutei	Squat corpo libero.gif	Squat corpo libero.gif	9bf078772d3b4afde76826ec8dffc878544353af72b2660d59e7178cb9f1ca2b	gia con quel nome	il file si chiama gia cosi
2026-08-04T15:33:07	Gambe e Glutei	Squat cosacco.gif	Squat cosacco.gif	88356c85eadd2df87324b869fe3b02bcd2d454062f63181a77b7213c5d3dd893	gia con quel nome	il file si chiama gia cosi
2026-08-04T15:33:07	Gambe e Glutei	Squat elastico braccia alte.gif	Squat elastico braccia alte.gif	3927ec7c2413b5417cfe8e7c31dae52e83c35265d68e609a942d37c3a78cb82e	gia con quel nome	il file si chiama gia cosi
2026-08-04T15:33:07	Gambe e Glutei	Squat bilanciere frontale.gif	Squat bilanciere frontale.gif	e6605bcdad3f6579d265e0d2d0bb69efbb2ff7e6dc2067d954619c89f7413e6e	gia con quel nome	il file si chiama gia cosi
2026-08-04T15:33:07	Gambe e Glutei	Squat torsione ginocchio alto.gif	Squat torsione ginocchio alto.gif	8acd67cdd91098459064db42dcfdf5c94cd767526e667d05c14d08742a460739	gia con quel nome	il file si chiama gia cosi
2026-08-04T15:33:07	Gambe e Glutei	Squat goblet kettlebell banda.gif	Squat goblet kettlebell banda.gif	79aef9ca93ec5cac7ab66d2c5dbc7df03e8cc680af566f85cb2817601d7d924b	gia con quel nome	il file si chiama gia cosi
2026-08-04T15:33:07	Gambe e Glutei	Squat hack machine.gif	Squat hack machine.gif	70e04f664d37a10ef5d81db4aeeb3c115082c5e1104d179f241e190f8e72414a	gia con quel nome	il file si chiama gia cosi
2026-08-04T15:33:07	Gambe e Glutei	Squat inverso hack machine.gif	Squat inverso hack machine.gif	75328f32765c95024ca5c537ccd38b7c1bf80c77194d6624bb839445823c7d9f	gia con quel nome	il file si chiama gia cosi
2026-08-04T15:33:07	Gambe e Glutei	Squat manubri.gif	Squat manubri.gif	b80ed62ddecc7249d7a91862d1e697ad97b7bfe6acf7f1e22bd9bfe3c48c18de	gia con quel nome	il file si chiama gia cosi
2026-08-04T15:33:07	Gambe e Glutei	Squat multipower.gif	Squat multipower.gif	b1c24965c7c5217c4c3caac0d9211867485d960b81f407a4d22ef8f2bb274883	gia con quel nome	il file si chiama gia cosi
2026-08-04T15:33:07	Gambe e Glutei	Squat wall fitball.gif	Squat wall fitball.gif	6ba72710aed06cd82a34d53c5f6fe1e0f34aa80d70570a8403da04bc5e41a1cb	gia con quel nome	il file si chiama gia cosi
2026-08-04T15:33:07	Gambe e Glutei	Squat manubri seduto su panca.gif	Squat manubri seduto su panca.gif	b66a750d54c81cfbb67564ccb2685e720b21d203fde5deca84679b38d41c69e9	gia con quel nome	il file si chiama gia cosi
2026-08-04T15:33:07	Gambe e Glutei	Squat profondo bilanciere.gif	Squat profondo bilanciere.gif	44b6d5f224cb8e4cd6322fc73521f14461e1853d0851ffc153d36792e40069a2	gia con quel nome	il file si chiama gia cosi
2026-08-04T15:33:07	Gambe e Glutei	Squat sumo bilanciere frontale.gif	Squat sumo bilanciere frontale.gif	912e9c482a0418040a7a6c344b5424f8241fdf5a2054a81c886eef7edf481b85	gia con quel nome	il file si chiama gia cosi
2026-08-04T15:33:07	Gambe e Glutei	Squat sumo corpo libero braccia distese.gif	Squat sumo corpo libero braccia distese.gif	41ca83090ef0db41dac62df77a8519c30f8bba6b32095d86bba7b53ebbd74572	gia con quel nome	il file si chiama gia cosi
2026-08-04T15:33:07	Gambe e Glutei	Squat sumo corpo libero mani al petto.gif	Squat sumo corpo libero mani al petto.gif	7b98bdec1a4dd54ce9bc3958cd9fbaa48d88ebd583bf7cb5d000f7a3447e0352	gia con quel nome	il file si chiama gia cosi
2026-08-04T15:33:07	Gambe e Glutei	Squat sumo manubrio.gif	Squat sumo manubrio.gif	0c4ca1d84bdb7eef33e72bb580bcaebbf63b1b21c3d6878f547146811a6726db	gia con quel nome	il file si chiama gia cosi
2026-08-04T15:33:07	Gambe e Glutei	Squat wall ball palla medica.gif	Squat wall ball palla medica.gif	710f513cf7df6749f80653e9e87dc022f047eb426f0ea4bd5238d538877c3612	gia con quel nome	il file si chiama gia cosi
2026-08-04T15:33:07	Gambe e Glutei	Squat wall sit inclinazione alternata.gif	Squat wall sit inclinazione alternata.gif	1a35a3fe2f3b857ae0464ad22cd4958ba5ed49a185719a7d157ae4fcc99af38a	gia con quel nome	il file si chiama gia cosi
2026-08-04T15:33:07	Gambe e Glutei	Squat sumo bilanciere.gif	Squat sumo bilanciere.gif	d2bb04e1246596210448c7666bd6e48e1be9e4cebdeea4c0ff836153b5a1601f	gia con quel nome	il file si chiama gia cosi
2026-08-04T15:33:07	Gambe e Glutei	Squat wall sit.gif	Squat wall sit.gif	10a09fa7466577f5fbaac35659348e97b884d35b5d733c9eff700461e98f2c32	gia con quel nome	il file si chiama gia cosi
2026-08-04T15:33:07	Gambe e Glutei	Affondo profondo una gamba.gif	Affondo profondo una gamba.gif	cc8369de4b281ce25975e7c0352b3d93c5f9e4b566446faae052954d2302a0f7	gia con quel nome	il file si chiama gia cosi
2026-08-04T15:33:07	Gambe e Glutei	Squat bulgaro corpo libero.gif	Squat bulgaro corpo libero.gif	28dd4732693d7d04fdafa88db627dd12e38dd0671a59b0dd3bf1e56ff835d599	gia con quel nome	il file si chiama gia cosi
2026-08-04T15:33:07	Gambe e Glutei	Squat bulgaro bilanciere.gif	Squat bulgaro bilanciere.gif	c81c93122bcf59ecbb71341cc109de14237ed54a66042cbf8897ec8d001e92f6	gia con quel nome	il file si chiama gia cosi
2026-08-04T15:33:07	Gambe e Glutei	Squat bulgaro manubri.gif	Squat bulgaro manubri.gif	f6fb56b663ccb97df557e9edee16b994b0dbd6231c7799317eb38ceaa100c986	gia con quel nome	il file si chiama gia cosi
2026-08-04T15:33:07	Gambe e Glutei	Squat hawaiano.gif	Squat hawaiano.gif	b5aca689631e5b840739ffb7e69968619d79feb2862c326b38d7d40d270409d3	gia con quel nome	il file si chiama gia cosi
2026-08-04T15:33:07	Gambe e Glutei	Pistol squat assistito.gif	Pistol squat assistito.gif	bd19e6f7b7e7b534929070ef5d8dc1f45f5ba640c9d4d12a0be221b168d8bd77	gia con quel nome	il file si chiama gia cosi
2026-08-04T15:33:07	Gambe e Glutei	Pistol squat su box.gif	Pistol squat su box.gif	96f55e295049a643332324a8fbe7f8049b54dd3fbb121c464018916b10ec04a4	gia con quel nome	il file si chiama gia cosi
2026-08-04T15:33:07	Gambe e Glutei	Pistol squat corpo libero.gif	Pistol squat corpo libero.gif	50b260f35c0ba8381efd54be486dcd493865ab435aae3a729d3e842e2f651d48	gia con quel nome	il file si chiama gia cosi
2026-08-04T15:33:07	Gambe e Glutei	Pistol squat kettlebell.gif	Pistol squat kettlebell.gif	3ad266121a01ba6158276d205b0c72e5658a149338eef7c60a1c879b9e8c7498	gia con quel nome	il file si chiama gia cosi
2026-08-04T15:33:07	Gambe e Glutei	Pistol squat manubrio stesso lato.gif	Pistol squat manubrio stesso lato.gif	0b1097d802adf22ee5016caf33fb456adb8d559b878aeb5b904501e076bc8927	gia con quel nome	il file si chiama gia cosi
2026-08-04T15:33:07	Gambe e Glutei	Pistol squat seduto su box.gif	Pistol squat seduto su box.gif	1b6f327823bf4b87890331d300797096106ca2e08898c2b9d386bb0da0e66e1b	gia con quel nome	il file si chiama gia cosi
2026-08-04T15:33:07	Gambe e Glutei	Pistol squat TRX.gif	Pistol squat TRX.gif	344459a989277a53f986e05887fb3bbf6dfb9198ae8aabbe4f2bb9b23dc7e600	gia con quel nome	il file si chiama gia cosi
2026-08-04T15:33:07	Gambe e Glutei	Squat shrimp.gif	Squat shrimp.gif	981f0611e0ccdc4721e3bc23cc97451a5f686ac5cfd0c99856ab0e39a506f720	gia con quel nome	il file si chiama gia cosi
2026-08-04T15:33:07	Gambe e Glutei	Squat sissy in ginocchio.gif	Squat sissy in ginocchio.gif	b87dc9f6e10a093ead1bffc880dc5692773e84f8080083724e5d1f0e0f4d2bad	gia con quel nome	il file si chiama gia cosi
2026-08-04T15:33:07	Gambe e Glutei	Squat skater una gamba.gif	Squat skater una gamba.gif	5a35a64bbf4b16af9b99e4b249219cfd028c9b8855b7270be1072ecb0de4dfbc	gia con quel nome	il file si chiama gia cosi
2026-08-04T15:33:07	Gambe e Glutei	Squat seduto su step.gif	Squat seduto su step.gif	a3529953dec275883fd6986dc4f7d02bd4e2238da73ba51173a4cb265f924cd8	gia con quel nome	il file si chiama gia cosi
2026-08-04T15:33:07	Gambe e Glutei	Affondo inverso con knee drive.gif	Affondo inverso con knee drive.gif	e564fed566cf957a976ad9bb00cecc71a7f06b23a769143f5cd6aead904a133a	gia con quel nome	il file si chiama gia cosi
2026-08-04T15:33:07	Gambe e Glutei	Affondo unilaterale sul posto a corpo libero.gif	Affondo corpo libero sul posto.gif	c200128141d1be1956108ec277f6cf44565152f36682f23bf3df7eb8f9777001	niente da fare sul Mac	nessun file sul Mac: si rinomina in migrazione
2026-08-04T15:33:07	Gambe e Glutei	Affondo avanti alternato.gif	Affondo avanti alternato.gif	e7c875251c94a43e7a7606b6e062338cb68dfd5680461ff0af4eab1a6aa55ea9	gia con quel nome	il file si chiama gia cosi
2026-08-04T15:33:07	Gambe e Glutei	Affondo avanti bilanciere.gif	Affondo avanti bilanciere.gif	393e4a459e72ac14a2dc6e53e59d299a9a5c3f00b321d97608f9dc17908c8db1	gia con quel nome	il file si chiama gia cosi
2026-08-04T15:33:07	Gambe e Glutei	Affondo avanti manubri.gif	Affondo avanti manubri.gif	a5a7bc30add78a15ff98521e7fe825e7487260112012aa20a0b1d55616319727	gia con quel nome	il file si chiama gia cosi
2026-08-04T15:33:07	Gambe e Glutei	Affondo avanti parziale manubri.gif	Affondo avanti parziale manubri.gif	2485ad2e6b5c4f8b0471310205d595745df64b5149803f82d7c08d8c4e4fa9ff	gia con quel nome	il file si chiama gia cosi
2026-08-04T15:33:07	Gambe e Glutei	Affondo barra elastico sul posto.gif	Affondo barra elastico sul posto.gif	9abf8554bc761785893d83381662e9cdbe0a9e13292bdbad114c0fb8476dbc78	gia con quel nome	il file si chiama gia cosi
2026-08-04T15:33:07	Gambe e Glutei	Affondo bilanciere sul posto.gif	Affondo bilanciere sul posto.gif	1520562ea588eec8b3724f02472a050f41e66d0a382088a9b75e263693066683	gia con quel nome	il file si chiama gia cosi
2026-08-04T15:33:07	Gambe e Glutei	Affondo inverso Bosu con knee drive.gif	Affondo inverso Bosu con knee drive.gif	c52787af2dd05b77d22a5c0d902f75ccc7f6b5bd28c7796fb5be3fd2bfd41068	gia con quel nome	il file si chiama gia cosi
2026-08-04T15:33:07	Gambe e Glutei	Affondo camminato con knee drive.gif	Affondo camminato con knee drive.gif	071992bf16eccc3305771c9f9a6075b3a83c63f2bf3fba3ea7b58d0c2dd190ba	gia con quel nome	il file si chiama gia cosi
2026-08-04T15:33:07	Gambe e Glutei	Affondo sul posto.gif	Affondo sul posto.gif	fc602a542d5afa607b994b5fa8248e884b8ab84e2f4d314c921139993d7bb549	gia con quel nome	il file si chiama gia cosi
2026-08-04T15:33:07	Gambe e Glutei	Affondo incrociato indietro bilanciere.gif	Affondo incrociato indietro bilanciere.gif	7c6ff54f4d3c56e11f2547b6b7a6921a4aca4f2d99269542044277dbaed7ab59	gia con quel nome	il file si chiama gia cosi
2026-08-04T15:33:07	Gambe e Glutei	Affondo indietro bilanciere.gif	Affondo indietro bilanciere.gif	a4412c5fab9e3f1739c023afb1a9899340f309a93fae84e5c000115a71ba19ef	gia con quel nome	il file si chiama gia cosi
2026-08-04T15:33:07	Gambe e Glutei	Affondo indietro manubri.gif	Affondo indietro manubri.gif	b72a1e6cf4fdd01f8f30e6769e039678bbf9e724796db8938743d78a33fcb476	gia con quel nome	il file si chiama gia cosi
2026-08-04T15:33:07	Gambe e Glutei	Affondo laterale alternato.gif	Affondo laterale alternato.gif	42049265076674d662e70b46efeb83bbad46796f76f3172acbaa0e35d4844b8c	gia con quel nome	il file si chiama gia cosi
2026-08-04T15:33:07	Gambe e Glutei	Affondo laterale bilanciere.gif	Affondo laterale bilanciere.gif	ad56ceacdee2e6d493bd4a6378b297009dea86742d417086294bea4a7c8069ba	gia con quel nome	il file si chiama gia cosi
2026-08-04T15:33:07	Gambe e Glutei	Affondo laterale manubri.gif	Affondo laterale manubri.gif	185313ac198178da31cc1b443263df6a1281eab8961222b7a863fb80e1d913b2	gia con quel nome	il file si chiama gia cosi
2026-08-04T15:33:07	Gambe e Glutei	Affondo multipower.gif	Affondo multipower.gif	6f6e56838a6afb79d88b3434cabbbec04c1a75c95822473607fa0bbef183f2d6	gia con quel nome	il file si chiama gia cosi
2026-08-04T15:33:07	Gambe e Glutei	Affondo maniglie elastico sul posto.gif	Affondo maniglie elastico sul posto.gif	7d11efd0eaef29bc0a76539aa48caa720e2f5df4a03e4c099d693ac70b719972	gia con quel nome	il file si chiama gia cosi
2026-08-04T15:33:07	Gambe e Glutei	Camminata manubri.gif	Camminata manubri.gif	f952f75c65cc562af2eeac5b6c96c0d884dd1ec2a016dc48bc62e79a697f64a8	gia con quel nome	il file si chiama gia cosi
2026-08-04T15:33:07	Gambe e Glutei	Camminata squat.gif	Camminata squat.gif	a4f01d1a040b20588d9f25a19976ff75bb38957d7a990422405d66b6d5f440ae	gia con quel nome	il file si chiama gia cosi
2026-08-04T15:33:07	Gambe e Glutei	Leg extension macchina.gif	Leg extension macchina.gif	3b91cf1047fa467e7f6bf84d3e4856b3a4ef39771265e8dda96e34c17a089a65	gia con quel nome	il file si chiama gia cosi
2026-08-04T15:33:07	Gambe e Glutei	Leg extension macchina una gamba.gif	Leg extension macchina una gamba.gif	4509a38a5ec155ea9d5d407985f264210f3c4f61f278d7f2975f36ebd38c0ba6	gia con quel nome	il file si chiama gia cosi
2026-08-04T15:33:07	Gambe e Glutei	Leg press 45 gradi.gif	Leg press 45 gradi.gif	8df5f83c669593ebe552cef07e968c55215addc14e0ff8a45f2c57000a4c227d	gia con quel nome	il file si chiama gia cosi
2026-08-04T15:33:07	Gambe e Glutei	Leg press 45 gradi una gamba.gif	Leg press 45 gradi una gamba.gif	bbf585e7b1d26c3ff68786c36f2905c0567fa68daf8eb99d665676c17fd7726e	gia con quel nome	il file si chiama gia cosi
2026-08-04T15:33:07	Gambe e Glutei	Leg press alternato barra elastico supino.gif	Leg press alternato barra elastico supino.gif	20162d5031162702b4b9dac80e9296b8584b342ed6d1103e97a932582c764b85	gia con quel nome	il file si chiama gia cosi
2026-08-04T15:33:07	Gambe e Glutei	Leg press orizzontale macchina.gif	Leg press orizzontale macchina.gif	e1ac12ec44657dcff545989874baa8eaba1f3b39741279f976a03121c40ba390	gia con quel nome	il file si chiama gia cosi
2026-08-04T15:33:07	Gambe e Glutei	Girata al petto bilanciere.gif	Girata al petto bilanciere.gif	3c81053bd441bf07b8ca04acca47b92c62639b74daa2c50cf85dcefc59398499	gia con quel nome	il file si chiama gia cosi
2026-08-04T15:33:07	Gambe e Glutei	Good morning bilanciere.gif	Good morning bilanciere.gif	986bff59711cb40b108871c67972db98cf4711720e8b5190e01ce579cc0e4728	gia con quel nome	il file si chiama gia cosi
2026-08-04T15:33:07	Gambe e Glutei	Good morning manubrio.gif	Good morning manubrio.gif	6fe44ab0098ed73fc28ad8113a1c241fa4777358e0732b487af3ee900d056bc6	gia con quel nome	il file si chiama gia cosi
2026-08-04T15:33:07	Gambe e Glutei	Stacco rumeno una gamba maniglie elastico.gif	Stacco rumeno una gamba maniglie elastico.gif	71966d49b0618b868e2d563e52f723fe8a435c6fbecb028e40199c0b173ce415	gia con quel nome	il file si chiama gia cosi
2026-08-04T15:33:07	Gambe e Glutei	Stacco da terra bilanciere.gif	Stacco da terra bilanciere.gif	15a57eb444d733c52d7a4053f61643fbb26a3543f0d00b9656cd31f819eeca81	gia con quel nome	il file si chiama gia cosi
2026-08-04T15:33:07	Gambe e Glutei	Stacco da terra macchina presa neutra.gif	Stacco da terra macchina presa neutra.gif	7f183e40e0584525c4f08ad1eb0752d629025494def47d030bccc5cb41df29a9	gia con quel nome	il file si chiama gia cosi
2026-08-04T15:33:07	Gambe e Glutei	Stacco da terra manubri.gif	Stacco da terra manubri.gif	87cc308c4759f64506d8dc533d300bda38dde1f952147717ef19dd6ab01f5042	gia con quel nome	il file si chiama gia cosi
2026-08-04T15:33:07	Gambe e Glutei	Stacco da terra sumo bilanciere.gif	Stacco da terra sumo bilanciere.gif	2161fe48ec15af859b481f43cbdb75f0827c2ee67413b9eac3e94a071c7b6844	gia con quel nome	il file si chiama gia cosi
2026-08-04T15:33:07	Gambe e Glutei	Stacco da terra trap bar.gif	Stacco da terra trap bar.gif	66e0c09ab6c3089c68747ed92bd5e86436661407487a118f99dad90df207de20	gia con quel nome	il file si chiama gia cosi
2026-08-04T15:33:07	Gambe e Glutei	Stacco gambe tese bilanciere.gif	Stacco gambe tese bilanciere.gif	2badabdb6c8473e87290897855aa693708596ad4abcc8f8e43768bc06bf214f0	gia con quel nome	il file si chiama gia cosi
2026-08-04T15:33:07	Gambe e Glutei	Stacco gambe tese manubri.gif	Stacco gambe tese manubri.gif	a90b74bedb880e4e3b1652da7e0883e2c38ff70e33afa7b41396e9e220749bee	gia con quel nome	il file si chiama gia cosi
2026-08-04T15:33:07	Gambe e Glutei	Stacco gambe tese multipower.gif	Stacco gambe tese multipower.gif	5f8d86ff79eee25bf37bce42f045cbbc848dc3af1309fef89df368c25e617ba7	gia con quel nome	il file si chiama gia cosi
2026-08-04T15:33:07	Gambe e Glutei	Stacco rumeno una gamba.gif	Stacco rumeno una gamba.gif	3a3d0c676837b5a88739ff2a73561742db542f346884bea20cbff64637d32711	gia con quel nome	il file si chiama gia cosi
2026-08-04T15:33:07	Gambe e Glutei	Stacco rumeno bilanciere.gif	Stacco rumeno bilanciere.gif	6408358f337d24be43a70149bed1c45a8cef0f7bf79e5694fcf38375f1bd7315	gia con quel nome	il file si chiama gia cosi
2026-08-04T15:33:07	Gambe e Glutei	Stacco rumeno manubri.gif	Stacco rumeno manubri.gif	8d5eb185bbfa050b83d395997b9aef39edbe540029389b65c99fab33637cc27b	gia con quel nome	il file si chiama gia cosi
2026-08-04T15:33:07	Gambe e Glutei	Stacco rumeno una gamba palla medica.gif	Stacco rumeno una gamba palla medica.gif	e874d1e8ebf510af12771ecbf13641202d00f611565b0934fc909b699a8021ee	gia con quel nome	il file si chiama gia cosi
2026-08-04T15:33:07	Gambe e Glutei	Stacco rumeno una gamba kettlebell.gif	Stacco rumeno una gamba kettlebell.gif	33ca04bb86160767b71426af9a5c29991ae6aca31400d6715f3aa94e9d02057b	gia con quel nome	il file si chiama gia cosi
2026-08-04T15:33:07	Gambe e Glutei	Stacco rumeno una gamba manubri.gif	Stacco rumeno una gamba manubri.gif	9c38b502463fa98c518afe0f80e030289039e3b32106bcc31d1948fe878ea546	gia con quel nome	il file si chiama gia cosi
2026-08-04T15:33:07	Gambe e Glutei	Stacco rumeno una gamba multipower.gif	Stacco rumeno una gamba multipower.gif	b74e09fd01ae559deb27240898221efaf3965400c85dd75ca1c2571f6458891d	gia con quel nome	il file si chiama gia cosi
2026-08-04T15:33:07	Gambe e Glutei	Swing elastico maniglie.gif	Swing elastico maniglie.gif	8985b3f51bdf676005206b9a4e679d9f79d7b0f10dc7db8c330f6b3cb8a58d31	gia con quel nome	il file si chiama gia cosi
2026-08-04T15:33:07	Gambe e Glutei	Nordic curl panca romana.gif	Nordic curl panca romana.gif	a618650368f6b351b0b04d6845cc7253a241bf018d9ccc1549f65b2c645b9264	gia con quel nome	il file si chiama gia cosi
2026-08-04T15:33:07	Gambe e Glutei	Iperestensione inversa panca romana.gif	Iperestensione inversa panca romana.gif	ede3cfa8877ccbb21d3ac3171a66670f2287ebc5ccbe498e862f114a327ea720	gia con quel nome	il file si chiama gia cosi
2026-08-04T15:33:07	Gambe e Glutei	Leg curl una gamba cavo in piedi.gif	Leg curl una gamba cavo in piedi.gif	618e2cfd885c89ed12c65bb52b951d0021a9d4e0fddbec1f03bf3eeda29581e0	gia con quel nome	il file si chiama gia cosi
2026-08-04T15:33:07	Gambe e Glutei	Leg curl una gamba macchina in piedi.gif	Leg curl una gamba macchina in piedi.gif	41e4d7dc92c16107d5b322e5f2c42edbed6ebaddbf928e6fe7261f3e8f8c6434	gia con quel nome	il file si chiama gia cosi
2026-08-04T15:33:07	Gambe e Glutei	Leg curl cavo sdraiato.gif	Leg curl cavo sdraiato.gif	df494a79e62f0371b067507da680cae4f1153d2ba45dac0c078d4c3981cb33ad	gia con quel nome	il file si chiama gia cosi
2026-08-04T15:33:07	Gambe e Glutei	Leg curl una gamba macchina ginocchio rialzato.gif	Leg curl una gamba macchina ginocchio rialzato.gif	fe67588edbb890cb52a23bb0f1f803db130a1dbf8b6638260c09d9d96197fa06	gia con quel nome	il file si chiama gia cosi
2026-08-04T15:33:07	Gambe e Glutei	Leg curl macchina prona.gif	Leg curl macchina prona.gif	3c94667d2cfce7f620b9d69455866a367a44483aa057acd97b14fac86c957834	gia con quel nome	il file si chiama gia cosi
2026-08-04T15:33:07	Gambe e Glutei	Leg curl una gamba macchina prona.gif	Leg curl una gamba macchina prona.gif	f95f386243dfe5e83d25893198858847a4df91a84afb71b7080e129d49ef1775	gia con quel nome	il file si chiama gia cosi
2026-08-04T15:33:07	Gambe e Glutei	Leg curl macchina seduto prese anteriori.gif	Leg curl macchina seduto prese anteriori.gif	bc6053d01b6789e92a618846509f702d7cb46ef6b602181b0de8881a700cdd01	gia con quel nome	il file si chiama gia cosi
2026-08-04T15:33:07	Gambe e Glutei	Leg curl macchina seduto prese laterali.gif	Leg curl macchina seduto prese laterali.gif	20d7a61edc8d4fe1ab8a25acf9b6d6e5331e8c616bcb1af8ce640a3d9e3ab666	gia con quel nome	il file si chiama gia cosi
2026-08-04T15:33:07	Gambe e Glutei	Reverse hyper elastico panca piana.gif	Reverse hyper elastico panca piana.gif	d323698d14233764d5922c7d01c4bffce78c33ad135da2a27fb2de5ef175a276	gia con quel nome	il file si chiama gia cosi
2026-08-04T15:33:07	Gambe e Glutei	Hip thrust bilanciere panca.gif	Hip thrust bilanciere panca.gif	7f6b35aebf337bcc17c4cdcb626103cad242f99c7bdadb448ee5319fd994b8e9	gia con quel nome	il file si chiama gia cosi
2026-08-04T15:33:07	Gambe e Glutei	Hip thrust corpo libero panca.gif	Hip thrust corpo libero panca.gif	b69d54b222fe7dc9fd5a9a7dff483a0a4226e179d26a3b7fbcc42ad6abe3b5b6	gia con quel nome	il file si chiama gia cosi
2026-08-04T15:33:07	Gambe e Glutei	Hip thrust elastico in ginocchio.gif	Hip thrust elastico in ginocchio.gif	70aa6e70da60bbcda01dcc948bfa5d18dad2b2f1d5754340adf68fe9322ee25d	gia con quel nome	il file si chiama gia cosi
2026-08-04T15:33:07	Gambe e Glutei	Hip thrust multipower panca.gif	Hip thrust multipower panca.gif	0441b07c3842e386dda79f93d46f2afad2d6c8dda5ca857bd1f8035a112e6a57	gia con quel nome	il file si chiama gia cosi
2026-08-04T15:33:07	Gambe e Glutei	Hip thrust bilanciere piedi su panca.gif	Hip thrust bilanciere piedi su panca.gif	14ae4e0b84a58cfe25ecb63d53f547ad0c0d1795b27088ac26c283ee3de2a783	gia con quel nome	il file si chiama gia cosi
2026-08-04T15:33:07	Gambe e Glutei	Hip thrust talloni elevati.gif	Hip thrust talloni elevati.gif	35f7947997e152eedbddeb78f86782be19495cd01bfa8a2307e7adfde157d77b	gia con quel nome	il file si chiama gia cosi
2026-08-04T15:33:07	Gambe e Glutei	Hip thrust unilaterale (schiena su panca).gif	Hip thrust bilanciere una gamba.gif	a0e304b97dce81084d12f534a7675e3fa00d2cc00a04cf7a526ef5206bbedccd	niente da fare sul Mac	nessun file sul Mac: si rinomina in migrazione
2026-08-04T15:33:07	Gambe e Glutei	Hip thrust una gamba panca spinta esplosiva.gif	Hip thrust una gamba panca spinta esplosiva.gif	3def639c3af695e7d2e45782495e7b9d2016f600d2c275461b3debec3c99737e	gia con quel nome	il file si chiama gia cosi
2026-08-04T15:33:07	Gambe e Glutei	Hip thrust una gamba panca.gif	Hip thrust una gamba panca.gif	76067cc0a70a14efbd3d24f4bc8be2e041c95b3eb82d8443f0da101b860ad038	gia con quel nome	il file si chiama gia cosi
2026-08-04T15:33:07	Gambe e Glutei	Ponte glutei.gif	Ponte glutei.gif	58825f7b669b759a54fb2df628b95dde97b52d45b404280ef4edd611c87257a9	gia con quel nome	il file si chiama gia cosi
2026-08-04T15:33:07	Gambe e Glutei	Ponte glutei frog pump.gif	Ponte glutei frog pump.gif	ca76398a9a97a43247d3012102edc70b536642e2270d0fefa08ececb4c80cc46	gia con quel nome	il file si chiama gia cosi
2026-08-04T15:33:07	Gambe e Glutei	Ponte glutei gambe tese piedi su panca.gif	Ponte glutei gambe tese piedi su panca.gif	adc40d2960ef1ed9d553170f564149e92dcbfaa12c6bd5feacea2f5ef643968a	gia con quel nome	il file si chiama gia cosi
2026-08-04T15:33:07	Gambe e Glutei	Ponte glutei manubrio.gif	Ponte glutei manubrio.gif	8395ca4cae72657568dc9ba63adc0cba92793fc74e2a18fc8e516dc2ff276baa	gia con quel nome	il file si chiama gia cosi
2026-08-04T15:33:07	Gambe e Glutei	Ponte glutei piedi su panca.gif	Ponte glutei piedi su panca.gif	21bd3fcb0d7f65598a6d20f9b0bff4fef175c699f27d5f06a80eb04ddf075c56	gia con quel nome	il file si chiama gia cosi
2026-08-04T15:33:07	Gambe e Glutei	Ponte glutei una gamba piede posteriore panca.gif	Ponte glutei una gamba piede posteriore panca.gif	a6c1840a5fa155ca60277e3ed2fc95c8a912b141cf140aa04b662550605f13a8	gia con quel nome	il file si chiama gia cosi
2026-08-04T15:33:07	Gambe e Glutei	Ponte glutei una gamba tesa.gif	Ponte glutei una gamba tesa.gif	19f92551056487f8c4aecbb95797644b0c7d10e973ca8517cf22ae63ea04e6a9	gia con quel nome	il file si chiama gia cosi
2026-08-04T15:33:07	Gambe e Glutei	Ponte glutei una gamba verticale.gif	Ponte glutei una gamba verticale.gif	1d2cf901a45504db769aeb02bade7a17d07e95cb83d17ae68eda017aaaa4f2af	gia con quel nome	il file si chiama gia cosi
2026-08-04T15:33:07	Gambe e Glutei	Abduzione anca decubito laterale.gif	Abduzione anca decubito laterale.gif	36591f7540ab08a2bcbe24449da7731e89e7119b12a546bcc20e5fbb84a8148d	gia con quel nome	il file si chiama gia cosi
2026-08-04T15:33:07	Gambe e Glutei	Abduzione anca elastico seduto panca.gif	Abduzione anca elastico seduto panca.gif	28e9e41d85fdd9e187ffd7ff3e73c28cde6118a577191becff5d6d029d152e59	gia con quel nome	il file si chiama gia cosi
2026-08-04T15:33:07	Gambe e Glutei	Abduzione una gamba cavo.gif	Abduzione una gamba cavo.gif	26bd85ebbc14d6d894c757fff7c01e1f3b1bf7737b41a10b5307dfdd11116904	gia con quel nome	il file si chiama gia cosi
2026-08-04T15:33:07	Gambe e Glutei	Abduzione Clamshell decubito laterale.gif	Abduzione clamshell decubito laterale.gif	9cf0d29aa0f7a9164b50442a2aa752ada10ce315e552bf309c118a7f7bd60cfd	errore	destinazione comparsa nel frattempo
2026-08-04T15:33:07	Gambe e Glutei	Abduzione Clamshell elastico decubito laterale.gif	Abduzione clamshell elastico decubito laterale.gif	a3c6ef8292fcd0d17e17a4b137d39ae6cac1ec07262b4f8e5d4f0f2c7a6c767f	errore	destinazione comparsa nel frattempo
2026-08-04T15:33:07	Gambe e Glutei	Abduzione fire hydrant elastico quadrupedia.gif	Abduzione fire hydrant elastico quadrupedia.gif	87f4ee85172f30be9424a03edadc54cf2bf029d471b4fd71b0c542d496fff371	gia con quel nome	il file si chiama gia cosi
2026-08-04T15:33:07	Gambe e Glutei	Abduzione appoggio in piedi.gif	Abduzione appoggio in piedi.gif	6af8638aea63e98ec4bce399caef862421d70e54f1b93a80719fc77ddaac656d	gia con quel nome	il file si chiama gia cosi
2026-08-04T15:33:07	Gambe e Glutei	Abduzione fire hydrant quadrupedia.gif	Abduzione fire hydrant quadrupedia.gif	e5d41dae55dd5ca517472921fb792caf11a1467dc6d161cba40a91fd6f2517a8	gia con quel nome	il file si chiama gia cosi
2026-08-04T15:33:07	Gambe e Glutei	Abduzione una gamba macchina spinta laterale.gif	Abduzione una gamba macchina spinta laterale.gif	2e41cb245a580273b33089a600781079868d652293d8b415f9c0444bc6df7d97	gia con quel nome	il file si chiama gia cosi
2026-08-04T15:33:07	Gambe e Glutei	Abduzione macchina spinta posteriore.gif	Abduzione macchina spinta posteriore.gif	2de2d239a271bed617680c7b37b05d3bf1d44d059ddd725d4841ebdc393afc57	gia con quel nome	il file si chiama gia cosi
2026-08-04T15:33:07	Gambe e Glutei	Abduzione macchina seduto.gif	Abduzione macchina seduto.gif	47eb61b4daa92f896b6c1aa2461d598e0468d57e3a36558c2a789a7bf24c52c2	gia con quel nome	il file si chiama gia cosi
2026-08-04T15:33:07	Gambe e Glutei	Camminata laterale elastico.gif	Camminata laterale elastico.gif	615827e78ad806768b9deaa68d7f4f3e4f4be53724e2b3160c252175907096d1	gia con quel nome	il file si chiama gia cosi
2026-08-04T15:33:07	Gambe e Glutei	Donkey kick avambracci a terra.gif	Donkey kick avambracci a terra.gif	5599f5fbeb64e446a40f88a24259976360b98dc6e73cc3efe2a7ee12b2c8e76c	gia con quel nome	il file si chiama gia cosi
2026-08-04T15:33:07	Gambe e Glutei	Donkey kick mani a terra.gif	Donkey kick mani a terra.gif	2f33257ee046083d5e52ef7369a19ca36fcba6b4b4ee623ac1f2ec268fdc615c	gia con quel nome	il file si chiama gia cosi
2026-08-04T15:33:07	Gambe e Glutei	Donkey kick elastico quadrupedia.gif	Donkey kick elastico quadrupedia.gif	1805d106e06b98da16dabf757d6434eaaf81d0947b4284348d57d7be030464f6	gia con quel nome	il file si chiama gia cosi
2026-08-04T15:33:07	Gambe e Glutei	Donkey kick tesa panca.gif	Donkey kick tesa panca.gif	8d226f8371aa8b5867e5272d1e4f49df2816e8f4f553e806f1c99af0f2fd19eb	gia con quel nome	il file si chiama gia cosi
2026-08-04T15:33:07	Gambe e Glutei	Donkey kick macchina.gif	Donkey kick macchina.gif	d5ba21d65a6d2480506e35b47dacc8db49ed73895fbd400eeb7d5be7e5095b2e	gia con quel nome	il file si chiama gia cosi
2026-08-04T15:33:07	Gambe e Glutei	Estensione anca appoggio bilanciere (unilateral hip extension with vertical barbell support).gif	Estensione anca elastico con appoggio.gif	680dae8c4cc422aa7b26097083317b838d5eee2e927738a43f99d82de938f7f8	niente da fare sul Mac	nessun file sul Mac: si rinomina in migrazione
2026-08-04T15:33:07	Gambe e Glutei	Estensione anca cavo busto flesso con appoggio.gif	Estensione anca cavo busto flesso con appoggio.gif	42c8d4637ea6b6659f1bdaf0f0d4d6a3334c08f96d0a9039b457af0e3d65b202	gia con quel nome	il file si chiama gia cosi
2026-08-04T15:33:07	Gambe e Glutei	Estensione anca cavo basso con appoggio.gif	Estensione anca cavo basso con appoggio.gif	87fea7deeed06a9a924b0eee4517a48c740fd76b40ed8c78e78ffe88e69a92e4	gia con quel nome	il file si chiama gia cosi
2026-08-04T15:33:07	Gambe e Glutei	Estensione anca elastico busto flesso.gif	Estensione anca elastico busto flesso.gif	b0bcd55a0cc7503a450a92113fe44d959a1722ca5625b3cbb9766ec0fe52464a	gia con quel nome	il file si chiama gia cosi
2026-08-04T15:33:07	Gambe e Glutei	Estensione anca elastico knee drive.gif	Estensione anca elastico knee drive.gif	99f9d3c042f625294b7b4deba0f28d96c9d65471269a117560a9768545fe1a5e	gia con quel nome	il file si chiama gia cosi
2026-08-04T15:33:07	Gambe e Glutei	Estensione anca glute machine.gif	Estensione anca glute machine.gif	3ecf41e11996cd93ec79cafc00f6314bd1c2239f1dc8e04cdd7a2a6b810550ce	gia con quel nome	il file si chiama gia cosi
2026-08-04T15:33:07	Gambe e Glutei	Estensione anca in piedi appoggio bilanciere.gif	Estensione anca in piedi appoggio bilanciere.gif	f9f13514b2203edd9ff6e414b54d899447701d70ddb07b9c06e1e98c8b52d190	gia con quel nome	il file si chiama gia cosi
2026-08-04T15:33:07	Gambe e Glutei	Stacco rumeno una gamba bilanciere.gif	Stacco rumeno una gamba bilanciere.gif	cb6e1394da0aa481bff8c8b45a5af8d6168db7cb039ad43bab61fbb426e3a41d	gia con quel nome	il file si chiama gia cosi
2026-08-04T15:33:07	Gambe e Glutei	Estensione anca macchina.gif	Estensione anca macchina.gif	8f88a46d9caaaedd3213f089a348da6a9391dfbcdfe19ce54be18e937946e0ca	gia con quel nome	il file si chiama gia cosi
2026-08-04T15:39:56	Gambe e Glutei	Squat barra elastico.gif	Squat barra elastico.gif	21ffc120fe95b3122340eab79aac151f123bc49082f7d2ef71b3e2687fcb0452	gia con quel nome	il file si chiama gia cosi
2026-08-04T15:39:56	Gambe e Glutei	Squat bilanciere.gif	Squat bilanciere.gif	7a0b33d7c67823493e97ca649ee2f9edd2ab6a5c05a4f48e3636440e68a0e749	gia con quel nome	il file si chiama gia cosi
2026-08-04T15:39:56	Gambe e Glutei	Squat bilanciere al rack.gif	Squat bilanciere al rack.gif	e5641ea4bf94dbcf5922d6dd5ddfac0cb8599c3f48b583d2b46109bf884e89fa	gia con quel nome	il file si chiama gia cosi
2026-08-04T15:39:56	Gambe e Glutei	Squat bilanciere landmine.gif	Squat bilanciere landmine.gif	210ccb4f95a26476675450fcc84c8c7646d68fc8fa97c8cfe6dc26cbcff3f14b	gia con quel nome	il file si chiama gia cosi
2026-08-04T15:39:56	Gambe e Glutei	Squat calcio laterale.gif	Squat calcio laterale.gif	8678172072528fb0150ffca39c5fd3c68d445cf20e8a4d9d75c0aaea9472f753	gia con quel nome	il file si chiama gia cosi
2026-08-04T15:39:56	Gambe e Glutei	Squat cavi bassi.gif	Squat cavi bassi.gif	312a834ecbd28e0dce80d2c2313590dae1c70e49e4791b0cbf55d2dbcef2772b	gia con quel nome	il file si chiama gia cosi
2026-08-04T15:39:56	Gambe e Glutei	Squat cavo basso.gif	Squat cavo basso.gif	c309f2e7e286f1c641ba2cc6c7accd31e044a56f44fa1260f1b0574811053f81	gia con quel nome	il file si chiama gia cosi
2026-08-04T15:39:56	Gambe e Glutei	Squat corpo libero.gif	Squat corpo libero.gif	9bf078772d3b4afde76826ec8dffc878544353af72b2660d59e7178cb9f1ca2b	gia con quel nome	il file si chiama gia cosi
2026-08-04T15:39:56	Gambe e Glutei	Squat cosacco.gif	Squat cosacco.gif	88356c85eadd2df87324b869fe3b02bcd2d454062f63181a77b7213c5d3dd893	gia con quel nome	il file si chiama gia cosi
2026-08-04T15:39:56	Gambe e Glutei	Squat elastico braccia alte.gif	Squat elastico braccia alte.gif	3927ec7c2413b5417cfe8e7c31dae52e83c35265d68e609a942d37c3a78cb82e	gia con quel nome	il file si chiama gia cosi
2026-08-04T15:39:56	Gambe e Glutei	Squat bilanciere frontale.gif	Squat bilanciere frontale.gif	e6605bcdad3f6579d265e0d2d0bb69efbb2ff7e6dc2067d954619c89f7413e6e	gia con quel nome	il file si chiama gia cosi
2026-08-04T15:39:56	Gambe e Glutei	Squat torsione ginocchio alto.gif	Squat torsione ginocchio alto.gif	8acd67cdd91098459064db42dcfdf5c94cd767526e667d05c14d08742a460739	gia con quel nome	il file si chiama gia cosi
2026-08-04T15:39:56	Gambe e Glutei	Squat goblet kettlebell banda.gif	Squat goblet kettlebell banda.gif	79aef9ca93ec5cac7ab66d2c5dbc7df03e8cc680af566f85cb2817601d7d924b	gia con quel nome	il file si chiama gia cosi
2026-08-04T15:39:56	Gambe e Glutei	Squat hack machine.gif	Squat hack machine.gif	70e04f664d37a10ef5d81db4aeeb3c115082c5e1104d179f241e190f8e72414a	gia con quel nome	il file si chiama gia cosi
2026-08-04T15:39:56	Gambe e Glutei	Squat inverso hack machine.gif	Squat inverso hack machine.gif	75328f32765c95024ca5c537ccd38b7c1bf80c77194d6624bb839445823c7d9f	gia con quel nome	il file si chiama gia cosi
2026-08-04T15:39:56	Gambe e Glutei	Squat manubri.gif	Squat manubri.gif	b80ed62ddecc7249d7a91862d1e697ad97b7bfe6acf7f1e22bd9bfe3c48c18de	gia con quel nome	il file si chiama gia cosi
2026-08-04T15:39:56	Gambe e Glutei	Squat multipower.gif	Squat multipower.gif	b1c24965c7c5217c4c3caac0d9211867485d960b81f407a4d22ef8f2bb274883	gia con quel nome	il file si chiama gia cosi
2026-08-04T15:39:56	Gambe e Glutei	Squat wall fitball.gif	Squat wall fitball.gif	6ba72710aed06cd82a34d53c5f6fe1e0f34aa80d70570a8403da04bc5e41a1cb	gia con quel nome	il file si chiama gia cosi
2026-08-04T15:39:56	Gambe e Glutei	Squat manubri seduto su panca.gif	Squat manubri seduto su panca.gif	b66a750d54c81cfbb67564ccb2685e720b21d203fde5deca84679b38d41c69e9	gia con quel nome	il file si chiama gia cosi
2026-08-04T15:39:56	Gambe e Glutei	Squat profondo bilanciere.gif	Squat profondo bilanciere.gif	44b6d5f224cb8e4cd6322fc73521f14461e1853d0851ffc153d36792e40069a2	gia con quel nome	il file si chiama gia cosi
2026-08-04T15:39:56	Gambe e Glutei	Squat sumo bilanciere frontale.gif	Squat sumo bilanciere frontale.gif	912e9c482a0418040a7a6c344b5424f8241fdf5a2054a81c886eef7edf481b85	gia con quel nome	il file si chiama gia cosi
2026-08-04T15:39:56	Gambe e Glutei	Squat sumo corpo libero braccia distese.gif	Squat sumo corpo libero braccia distese.gif	41ca83090ef0db41dac62df77a8519c30f8bba6b32095d86bba7b53ebbd74572	gia con quel nome	il file si chiama gia cosi
2026-08-04T15:39:56	Gambe e Glutei	Squat sumo corpo libero mani al petto.gif	Squat sumo corpo libero mani al petto.gif	7b98bdec1a4dd54ce9bc3958cd9fbaa48d88ebd583bf7cb5d000f7a3447e0352	gia con quel nome	il file si chiama gia cosi
2026-08-04T15:39:56	Gambe e Glutei	Squat sumo manubrio.gif	Squat sumo manubrio.gif	0c4ca1d84bdb7eef33e72bb580bcaebbf63b1b21c3d6878f547146811a6726db	gia con quel nome	il file si chiama gia cosi
2026-08-04T15:39:56	Gambe e Glutei	Squat wall ball palla medica.gif	Squat wall ball palla medica.gif	710f513cf7df6749f80653e9e87dc022f047eb426f0ea4bd5238d538877c3612	gia con quel nome	il file si chiama gia cosi
2026-08-04T15:39:56	Gambe e Glutei	Squat wall sit inclinazione alternata.gif	Squat wall sit inclinazione alternata.gif	1a35a3fe2f3b857ae0464ad22cd4958ba5ed49a185719a7d157ae4fcc99af38a	gia con quel nome	il file si chiama gia cosi
2026-08-04T15:39:56	Gambe e Glutei	Squat sumo bilanciere.gif	Squat sumo bilanciere.gif	d2bb04e1246596210448c7666bd6e48e1be9e4cebdeea4c0ff836153b5a1601f	gia con quel nome	il file si chiama gia cosi
2026-08-04T15:39:56	Gambe e Glutei	Squat wall sit.gif	Squat wall sit.gif	10a09fa7466577f5fbaac35659348e97b884d35b5d733c9eff700461e98f2c32	gia con quel nome	il file si chiama gia cosi
2026-08-04T15:39:56	Gambe e Glutei	Affondo profondo una gamba.gif	Affondo profondo una gamba.gif	cc8369de4b281ce25975e7c0352b3d93c5f9e4b566446faae052954d2302a0f7	gia con quel nome	il file si chiama gia cosi
2026-08-04T15:39:56	Gambe e Glutei	Squat bulgaro corpo libero.gif	Squat bulgaro corpo libero.gif	28dd4732693d7d04fdafa88db627dd12e38dd0671a59b0dd3bf1e56ff835d599	gia con quel nome	il file si chiama gia cosi
2026-08-04T15:39:56	Gambe e Glutei	Squat bulgaro bilanciere.gif	Squat bulgaro bilanciere.gif	c81c93122bcf59ecbb71341cc109de14237ed54a66042cbf8897ec8d001e92f6	gia con quel nome	il file si chiama gia cosi
2026-08-04T15:39:56	Gambe e Glutei	Squat bulgaro manubri.gif	Squat bulgaro manubri.gif	f6fb56b663ccb97df557e9edee16b994b0dbd6231c7799317eb38ceaa100c986	gia con quel nome	il file si chiama gia cosi
2026-08-04T15:39:56	Gambe e Glutei	Squat hawaiano.gif	Squat hawaiano.gif	b5aca689631e5b840739ffb7e69968619d79feb2862c326b38d7d40d270409d3	gia con quel nome	il file si chiama gia cosi
2026-08-04T15:39:56	Gambe e Glutei	Pistol squat assistito.gif	Pistol squat assistito.gif	bd19e6f7b7e7b534929070ef5d8dc1f45f5ba640c9d4d12a0be221b168d8bd77	gia con quel nome	il file si chiama gia cosi
2026-08-04T15:39:56	Gambe e Glutei	Pistol squat su box.gif	Pistol squat su box.gif	96f55e295049a643332324a8fbe7f8049b54dd3fbb121c464018916b10ec04a4	gia con quel nome	il file si chiama gia cosi
2026-08-04T15:39:56	Gambe e Glutei	Pistol squat corpo libero.gif	Pistol squat corpo libero.gif	50b260f35c0ba8381efd54be486dcd493865ab435aae3a729d3e842e2f651d48	gia con quel nome	il file si chiama gia cosi
2026-08-04T15:39:56	Gambe e Glutei	Pistol squat kettlebell.gif	Pistol squat kettlebell.gif	3ad266121a01ba6158276d205b0c72e5658a149338eef7c60a1c879b9e8c7498	gia con quel nome	il file si chiama gia cosi
2026-08-04T15:39:56	Gambe e Glutei	Pistol squat manubrio stesso lato.gif	Pistol squat manubrio stesso lato.gif	0b1097d802adf22ee5016caf33fb456adb8d559b878aeb5b904501e076bc8927	gia con quel nome	il file si chiama gia cosi
2026-08-04T15:39:56	Gambe e Glutei	Pistol squat seduto su box.gif	Pistol squat seduto su box.gif	1b6f327823bf4b87890331d300797096106ca2e08898c2b9d386bb0da0e66e1b	gia con quel nome	il file si chiama gia cosi
2026-08-04T15:39:56	Gambe e Glutei	Pistol squat TRX.gif	Pistol squat TRX.gif	344459a989277a53f986e05887fb3bbf6dfb9198ae8aabbe4f2bb9b23dc7e600	gia con quel nome	il file si chiama gia cosi
2026-08-04T15:39:56	Gambe e Glutei	Squat shrimp.gif	Squat shrimp.gif	981f0611e0ccdc4721e3bc23cc97451a5f686ac5cfd0c99856ab0e39a506f720	gia con quel nome	il file si chiama gia cosi
2026-08-04T15:39:56	Gambe e Glutei	Squat sissy in ginocchio.gif	Squat sissy in ginocchio.gif	b87dc9f6e10a093ead1bffc880dc5692773e84f8080083724e5d1f0e0f4d2bad	gia con quel nome	il file si chiama gia cosi
2026-08-04T15:39:56	Gambe e Glutei	Squat skater una gamba.gif	Squat skater una gamba.gif	5a35a64bbf4b16af9b99e4b249219cfd028c9b8855b7270be1072ecb0de4dfbc	gia con quel nome	il file si chiama gia cosi
2026-08-04T15:39:56	Gambe e Glutei	Squat seduto su step.gif	Squat seduto su step.gif	a3529953dec275883fd6986dc4f7d02bd4e2238da73ba51173a4cb265f924cd8	gia con quel nome	il file si chiama gia cosi
2026-08-04T15:39:56	Gambe e Glutei	Affondo inverso con knee drive.gif	Affondo inverso con knee drive.gif	e564fed566cf957a976ad9bb00cecc71a7f06b23a769143f5cd6aead904a133a	gia con quel nome	il file si chiama gia cosi
2026-08-04T15:39:56	Gambe e Glutei	Affondo unilaterale sul posto a corpo libero.gif	Affondo corpo libero sul posto.gif	c200128141d1be1956108ec277f6cf44565152f36682f23bf3df7eb8f9777001	niente da fare sul Mac	nessun file sul Mac: si rinomina in migrazione
2026-08-04T15:39:56	Gambe e Glutei	Affondo avanti alternato.gif	Affondo avanti alternato.gif	e7c875251c94a43e7a7606b6e062338cb68dfd5680461ff0af4eab1a6aa55ea9	gia con quel nome	il file si chiama gia cosi
2026-08-04T15:39:56	Gambe e Glutei	Affondo avanti bilanciere.gif	Affondo avanti bilanciere.gif	393e4a459e72ac14a2dc6e53e59d299a9a5c3f00b321d97608f9dc17908c8db1	gia con quel nome	il file si chiama gia cosi
2026-08-04T15:39:56	Gambe e Glutei	Affondo avanti manubri.gif	Affondo avanti manubri.gif	a5a7bc30add78a15ff98521e7fe825e7487260112012aa20a0b1d55616319727	gia con quel nome	il file si chiama gia cosi
2026-08-04T15:39:56	Gambe e Glutei	Affondo avanti parziale manubri.gif	Affondo avanti parziale manubri.gif	2485ad2e6b5c4f8b0471310205d595745df64b5149803f82d7c08d8c4e4fa9ff	gia con quel nome	il file si chiama gia cosi
2026-08-04T15:39:56	Gambe e Glutei	Affondo barra elastico sul posto.gif	Affondo barra elastico sul posto.gif	9abf8554bc761785893d83381662e9cdbe0a9e13292bdbad114c0fb8476dbc78	gia con quel nome	il file si chiama gia cosi
2026-08-04T15:39:56	Gambe e Glutei	Affondo bilanciere sul posto.gif	Affondo bilanciere sul posto.gif	1520562ea588eec8b3724f02472a050f41e66d0a382088a9b75e263693066683	gia con quel nome	il file si chiama gia cosi
2026-08-04T15:39:56	Gambe e Glutei	Affondo inverso Bosu con knee drive.gif	Affondo inverso Bosu con knee drive.gif	c52787af2dd05b77d22a5c0d902f75ccc7f6b5bd28c7796fb5be3fd2bfd41068	gia con quel nome	il file si chiama gia cosi
2026-08-04T15:39:56	Gambe e Glutei	Affondo camminato con knee drive.gif	Affondo camminato con knee drive.gif	071992bf16eccc3305771c9f9a6075b3a83c63f2bf3fba3ea7b58d0c2dd190ba	gia con quel nome	il file si chiama gia cosi
2026-08-04T15:39:56	Gambe e Glutei	Affondo sul posto.gif	Affondo sul posto.gif	fc602a542d5afa607b994b5fa8248e884b8ab84e2f4d314c921139993d7bb549	gia con quel nome	il file si chiama gia cosi
2026-08-04T15:39:56	Gambe e Glutei	Affondo incrociato indietro bilanciere.gif	Affondo incrociato indietro bilanciere.gif	7c6ff54f4d3c56e11f2547b6b7a6921a4aca4f2d99269542044277dbaed7ab59	gia con quel nome	il file si chiama gia cosi
2026-08-04T15:39:56	Gambe e Glutei	Affondo indietro bilanciere.gif	Affondo indietro bilanciere.gif	a4412c5fab9e3f1739c023afb1a9899340f309a93fae84e5c000115a71ba19ef	gia con quel nome	il file si chiama gia cosi
2026-08-04T15:39:56	Gambe e Glutei	Affondo indietro manubri.gif	Affondo indietro manubri.gif	b72a1e6cf4fdd01f8f30e6769e039678bbf9e724796db8938743d78a33fcb476	gia con quel nome	il file si chiama gia cosi
2026-08-04T15:39:56	Gambe e Glutei	Affondo laterale alternato.gif	Affondo laterale alternato.gif	42049265076674d662e70b46efeb83bbad46796f76f3172acbaa0e35d4844b8c	gia con quel nome	il file si chiama gia cosi
2026-08-04T15:39:56	Gambe e Glutei	Affondo laterale bilanciere.gif	Affondo laterale bilanciere.gif	ad56ceacdee2e6d493bd4a6378b297009dea86742d417086294bea4a7c8069ba	gia con quel nome	il file si chiama gia cosi
2026-08-04T15:39:56	Gambe e Glutei	Affondo laterale manubri.gif	Affondo laterale manubri.gif	185313ac198178da31cc1b443263df6a1281eab8961222b7a863fb80e1d913b2	gia con quel nome	il file si chiama gia cosi
2026-08-04T15:39:56	Gambe e Glutei	Affondo multipower.gif	Affondo multipower.gif	6f6e56838a6afb79d88b3434cabbbec04c1a75c95822473607fa0bbef183f2d6	gia con quel nome	il file si chiama gia cosi
2026-08-04T15:39:56	Gambe e Glutei	Affondo maniglie elastico sul posto.gif	Affondo maniglie elastico sul posto.gif	7d11efd0eaef29bc0a76539aa48caa720e2f5df4a03e4c099d693ac70b719972	gia con quel nome	il file si chiama gia cosi
2026-08-04T15:39:56	Gambe e Glutei	Camminata manubri.gif	Camminata manubri.gif	f952f75c65cc562af2eeac5b6c96c0d884dd1ec2a016dc48bc62e79a697f64a8	gia con quel nome	il file si chiama gia cosi
2026-08-04T15:39:56	Gambe e Glutei	Camminata squat.gif	Camminata squat.gif	a4f01d1a040b20588d9f25a19976ff75bb38957d7a990422405d66b6d5f440ae	gia con quel nome	il file si chiama gia cosi
2026-08-04T15:39:56	Gambe e Glutei	Leg extension macchina.gif	Leg extension macchina.gif	3b91cf1047fa467e7f6bf84d3e4856b3a4ef39771265e8dda96e34c17a089a65	gia con quel nome	il file si chiama gia cosi
2026-08-04T15:39:56	Gambe e Glutei	Leg extension macchina una gamba.gif	Leg extension macchina una gamba.gif	4509a38a5ec155ea9d5d407985f264210f3c4f61f278d7f2975f36ebd38c0ba6	gia con quel nome	il file si chiama gia cosi
2026-08-04T15:39:56	Gambe e Glutei	Leg press 45 gradi.gif	Leg press 45 gradi.gif	8df5f83c669593ebe552cef07e968c55215addc14e0ff8a45f2c57000a4c227d	gia con quel nome	il file si chiama gia cosi
2026-08-04T15:39:56	Gambe e Glutei	Leg press 45 gradi una gamba.gif	Leg press 45 gradi una gamba.gif	bbf585e7b1d26c3ff68786c36f2905c0567fa68daf8eb99d665676c17fd7726e	gia con quel nome	il file si chiama gia cosi
2026-08-04T15:39:56	Gambe e Glutei	Leg press alternato barra elastico supino.gif	Leg press alternato barra elastico supino.gif	20162d5031162702b4b9dac80e9296b8584b342ed6d1103e97a932582c764b85	gia con quel nome	il file si chiama gia cosi
2026-08-04T15:39:56	Gambe e Glutei	Leg press orizzontale macchina.gif	Leg press orizzontale macchina.gif	e1ac12ec44657dcff545989874baa8eaba1f3b39741279f976a03121c40ba390	gia con quel nome	il file si chiama gia cosi
2026-08-04T15:39:56	Gambe e Glutei	Girata al petto bilanciere.gif	Girata al petto bilanciere.gif	3c81053bd441bf07b8ca04acca47b92c62639b74daa2c50cf85dcefc59398499	gia con quel nome	il file si chiama gia cosi
2026-08-04T15:39:56	Gambe e Glutei	Good morning bilanciere.gif	Good morning bilanciere.gif	986bff59711cb40b108871c67972db98cf4711720e8b5190e01ce579cc0e4728	gia con quel nome	il file si chiama gia cosi
2026-08-04T15:39:56	Gambe e Glutei	Good morning manubrio.gif	Good morning manubrio.gif	6fe44ab0098ed73fc28ad8113a1c241fa4777358e0732b487af3ee900d056bc6	gia con quel nome	il file si chiama gia cosi
2026-08-04T15:39:56	Gambe e Glutei	Stacco rumeno una gamba maniglie elastico.gif	Stacco rumeno una gamba maniglie elastico.gif	71966d49b0618b868e2d563e52f723fe8a435c6fbecb028e40199c0b173ce415	gia con quel nome	il file si chiama gia cosi
2026-08-04T15:39:56	Gambe e Glutei	Stacco da terra bilanciere.gif	Stacco da terra bilanciere.gif	15a57eb444d733c52d7a4053f61643fbb26a3543f0d00b9656cd31f819eeca81	gia con quel nome	il file si chiama gia cosi
2026-08-04T15:39:56	Gambe e Glutei	Stacco da terra macchina presa neutra.gif	Stacco da terra macchina presa neutra.gif	7f183e40e0584525c4f08ad1eb0752d629025494def47d030bccc5cb41df29a9	gia con quel nome	il file si chiama gia cosi
2026-08-04T15:39:56	Gambe e Glutei	Stacco da terra manubri.gif	Stacco da terra manubri.gif	87cc308c4759f64506d8dc533d300bda38dde1f952147717ef19dd6ab01f5042	gia con quel nome	il file si chiama gia cosi
2026-08-04T15:39:56	Gambe e Glutei	Stacco da terra sumo bilanciere.gif	Stacco da terra sumo bilanciere.gif	2161fe48ec15af859b481f43cbdb75f0827c2ee67413b9eac3e94a071c7b6844	gia con quel nome	il file si chiama gia cosi
2026-08-04T15:39:56	Gambe e Glutei	Stacco da terra trap bar.gif	Stacco da terra trap bar.gif	66e0c09ab6c3089c68747ed92bd5e86436661407487a118f99dad90df207de20	gia con quel nome	il file si chiama gia cosi
2026-08-04T15:39:56	Gambe e Glutei	Stacco gambe tese bilanciere.gif	Stacco gambe tese bilanciere.gif	2badabdb6c8473e87290897855aa693708596ad4abcc8f8e43768bc06bf214f0	gia con quel nome	il file si chiama gia cosi
2026-08-04T15:39:56	Gambe e Glutei	Stacco gambe tese manubri.gif	Stacco gambe tese manubri.gif	a90b74bedb880e4e3b1652da7e0883e2c38ff70e33afa7b41396e9e220749bee	gia con quel nome	il file si chiama gia cosi
2026-08-04T15:39:56	Gambe e Glutei	Stacco gambe tese multipower.gif	Stacco gambe tese multipower.gif	5f8d86ff79eee25bf37bce42f045cbbc848dc3af1309fef89df368c25e617ba7	gia con quel nome	il file si chiama gia cosi
2026-08-04T15:39:56	Gambe e Glutei	Stacco rumeno una gamba.gif	Stacco rumeno una gamba.gif	3a3d0c676837b5a88739ff2a73561742db542f346884bea20cbff64637d32711	gia con quel nome	il file si chiama gia cosi
2026-08-04T15:39:56	Gambe e Glutei	Stacco rumeno bilanciere.gif	Stacco rumeno bilanciere.gif	6408358f337d24be43a70149bed1c45a8cef0f7bf79e5694fcf38375f1bd7315	gia con quel nome	il file si chiama gia cosi
2026-08-04T15:39:56	Gambe e Glutei	Stacco rumeno manubri.gif	Stacco rumeno manubri.gif	8d5eb185bbfa050b83d395997b9aef39edbe540029389b65c99fab33637cc27b	gia con quel nome	il file si chiama gia cosi
2026-08-04T15:39:56	Gambe e Glutei	Stacco rumeno una gamba palla medica.gif	Stacco rumeno una gamba palla medica.gif	e874d1e8ebf510af12771ecbf13641202d00f611565b0934fc909b699a8021ee	gia con quel nome	il file si chiama gia cosi
2026-08-04T15:39:56	Gambe e Glutei	Stacco rumeno una gamba kettlebell.gif	Stacco rumeno una gamba kettlebell.gif	33ca04bb86160767b71426af9a5c29991ae6aca31400d6715f3aa94e9d02057b	gia con quel nome	il file si chiama gia cosi
2026-08-04T15:39:56	Gambe e Glutei	Stacco rumeno una gamba manubri.gif	Stacco rumeno una gamba manubri.gif	9c38b502463fa98c518afe0f80e030289039e3b32106bcc31d1948fe878ea546	gia con quel nome	il file si chiama gia cosi
2026-08-04T15:39:56	Gambe e Glutei	Stacco rumeno una gamba multipower.gif	Stacco rumeno una gamba multipower.gif	b74e09fd01ae559deb27240898221efaf3965400c85dd75ca1c2571f6458891d	gia con quel nome	il file si chiama gia cosi
2026-08-04T15:39:56	Gambe e Glutei	Swing elastico maniglie.gif	Swing elastico maniglie.gif	8985b3f51bdf676005206b9a4e679d9f79d7b0f10dc7db8c330f6b3cb8a58d31	gia con quel nome	il file si chiama gia cosi
2026-08-04T15:39:56	Gambe e Glutei	Nordic curl panca romana.gif	Nordic curl panca romana.gif	a618650368f6b351b0b04d6845cc7253a241bf018d9ccc1549f65b2c645b9264	gia con quel nome	il file si chiama gia cosi
2026-08-04T15:39:56	Gambe e Glutei	Iperestensione inversa panca romana.gif	Iperestensione inversa panca romana.gif	ede3cfa8877ccbb21d3ac3171a66670f2287ebc5ccbe498e862f114a327ea720	gia con quel nome	il file si chiama gia cosi
2026-08-04T15:39:56	Gambe e Glutei	Leg curl una gamba cavo in piedi.gif	Leg curl una gamba cavo in piedi.gif	618e2cfd885c89ed12c65bb52b951d0021a9d4e0fddbec1f03bf3eeda29581e0	gia con quel nome	il file si chiama gia cosi
2026-08-04T15:39:56	Gambe e Glutei	Leg curl una gamba macchina in piedi.gif	Leg curl una gamba macchina in piedi.gif	41e4d7dc92c16107d5b322e5f2c42edbed6ebaddbf928e6fe7261f3e8f8c6434	gia con quel nome	il file si chiama gia cosi
2026-08-04T15:39:56	Gambe e Glutei	Leg curl cavo sdraiato.gif	Leg curl cavo sdraiato.gif	df494a79e62f0371b067507da680cae4f1153d2ba45dac0c078d4c3981cb33ad	gia con quel nome	il file si chiama gia cosi
2026-08-04T15:39:56	Gambe e Glutei	Leg curl una gamba macchina ginocchio rialzato.gif	Leg curl una gamba macchina ginocchio rialzato.gif	fe67588edbb890cb52a23bb0f1f803db130a1dbf8b6638260c09d9d96197fa06	gia con quel nome	il file si chiama gia cosi
2026-08-04T15:39:56	Gambe e Glutei	Leg curl macchina prona.gif	Leg curl macchina prona.gif	3c94667d2cfce7f620b9d69455866a367a44483aa057acd97b14fac86c957834	gia con quel nome	il file si chiama gia cosi
2026-08-04T15:39:56	Gambe e Glutei	Leg curl una gamba macchina prona.gif	Leg curl una gamba macchina prona.gif	f95f386243dfe5e83d25893198858847a4df91a84afb71b7080e129d49ef1775	gia con quel nome	il file si chiama gia cosi
2026-08-04T15:39:56	Gambe e Glutei	Leg curl macchina seduto prese anteriori.gif	Leg curl macchina seduto prese anteriori.gif	bc6053d01b6789e92a618846509f702d7cb46ef6b602181b0de8881a700cdd01	gia con quel nome	il file si chiama gia cosi
2026-08-04T15:39:56	Gambe e Glutei	Leg curl macchina seduto prese laterali.gif	Leg curl macchina seduto prese laterali.gif	20d7a61edc8d4fe1ab8a25acf9b6d6e5331e8c616bcb1af8ce640a3d9e3ab666	gia con quel nome	il file si chiama gia cosi
2026-08-04T15:39:56	Gambe e Glutei	Reverse hyper elastico panca piana.gif	Reverse hyper elastico panca piana.gif	d323698d14233764d5922c7d01c4bffce78c33ad135da2a27fb2de5ef175a276	gia con quel nome	il file si chiama gia cosi
2026-08-04T15:39:56	Gambe e Glutei	Hip thrust bilanciere panca.gif	Hip thrust bilanciere panca.gif	7f6b35aebf337bcc17c4cdcb626103cad242f99c7bdadb448ee5319fd994b8e9	gia con quel nome	il file si chiama gia cosi
2026-08-04T15:39:56	Gambe e Glutei	Hip thrust corpo libero panca.gif	Hip thrust corpo libero panca.gif	b69d54b222fe7dc9fd5a9a7dff483a0a4226e179d26a3b7fbcc42ad6abe3b5b6	gia con quel nome	il file si chiama gia cosi
2026-08-04T15:39:56	Gambe e Glutei	Hip thrust elastico in ginocchio.gif	Hip thrust elastico in ginocchio.gif	70aa6e70da60bbcda01dcc948bfa5d18dad2b2f1d5754340adf68fe9322ee25d	gia con quel nome	il file si chiama gia cosi
2026-08-04T15:39:56	Gambe e Glutei	Hip thrust multipower panca.gif	Hip thrust multipower panca.gif	0441b07c3842e386dda79f93d46f2afad2d6c8dda5ca857bd1f8035a112e6a57	gia con quel nome	il file si chiama gia cosi
2026-08-04T15:39:56	Gambe e Glutei	Hip thrust bilanciere piedi su panca.gif	Hip thrust bilanciere piedi su panca.gif	14ae4e0b84a58cfe25ecb63d53f547ad0c0d1795b27088ac26c283ee3de2a783	gia con quel nome	il file si chiama gia cosi
2026-08-04T15:39:56	Gambe e Glutei	Hip thrust talloni elevati.gif	Hip thrust talloni elevati.gif	35f7947997e152eedbddeb78f86782be19495cd01bfa8a2307e7adfde157d77b	gia con quel nome	il file si chiama gia cosi
2026-08-04T15:39:56	Gambe e Glutei	Hip thrust unilaterale (schiena su panca).gif	Hip thrust bilanciere una gamba.gif	a0e304b97dce81084d12f534a7675e3fa00d2cc00a04cf7a526ef5206bbedccd	niente da fare sul Mac	nessun file sul Mac: si rinomina in migrazione
2026-08-04T15:39:56	Gambe e Glutei	Hip thrust una gamba panca spinta esplosiva.gif	Hip thrust una gamba panca spinta esplosiva.gif	3def639c3af695e7d2e45782495e7b9d2016f600d2c275461b3debec3c99737e	gia con quel nome	il file si chiama gia cosi
2026-08-04T15:39:56	Gambe e Glutei	Hip thrust una gamba panca.gif	Hip thrust una gamba panca.gif	76067cc0a70a14efbd3d24f4bc8be2e041c95b3eb82d8443f0da101b860ad038	gia con quel nome	il file si chiama gia cosi
2026-08-04T15:39:56	Gambe e Glutei	Ponte glutei.gif	Ponte glutei.gif	58825f7b669b759a54fb2df628b95dde97b52d45b404280ef4edd611c87257a9	gia con quel nome	il file si chiama gia cosi
2026-08-04T15:39:56	Gambe e Glutei	Ponte glutei frog pump.gif	Ponte glutei frog pump.gif	ca76398a9a97a43247d3012102edc70b536642e2270d0fefa08ececb4c80cc46	gia con quel nome	il file si chiama gia cosi
2026-08-04T15:39:56	Gambe e Glutei	Ponte glutei gambe tese piedi su panca.gif	Ponte glutei gambe tese piedi su panca.gif	adc40d2960ef1ed9d553170f564149e92dcbfaa12c6bd5feacea2f5ef643968a	gia con quel nome	il file si chiama gia cosi
2026-08-04T15:39:56	Gambe e Glutei	Ponte glutei manubrio.gif	Ponte glutei manubrio.gif	8395ca4cae72657568dc9ba63adc0cba92793fc74e2a18fc8e516dc2ff276baa	gia con quel nome	il file si chiama gia cosi
2026-08-04T15:39:56	Gambe e Glutei	Ponte glutei piedi su panca.gif	Ponte glutei piedi su panca.gif	21bd3fcb0d7f65598a6d20f9b0bff4fef175c699f27d5f06a80eb04ddf075c56	gia con quel nome	il file si chiama gia cosi
2026-08-04T15:39:56	Gambe e Glutei	Ponte glutei una gamba piede posteriore panca.gif	Ponte glutei una gamba piede posteriore panca.gif	a6c1840a5fa155ca60277e3ed2fc95c8a912b141cf140aa04b662550605f13a8	gia con quel nome	il file si chiama gia cosi
2026-08-04T15:39:56	Gambe e Glutei	Ponte glutei una gamba tesa.gif	Ponte glutei una gamba tesa.gif	19f92551056487f8c4aecbb95797644b0c7d10e973ca8517cf22ae63ea04e6a9	gia con quel nome	il file si chiama gia cosi
2026-08-04T15:39:56	Gambe e Glutei	Ponte glutei una gamba verticale.gif	Ponte glutei una gamba verticale.gif	1d2cf901a45504db769aeb02bade7a17d07e95cb83d17ae68eda017aaaa4f2af	gia con quel nome	il file si chiama gia cosi
2026-08-04T15:39:56	Gambe e Glutei	Abduzione anca decubito laterale.gif	Abduzione anca decubito laterale.gif	36591f7540ab08a2bcbe24449da7731e89e7119b12a546bcc20e5fbb84a8148d	gia con quel nome	il file si chiama gia cosi
2026-08-04T15:39:56	Gambe e Glutei	Abduzione anca elastico seduto panca.gif	Abduzione anca elastico seduto panca.gif	28e9e41d85fdd9e187ffd7ff3e73c28cde6118a577191becff5d6d029d152e59	gia con quel nome	il file si chiama gia cosi
2026-08-04T15:39:56	Gambe e Glutei	Abduzione una gamba cavo.gif	Abduzione una gamba cavo.gif	26bd85ebbc14d6d894c757fff7c01e1f3b1bf7737b41a10b5307dfdd11116904	gia con quel nome	il file si chiama gia cosi
2026-08-04T15:39:56	Gambe e Glutei	Abduzione Clamshell decubito laterale.gif	Abduzione clamshell decubito laterale.gif	9cf0d29aa0f7a9164b50442a2aa752ada10ce315e552bf309c118a7f7bd60cfd	errore	destinazione comparsa nel frattempo
2026-08-04T15:39:56	Gambe e Glutei	Abduzione Clamshell elastico decubito laterale.gif	Abduzione clamshell elastico decubito laterale.gif	a3c6ef8292fcd0d17e17a4b137d39ae6cac1ec07262b4f8e5d4f0f2c7a6c767f	errore	destinazione comparsa nel frattempo
2026-08-04T15:39:56	Gambe e Glutei	Abduzione fire hydrant elastico quadrupedia.gif	Abduzione fire hydrant elastico quadrupedia.gif	87f4ee85172f30be9424a03edadc54cf2bf029d471b4fd71b0c542d496fff371	gia con quel nome	il file si chiama gia cosi
2026-08-04T15:39:56	Gambe e Glutei	Abduzione appoggio in piedi.gif	Abduzione appoggio in piedi.gif	6af8638aea63e98ec4bce399caef862421d70e54f1b93a80719fc77ddaac656d	gia con quel nome	il file si chiama gia cosi
2026-08-04T15:39:56	Gambe e Glutei	Abduzione fire hydrant quadrupedia.gif	Abduzione fire hydrant quadrupedia.gif	e5d41dae55dd5ca517472921fb792caf11a1467dc6d161cba40a91fd6f2517a8	gia con quel nome	il file si chiama gia cosi
2026-08-04T15:39:56	Gambe e Glutei	Abduzione una gamba macchina spinta laterale.gif	Abduzione una gamba macchina spinta laterale.gif	2e41cb245a580273b33089a600781079868d652293d8b415f9c0444bc6df7d97	gia con quel nome	il file si chiama gia cosi
2026-08-04T15:39:56	Gambe e Glutei	Abduzione macchina spinta posteriore.gif	Abduzione macchina spinta posteriore.gif	2de2d239a271bed617680c7b37b05d3bf1d44d059ddd725d4841ebdc393afc57	gia con quel nome	il file si chiama gia cosi
2026-08-04T15:39:56	Gambe e Glutei	Abduzione macchina seduto.gif	Abduzione macchina seduto.gif	47eb61b4daa92f896b6c1aa2461d598e0468d57e3a36558c2a789a7bf24c52c2	gia con quel nome	il file si chiama gia cosi
2026-08-04T15:39:56	Gambe e Glutei	Camminata laterale elastico.gif	Camminata laterale elastico.gif	615827e78ad806768b9deaa68d7f4f3e4f4be53724e2b3160c252175907096d1	gia con quel nome	il file si chiama gia cosi
2026-08-04T15:39:56	Gambe e Glutei	Donkey kick avambracci a terra.gif	Donkey kick avambracci a terra.gif	5599f5fbeb64e446a40f88a24259976360b98dc6e73cc3efe2a7ee12b2c8e76c	gia con quel nome	il file si chiama gia cosi
2026-08-04T15:39:56	Gambe e Glutei	Donkey kick mani a terra.gif	Donkey kick mani a terra.gif	2f33257ee046083d5e52ef7369a19ca36fcba6b4b4ee623ac1f2ec268fdc615c	gia con quel nome	il file si chiama gia cosi
2026-08-04T15:39:56	Gambe e Glutei	Donkey kick elastico quadrupedia.gif	Donkey kick elastico quadrupedia.gif	1805d106e06b98da16dabf757d6434eaaf81d0947b4284348d57d7be030464f6	gia con quel nome	il file si chiama gia cosi
2026-08-04T15:39:56	Gambe e Glutei	Donkey kick tesa panca.gif	Donkey kick tesa panca.gif	8d226f8371aa8b5867e5272d1e4f49df2816e8f4f553e806f1c99af0f2fd19eb	gia con quel nome	il file si chiama gia cosi
2026-08-04T15:39:56	Gambe e Glutei	Donkey kick macchina.gif	Donkey kick macchina.gif	d5ba21d65a6d2480506e35b47dacc8db49ed73895fbd400eeb7d5be7e5095b2e	gia con quel nome	il file si chiama gia cosi
2026-08-04T15:39:56	Gambe e Glutei	Estensione anca appoggio bilanciere (unilateral hip extension with vertical barbell support).gif	Estensione anca elastico.gif	680dae8c4cc422aa7b26097083317b838d5eee2e927738a43f99d82de938f7f8	niente da fare sul Mac	nessun file sul Mac: si rinomina in migrazione
2026-08-04T15:39:56	Gambe e Glutei	Estensione anca cavo busto flesso con appoggio.gif	Estensione anca cavo busto flesso.gif	42c8d4637ea6b6659f1bdaf0f0d4d6a3334c08f96d0a9039b457af0e3d65b202	rinominato	
2026-08-04T15:39:56	Gambe e Glutei	Estensione anca cavo basso con appoggio.gif	Estensione anca cavo.gif	87fea7deeed06a9a924b0eee4517a48c740fd76b40ed8c78e78ffe88e69a92e4	rinominato	
2026-08-04T15:39:56	Gambe e Glutei	Estensione anca elastico busto flesso.gif	Estensione anca elastico busto flesso.gif	b0bcd55a0cc7503a450a92113fe44d959a1722ca5625b3cbb9766ec0fe52464a	gia con quel nome	il file si chiama gia cosi
2026-08-04T15:39:56	Gambe e Glutei	Estensione anca elastico knee drive.gif	Estensione anca elastico knee drive.gif	99f9d3c042f625294b7b4deba0f28d96c9d65471269a117560a9768545fe1a5e	gia con quel nome	il file si chiama gia cosi
2026-08-04T15:39:56	Gambe e Glutei	Estensione anca glute machine.gif	Estensione anca glute machine.gif	3ecf41e11996cd93ec79cafc00f6314bd1c2239f1dc8e04cdd7a2a6b810550ce	gia con quel nome	il file si chiama gia cosi
2026-08-04T15:39:56	Gambe e Glutei	Estensione anca in piedi appoggio bilanciere.gif	Estensione anca in piedi appoggio bilanciere.gif	f9f13514b2203edd9ff6e414b54d899447701d70ddb07b9c06e1e98c8b52d190	gia con quel nome	il file si chiama gia cosi
2026-08-04T15:39:56	Gambe e Glutei	Stacco rumeno una gamba bilanciere.gif	Stacco rumeno una gamba bilanciere.gif	cb6e1394da0aa481bff8c8b45a5af8d6168db7cb039ad43bab61fbb426e3a41d	gia con quel nome	il file si chiama gia cosi
2026-08-04T15:39:56	Gambe e Glutei	Estensione anca macchina.gif	Estensione anca macchina.gif	8f88a46d9caaaedd3213f089a348da6a9391dfbcdfe19ce54be18e937946e0ca	gia con quel nome	il file si chiama gia cosi
2026-08-04T15:39:56	Gambe e Glutei	Estensione anca in piedi manubri (Standing dumbbell hip extension).gif	Stacco rumeno una gamba manubri 2.gif	798e02e869473d099d444a79fbc8cc3521e07aa77e00eaadc6590329df5661b0	rinominato	
2026-08-04T15:44:52	Gambe e Glutei	Squat barra elastico.gif	Squat barra elastico.gif	21ffc120fe95b3122340eab79aac151f123bc49082f7d2ef71b3e2687fcb0452	gia con quel nome	il file si chiama gia cosi
2026-08-04T15:44:52	Gambe e Glutei	Squat bilanciere.gif	Squat bilanciere.gif	7a0b33d7c67823493e97ca649ee2f9edd2ab6a5c05a4f48e3636440e68a0e749	gia con quel nome	il file si chiama gia cosi
2026-08-04T15:44:52	Gambe e Glutei	Squat bilanciere al rack.gif	Squat bilanciere al rack.gif	e5641ea4bf94dbcf5922d6dd5ddfac0cb8599c3f48b583d2b46109bf884e89fa	gia con quel nome	il file si chiama gia cosi
2026-08-04T15:44:52	Gambe e Glutei	Squat bilanciere landmine.gif	Squat bilanciere landmine.gif	210ccb4f95a26476675450fcc84c8c7646d68fc8fa97c8cfe6dc26cbcff3f14b	gia con quel nome	il file si chiama gia cosi
2026-08-04T15:44:52	Gambe e Glutei	Squat calcio laterale.gif	Squat calcio laterale.gif	8678172072528fb0150ffca39c5fd3c68d445cf20e8a4d9d75c0aaea9472f753	gia con quel nome	il file si chiama gia cosi
2026-08-04T15:44:52	Gambe e Glutei	Squat cavi bassi.gif	Squat cavi bassi.gif	312a834ecbd28e0dce80d2c2313590dae1c70e49e4791b0cbf55d2dbcef2772b	gia con quel nome	il file si chiama gia cosi
2026-08-04T15:44:52	Gambe e Glutei	Squat cavo basso.gif	Squat cavo basso.gif	c309f2e7e286f1c641ba2cc6c7accd31e044a56f44fa1260f1b0574811053f81	gia con quel nome	il file si chiama gia cosi
2026-08-04T15:44:52	Gambe e Glutei	Squat corpo libero.gif	Squat corpo libero.gif	9bf078772d3b4afde76826ec8dffc878544353af72b2660d59e7178cb9f1ca2b	gia con quel nome	il file si chiama gia cosi
2026-08-04T15:44:52	Gambe e Glutei	Squat cosacco.gif	Squat cosacco.gif	88356c85eadd2df87324b869fe3b02bcd2d454062f63181a77b7213c5d3dd893	gia con quel nome	il file si chiama gia cosi
2026-08-04T15:44:52	Gambe e Glutei	Squat elastico braccia alte.gif	Squat elastico braccia alte.gif	3927ec7c2413b5417cfe8e7c31dae52e83c35265d68e609a942d37c3a78cb82e	gia con quel nome	il file si chiama gia cosi
2026-08-04T15:44:52	Gambe e Glutei	Squat bilanciere frontale.gif	Squat bilanciere frontale.gif	e6605bcdad3f6579d265e0d2d0bb69efbb2ff7e6dc2067d954619c89f7413e6e	gia con quel nome	il file si chiama gia cosi
2026-08-04T15:44:52	Gambe e Glutei	Squat torsione ginocchio alto.gif	Squat torsione ginocchio alto.gif	8acd67cdd91098459064db42dcfdf5c94cd767526e667d05c14d08742a460739	gia con quel nome	il file si chiama gia cosi
2026-08-04T15:44:52	Gambe e Glutei	Squat goblet kettlebell banda.gif	Squat goblet kettlebell banda.gif	79aef9ca93ec5cac7ab66d2c5dbc7df03e8cc680af566f85cb2817601d7d924b	gia con quel nome	il file si chiama gia cosi
2026-08-04T15:44:52	Gambe e Glutei	Squat hack machine.gif	Squat hack machine.gif	70e04f664d37a10ef5d81db4aeeb3c115082c5e1104d179f241e190f8e72414a	gia con quel nome	il file si chiama gia cosi
2026-08-04T15:44:52	Gambe e Glutei	Squat inverso hack machine.gif	Squat inverso hack machine.gif	75328f32765c95024ca5c537ccd38b7c1bf80c77194d6624bb839445823c7d9f	gia con quel nome	il file si chiama gia cosi
2026-08-04T15:44:52	Gambe e Glutei	Squat manubri.gif	Squat manubri.gif	b80ed62ddecc7249d7a91862d1e697ad97b7bfe6acf7f1e22bd9bfe3c48c18de	gia con quel nome	il file si chiama gia cosi
2026-08-04T15:44:52	Gambe e Glutei	Squat multipower.gif	Squat multipower.gif	b1c24965c7c5217c4c3caac0d9211867485d960b81f407a4d22ef8f2bb274883	gia con quel nome	il file si chiama gia cosi
2026-08-04T15:44:52	Gambe e Glutei	Squat wall fitball.gif	Squat wall fitball.gif	6ba72710aed06cd82a34d53c5f6fe1e0f34aa80d70570a8403da04bc5e41a1cb	gia con quel nome	il file si chiama gia cosi
2026-08-04T15:44:52	Gambe e Glutei	Squat manubri seduto su panca.gif	Squat manubri seduto su panca.gif	b66a750d54c81cfbb67564ccb2685e720b21d203fde5deca84679b38d41c69e9	gia con quel nome	il file si chiama gia cosi
2026-08-04T15:44:52	Gambe e Glutei	Squat profondo bilanciere.gif	Squat profondo bilanciere.gif	44b6d5f224cb8e4cd6322fc73521f14461e1853d0851ffc153d36792e40069a2	gia con quel nome	il file si chiama gia cosi
2026-08-04T15:44:52	Gambe e Glutei	Squat sumo bilanciere frontale.gif	Squat sumo bilanciere frontale.gif	912e9c482a0418040a7a6c344b5424f8241fdf5a2054a81c886eef7edf481b85	gia con quel nome	il file si chiama gia cosi
2026-08-04T15:44:52	Gambe e Glutei	Squat sumo corpo libero braccia distese.gif	Squat sumo corpo libero braccia distese.gif	41ca83090ef0db41dac62df77a8519c30f8bba6b32095d86bba7b53ebbd74572	gia con quel nome	il file si chiama gia cosi
2026-08-04T15:44:52	Gambe e Glutei	Squat sumo corpo libero mani al petto.gif	Squat sumo corpo libero mani al petto.gif	7b98bdec1a4dd54ce9bc3958cd9fbaa48d88ebd583bf7cb5d000f7a3447e0352	gia con quel nome	il file si chiama gia cosi
2026-08-04T15:44:52	Gambe e Glutei	Squat sumo manubrio.gif	Squat sumo manubrio.gif	0c4ca1d84bdb7eef33e72bb580bcaebbf63b1b21c3d6878f547146811a6726db	gia con quel nome	il file si chiama gia cosi
2026-08-04T15:44:52	Gambe e Glutei	Squat wall ball palla medica.gif	Squat wall ball palla medica.gif	710f513cf7df6749f80653e9e87dc022f047eb426f0ea4bd5238d538877c3612	gia con quel nome	il file si chiama gia cosi
2026-08-04T15:44:52	Gambe e Glutei	Squat wall sit inclinazione alternata.gif	Squat wall sit inclinazione alternata.gif	1a35a3fe2f3b857ae0464ad22cd4958ba5ed49a185719a7d157ae4fcc99af38a	gia con quel nome	il file si chiama gia cosi
2026-08-04T15:44:52	Gambe e Glutei	Squat sumo bilanciere.gif	Squat sumo bilanciere.gif	d2bb04e1246596210448c7666bd6e48e1be9e4cebdeea4c0ff836153b5a1601f	gia con quel nome	il file si chiama gia cosi
2026-08-04T15:44:52	Gambe e Glutei	Squat wall sit.gif	Squat wall sit.gif	10a09fa7466577f5fbaac35659348e97b884d35b5d733c9eff700461e98f2c32	gia con quel nome	il file si chiama gia cosi
2026-08-04T15:44:52	Gambe e Glutei	Affondo profondo una gamba.gif	Affondo profondo una gamba.gif	cc8369de4b281ce25975e7c0352b3d93c5f9e4b566446faae052954d2302a0f7	gia con quel nome	il file si chiama gia cosi
2026-08-04T15:44:52	Gambe e Glutei	Squat bulgaro corpo libero.gif	Squat bulgaro corpo libero.gif	28dd4732693d7d04fdafa88db627dd12e38dd0671a59b0dd3bf1e56ff835d599	gia con quel nome	il file si chiama gia cosi
2026-08-04T15:44:52	Gambe e Glutei	Squat bulgaro bilanciere.gif	Squat bulgaro bilanciere.gif	c81c93122bcf59ecbb71341cc109de14237ed54a66042cbf8897ec8d001e92f6	gia con quel nome	il file si chiama gia cosi
2026-08-04T15:44:52	Gambe e Glutei	Squat bulgaro manubri.gif	Squat bulgaro manubri.gif	f6fb56b663ccb97df557e9edee16b994b0dbd6231c7799317eb38ceaa100c986	gia con quel nome	il file si chiama gia cosi
2026-08-04T15:44:52	Gambe e Glutei	Squat hawaiano.gif	Squat hawaiano.gif	b5aca689631e5b840739ffb7e69968619d79feb2862c326b38d7d40d270409d3	gia con quel nome	il file si chiama gia cosi
2026-08-04T15:44:52	Gambe e Glutei	Pistol squat assistito.gif	Pistol squat assistito.gif	bd19e6f7b7e7b534929070ef5d8dc1f45f5ba640c9d4d12a0be221b168d8bd77	gia con quel nome	il file si chiama gia cosi
2026-08-04T15:44:52	Gambe e Glutei	Pistol squat su box.gif	Pistol squat su box.gif	96f55e295049a643332324a8fbe7f8049b54dd3fbb121c464018916b10ec04a4	gia con quel nome	il file si chiama gia cosi
2026-08-04T15:44:52	Gambe e Glutei	Pistol squat corpo libero.gif	Pistol squat corpo libero.gif	50b260f35c0ba8381efd54be486dcd493865ab435aae3a729d3e842e2f651d48	gia con quel nome	il file si chiama gia cosi
2026-08-04T15:44:52	Gambe e Glutei	Pistol squat kettlebell.gif	Pistol squat kettlebell.gif	3ad266121a01ba6158276d205b0c72e5658a149338eef7c60a1c879b9e8c7498	gia con quel nome	il file si chiama gia cosi
2026-08-04T15:44:52	Gambe e Glutei	Pistol squat manubrio stesso lato.gif	Pistol squat manubrio stesso lato.gif	0b1097d802adf22ee5016caf33fb456adb8d559b878aeb5b904501e076bc8927	gia con quel nome	il file si chiama gia cosi
2026-08-04T15:44:52	Gambe e Glutei	Pistol squat seduto su box.gif	Pistol squat seduto su box.gif	1b6f327823bf4b87890331d300797096106ca2e08898c2b9d386bb0da0e66e1b	gia con quel nome	il file si chiama gia cosi
2026-08-04T15:44:52	Gambe e Glutei	Pistol squat TRX.gif	Pistol squat TRX.gif	344459a989277a53f986e05887fb3bbf6dfb9198ae8aabbe4f2bb9b23dc7e600	gia con quel nome	il file si chiama gia cosi
2026-08-04T15:44:52	Gambe e Glutei	Squat shrimp.gif	Squat shrimp.gif	981f0611e0ccdc4721e3bc23cc97451a5f686ac5cfd0c99856ab0e39a506f720	gia con quel nome	il file si chiama gia cosi
2026-08-04T15:44:52	Gambe e Glutei	Squat sissy in ginocchio.gif	Squat sissy in ginocchio.gif	b87dc9f6e10a093ead1bffc880dc5692773e84f8080083724e5d1f0e0f4d2bad	gia con quel nome	il file si chiama gia cosi
2026-08-04T15:44:52	Gambe e Glutei	Squat skater una gamba.gif	Squat skater una gamba.gif	5a35a64bbf4b16af9b99e4b249219cfd028c9b8855b7270be1072ecb0de4dfbc	gia con quel nome	il file si chiama gia cosi
2026-08-04T15:44:52	Gambe e Glutei	Squat seduto su step.gif	Squat seduto su step.gif	a3529953dec275883fd6986dc4f7d02bd4e2238da73ba51173a4cb265f924cd8	gia con quel nome	il file si chiama gia cosi
2026-08-04T15:44:52	Gambe e Glutei	Affondo inverso con knee drive.gif	Affondo inverso con knee drive.gif	e564fed566cf957a976ad9bb00cecc71a7f06b23a769143f5cd6aead904a133a	gia con quel nome	il file si chiama gia cosi
2026-08-04T15:44:52	Gambe e Glutei	Affondo unilaterale sul posto a corpo libero.gif	Affondo corpo libero sul posto.gif	c200128141d1be1956108ec277f6cf44565152f36682f23bf3df7eb8f9777001	niente da fare sul Mac	nessun file sul Mac: si rinomina in migrazione
2026-08-04T15:44:52	Gambe e Glutei	Affondo avanti alternato.gif	Affondo avanti alternato.gif	e7c875251c94a43e7a7606b6e062338cb68dfd5680461ff0af4eab1a6aa55ea9	gia con quel nome	il file si chiama gia cosi
2026-08-04T15:44:52	Gambe e Glutei	Affondo avanti bilanciere.gif	Affondo avanti bilanciere.gif	393e4a459e72ac14a2dc6e53e59d299a9a5c3f00b321d97608f9dc17908c8db1	gia con quel nome	il file si chiama gia cosi
2026-08-04T15:44:52	Gambe e Glutei	Affondo avanti manubri.gif	Affondo avanti manubri.gif	a5a7bc30add78a15ff98521e7fe825e7487260112012aa20a0b1d55616319727	gia con quel nome	il file si chiama gia cosi
2026-08-04T15:44:52	Gambe e Glutei	Affondo avanti parziale manubri.gif	Affondo avanti parziale manubri.gif	2485ad2e6b5c4f8b0471310205d595745df64b5149803f82d7c08d8c4e4fa9ff	gia con quel nome	il file si chiama gia cosi
2026-08-04T15:44:52	Gambe e Glutei	Affondo barra elastico sul posto.gif	Affondo barra elastico sul posto.gif	9abf8554bc761785893d83381662e9cdbe0a9e13292bdbad114c0fb8476dbc78	gia con quel nome	il file si chiama gia cosi
2026-08-04T15:44:52	Gambe e Glutei	Affondo bilanciere sul posto.gif	Affondo bilanciere sul posto.gif	1520562ea588eec8b3724f02472a050f41e66d0a382088a9b75e263693066683	gia con quel nome	il file si chiama gia cosi
2026-08-04T15:44:52	Gambe e Glutei	Affondo inverso Bosu con knee drive.gif	Affondo inverso Bosu con knee drive.gif	c52787af2dd05b77d22a5c0d902f75ccc7f6b5bd28c7796fb5be3fd2bfd41068	gia con quel nome	il file si chiama gia cosi
2026-08-04T15:44:52	Gambe e Glutei	Affondo camminato con knee drive.gif	Affondo camminato con knee drive.gif	071992bf16eccc3305771c9f9a6075b3a83c63f2bf3fba3ea7b58d0c2dd190ba	gia con quel nome	il file si chiama gia cosi
2026-08-04T15:44:52	Gambe e Glutei	Affondo sul posto.gif	Affondo sul posto.gif	fc602a542d5afa607b994b5fa8248e884b8ab84e2f4d314c921139993d7bb549	gia con quel nome	il file si chiama gia cosi
2026-08-04T15:44:52	Gambe e Glutei	Affondo incrociato indietro bilanciere.gif	Affondo incrociato indietro bilanciere.gif	7c6ff54f4d3c56e11f2547b6b7a6921a4aca4f2d99269542044277dbaed7ab59	gia con quel nome	il file si chiama gia cosi
2026-08-04T15:44:52	Gambe e Glutei	Affondo indietro bilanciere.gif	Affondo indietro bilanciere.gif	a4412c5fab9e3f1739c023afb1a9899340f309a93fae84e5c000115a71ba19ef	gia con quel nome	il file si chiama gia cosi
2026-08-04T15:44:52	Gambe e Glutei	Affondo indietro manubri.gif	Affondo indietro manubri.gif	b72a1e6cf4fdd01f8f30e6769e039678bbf9e724796db8938743d78a33fcb476	gia con quel nome	il file si chiama gia cosi
2026-08-04T15:44:52	Gambe e Glutei	Affondo laterale alternato.gif	Affondo laterale alternato.gif	42049265076674d662e70b46efeb83bbad46796f76f3172acbaa0e35d4844b8c	gia con quel nome	il file si chiama gia cosi
2026-08-04T15:44:52	Gambe e Glutei	Affondo laterale bilanciere.gif	Affondo laterale bilanciere.gif	ad56ceacdee2e6d493bd4a6378b297009dea86742d417086294bea4a7c8069ba	gia con quel nome	il file si chiama gia cosi
2026-08-04T15:44:52	Gambe e Glutei	Affondo laterale manubri.gif	Affondo laterale manubri.gif	185313ac198178da31cc1b443263df6a1281eab8961222b7a863fb80e1d913b2	gia con quel nome	il file si chiama gia cosi
2026-08-04T15:44:52	Gambe e Glutei	Affondo multipower.gif	Affondo multipower.gif	6f6e56838a6afb79d88b3434cabbbec04c1a75c95822473607fa0bbef183f2d6	gia con quel nome	il file si chiama gia cosi
2026-08-04T15:44:52	Gambe e Glutei	Affondo maniglie elastico sul posto.gif	Affondo maniglie elastico sul posto.gif	7d11efd0eaef29bc0a76539aa48caa720e2f5df4a03e4c099d693ac70b719972	gia con quel nome	il file si chiama gia cosi
2026-08-04T15:44:52	Gambe e Glutei	Camminata manubri.gif	Camminata manubri.gif	f952f75c65cc562af2eeac5b6c96c0d884dd1ec2a016dc48bc62e79a697f64a8	gia con quel nome	il file si chiama gia cosi
2026-08-04T15:44:52	Gambe e Glutei	Camminata squat.gif	Camminata squat.gif	a4f01d1a040b20588d9f25a19976ff75bb38957d7a990422405d66b6d5f440ae	gia con quel nome	il file si chiama gia cosi
2026-08-04T15:44:52	Gambe e Glutei	Leg extension macchina.gif	Leg extension macchina.gif	3b91cf1047fa467e7f6bf84d3e4856b3a4ef39771265e8dda96e34c17a089a65	gia con quel nome	il file si chiama gia cosi
2026-08-04T15:44:52	Gambe e Glutei	Leg extension macchina una gamba.gif	Leg extension macchina una gamba.gif	4509a38a5ec155ea9d5d407985f264210f3c4f61f278d7f2975f36ebd38c0ba6	gia con quel nome	il file si chiama gia cosi
2026-08-04T15:44:52	Gambe e Glutei	Leg press 45 gradi.gif	Leg press 45 gradi.gif	8df5f83c669593ebe552cef07e968c55215addc14e0ff8a45f2c57000a4c227d	gia con quel nome	il file si chiama gia cosi
2026-08-04T15:44:52	Gambe e Glutei	Leg press 45 gradi una gamba.gif	Leg press 45 gradi una gamba.gif	bbf585e7b1d26c3ff68786c36f2905c0567fa68daf8eb99d665676c17fd7726e	gia con quel nome	il file si chiama gia cosi
2026-08-04T15:44:52	Gambe e Glutei	Leg press alternato barra elastico supino.gif	Leg press alternato barra elastico supino.gif	20162d5031162702b4b9dac80e9296b8584b342ed6d1103e97a932582c764b85	gia con quel nome	il file si chiama gia cosi
2026-08-04T15:44:52	Gambe e Glutei	Leg press orizzontale macchina.gif	Leg press orizzontale macchina.gif	e1ac12ec44657dcff545989874baa8eaba1f3b39741279f976a03121c40ba390	gia con quel nome	il file si chiama gia cosi
2026-08-04T15:44:52	Gambe e Glutei	Girata al petto bilanciere.gif	Girata al petto bilanciere.gif	3c81053bd441bf07b8ca04acca47b92c62639b74daa2c50cf85dcefc59398499	gia con quel nome	il file si chiama gia cosi
2026-08-04T15:44:52	Gambe e Glutei	Good morning bilanciere.gif	Good morning bilanciere.gif	986bff59711cb40b108871c67972db98cf4711720e8b5190e01ce579cc0e4728	gia con quel nome	il file si chiama gia cosi
2026-08-04T15:44:52	Gambe e Glutei	Good morning manubrio.gif	Good morning manubrio.gif	6fe44ab0098ed73fc28ad8113a1c241fa4777358e0732b487af3ee900d056bc6	gia con quel nome	il file si chiama gia cosi
2026-08-04T15:44:52	Gambe e Glutei	Stacco rumeno una gamba maniglie elastico.gif	Stacco rumeno una gamba maniglie elastico.gif	71966d49b0618b868e2d563e52f723fe8a435c6fbecb028e40199c0b173ce415	gia con quel nome	il file si chiama gia cosi
2026-08-04T15:44:52	Gambe e Glutei	Stacco da terra bilanciere.gif	Stacco da terra bilanciere.gif	15a57eb444d733c52d7a4053f61643fbb26a3543f0d00b9656cd31f819eeca81	gia con quel nome	il file si chiama gia cosi
2026-08-04T15:44:52	Gambe e Glutei	Stacco da terra macchina presa neutra.gif	Stacco da terra macchina presa neutra.gif	7f183e40e0584525c4f08ad1eb0752d629025494def47d030bccc5cb41df29a9	gia con quel nome	il file si chiama gia cosi
2026-08-04T15:44:52	Gambe e Glutei	Stacco da terra manubri.gif	Stacco da terra manubri.gif	87cc308c4759f64506d8dc533d300bda38dde1f952147717ef19dd6ab01f5042	gia con quel nome	il file si chiama gia cosi
2026-08-04T15:44:52	Gambe e Glutei	Stacco da terra sumo bilanciere.gif	Stacco da terra sumo bilanciere.gif	2161fe48ec15af859b481f43cbdb75f0827c2ee67413b9eac3e94a071c7b6844	gia con quel nome	il file si chiama gia cosi
2026-08-04T15:44:52	Gambe e Glutei	Stacco da terra trap bar.gif	Stacco da terra trap bar.gif	66e0c09ab6c3089c68747ed92bd5e86436661407487a118f99dad90df207de20	gia con quel nome	il file si chiama gia cosi
2026-08-04T15:44:52	Gambe e Glutei	Stacco gambe tese bilanciere.gif	Stacco gambe tese bilanciere.gif	2badabdb6c8473e87290897855aa693708596ad4abcc8f8e43768bc06bf214f0	gia con quel nome	il file si chiama gia cosi
2026-08-04T15:44:52	Gambe e Glutei	Stacco gambe tese manubri.gif	Stacco gambe tese manubri.gif	a90b74bedb880e4e3b1652da7e0883e2c38ff70e33afa7b41396e9e220749bee	gia con quel nome	il file si chiama gia cosi
2026-08-04T15:44:52	Gambe e Glutei	Stacco gambe tese multipower.gif	Stacco gambe tese multipower.gif	5f8d86ff79eee25bf37bce42f045cbbc848dc3af1309fef89df368c25e617ba7	gia con quel nome	il file si chiama gia cosi
2026-08-04T15:44:52	Gambe e Glutei	Stacco rumeno una gamba.gif	Stacco rumeno una gamba.gif	3a3d0c676837b5a88739ff2a73561742db542f346884bea20cbff64637d32711	gia con quel nome	il file si chiama gia cosi
2026-08-04T15:44:52	Gambe e Glutei	Stacco rumeno bilanciere.gif	Stacco rumeno bilanciere.gif	6408358f337d24be43a70149bed1c45a8cef0f7bf79e5694fcf38375f1bd7315	gia con quel nome	il file si chiama gia cosi
2026-08-04T15:44:52	Gambe e Glutei	Stacco rumeno manubri.gif	Stacco rumeno manubri.gif	8d5eb185bbfa050b83d395997b9aef39edbe540029389b65c99fab33637cc27b	gia con quel nome	il file si chiama gia cosi
2026-08-04T15:44:52	Gambe e Glutei	Stacco rumeno una gamba palla medica.gif	Stacco rumeno una gamba palla medica.gif	e874d1e8ebf510af12771ecbf13641202d00f611565b0934fc909b699a8021ee	gia con quel nome	il file si chiama gia cosi
2026-08-04T15:44:52	Gambe e Glutei	Stacco rumeno una gamba kettlebell.gif	Stacco rumeno una gamba kettlebell.gif	33ca04bb86160767b71426af9a5c29991ae6aca31400d6715f3aa94e9d02057b	gia con quel nome	il file si chiama gia cosi
2026-08-04T15:44:52	Gambe e Glutei	Stacco rumeno una gamba manubri.gif	Stacco rumeno una gamba manubri.gif	9c38b502463fa98c518afe0f80e030289039e3b32106bcc31d1948fe878ea546	gia con quel nome	il file si chiama gia cosi
2026-08-04T15:44:52	Gambe e Glutei	Stacco rumeno una gamba multipower.gif	Stacco rumeno una gamba multipower.gif	b74e09fd01ae559deb27240898221efaf3965400c85dd75ca1c2571f6458891d	gia con quel nome	il file si chiama gia cosi
2026-08-04T15:44:52	Gambe e Glutei	Swing elastico maniglie.gif	Swing elastico maniglie.gif	8985b3f51bdf676005206b9a4e679d9f79d7b0f10dc7db8c330f6b3cb8a58d31	gia con quel nome	il file si chiama gia cosi
2026-08-04T15:44:52	Gambe e Glutei	Nordic curl panca romana.gif	Nordic curl panca romana.gif	a618650368f6b351b0b04d6845cc7253a241bf018d9ccc1549f65b2c645b9264	gia con quel nome	il file si chiama gia cosi
2026-08-04T15:44:52	Gambe e Glutei	Iperestensione inversa panca romana.gif	Iperestensione inversa panca romana.gif	ede3cfa8877ccbb21d3ac3171a66670f2287ebc5ccbe498e862f114a327ea720	gia con quel nome	il file si chiama gia cosi
2026-08-04T15:44:52	Gambe e Glutei	Leg curl una gamba cavo in piedi.gif	Leg curl una gamba cavo in piedi.gif	618e2cfd885c89ed12c65bb52b951d0021a9d4e0fddbec1f03bf3eeda29581e0	gia con quel nome	il file si chiama gia cosi
2026-08-04T15:44:52	Gambe e Glutei	Leg curl una gamba macchina in piedi.gif	Leg curl una gamba macchina in piedi.gif	41e4d7dc92c16107d5b322e5f2c42edbed6ebaddbf928e6fe7261f3e8f8c6434	gia con quel nome	il file si chiama gia cosi
2026-08-04T15:44:52	Gambe e Glutei	Leg curl cavo sdraiato.gif	Leg curl cavo sdraiato.gif	df494a79e62f0371b067507da680cae4f1153d2ba45dac0c078d4c3981cb33ad	gia con quel nome	il file si chiama gia cosi
2026-08-04T15:44:52	Gambe e Glutei	Leg curl una gamba macchina ginocchio rialzato.gif	Leg curl una gamba macchina ginocchio rialzato.gif	fe67588edbb890cb52a23bb0f1f803db130a1dbf8b6638260c09d9d96197fa06	gia con quel nome	il file si chiama gia cosi
2026-08-04T15:44:52	Gambe e Glutei	Leg curl macchina prona.gif	Leg curl macchina prona.gif	3c94667d2cfce7f620b9d69455866a367a44483aa057acd97b14fac86c957834	gia con quel nome	il file si chiama gia cosi
2026-08-04T15:44:52	Gambe e Glutei	Leg curl una gamba macchina prona.gif	Leg curl una gamba macchina prona.gif	f95f386243dfe5e83d25893198858847a4df91a84afb71b7080e129d49ef1775	gia con quel nome	il file si chiama gia cosi
2026-08-04T15:44:52	Gambe e Glutei	Leg curl macchina seduto prese anteriori.gif	Leg curl macchina seduto prese anteriori.gif	bc6053d01b6789e92a618846509f702d7cb46ef6b602181b0de8881a700cdd01	gia con quel nome	il file si chiama gia cosi
2026-08-04T15:44:52	Gambe e Glutei	Leg curl macchina seduto prese laterali.gif	Leg curl macchina seduto prese laterali.gif	20d7a61edc8d4fe1ab8a25acf9b6d6e5331e8c616bcb1af8ce640a3d9e3ab666	gia con quel nome	il file si chiama gia cosi
2026-08-04T15:44:52	Gambe e Glutei	Reverse hyper elastico panca piana.gif	Reverse hyper elastico panca piana.gif	d323698d14233764d5922c7d01c4bffce78c33ad135da2a27fb2de5ef175a276	gia con quel nome	il file si chiama gia cosi
2026-08-04T15:44:52	Gambe e Glutei	Hip thrust bilanciere panca.gif	Hip thrust bilanciere panca.gif	7f6b35aebf337bcc17c4cdcb626103cad242f99c7bdadb448ee5319fd994b8e9	gia con quel nome	il file si chiama gia cosi
2026-08-04T15:44:52	Gambe e Glutei	Hip thrust corpo libero panca.gif	Hip thrust corpo libero panca.gif	b69d54b222fe7dc9fd5a9a7dff483a0a4226e179d26a3b7fbcc42ad6abe3b5b6	gia con quel nome	il file si chiama gia cosi
2026-08-04T15:44:52	Gambe e Glutei	Hip thrust elastico in ginocchio.gif	Hip thrust elastico in ginocchio.gif	70aa6e70da60bbcda01dcc948bfa5d18dad2b2f1d5754340adf68fe9322ee25d	gia con quel nome	il file si chiama gia cosi
2026-08-04T15:44:52	Gambe e Glutei	Hip thrust multipower panca.gif	Hip thrust multipower panca.gif	0441b07c3842e386dda79f93d46f2afad2d6c8dda5ca857bd1f8035a112e6a57	gia con quel nome	il file si chiama gia cosi
2026-08-04T15:44:52	Gambe e Glutei	Hip thrust bilanciere piedi su panca.gif	Hip thrust bilanciere piedi su panca.gif	14ae4e0b84a58cfe25ecb63d53f547ad0c0d1795b27088ac26c283ee3de2a783	gia con quel nome	il file si chiama gia cosi
2026-08-04T15:44:52	Gambe e Glutei	Hip thrust talloni elevati.gif	Hip thrust talloni elevati.gif	35f7947997e152eedbddeb78f86782be19495cd01bfa8a2307e7adfde157d77b	gia con quel nome	il file si chiama gia cosi
2026-08-04T15:44:52	Gambe e Glutei	Hip thrust unilaterale (schiena su panca).gif	Hip thrust bilanciere una gamba.gif	a0e304b97dce81084d12f534a7675e3fa00d2cc00a04cf7a526ef5206bbedccd	niente da fare sul Mac	nessun file sul Mac: si rinomina in migrazione
2026-08-04T15:44:52	Gambe e Glutei	Hip thrust una gamba panca spinta esplosiva.gif	Hip thrust una gamba panca spinta esplosiva.gif	3def639c3af695e7d2e45782495e7b9d2016f600d2c275461b3debec3c99737e	gia con quel nome	il file si chiama gia cosi
2026-08-04T15:44:52	Gambe e Glutei	Hip thrust una gamba panca.gif	Hip thrust una gamba panca.gif	76067cc0a70a14efbd3d24f4bc8be2e041c95b3eb82d8443f0da101b860ad038	gia con quel nome	il file si chiama gia cosi
2026-08-04T15:44:52	Gambe e Glutei	Ponte glutei.gif	Ponte glutei.gif	58825f7b669b759a54fb2df628b95dde97b52d45b404280ef4edd611c87257a9	gia con quel nome	il file si chiama gia cosi
2026-08-04T15:44:52	Gambe e Glutei	Ponte glutei frog pump.gif	Ponte glutei frog pump.gif	ca76398a9a97a43247d3012102edc70b536642e2270d0fefa08ececb4c80cc46	gia con quel nome	il file si chiama gia cosi
2026-08-04T15:44:52	Gambe e Glutei	Ponte glutei gambe tese piedi su panca.gif	Ponte glutei gambe tese piedi su panca.gif	adc40d2960ef1ed9d553170f564149e92dcbfaa12c6bd5feacea2f5ef643968a	gia con quel nome	il file si chiama gia cosi
2026-08-04T15:44:52	Gambe e Glutei	Ponte glutei manubrio.gif	Ponte glutei manubrio.gif	8395ca4cae72657568dc9ba63adc0cba92793fc74e2a18fc8e516dc2ff276baa	gia con quel nome	il file si chiama gia cosi
2026-08-04T15:44:52	Gambe e Glutei	Ponte glutei piedi su panca.gif	Ponte glutei piedi su panca.gif	21bd3fcb0d7f65598a6d20f9b0bff4fef175c699f27d5f06a80eb04ddf075c56	gia con quel nome	il file si chiama gia cosi
2026-08-04T15:44:52	Gambe e Glutei	Ponte glutei una gamba piede posteriore panca.gif	Ponte glutei una gamba piede posteriore panca.gif	a6c1840a5fa155ca60277e3ed2fc95c8a912b141cf140aa04b662550605f13a8	gia con quel nome	il file si chiama gia cosi
2026-08-04T15:44:52	Gambe e Glutei	Ponte glutei una gamba tesa.gif	Ponte glutei una gamba tesa.gif	19f92551056487f8c4aecbb95797644b0c7d10e973ca8517cf22ae63ea04e6a9	gia con quel nome	il file si chiama gia cosi
2026-08-04T15:44:52	Gambe e Glutei	Ponte glutei una gamba verticale.gif	Ponte glutei una gamba verticale.gif	1d2cf901a45504db769aeb02bade7a17d07e95cb83d17ae68eda017aaaa4f2af	gia con quel nome	il file si chiama gia cosi
2026-08-04T15:44:52	Gambe e Glutei	Abduzione anca decubito laterale.gif	Abduzione anca decubito laterale.gif	36591f7540ab08a2bcbe24449da7731e89e7119b12a546bcc20e5fbb84a8148d	gia con quel nome	il file si chiama gia cosi
2026-08-04T15:44:52	Gambe e Glutei	Abduzione anca elastico seduto panca.gif	Abduzione anca elastico seduto panca.gif	28e9e41d85fdd9e187ffd7ff3e73c28cde6118a577191becff5d6d029d152e59	gia con quel nome	il file si chiama gia cosi
2026-08-04T15:44:52	Gambe e Glutei	Abduzione una gamba cavo.gif	Abduzione una gamba cavo.gif	26bd85ebbc14d6d894c757fff7c01e1f3b1bf7737b41a10b5307dfdd11116904	gia con quel nome	il file si chiama gia cosi
2026-08-04T15:44:52	Gambe e Glutei	Abduzione Clamshell decubito laterale.gif	Abduzione clamshell decubito laterale.gif	9cf0d29aa0f7a9164b50442a2aa752ada10ce315e552bf309c118a7f7bd60cfd	errore	destinazione comparsa nel frattempo
2026-08-04T15:44:52	Gambe e Glutei	Abduzione Clamshell elastico decubito laterale.gif	Abduzione clamshell elastico decubito laterale.gif	a3c6ef8292fcd0d17e17a4b137d39ae6cac1ec07262b4f8e5d4f0f2c7a6c767f	errore	destinazione comparsa nel frattempo
2026-08-04T15:44:52	Gambe e Glutei	Abduzione fire hydrant elastico quadrupedia.gif	Abduzione fire hydrant elastico quadrupedia.gif	87f4ee85172f30be9424a03edadc54cf2bf029d471b4fd71b0c542d496fff371	gia con quel nome	il file si chiama gia cosi
2026-08-04T15:44:52	Gambe e Glutei	Abduzione appoggio in piedi.gif	Abduzione appoggio in piedi.gif	6af8638aea63e98ec4bce399caef862421d70e54f1b93a80719fc77ddaac656d	gia con quel nome	il file si chiama gia cosi
2026-08-04T15:44:52	Gambe e Glutei	Abduzione fire hydrant quadrupedia.gif	Abduzione fire hydrant quadrupedia.gif	e5d41dae55dd5ca517472921fb792caf11a1467dc6d161cba40a91fd6f2517a8	gia con quel nome	il file si chiama gia cosi
2026-08-04T15:44:52	Gambe e Glutei	Abduzione una gamba macchina spinta laterale.gif	Abduzione una gamba macchina spinta laterale.gif	2e41cb245a580273b33089a600781079868d652293d8b415f9c0444bc6df7d97	gia con quel nome	il file si chiama gia cosi
2026-08-04T15:44:52	Gambe e Glutei	Abduzione macchina spinta posteriore.gif	Abduzione macchina spinta posteriore.gif	2de2d239a271bed617680c7b37b05d3bf1d44d059ddd725d4841ebdc393afc57	gia con quel nome	il file si chiama gia cosi
2026-08-04T15:44:52	Gambe e Glutei	Abduzione macchina seduto.gif	Abduzione macchina seduto.gif	47eb61b4daa92f896b6c1aa2461d598e0468d57e3a36558c2a789a7bf24c52c2	gia con quel nome	il file si chiama gia cosi
2026-08-04T15:44:52	Gambe e Glutei	Camminata laterale elastico.gif	Camminata laterale elastico.gif	615827e78ad806768b9deaa68d7f4f3e4f4be53724e2b3160c252175907096d1	gia con quel nome	il file si chiama gia cosi
2026-08-04T15:44:52	Gambe e Glutei	Donkey kick avambracci a terra.gif	Donkey kick avambracci a terra.gif	5599f5fbeb64e446a40f88a24259976360b98dc6e73cc3efe2a7ee12b2c8e76c	gia con quel nome	il file si chiama gia cosi
2026-08-04T15:44:52	Gambe e Glutei	Donkey kick mani a terra.gif	Donkey kick mani a terra.gif	2f33257ee046083d5e52ef7369a19ca36fcba6b4b4ee623ac1f2ec268fdc615c	gia con quel nome	il file si chiama gia cosi
2026-08-04T15:44:52	Gambe e Glutei	Donkey kick elastico quadrupedia.gif	Donkey kick elastico quadrupedia.gif	1805d106e06b98da16dabf757d6434eaaf81d0947b4284348d57d7be030464f6	gia con quel nome	il file si chiama gia cosi
2026-08-04T15:44:52	Gambe e Glutei	Donkey kick tesa panca.gif	Donkey kick tesa panca.gif	8d226f8371aa8b5867e5272d1e4f49df2816e8f4f553e806f1c99af0f2fd19eb	gia con quel nome	il file si chiama gia cosi
2026-08-04T15:44:52	Gambe e Glutei	Donkey kick macchina.gif	Donkey kick macchina.gif	d5ba21d65a6d2480506e35b47dacc8db49ed73895fbd400eeb7d5be7e5095b2e	gia con quel nome	il file si chiama gia cosi
2026-08-04T15:44:52	Gambe e Glutei	Estensione anca appoggio bilanciere (unilateral hip extension with vertical barbell support).gif	Estensione anca elastico.gif	680dae8c4cc422aa7b26097083317b838d5eee2e927738a43f99d82de938f7f8	niente da fare sul Mac	nessun file sul Mac: si rinomina in migrazione
2026-08-04T15:44:52	Gambe e Glutei	Estensione anca cavo busto flesso.gif	Estensione anca cavo busto flesso.gif	42c8d4637ea6b6659f1bdaf0f0d4d6a3334c08f96d0a9039b457af0e3d65b202	gia con quel nome	il file si chiama gia cosi
2026-08-04T15:44:52	Gambe e Glutei	Estensione anca cavo.gif	Estensione anca cavo.gif	87fea7deeed06a9a924b0eee4517a48c740fd76b40ed8c78e78ffe88e69a92e4	gia con quel nome	il file si chiama gia cosi
2026-08-04T15:44:52	Gambe e Glutei	Estensione anca elastico busto flesso.gif	Estensione anca elastico busto flesso.gif	b0bcd55a0cc7503a450a92113fe44d959a1722ca5625b3cbb9766ec0fe52464a	gia con quel nome	il file si chiama gia cosi
2026-08-04T15:44:52	Gambe e Glutei	Estensione anca elastico knee drive.gif	Estensione anca elastico knee drive.gif	99f9d3c042f625294b7b4deba0f28d96c9d65471269a117560a9768545fe1a5e	gia con quel nome	il file si chiama gia cosi
2026-08-04T15:44:52	Gambe e Glutei	Estensione anca glute machine.gif	Estensione anca glute machine.gif	3ecf41e11996cd93ec79cafc00f6314bd1c2239f1dc8e04cdd7a2a6b810550ce	gia con quel nome	il file si chiama gia cosi
2026-08-04T15:44:52	Gambe e Glutei	Estensione anca in piedi appoggio bilanciere.gif	Estensione anca in piedi appoggio bilanciere.gif	f9f13514b2203edd9ff6e414b54d899447701d70ddb07b9c06e1e98c8b52d190	gia con quel nome	il file si chiama gia cosi
2026-08-04T15:44:52	Gambe e Glutei	Stacco rumeno una gamba bilanciere.gif	Stacco rumeno una gamba bilanciere.gif	cb6e1394da0aa481bff8c8b45a5af8d6168db7cb039ad43bab61fbb426e3a41d	gia con quel nome	il file si chiama gia cosi
2026-08-04T15:44:52	Gambe e Glutei	Estensione anca macchina.gif	Estensione anca macchina.gif	8f88a46d9caaaedd3213f089a348da6a9391dfbcdfe19ce54be18e937946e0ca	gia con quel nome	il file si chiama gia cosi
2026-08-04T15:44:52	Gambe e Glutei	Stacco rumeno una gamba manubri 2.gif	Stacco rumeno una gamba manubri 2.gif	798e02e869473d099d444a79fbc8cc3521e07aa77e00eaadc6590329df5661b0	gia con quel nome	il file si chiama gia cosi
2026-08-04T15:44:52	Gambe e Glutei	Adduzione anca decubito laterale.gif	Adduzione anca decubito laterale gamba tesa.gif	ffafbba8e1069936d293fc38c2ffadbb0ac12455dd6db446986ddf32a6a5a65d	rinominato	
2026-08-04T15:44:52	Gambe e Glutei	Adduzione cavo in piedi (Standing cable hip adduction).gif	Adduzione anca cavo.gif	3facf6f34e005363ea433aae0adb89d74dada495582b5b252ee35ecc45ca1713	rinominato	
2026-08-04T15:44:52	Gambe e Glutei	Adduzione corpo libero sdraiato laterale (Side-lying hip adduction).gif	Adduzione anca decubito laterale piede in appoggio.gif	50a3a7eec880b7ebcc23d11d0b7a3c4cd6d3bf4024540840e3d8178a61b2366b	rinominato	
2026-08-04T15:44:52	Gambe e Glutei	Adduzione macchina in piedi (Standing machine hip adduction).gif	Adduzione una gamba macchina in piedi.gif	0f67caeb3f0b76a301340fa1fc9727c8318f541e1daa73dd9917e73daa8c9347	rinominato	
2026-08-04T15:44:52	Gambe e Glutei	Adduzione macchina seduto (Seated machine hip adduction).gif	Adduzione macchina seduto.gif	b1c254befaf31b8fcd0aaf2755c15d0ebdf4cc69359ec739930780a24c654d7e	rinominato	
2026-08-04T15:44:52	Gambe e Glutei	Step up manubri curl bicipiti panca.gif	Step up manubri con curl bicipiti.gif	3f4e83665a8d21dc754db8f23a69172a7fae07e10961dd619f7c8e4ed64f3018	rinominato	
2026-08-04T15:44:52	Gambe e Glutei	Step-up bilanciere (Barbell step-up).gif	Step-up bilanciere.gif	1a48011afd2fe3ff564ac377b35cd734f8e2621ceea9745093f34819b8a5e677	rinominato	
2026-08-04T15:44:52	Gambe e Glutei	Step-up cavo basso (Cable low-pulley step-up).gif	Step-up cavo basso.gif	064d27d233e6e38fe39d9c999badfa26e9d83c1bafb06482b28433ef5446494f	rinominato	
2026-08-04T15:44:52	Gambe e Glutei	Calf raise corpo libero su gradino (Standing bodyweight calf raise on step).gif	Calf raise su gradino.gif	f0b3ea76e173a770e298e65e242c0fb83a1bc27626d2be726388b18e7ee3cafd	rinominato	
2026-08-04T15:54:16	Gambe e Glutei	Squat barra elastico.gif	Squat barra elastico.gif	21ffc120fe95b3122340eab79aac151f123bc49082f7d2ef71b3e2687fcb0452	gia con quel nome	il file si chiama gia cosi
2026-08-04T15:54:16	Gambe e Glutei	Squat bilanciere.gif	Squat bilanciere.gif	7a0b33d7c67823493e97ca649ee2f9edd2ab6a5c05a4f48e3636440e68a0e749	gia con quel nome	il file si chiama gia cosi
2026-08-04T15:54:16	Gambe e Glutei	Squat bilanciere al rack.gif	Squat bilanciere al rack.gif	e5641ea4bf94dbcf5922d6dd5ddfac0cb8599c3f48b583d2b46109bf884e89fa	gia con quel nome	il file si chiama gia cosi
2026-08-04T15:54:16	Gambe e Glutei	Squat bilanciere landmine.gif	Squat bilanciere landmine.gif	210ccb4f95a26476675450fcc84c8c7646d68fc8fa97c8cfe6dc26cbcff3f14b	gia con quel nome	il file si chiama gia cosi
2026-08-04T15:54:16	Gambe e Glutei	Squat calcio laterale.gif	Squat calcio laterale.gif	8678172072528fb0150ffca39c5fd3c68d445cf20e8a4d9d75c0aaea9472f753	gia con quel nome	il file si chiama gia cosi
2026-08-04T15:54:16	Gambe e Glutei	Squat cavi bassi.gif	Squat cavi bassi.gif	312a834ecbd28e0dce80d2c2313590dae1c70e49e4791b0cbf55d2dbcef2772b	gia con quel nome	il file si chiama gia cosi
2026-08-04T15:54:16	Gambe e Glutei	Squat cavo basso.gif	Squat cavo basso.gif	c309f2e7e286f1c641ba2cc6c7accd31e044a56f44fa1260f1b0574811053f81	gia con quel nome	il file si chiama gia cosi
2026-08-04T15:54:16	Gambe e Glutei	Squat corpo libero.gif	Squat corpo libero.gif	9bf078772d3b4afde76826ec8dffc878544353af72b2660d59e7178cb9f1ca2b	gia con quel nome	il file si chiama gia cosi
2026-08-04T15:54:16	Gambe e Glutei	Squat cosacco.gif	Squat cosacco.gif	88356c85eadd2df87324b869fe3b02bcd2d454062f63181a77b7213c5d3dd893	gia con quel nome	il file si chiama gia cosi
2026-08-04T15:54:16	Gambe e Glutei	Squat elastico braccia alte.gif	Squat elastico braccia alte.gif	3927ec7c2413b5417cfe8e7c31dae52e83c35265d68e609a942d37c3a78cb82e	gia con quel nome	il file si chiama gia cosi
2026-08-04T15:54:16	Gambe e Glutei	Squat bilanciere frontale.gif	Squat bilanciere frontale.gif	e6605bcdad3f6579d265e0d2d0bb69efbb2ff7e6dc2067d954619c89f7413e6e	gia con quel nome	il file si chiama gia cosi
2026-08-04T15:54:16	Gambe e Glutei	Squat torsione ginocchio alto.gif	Squat torsione ginocchio alto.gif	8acd67cdd91098459064db42dcfdf5c94cd767526e667d05c14d08742a460739	gia con quel nome	il file si chiama gia cosi
2026-08-04T15:54:16	Gambe e Glutei	Squat goblet kettlebell banda.gif	Squat goblet kettlebell banda.gif	79aef9ca93ec5cac7ab66d2c5dbc7df03e8cc680af566f85cb2817601d7d924b	gia con quel nome	il file si chiama gia cosi
2026-08-04T15:54:16	Gambe e Glutei	Squat hack machine.gif	Squat hack machine.gif	70e04f664d37a10ef5d81db4aeeb3c115082c5e1104d179f241e190f8e72414a	gia con quel nome	il file si chiama gia cosi
2026-08-04T15:54:16	Gambe e Glutei	Squat inverso hack machine.gif	Squat inverso hack machine.gif	75328f32765c95024ca5c537ccd38b7c1bf80c77194d6624bb839445823c7d9f	gia con quel nome	il file si chiama gia cosi
2026-08-04T15:54:16	Gambe e Glutei	Squat manubri.gif	Squat manubri.gif	b80ed62ddecc7249d7a91862d1e697ad97b7bfe6acf7f1e22bd9bfe3c48c18de	gia con quel nome	il file si chiama gia cosi
2026-08-04T15:54:16	Gambe e Glutei	Squat multipower.gif	Squat multipower.gif	b1c24965c7c5217c4c3caac0d9211867485d960b81f407a4d22ef8f2bb274883	gia con quel nome	il file si chiama gia cosi
2026-08-04T15:54:16	Gambe e Glutei	Squat wall fitball.gif	Squat wall fitball.gif	6ba72710aed06cd82a34d53c5f6fe1e0f34aa80d70570a8403da04bc5e41a1cb	gia con quel nome	il file si chiama gia cosi
2026-08-04T15:54:16	Gambe e Glutei	Squat manubri seduto su panca.gif	Squat manubri seduto su panca.gif	b66a750d54c81cfbb67564ccb2685e720b21d203fde5deca84679b38d41c69e9	gia con quel nome	il file si chiama gia cosi
2026-08-04T15:54:16	Gambe e Glutei	Squat profondo bilanciere.gif	Squat profondo bilanciere.gif	44b6d5f224cb8e4cd6322fc73521f14461e1853d0851ffc153d36792e40069a2	gia con quel nome	il file si chiama gia cosi
2026-08-04T15:54:16	Gambe e Glutei	Squat sumo bilanciere frontale.gif	Squat sumo bilanciere frontale.gif	912e9c482a0418040a7a6c344b5424f8241fdf5a2054a81c886eef7edf481b85	gia con quel nome	il file si chiama gia cosi
2026-08-04T15:54:16	Gambe e Glutei	Squat sumo corpo libero braccia distese.gif	Squat sumo corpo libero braccia distese.gif	41ca83090ef0db41dac62df77a8519c30f8bba6b32095d86bba7b53ebbd74572	gia con quel nome	il file si chiama gia cosi
2026-08-04T15:54:16	Gambe e Glutei	Squat sumo corpo libero mani al petto.gif	Squat sumo corpo libero mani al petto.gif	7b98bdec1a4dd54ce9bc3958cd9fbaa48d88ebd583bf7cb5d000f7a3447e0352	gia con quel nome	il file si chiama gia cosi
2026-08-04T15:54:16	Gambe e Glutei	Squat sumo manubrio.gif	Squat sumo manubrio.gif	0c4ca1d84bdb7eef33e72bb580bcaebbf63b1b21c3d6878f547146811a6726db	gia con quel nome	il file si chiama gia cosi
2026-08-04T15:54:16	Gambe e Glutei	Squat wall ball palla medica.gif	Squat wall ball palla medica.gif	710f513cf7df6749f80653e9e87dc022f047eb426f0ea4bd5238d538877c3612	gia con quel nome	il file si chiama gia cosi
2026-08-04T15:54:16	Gambe e Glutei	Squat wall sit inclinazione alternata.gif	Squat wall sit inclinazione alternata.gif	1a35a3fe2f3b857ae0464ad22cd4958ba5ed49a185719a7d157ae4fcc99af38a	gia con quel nome	il file si chiama gia cosi
2026-08-04T15:54:16	Gambe e Glutei	Squat sumo bilanciere.gif	Squat sumo bilanciere.gif	d2bb04e1246596210448c7666bd6e48e1be9e4cebdeea4c0ff836153b5a1601f	gia con quel nome	il file si chiama gia cosi
2026-08-04T15:54:16	Gambe e Glutei	Squat wall sit.gif	Squat wall sit.gif	10a09fa7466577f5fbaac35659348e97b884d35b5d733c9eff700461e98f2c32	gia con quel nome	il file si chiama gia cosi
2026-08-04T15:54:16	Gambe e Glutei	Affondo profondo una gamba.gif	Affondo profondo una gamba.gif	cc8369de4b281ce25975e7c0352b3d93c5f9e4b566446faae052954d2302a0f7	gia con quel nome	il file si chiama gia cosi
2026-08-04T15:54:16	Gambe e Glutei	Squat bulgaro corpo libero.gif	Squat bulgaro corpo libero.gif	28dd4732693d7d04fdafa88db627dd12e38dd0671a59b0dd3bf1e56ff835d599	gia con quel nome	il file si chiama gia cosi
2026-08-04T15:54:16	Gambe e Glutei	Squat bulgaro bilanciere.gif	Squat bulgaro bilanciere.gif	c81c93122bcf59ecbb71341cc109de14237ed54a66042cbf8897ec8d001e92f6	gia con quel nome	il file si chiama gia cosi
2026-08-04T15:54:16	Gambe e Glutei	Squat bulgaro manubri.gif	Squat bulgaro manubri.gif	f6fb56b663ccb97df557e9edee16b994b0dbd6231c7799317eb38ceaa100c986	gia con quel nome	il file si chiama gia cosi
2026-08-04T15:54:16	Gambe e Glutei	Squat hawaiano.gif	Squat hawaiano.gif	b5aca689631e5b840739ffb7e69968619d79feb2862c326b38d7d40d270409d3	gia con quel nome	il file si chiama gia cosi
2026-08-04T15:54:16	Gambe e Glutei	Pistol squat assistito.gif	Pistol squat assistito.gif	bd19e6f7b7e7b534929070ef5d8dc1f45f5ba640c9d4d12a0be221b168d8bd77	gia con quel nome	il file si chiama gia cosi
2026-08-04T15:54:16	Gambe e Glutei	Pistol squat su box.gif	Pistol squat su box.gif	96f55e295049a643332324a8fbe7f8049b54dd3fbb121c464018916b10ec04a4	gia con quel nome	il file si chiama gia cosi
2026-08-04T15:54:16	Gambe e Glutei	Pistol squat corpo libero.gif	Pistol squat corpo libero.gif	50b260f35c0ba8381efd54be486dcd493865ab435aae3a729d3e842e2f651d48	gia con quel nome	il file si chiama gia cosi
2026-08-04T15:54:16	Gambe e Glutei	Pistol squat kettlebell.gif	Pistol squat kettlebell.gif	3ad266121a01ba6158276d205b0c72e5658a149338eef7c60a1c879b9e8c7498	gia con quel nome	il file si chiama gia cosi
2026-08-04T15:54:16	Gambe e Glutei	Pistol squat manubrio stesso lato.gif	Pistol squat manubrio stesso lato.gif	0b1097d802adf22ee5016caf33fb456adb8d559b878aeb5b904501e076bc8927	gia con quel nome	il file si chiama gia cosi
2026-08-04T15:54:16	Gambe e Glutei	Pistol squat seduto su box.gif	Pistol squat seduto su box.gif	1b6f327823bf4b87890331d300797096106ca2e08898c2b9d386bb0da0e66e1b	gia con quel nome	il file si chiama gia cosi
2026-08-04T15:54:16	Gambe e Glutei	Pistol squat TRX.gif	Pistol squat TRX.gif	344459a989277a53f986e05887fb3bbf6dfb9198ae8aabbe4f2bb9b23dc7e600	gia con quel nome	il file si chiama gia cosi
2026-08-04T15:54:16	Gambe e Glutei	Squat shrimp.gif	Squat shrimp.gif	981f0611e0ccdc4721e3bc23cc97451a5f686ac5cfd0c99856ab0e39a506f720	gia con quel nome	il file si chiama gia cosi
2026-08-04T15:54:16	Gambe e Glutei	Squat sissy in ginocchio.gif	Squat sissy in ginocchio.gif	b87dc9f6e10a093ead1bffc880dc5692773e84f8080083724e5d1f0e0f4d2bad	gia con quel nome	il file si chiama gia cosi
2026-08-04T15:54:16	Gambe e Glutei	Squat skater una gamba.gif	Squat skater una gamba.gif	5a35a64bbf4b16af9b99e4b249219cfd028c9b8855b7270be1072ecb0de4dfbc	gia con quel nome	il file si chiama gia cosi
2026-08-04T15:54:16	Gambe e Glutei	Squat seduto su step.gif	Squat seduto su step.gif	a3529953dec275883fd6986dc4f7d02bd4e2238da73ba51173a4cb265f924cd8	gia con quel nome	il file si chiama gia cosi
2026-08-04T15:54:16	Gambe e Glutei	Affondo inverso con knee drive.gif	Affondo inverso con knee drive.gif	e564fed566cf957a976ad9bb00cecc71a7f06b23a769143f5cd6aead904a133a	gia con quel nome	il file si chiama gia cosi
2026-08-04T15:54:16	Gambe e Glutei	Affondo unilaterale sul posto a corpo libero.gif	Affondo corpo libero sul posto.gif	c200128141d1be1956108ec277f6cf44565152f36682f23bf3df7eb8f9777001	niente da fare sul Mac	nessun file sul Mac: si rinomina in migrazione
2026-08-04T15:54:16	Gambe e Glutei	Affondo avanti alternato.gif	Affondo avanti alternato.gif	e7c875251c94a43e7a7606b6e062338cb68dfd5680461ff0af4eab1a6aa55ea9	gia con quel nome	il file si chiama gia cosi
2026-08-04T15:54:16	Gambe e Glutei	Affondo avanti bilanciere.gif	Affondo avanti bilanciere.gif	393e4a459e72ac14a2dc6e53e59d299a9a5c3f00b321d97608f9dc17908c8db1	gia con quel nome	il file si chiama gia cosi
2026-08-04T15:54:16	Gambe e Glutei	Affondo avanti manubri.gif	Affondo avanti manubri.gif	a5a7bc30add78a15ff98521e7fe825e7487260112012aa20a0b1d55616319727	gia con quel nome	il file si chiama gia cosi
2026-08-04T15:54:16	Gambe e Glutei	Affondo avanti parziale manubri.gif	Affondo avanti parziale manubri.gif	2485ad2e6b5c4f8b0471310205d595745df64b5149803f82d7c08d8c4e4fa9ff	gia con quel nome	il file si chiama gia cosi
2026-08-04T15:54:16	Gambe e Glutei	Affondo barra elastico sul posto.gif	Affondo barra elastico sul posto.gif	9abf8554bc761785893d83381662e9cdbe0a9e13292bdbad114c0fb8476dbc78	gia con quel nome	il file si chiama gia cosi
2026-08-04T15:54:16	Gambe e Glutei	Affondo bilanciere sul posto.gif	Affondo bilanciere sul posto.gif	1520562ea588eec8b3724f02472a050f41e66d0a382088a9b75e263693066683	gia con quel nome	il file si chiama gia cosi
2026-08-04T15:54:16	Gambe e Glutei	Affondo inverso Bosu con knee drive.gif	Affondo inverso Bosu con knee drive.gif	c52787af2dd05b77d22a5c0d902f75ccc7f6b5bd28c7796fb5be3fd2bfd41068	gia con quel nome	il file si chiama gia cosi
2026-08-04T15:54:16	Gambe e Glutei	Affondo camminato con knee drive.gif	Affondo camminato con knee drive.gif	071992bf16eccc3305771c9f9a6075b3a83c63f2bf3fba3ea7b58d0c2dd190ba	gia con quel nome	il file si chiama gia cosi
2026-08-04T15:54:16	Gambe e Glutei	Affondo sul posto.gif	Affondo sul posto.gif	fc602a542d5afa607b994b5fa8248e884b8ab84e2f4d314c921139993d7bb549	gia con quel nome	il file si chiama gia cosi
2026-08-04T15:54:16	Gambe e Glutei	Affondo incrociato indietro bilanciere.gif	Affondo incrociato indietro bilanciere.gif	7c6ff54f4d3c56e11f2547b6b7a6921a4aca4f2d99269542044277dbaed7ab59	gia con quel nome	il file si chiama gia cosi
2026-08-04T15:54:16	Gambe e Glutei	Affondo indietro bilanciere.gif	Affondo indietro bilanciere.gif	a4412c5fab9e3f1739c023afb1a9899340f309a93fae84e5c000115a71ba19ef	gia con quel nome	il file si chiama gia cosi
2026-08-04T15:54:16	Gambe e Glutei	Affondo indietro manubri.gif	Affondo indietro manubri.gif	b72a1e6cf4fdd01f8f30e6769e039678bbf9e724796db8938743d78a33fcb476	gia con quel nome	il file si chiama gia cosi
2026-08-04T15:54:16	Gambe e Glutei	Affondo laterale alternato.gif	Affondo laterale alternato.gif	42049265076674d662e70b46efeb83bbad46796f76f3172acbaa0e35d4844b8c	gia con quel nome	il file si chiama gia cosi
2026-08-04T15:54:16	Gambe e Glutei	Affondo laterale bilanciere.gif	Affondo laterale bilanciere.gif	ad56ceacdee2e6d493bd4a6378b297009dea86742d417086294bea4a7c8069ba	gia con quel nome	il file si chiama gia cosi
2026-08-04T15:54:16	Gambe e Glutei	Affondo laterale manubri.gif	Affondo laterale manubri.gif	185313ac198178da31cc1b443263df6a1281eab8961222b7a863fb80e1d913b2	gia con quel nome	il file si chiama gia cosi
2026-08-04T15:54:16	Gambe e Glutei	Affondo multipower.gif	Affondo multipower.gif	6f6e56838a6afb79d88b3434cabbbec04c1a75c95822473607fa0bbef183f2d6	gia con quel nome	il file si chiama gia cosi
2026-08-04T15:54:16	Gambe e Glutei	Affondo maniglie elastico sul posto.gif	Affondo maniglie elastico sul posto.gif	7d11efd0eaef29bc0a76539aa48caa720e2f5df4a03e4c099d693ac70b719972	gia con quel nome	il file si chiama gia cosi
2026-08-04T15:54:16	Gambe e Glutei	Camminata manubri.gif	Camminata manubri.gif	f952f75c65cc562af2eeac5b6c96c0d884dd1ec2a016dc48bc62e79a697f64a8	gia con quel nome	il file si chiama gia cosi
2026-08-04T15:54:16	Gambe e Glutei	Camminata squat.gif	Camminata squat.gif	a4f01d1a040b20588d9f25a19976ff75bb38957d7a990422405d66b6d5f440ae	gia con quel nome	il file si chiama gia cosi
2026-08-04T15:54:16	Gambe e Glutei	Leg extension macchina.gif	Leg extension macchina.gif	3b91cf1047fa467e7f6bf84d3e4856b3a4ef39771265e8dda96e34c17a089a65	gia con quel nome	il file si chiama gia cosi
2026-08-04T15:54:16	Gambe e Glutei	Leg extension macchina una gamba.gif	Leg extension macchina una gamba.gif	4509a38a5ec155ea9d5d407985f264210f3c4f61f278d7f2975f36ebd38c0ba6	gia con quel nome	il file si chiama gia cosi
2026-08-04T15:54:16	Gambe e Glutei	Leg press 45 gradi.gif	Leg press 45 gradi.gif	8df5f83c669593ebe552cef07e968c55215addc14e0ff8a45f2c57000a4c227d	gia con quel nome	il file si chiama gia cosi
2026-08-04T15:54:16	Gambe e Glutei	Leg press 45 gradi una gamba.gif	Leg press 45 gradi una gamba.gif	bbf585e7b1d26c3ff68786c36f2905c0567fa68daf8eb99d665676c17fd7726e	gia con quel nome	il file si chiama gia cosi
2026-08-04T15:54:16	Gambe e Glutei	Leg press alternato barra elastico supino.gif	Leg press alternato barra elastico supino.gif	20162d5031162702b4b9dac80e9296b8584b342ed6d1103e97a932582c764b85	gia con quel nome	il file si chiama gia cosi
2026-08-04T15:54:16	Gambe e Glutei	Leg press orizzontale macchina.gif	Leg press orizzontale macchina.gif	e1ac12ec44657dcff545989874baa8eaba1f3b39741279f976a03121c40ba390	gia con quel nome	il file si chiama gia cosi
2026-08-04T15:54:16	Gambe e Glutei	Girata al petto bilanciere.gif	Girata al petto bilanciere.gif	3c81053bd441bf07b8ca04acca47b92c62639b74daa2c50cf85dcefc59398499	gia con quel nome	il file si chiama gia cosi
2026-08-04T15:54:16	Gambe e Glutei	Good morning bilanciere.gif	Good morning bilanciere.gif	986bff59711cb40b108871c67972db98cf4711720e8b5190e01ce579cc0e4728	gia con quel nome	il file si chiama gia cosi
2026-08-04T15:54:16	Gambe e Glutei	Good morning manubrio.gif	Good morning manubrio.gif	6fe44ab0098ed73fc28ad8113a1c241fa4777358e0732b487af3ee900d056bc6	gia con quel nome	il file si chiama gia cosi
2026-08-04T15:54:16	Gambe e Glutei	Stacco rumeno una gamba maniglie elastico.gif	Stacco rumeno una gamba maniglie elastico.gif	71966d49b0618b868e2d563e52f723fe8a435c6fbecb028e40199c0b173ce415	gia con quel nome	il file si chiama gia cosi
2026-08-04T15:54:16	Gambe e Glutei	Stacco da terra bilanciere.gif	Stacco da terra bilanciere.gif	15a57eb444d733c52d7a4053f61643fbb26a3543f0d00b9656cd31f819eeca81	gia con quel nome	il file si chiama gia cosi
2026-08-04T15:54:16	Gambe e Glutei	Stacco da terra macchina presa neutra.gif	Stacco da terra macchina presa neutra.gif	7f183e40e0584525c4f08ad1eb0752d629025494def47d030bccc5cb41df29a9	gia con quel nome	il file si chiama gia cosi
2026-08-04T15:54:16	Gambe e Glutei	Stacco da terra manubri.gif	Stacco da terra manubri.gif	87cc308c4759f64506d8dc533d300bda38dde1f952147717ef19dd6ab01f5042	gia con quel nome	il file si chiama gia cosi
2026-08-04T15:54:16	Gambe e Glutei	Stacco da terra sumo bilanciere.gif	Stacco da terra sumo bilanciere.gif	2161fe48ec15af859b481f43cbdb75f0827c2ee67413b9eac3e94a071c7b6844	gia con quel nome	il file si chiama gia cosi
2026-08-04T15:54:16	Gambe e Glutei	Stacco da terra trap bar.gif	Stacco da terra trap bar.gif	66e0c09ab6c3089c68747ed92bd5e86436661407487a118f99dad90df207de20	gia con quel nome	il file si chiama gia cosi
2026-08-04T15:54:16	Gambe e Glutei	Stacco gambe tese bilanciere.gif	Stacco gambe tese bilanciere.gif	2badabdb6c8473e87290897855aa693708596ad4abcc8f8e43768bc06bf214f0	gia con quel nome	il file si chiama gia cosi
2026-08-04T15:54:16	Gambe e Glutei	Stacco gambe tese manubri.gif	Stacco gambe tese manubri.gif	a90b74bedb880e4e3b1652da7e0883e2c38ff70e33afa7b41396e9e220749bee	gia con quel nome	il file si chiama gia cosi
2026-08-04T15:54:16	Gambe e Glutei	Stacco gambe tese multipower.gif	Stacco gambe tese multipower.gif	5f8d86ff79eee25bf37bce42f045cbbc848dc3af1309fef89df368c25e617ba7	gia con quel nome	il file si chiama gia cosi
2026-08-04T15:54:16	Gambe e Glutei	Stacco rumeno una gamba.gif	Stacco rumeno una gamba.gif	3a3d0c676837b5a88739ff2a73561742db542f346884bea20cbff64637d32711	gia con quel nome	il file si chiama gia cosi
2026-08-04T15:54:16	Gambe e Glutei	Stacco rumeno bilanciere.gif	Stacco rumeno bilanciere.gif	6408358f337d24be43a70149bed1c45a8cef0f7bf79e5694fcf38375f1bd7315	gia con quel nome	il file si chiama gia cosi
2026-08-04T15:54:16	Gambe e Glutei	Stacco rumeno manubri.gif	Stacco rumeno manubri.gif	8d5eb185bbfa050b83d395997b9aef39edbe540029389b65c99fab33637cc27b	gia con quel nome	il file si chiama gia cosi
2026-08-04T15:54:16	Gambe e Glutei	Stacco rumeno una gamba palla medica.gif	Stacco rumeno una gamba palla medica.gif	e874d1e8ebf510af12771ecbf13641202d00f611565b0934fc909b699a8021ee	gia con quel nome	il file si chiama gia cosi
2026-08-04T15:54:16	Gambe e Glutei	Stacco rumeno una gamba kettlebell.gif	Stacco rumeno una gamba kettlebell.gif	33ca04bb86160767b71426af9a5c29991ae6aca31400d6715f3aa94e9d02057b	gia con quel nome	il file si chiama gia cosi
2026-08-04T15:54:16	Gambe e Glutei	Stacco rumeno una gamba manubri.gif	Stacco rumeno una gamba manubri.gif	9c38b502463fa98c518afe0f80e030289039e3b32106bcc31d1948fe878ea546	gia con quel nome	il file si chiama gia cosi
2026-08-04T15:54:16	Gambe e Glutei	Stacco rumeno una gamba multipower.gif	Stacco rumeno una gamba multipower.gif	b74e09fd01ae559deb27240898221efaf3965400c85dd75ca1c2571f6458891d	gia con quel nome	il file si chiama gia cosi
2026-08-04T15:54:16	Gambe e Glutei	Swing elastico maniglie.gif	Swing elastico maniglie.gif	8985b3f51bdf676005206b9a4e679d9f79d7b0f10dc7db8c330f6b3cb8a58d31	gia con quel nome	il file si chiama gia cosi
2026-08-04T15:54:16	Gambe e Glutei	Nordic curl panca romana.gif	Nordic curl panca romana.gif	a618650368f6b351b0b04d6845cc7253a241bf018d9ccc1549f65b2c645b9264	gia con quel nome	il file si chiama gia cosi
2026-08-04T15:54:16	Gambe e Glutei	Iperestensione inversa panca romana.gif	Iperestensione inversa panca romana.gif	ede3cfa8877ccbb21d3ac3171a66670f2287ebc5ccbe498e862f114a327ea720	gia con quel nome	il file si chiama gia cosi
2026-08-04T15:54:16	Gambe e Glutei	Leg curl una gamba cavo in piedi.gif	Leg curl una gamba cavo in piedi.gif	618e2cfd885c89ed12c65bb52b951d0021a9d4e0fddbec1f03bf3eeda29581e0	gia con quel nome	il file si chiama gia cosi
2026-08-04T15:54:16	Gambe e Glutei	Leg curl una gamba macchina in piedi.gif	Leg curl una gamba macchina in piedi.gif	41e4d7dc92c16107d5b322e5f2c42edbed6ebaddbf928e6fe7261f3e8f8c6434	gia con quel nome	il file si chiama gia cosi
2026-08-04T15:54:16	Gambe e Glutei	Leg curl cavo sdraiato.gif	Leg curl cavo sdraiato.gif	df494a79e62f0371b067507da680cae4f1153d2ba45dac0c078d4c3981cb33ad	gia con quel nome	il file si chiama gia cosi
2026-08-04T15:54:16	Gambe e Glutei	Leg curl una gamba macchina ginocchio rialzato.gif	Leg curl una gamba macchina ginocchio rialzato.gif	fe67588edbb890cb52a23bb0f1f803db130a1dbf8b6638260c09d9d96197fa06	gia con quel nome	il file si chiama gia cosi
2026-08-04T15:54:16	Gambe e Glutei	Leg curl macchina prona.gif	Leg curl macchina prona.gif	3c94667d2cfce7f620b9d69455866a367a44483aa057acd97b14fac86c957834	gia con quel nome	il file si chiama gia cosi
2026-08-04T15:54:16	Gambe e Glutei	Leg curl una gamba macchina prona.gif	Leg curl una gamba macchina prona.gif	f95f386243dfe5e83d25893198858847a4df91a84afb71b7080e129d49ef1775	gia con quel nome	il file si chiama gia cosi
2026-08-04T15:54:16	Gambe e Glutei	Leg curl macchina seduto prese anteriori.gif	Leg curl macchina seduto prese anteriori.gif	bc6053d01b6789e92a618846509f702d7cb46ef6b602181b0de8881a700cdd01	gia con quel nome	il file si chiama gia cosi
2026-08-04T15:54:16	Gambe e Glutei	Leg curl macchina seduto prese laterali.gif	Leg curl macchina seduto prese laterali.gif	20d7a61edc8d4fe1ab8a25acf9b6d6e5331e8c616bcb1af8ce640a3d9e3ab666	gia con quel nome	il file si chiama gia cosi
2026-08-04T15:54:16	Gambe e Glutei	Reverse hyper elastico panca piana.gif	Reverse hyper elastico panca piana.gif	d323698d14233764d5922c7d01c4bffce78c33ad135da2a27fb2de5ef175a276	gia con quel nome	il file si chiama gia cosi
2026-08-04T15:54:16	Gambe e Glutei	Hip thrust bilanciere panca.gif	Hip thrust bilanciere panca.gif	7f6b35aebf337bcc17c4cdcb626103cad242f99c7bdadb448ee5319fd994b8e9	gia con quel nome	il file si chiama gia cosi
2026-08-04T15:54:16	Gambe e Glutei	Hip thrust corpo libero panca.gif	Hip thrust corpo libero panca.gif	b69d54b222fe7dc9fd5a9a7dff483a0a4226e179d26a3b7fbcc42ad6abe3b5b6	gia con quel nome	il file si chiama gia cosi
2026-08-04T15:54:16	Gambe e Glutei	Hip thrust elastico in ginocchio.gif	Hip thrust elastico in ginocchio.gif	70aa6e70da60bbcda01dcc948bfa5d18dad2b2f1d5754340adf68fe9322ee25d	gia con quel nome	il file si chiama gia cosi
2026-08-04T15:54:16	Gambe e Glutei	Hip thrust multipower panca.gif	Hip thrust multipower panca.gif	0441b07c3842e386dda79f93d46f2afad2d6c8dda5ca857bd1f8035a112e6a57	gia con quel nome	il file si chiama gia cosi
2026-08-04T15:54:16	Gambe e Glutei	Hip thrust bilanciere piedi su panca.gif	Hip thrust bilanciere piedi su panca.gif	14ae4e0b84a58cfe25ecb63d53f547ad0c0d1795b27088ac26c283ee3de2a783	gia con quel nome	il file si chiama gia cosi
2026-08-04T15:54:16	Gambe e Glutei	Hip thrust talloni elevati.gif	Hip thrust talloni elevati.gif	35f7947997e152eedbddeb78f86782be19495cd01bfa8a2307e7adfde157d77b	gia con quel nome	il file si chiama gia cosi
2026-08-04T15:54:16	Gambe e Glutei	Hip thrust unilaterale (schiena su panca).gif	Hip thrust bilanciere una gamba.gif	a0e304b97dce81084d12f534a7675e3fa00d2cc00a04cf7a526ef5206bbedccd	niente da fare sul Mac	nessun file sul Mac: si rinomina in migrazione
2026-08-04T15:54:16	Gambe e Glutei	Hip thrust una gamba panca spinta esplosiva.gif	Hip thrust una gamba panca spinta esplosiva.gif	3def639c3af695e7d2e45782495e7b9d2016f600d2c275461b3debec3c99737e	gia con quel nome	il file si chiama gia cosi
2026-08-04T15:54:16	Gambe e Glutei	Hip thrust una gamba panca.gif	Hip thrust una gamba panca.gif	76067cc0a70a14efbd3d24f4bc8be2e041c95b3eb82d8443f0da101b860ad038	gia con quel nome	il file si chiama gia cosi
2026-08-04T15:54:16	Gambe e Glutei	Ponte glutei.gif	Ponte glutei.gif	58825f7b669b759a54fb2df628b95dde97b52d45b404280ef4edd611c87257a9	gia con quel nome	il file si chiama gia cosi
2026-08-04T15:54:16	Gambe e Glutei	Ponte glutei frog pump.gif	Ponte glutei frog pump.gif	ca76398a9a97a43247d3012102edc70b536642e2270d0fefa08ececb4c80cc46	gia con quel nome	il file si chiama gia cosi
2026-08-04T15:54:16	Gambe e Glutei	Ponte glutei gambe tese piedi su panca.gif	Ponte glutei gambe tese piedi su panca.gif	adc40d2960ef1ed9d553170f564149e92dcbfaa12c6bd5feacea2f5ef643968a	gia con quel nome	il file si chiama gia cosi
2026-08-04T15:54:16	Gambe e Glutei	Ponte glutei manubrio.gif	Ponte glutei manubrio.gif	8395ca4cae72657568dc9ba63adc0cba92793fc74e2a18fc8e516dc2ff276baa	gia con quel nome	il file si chiama gia cosi
2026-08-04T15:54:16	Gambe e Glutei	Ponte glutei piedi su panca.gif	Ponte glutei piedi su panca.gif	21bd3fcb0d7f65598a6d20f9b0bff4fef175c699f27d5f06a80eb04ddf075c56	gia con quel nome	il file si chiama gia cosi
2026-08-04T15:54:16	Gambe e Glutei	Ponte glutei una gamba piede posteriore panca.gif	Ponte glutei una gamba piede posteriore panca.gif	a6c1840a5fa155ca60277e3ed2fc95c8a912b141cf140aa04b662550605f13a8	gia con quel nome	il file si chiama gia cosi
2026-08-04T15:54:16	Gambe e Glutei	Ponte glutei una gamba tesa.gif	Ponte glutei una gamba tesa.gif	19f92551056487f8c4aecbb95797644b0c7d10e973ca8517cf22ae63ea04e6a9	gia con quel nome	il file si chiama gia cosi
2026-08-04T15:54:16	Gambe e Glutei	Ponte glutei una gamba verticale.gif	Ponte glutei una gamba verticale.gif	1d2cf901a45504db769aeb02bade7a17d07e95cb83d17ae68eda017aaaa4f2af	gia con quel nome	il file si chiama gia cosi
2026-08-04T15:54:16	Gambe e Glutei	Abduzione anca decubito laterale.gif	Abduzione anca decubito laterale.gif	36591f7540ab08a2bcbe24449da7731e89e7119b12a546bcc20e5fbb84a8148d	gia con quel nome	il file si chiama gia cosi
2026-08-04T15:54:16	Gambe e Glutei	Abduzione anca elastico seduto panca.gif	Abduzione anca elastico seduto panca.gif	28e9e41d85fdd9e187ffd7ff3e73c28cde6118a577191becff5d6d029d152e59	gia con quel nome	il file si chiama gia cosi
2026-08-04T15:54:16	Gambe e Glutei	Abduzione una gamba cavo.gif	Abduzione una gamba cavo.gif	26bd85ebbc14d6d894c757fff7c01e1f3b1bf7737b41a10b5307dfdd11116904	gia con quel nome	il file si chiama gia cosi
2026-08-04T15:54:16	Gambe e Glutei	Abduzione Clamshell decubito laterale.gif	Abduzione clamshell decubito laterale.gif	9cf0d29aa0f7a9164b50442a2aa752ada10ce315e552bf309c118a7f7bd60cfd	errore	destinazione comparsa nel frattempo
2026-08-04T15:54:16	Gambe e Glutei	Abduzione Clamshell elastico decubito laterale.gif	Abduzione clamshell elastico decubito laterale.gif	a3c6ef8292fcd0d17e17a4b137d39ae6cac1ec07262b4f8e5d4f0f2c7a6c767f	errore	destinazione comparsa nel frattempo
2026-08-04T15:54:16	Gambe e Glutei	Abduzione fire hydrant elastico quadrupedia.gif	Abduzione fire hydrant elastico quadrupedia.gif	87f4ee85172f30be9424a03edadc54cf2bf029d471b4fd71b0c542d496fff371	gia con quel nome	il file si chiama gia cosi
2026-08-04T15:54:16	Gambe e Glutei	Abduzione appoggio in piedi.gif	Abduzione appoggio in piedi.gif	6af8638aea63e98ec4bce399caef862421d70e54f1b93a80719fc77ddaac656d	gia con quel nome	il file si chiama gia cosi
2026-08-04T15:54:16	Gambe e Glutei	Abduzione fire hydrant quadrupedia.gif	Abduzione fire hydrant quadrupedia.gif	e5d41dae55dd5ca517472921fb792caf11a1467dc6d161cba40a91fd6f2517a8	gia con quel nome	il file si chiama gia cosi
2026-08-04T15:54:16	Gambe e Glutei	Abduzione una gamba macchina spinta laterale.gif	Abduzione una gamba macchina spinta laterale.gif	2e41cb245a580273b33089a600781079868d652293d8b415f9c0444bc6df7d97	gia con quel nome	il file si chiama gia cosi
2026-08-04T15:54:16	Gambe e Glutei	Abduzione macchina spinta posteriore.gif	Abduzione macchina spinta posteriore.gif	2de2d239a271bed617680c7b37b05d3bf1d44d059ddd725d4841ebdc393afc57	gia con quel nome	il file si chiama gia cosi
2026-08-04T15:54:16	Gambe e Glutei	Abduzione macchina seduto.gif	Abduzione macchina seduto.gif	47eb61b4daa92f896b6c1aa2461d598e0468d57e3a36558c2a789a7bf24c52c2	gia con quel nome	il file si chiama gia cosi
2026-08-04T15:54:16	Gambe e Glutei	Camminata laterale elastico.gif	Camminata laterale elastico.gif	615827e78ad806768b9deaa68d7f4f3e4f4be53724e2b3160c252175907096d1	gia con quel nome	il file si chiama gia cosi
2026-08-04T15:54:16	Gambe e Glutei	Donkey kick avambracci a terra.gif	Donkey kick avambracci a terra.gif	5599f5fbeb64e446a40f88a24259976360b98dc6e73cc3efe2a7ee12b2c8e76c	gia con quel nome	il file si chiama gia cosi
2026-08-04T15:54:16	Gambe e Glutei	Donkey kick mani a terra.gif	Donkey kick mani a terra.gif	2f33257ee046083d5e52ef7369a19ca36fcba6b4b4ee623ac1f2ec268fdc615c	gia con quel nome	il file si chiama gia cosi
2026-08-04T15:54:16	Gambe e Glutei	Donkey kick elastico quadrupedia.gif	Donkey kick elastico quadrupedia.gif	1805d106e06b98da16dabf757d6434eaaf81d0947b4284348d57d7be030464f6	gia con quel nome	il file si chiama gia cosi
2026-08-04T15:54:16	Gambe e Glutei	Donkey kick tesa panca.gif	Donkey kick tesa panca.gif	8d226f8371aa8b5867e5272d1e4f49df2816e8f4f553e806f1c99af0f2fd19eb	gia con quel nome	il file si chiama gia cosi
2026-08-04T15:54:16	Gambe e Glutei	Donkey kick macchina.gif	Donkey kick macchina.gif	d5ba21d65a6d2480506e35b47dacc8db49ed73895fbd400eeb7d5be7e5095b2e	gia con quel nome	il file si chiama gia cosi
2026-08-04T15:54:16	Gambe e Glutei	Estensione anca appoggio bilanciere (unilateral hip extension with vertical barbell support).gif	Estensione anca elastico.gif	680dae8c4cc422aa7b26097083317b838d5eee2e927738a43f99d82de938f7f8	niente da fare sul Mac	nessun file sul Mac: si rinomina in migrazione
2026-08-04T15:54:16	Gambe e Glutei	Estensione anca cavo busto flesso.gif	Estensione anca cavo busto flesso.gif	42c8d4637ea6b6659f1bdaf0f0d4d6a3334c08f96d0a9039b457af0e3d65b202	gia con quel nome	il file si chiama gia cosi
2026-08-04T15:54:16	Gambe e Glutei	Estensione anca cavo.gif	Estensione anca cavo.gif	87fea7deeed06a9a924b0eee4517a48c740fd76b40ed8c78e78ffe88e69a92e4	gia con quel nome	il file si chiama gia cosi
2026-08-04T15:54:16	Gambe e Glutei	Estensione anca elastico busto flesso.gif	Estensione anca elastico busto flesso.gif	b0bcd55a0cc7503a450a92113fe44d959a1722ca5625b3cbb9766ec0fe52464a	gia con quel nome	il file si chiama gia cosi
2026-08-04T15:54:16	Gambe e Glutei	Estensione anca elastico knee drive.gif	Estensione anca elastico knee drive.gif	99f9d3c042f625294b7b4deba0f28d96c9d65471269a117560a9768545fe1a5e	gia con quel nome	il file si chiama gia cosi
2026-08-04T15:54:16	Gambe e Glutei	Estensione anca glute machine.gif	Estensione anca glute machine.gif	3ecf41e11996cd93ec79cafc00f6314bd1c2239f1dc8e04cdd7a2a6b810550ce	gia con quel nome	il file si chiama gia cosi
2026-08-04T15:54:16	Gambe e Glutei	Estensione anca in piedi appoggio bilanciere.gif	Estensione anca in piedi appoggio bilanciere.gif	f9f13514b2203edd9ff6e414b54d899447701d70ddb07b9c06e1e98c8b52d190	gia con quel nome	il file si chiama gia cosi
2026-08-04T15:54:16	Gambe e Glutei	Stacco rumeno una gamba bilanciere.gif	Stacco rumeno una gamba bilanciere.gif	cb6e1394da0aa481bff8c8b45a5af8d6168db7cb039ad43bab61fbb426e3a41d	gia con quel nome	il file si chiama gia cosi
2026-08-04T15:54:16	Gambe e Glutei	Estensione anca macchina.gif	Estensione anca macchina.gif	8f88a46d9caaaedd3213f089a348da6a9391dfbcdfe19ce54be18e937946e0ca	gia con quel nome	il file si chiama gia cosi
2026-08-04T15:54:16	Gambe e Glutei	Stacco rumeno una gamba manubri 2.gif	Stacco rumeno una gamba manubri 2.gif	798e02e869473d099d444a79fbc8cc3521e07aa77e00eaadc6590329df5661b0	gia con quel nome	il file si chiama gia cosi
2026-08-04T15:54:16	Gambe e Glutei	Adduzione anca decubito laterale gamba tesa.gif	Adduzione anca decubito laterale gamba tesa.gif	ffafbba8e1069936d293fc38c2ffadbb0ac12455dd6db446986ddf32a6a5a65d	gia con quel nome	il file si chiama gia cosi
2026-08-04T15:54:16	Gambe e Glutei	Adduzione anca cavo.gif	Adduzione anca cavo.gif	3facf6f34e005363ea433aae0adb89d74dada495582b5b252ee35ecc45ca1713	gia con quel nome	il file si chiama gia cosi
2026-08-04T15:54:16	Gambe e Glutei	Adduzione anca decubito laterale piede in appoggio.gif	Adduzione anca decubito laterale piede in appoggio.gif	50a3a7eec880b7ebcc23d11d0b7a3c4cd6d3bf4024540840e3d8178a61b2366b	gia con quel nome	il file si chiama gia cosi
2026-08-04T15:54:16	Gambe e Glutei	Adduzione una gamba macchina in piedi.gif	Adduzione una gamba macchina in piedi.gif	0f67caeb3f0b76a301340fa1fc9727c8318f541e1daa73dd9917e73daa8c9347	gia con quel nome	il file si chiama gia cosi
2026-08-04T15:54:16	Gambe e Glutei	Adduzione macchina seduto.gif	Adduzione macchina seduto.gif	b1c254befaf31b8fcd0aaf2755c15d0ebdf4cc69359ec739930780a24c654d7e	gia con quel nome	il file si chiama gia cosi
2026-08-04T15:54:16	Gambe e Glutei	Step up manubri con curl bicipiti.gif	Step up manubri con curl bicipiti.gif	3f4e83665a8d21dc754db8f23a69172a7fae07e10961dd619f7c8e4ed64f3018	gia con quel nome	il file si chiama gia cosi
2026-08-04T15:54:16	Gambe e Glutei	Step-up bilanciere.gif	Step-up bilanciere.gif	1a48011afd2fe3ff564ac377b35cd734f8e2621ceea9745093f34819b8a5e677	gia con quel nome	il file si chiama gia cosi
2026-08-04T15:54:16	Gambe e Glutei	Step-up cavo basso.gif	Step-up cavo basso.gif	064d27d233e6e38fe39d9c999badfa26e9d83c1bafb06482b28433ef5446494f	gia con quel nome	il file si chiama gia cosi
2026-08-04T15:54:16	Gambe e Glutei	Calf raise su gradino.gif	Calf raise su gradino.gif	f0b3ea76e173a770e298e65e242c0fb83a1bc27626d2be726388b18e7ee3cafd	gia con quel nome	il file si chiama gia cosi
2026-08-04T15:54:16	Gambe e Glutei	Affondo pliometrico manubri (Dumbbell jumping lunge).gif	Jumping pliometrico manubri.gif	167ca90a26b517f4ad08e4f2b4021b824e8ad5e9ffc5e6ef1875532f2f309b5e	rinominato	
2026-08-04T15:54:16	Gambe e Glutei	Salto all'indietro.gif	Salto all'indietro.gif	a62c3447813ba7c3b0fb9e0df922a9bcde2158c0a205154c5684a1c298948f26	gia con quel nome	il file si chiama gia cosi
2026-08-04T15:54:16	Gambe e Glutei	Affondo jump lunge.gif	Jumping split lunge.gif	249d59842be2bebb1397aee4461028ba5b345f2668ab7f347013a68c87869813	rinominato	
2026-08-04T15:54:16	Gambe e Glutei	Salto lungo da fermo.gif	Salto lungo da fermo.gif	4f43a63ea99b7649dd74f994ca8f86d4e46a5ec64c2eb1b79d6f7efbe5d15612	gia con quel nome	il file si chiama gia cosi
2026-08-04T15:54:16	Gambe e Glutei	Salto monopodalico in avanti.gif	Salto una gamba avanti.gif	b719429ca7eef77fd59fcd5aa6981695e944c96825ca7d7a28ebb47a753bc350	rinominato	
2026-08-04T15:54:16	Gambe e Glutei	Salto verticale esplosivo.gif	Salto verticale esplosivo.gif	22695a0973033165dfbe2ae1a4a3525a35d623396f36ccec47b8902da103da3d	gia con quel nome	il file si chiama gia cosi
2026-08-04T15:59:14	Gambe e Glutei	Squat barra elastico.gif	Squat barra elastico.gif	21ffc120fe95b3122340eab79aac151f123bc49082f7d2ef71b3e2687fcb0452	gia con quel nome	il file si chiama gia cosi
2026-08-04T15:59:14	Gambe e Glutei	Squat bilanciere.gif	Squat bilanciere.gif	7a0b33d7c67823493e97ca649ee2f9edd2ab6a5c05a4f48e3636440e68a0e749	gia con quel nome	il file si chiama gia cosi
2026-08-04T15:59:14	Gambe e Glutei	Squat bilanciere al rack.gif	Squat bilanciere al rack.gif	e5641ea4bf94dbcf5922d6dd5ddfac0cb8599c3f48b583d2b46109bf884e89fa	gia con quel nome	il file si chiama gia cosi
2026-08-04T15:59:14	Gambe e Glutei	Squat bilanciere landmine.gif	Squat bilanciere landmine.gif	210ccb4f95a26476675450fcc84c8c7646d68fc8fa97c8cfe6dc26cbcff3f14b	gia con quel nome	il file si chiama gia cosi
2026-08-04T15:59:14	Gambe e Glutei	Squat calcio laterale.gif	Squat calcio laterale.gif	8678172072528fb0150ffca39c5fd3c68d445cf20e8a4d9d75c0aaea9472f753	gia con quel nome	il file si chiama gia cosi
2026-08-04T15:59:14	Gambe e Glutei	Squat cavi bassi.gif	Squat cavi bassi.gif	312a834ecbd28e0dce80d2c2313590dae1c70e49e4791b0cbf55d2dbcef2772b	gia con quel nome	il file si chiama gia cosi
2026-08-04T15:59:14	Gambe e Glutei	Squat cavo basso.gif	Squat cavo basso.gif	c309f2e7e286f1c641ba2cc6c7accd31e044a56f44fa1260f1b0574811053f81	gia con quel nome	il file si chiama gia cosi
2026-08-04T15:59:14	Gambe e Glutei	Squat corpo libero.gif	Squat corpo libero.gif	9bf078772d3b4afde76826ec8dffc878544353af72b2660d59e7178cb9f1ca2b	gia con quel nome	il file si chiama gia cosi
2026-08-04T15:59:14	Gambe e Glutei	Squat cosacco.gif	Squat cosacco.gif	88356c85eadd2df87324b869fe3b02bcd2d454062f63181a77b7213c5d3dd893	gia con quel nome	il file si chiama gia cosi
2026-08-04T15:59:14	Gambe e Glutei	Squat elastico braccia alte.gif	Squat elastico braccia alte.gif	3927ec7c2413b5417cfe8e7c31dae52e83c35265d68e609a942d37c3a78cb82e	gia con quel nome	il file si chiama gia cosi
2026-08-04T15:59:14	Gambe e Glutei	Squat bilanciere frontale.gif	Squat bilanciere frontale.gif	e6605bcdad3f6579d265e0d2d0bb69efbb2ff7e6dc2067d954619c89f7413e6e	gia con quel nome	il file si chiama gia cosi
2026-08-04T15:59:14	Gambe e Glutei	Squat torsione ginocchio alto.gif	Squat torsione ginocchio alto.gif	8acd67cdd91098459064db42dcfdf5c94cd767526e667d05c14d08742a460739	gia con quel nome	il file si chiama gia cosi
2026-08-04T15:59:14	Gambe e Glutei	Squat goblet kettlebell banda.gif	Squat goblet kettlebell banda.gif	79aef9ca93ec5cac7ab66d2c5dbc7df03e8cc680af566f85cb2817601d7d924b	gia con quel nome	il file si chiama gia cosi
2026-08-04T15:59:14	Gambe e Glutei	Squat hack machine.gif	Squat hack machine.gif	70e04f664d37a10ef5d81db4aeeb3c115082c5e1104d179f241e190f8e72414a	gia con quel nome	il file si chiama gia cosi
2026-08-04T15:59:14	Gambe e Glutei	Squat inverso hack machine.gif	Squat inverso hack machine.gif	75328f32765c95024ca5c537ccd38b7c1bf80c77194d6624bb839445823c7d9f	gia con quel nome	il file si chiama gia cosi
2026-08-04T15:59:14	Gambe e Glutei	Squat manubri.gif	Squat manubri.gif	b80ed62ddecc7249d7a91862d1e697ad97b7bfe6acf7f1e22bd9bfe3c48c18de	gia con quel nome	il file si chiama gia cosi
2026-08-04T15:59:14	Gambe e Glutei	Squat multipower.gif	Squat multipower.gif	b1c24965c7c5217c4c3caac0d9211867485d960b81f407a4d22ef8f2bb274883	gia con quel nome	il file si chiama gia cosi
2026-08-04T15:59:14	Gambe e Glutei	Squat wall fitball.gif	Squat wall fitball.gif	6ba72710aed06cd82a34d53c5f6fe1e0f34aa80d70570a8403da04bc5e41a1cb	gia con quel nome	il file si chiama gia cosi
2026-08-04T15:59:14	Gambe e Glutei	Squat manubri seduto su panca.gif	Squat manubri seduto su panca.gif	b66a750d54c81cfbb67564ccb2685e720b21d203fde5deca84679b38d41c69e9	gia con quel nome	il file si chiama gia cosi
2026-08-04T15:59:14	Gambe e Glutei	Squat profondo bilanciere.gif	Squat profondo bilanciere.gif	44b6d5f224cb8e4cd6322fc73521f14461e1853d0851ffc153d36792e40069a2	gia con quel nome	il file si chiama gia cosi
2026-08-04T15:59:14	Gambe e Glutei	Squat sumo bilanciere frontale.gif	Squat sumo bilanciere frontale.gif	912e9c482a0418040a7a6c344b5424f8241fdf5a2054a81c886eef7edf481b85	gia con quel nome	il file si chiama gia cosi
2026-08-04T15:59:14	Gambe e Glutei	Squat sumo corpo libero braccia distese.gif	Squat sumo corpo libero braccia distese.gif	41ca83090ef0db41dac62df77a8519c30f8bba6b32095d86bba7b53ebbd74572	gia con quel nome	il file si chiama gia cosi
2026-08-04T15:59:14	Gambe e Glutei	Squat sumo corpo libero mani al petto.gif	Squat sumo corpo libero mani al petto.gif	7b98bdec1a4dd54ce9bc3958cd9fbaa48d88ebd583bf7cb5d000f7a3447e0352	gia con quel nome	il file si chiama gia cosi
2026-08-04T15:59:14	Gambe e Glutei	Squat sumo manubrio.gif	Squat sumo manubrio.gif	0c4ca1d84bdb7eef33e72bb580bcaebbf63b1b21c3d6878f547146811a6726db	gia con quel nome	il file si chiama gia cosi
2026-08-04T15:59:14	Gambe e Glutei	Squat wall ball palla medica.gif	Squat wall ball palla medica.gif	710f513cf7df6749f80653e9e87dc022f047eb426f0ea4bd5238d538877c3612	gia con quel nome	il file si chiama gia cosi
2026-08-04T15:59:14	Gambe e Glutei	Squat wall sit inclinazione alternata.gif	Squat wall sit inclinazione alternata.gif	1a35a3fe2f3b857ae0464ad22cd4958ba5ed49a185719a7d157ae4fcc99af38a	gia con quel nome	il file si chiama gia cosi
2026-08-04T15:59:14	Gambe e Glutei	Squat sumo bilanciere.gif	Squat sumo bilanciere.gif	d2bb04e1246596210448c7666bd6e48e1be9e4cebdeea4c0ff836153b5a1601f	gia con quel nome	il file si chiama gia cosi
2026-08-04T15:59:14	Gambe e Glutei	Squat wall sit.gif	Squat wall sit.gif	10a09fa7466577f5fbaac35659348e97b884d35b5d733c9eff700461e98f2c32	gia con quel nome	il file si chiama gia cosi
2026-08-04T15:59:14	Gambe e Glutei	Affondo profondo una gamba.gif	Affondo profondo una gamba.gif	cc8369de4b281ce25975e7c0352b3d93c5f9e4b566446faae052954d2302a0f7	gia con quel nome	il file si chiama gia cosi
2026-08-04T15:59:14	Gambe e Glutei	Squat bulgaro corpo libero.gif	Squat bulgaro corpo libero.gif	28dd4732693d7d04fdafa88db627dd12e38dd0671a59b0dd3bf1e56ff835d599	gia con quel nome	il file si chiama gia cosi
2026-08-04T15:59:14	Gambe e Glutei	Squat bulgaro bilanciere.gif	Squat bulgaro bilanciere.gif	c81c93122bcf59ecbb71341cc109de14237ed54a66042cbf8897ec8d001e92f6	gia con quel nome	il file si chiama gia cosi
2026-08-04T15:59:14	Gambe e Glutei	Squat bulgaro manubri.gif	Squat bulgaro manubri.gif	f6fb56b663ccb97df557e9edee16b994b0dbd6231c7799317eb38ceaa100c986	gia con quel nome	il file si chiama gia cosi
2026-08-04T15:59:14	Gambe e Glutei	Squat hawaiano.gif	Squat hawaiano.gif	b5aca689631e5b840739ffb7e69968619d79feb2862c326b38d7d40d270409d3	gia con quel nome	il file si chiama gia cosi
2026-08-04T15:59:14	Gambe e Glutei	Pistol squat assistito.gif	Pistol squat assistito.gif	bd19e6f7b7e7b534929070ef5d8dc1f45f5ba640c9d4d12a0be221b168d8bd77	gia con quel nome	il file si chiama gia cosi
2026-08-04T15:59:14	Gambe e Glutei	Pistol squat su box.gif	Pistol squat su box.gif	96f55e295049a643332324a8fbe7f8049b54dd3fbb121c464018916b10ec04a4	gia con quel nome	il file si chiama gia cosi
2026-08-04T15:59:14	Gambe e Glutei	Pistol squat corpo libero.gif	Pistol squat corpo libero.gif	50b260f35c0ba8381efd54be486dcd493865ab435aae3a729d3e842e2f651d48	gia con quel nome	il file si chiama gia cosi
2026-08-04T15:59:14	Gambe e Glutei	Pistol squat kettlebell.gif	Pistol squat kettlebell.gif	3ad266121a01ba6158276d205b0c72e5658a149338eef7c60a1c879b9e8c7498	gia con quel nome	il file si chiama gia cosi
2026-08-04T15:59:14	Gambe e Glutei	Pistol squat manubrio stesso lato.gif	Pistol squat manubrio stesso lato.gif	0b1097d802adf22ee5016caf33fb456adb8d559b878aeb5b904501e076bc8927	gia con quel nome	il file si chiama gia cosi
2026-08-04T15:59:14	Gambe e Glutei	Pistol squat seduto su box.gif	Pistol squat seduto su box.gif	1b6f327823bf4b87890331d300797096106ca2e08898c2b9d386bb0da0e66e1b	gia con quel nome	il file si chiama gia cosi
2026-08-04T15:59:14	Gambe e Glutei	Pistol squat TRX.gif	Pistol squat TRX.gif	344459a989277a53f986e05887fb3bbf6dfb9198ae8aabbe4f2bb9b23dc7e600	gia con quel nome	il file si chiama gia cosi
2026-08-04T15:59:14	Gambe e Glutei	Squat shrimp.gif	Squat shrimp.gif	981f0611e0ccdc4721e3bc23cc97451a5f686ac5cfd0c99856ab0e39a506f720	gia con quel nome	il file si chiama gia cosi
2026-08-04T15:59:14	Gambe e Glutei	Squat sissy in ginocchio.gif	Squat sissy in ginocchio.gif	b87dc9f6e10a093ead1bffc880dc5692773e84f8080083724e5d1f0e0f4d2bad	gia con quel nome	il file si chiama gia cosi
2026-08-04T15:59:14	Gambe e Glutei	Squat skater una gamba.gif	Squat skater una gamba.gif	5a35a64bbf4b16af9b99e4b249219cfd028c9b8855b7270be1072ecb0de4dfbc	gia con quel nome	il file si chiama gia cosi
2026-08-04T15:59:14	Gambe e Glutei	Squat seduto su step.gif	Squat seduto su step.gif	a3529953dec275883fd6986dc4f7d02bd4e2238da73ba51173a4cb265f924cd8	gia con quel nome	il file si chiama gia cosi
2026-08-04T15:59:14	Gambe e Glutei	Affondo inverso con knee drive.gif	Affondo inverso con knee drive.gif	e564fed566cf957a976ad9bb00cecc71a7f06b23a769143f5cd6aead904a133a	gia con quel nome	il file si chiama gia cosi
2026-08-04T15:59:14	Gambe e Glutei	Affondo unilaterale sul posto a corpo libero.gif	Affondo corpo libero sul posto.gif	c200128141d1be1956108ec277f6cf44565152f36682f23bf3df7eb8f9777001	niente da fare sul Mac	nessun file sul Mac: si rinomina in migrazione
2026-08-04T15:59:14	Gambe e Glutei	Affondo avanti alternato.gif	Affondo avanti alternato.gif	e7c875251c94a43e7a7606b6e062338cb68dfd5680461ff0af4eab1a6aa55ea9	gia con quel nome	il file si chiama gia cosi
2026-08-04T15:59:14	Gambe e Glutei	Affondo avanti bilanciere.gif	Affondo avanti bilanciere.gif	393e4a459e72ac14a2dc6e53e59d299a9a5c3f00b321d97608f9dc17908c8db1	gia con quel nome	il file si chiama gia cosi
2026-08-04T15:59:14	Gambe e Glutei	Affondo avanti manubri.gif	Affondo avanti manubri.gif	a5a7bc30add78a15ff98521e7fe825e7487260112012aa20a0b1d55616319727	gia con quel nome	il file si chiama gia cosi
2026-08-04T15:59:14	Gambe e Glutei	Affondo avanti parziale manubri.gif	Affondo avanti parziale manubri.gif	2485ad2e6b5c4f8b0471310205d595745df64b5149803f82d7c08d8c4e4fa9ff	gia con quel nome	il file si chiama gia cosi
2026-08-04T15:59:14	Gambe e Glutei	Affondo barra elastico sul posto.gif	Affondo barra elastico sul posto.gif	9abf8554bc761785893d83381662e9cdbe0a9e13292bdbad114c0fb8476dbc78	gia con quel nome	il file si chiama gia cosi
2026-08-04T15:59:14	Gambe e Glutei	Affondo bilanciere sul posto.gif	Affondo bilanciere sul posto.gif	1520562ea588eec8b3724f02472a050f41e66d0a382088a9b75e263693066683	gia con quel nome	il file si chiama gia cosi
2026-08-04T15:59:14	Gambe e Glutei	Affondo inverso Bosu con knee drive.gif	Affondo inverso Bosu con knee drive.gif	c52787af2dd05b77d22a5c0d902f75ccc7f6b5bd28c7796fb5be3fd2bfd41068	gia con quel nome	il file si chiama gia cosi
2026-08-04T15:59:14	Gambe e Glutei	Affondo camminato con knee drive.gif	Affondo camminato con knee drive.gif	071992bf16eccc3305771c9f9a6075b3a83c63f2bf3fba3ea7b58d0c2dd190ba	gia con quel nome	il file si chiama gia cosi
2026-08-04T15:59:14	Gambe e Glutei	Affondo sul posto.gif	Affondo sul posto.gif	fc602a542d5afa607b994b5fa8248e884b8ab84e2f4d314c921139993d7bb549	gia con quel nome	il file si chiama gia cosi
2026-08-04T15:59:14	Gambe e Glutei	Affondo incrociato indietro bilanciere.gif	Affondo incrociato indietro bilanciere.gif	7c6ff54f4d3c56e11f2547b6b7a6921a4aca4f2d99269542044277dbaed7ab59	gia con quel nome	il file si chiama gia cosi
2026-08-04T15:59:14	Gambe e Glutei	Affondo indietro bilanciere.gif	Affondo indietro bilanciere.gif	a4412c5fab9e3f1739c023afb1a9899340f309a93fae84e5c000115a71ba19ef	gia con quel nome	il file si chiama gia cosi
2026-08-04T15:59:14	Gambe e Glutei	Affondo indietro manubri.gif	Affondo indietro manubri.gif	b72a1e6cf4fdd01f8f30e6769e039678bbf9e724796db8938743d78a33fcb476	gia con quel nome	il file si chiama gia cosi
2026-08-04T15:59:14	Gambe e Glutei	Affondo laterale alternato.gif	Affondo laterale alternato.gif	42049265076674d662e70b46efeb83bbad46796f76f3172acbaa0e35d4844b8c	gia con quel nome	il file si chiama gia cosi
2026-08-04T15:59:14	Gambe e Glutei	Affondo laterale bilanciere.gif	Affondo laterale bilanciere.gif	ad56ceacdee2e6d493bd4a6378b297009dea86742d417086294bea4a7c8069ba	gia con quel nome	il file si chiama gia cosi
2026-08-04T15:59:14	Gambe e Glutei	Affondo laterale manubri.gif	Affondo laterale manubri.gif	185313ac198178da31cc1b443263df6a1281eab8961222b7a863fb80e1d913b2	gia con quel nome	il file si chiama gia cosi
2026-08-04T15:59:14	Gambe e Glutei	Affondo multipower.gif	Affondo multipower.gif	6f6e56838a6afb79d88b3434cabbbec04c1a75c95822473607fa0bbef183f2d6	gia con quel nome	il file si chiama gia cosi
2026-08-04T15:59:14	Gambe e Glutei	Affondo maniglie elastico sul posto.gif	Affondo maniglie elastico sul posto.gif	7d11efd0eaef29bc0a76539aa48caa720e2f5df4a03e4c099d693ac70b719972	gia con quel nome	il file si chiama gia cosi
2026-08-04T15:59:14	Gambe e Glutei	Camminata manubri.gif	Camminata manubri.gif	f952f75c65cc562af2eeac5b6c96c0d884dd1ec2a016dc48bc62e79a697f64a8	gia con quel nome	il file si chiama gia cosi
2026-08-04T15:59:14	Gambe e Glutei	Camminata squat.gif	Camminata squat.gif	a4f01d1a040b20588d9f25a19976ff75bb38957d7a990422405d66b6d5f440ae	gia con quel nome	il file si chiama gia cosi
2026-08-04T15:59:14	Gambe e Glutei	Leg extension macchina.gif	Leg extension macchina.gif	3b91cf1047fa467e7f6bf84d3e4856b3a4ef39771265e8dda96e34c17a089a65	gia con quel nome	il file si chiama gia cosi
2026-08-04T15:59:14	Gambe e Glutei	Leg extension macchina una gamba.gif	Leg extension macchina una gamba.gif	4509a38a5ec155ea9d5d407985f264210f3c4f61f278d7f2975f36ebd38c0ba6	gia con quel nome	il file si chiama gia cosi
2026-08-04T15:59:14	Gambe e Glutei	Leg press 45 gradi.gif	Leg press 45 gradi.gif	8df5f83c669593ebe552cef07e968c55215addc14e0ff8a45f2c57000a4c227d	gia con quel nome	il file si chiama gia cosi
2026-08-04T15:59:14	Gambe e Glutei	Leg press 45 gradi una gamba.gif	Leg press 45 gradi una gamba.gif	bbf585e7b1d26c3ff68786c36f2905c0567fa68daf8eb99d665676c17fd7726e	gia con quel nome	il file si chiama gia cosi
2026-08-04T15:59:14	Gambe e Glutei	Leg press alternato barra elastico supino.gif	Leg press alternato barra elastico supino.gif	20162d5031162702b4b9dac80e9296b8584b342ed6d1103e97a932582c764b85	gia con quel nome	il file si chiama gia cosi
2026-08-04T15:59:14	Gambe e Glutei	Leg press orizzontale macchina.gif	Leg press orizzontale macchina.gif	e1ac12ec44657dcff545989874baa8eaba1f3b39741279f976a03121c40ba390	gia con quel nome	il file si chiama gia cosi
2026-08-04T15:59:14	Gambe e Glutei	Girata al petto bilanciere.gif	Girata al petto bilanciere.gif	3c81053bd441bf07b8ca04acca47b92c62639b74daa2c50cf85dcefc59398499	gia con quel nome	il file si chiama gia cosi
2026-08-04T15:59:14	Gambe e Glutei	Good morning bilanciere.gif	Good morning bilanciere.gif	986bff59711cb40b108871c67972db98cf4711720e8b5190e01ce579cc0e4728	gia con quel nome	il file si chiama gia cosi
2026-08-04T15:59:14	Gambe e Glutei	Good morning manubrio.gif	Good morning manubrio.gif	6fe44ab0098ed73fc28ad8113a1c241fa4777358e0732b487af3ee900d056bc6	gia con quel nome	il file si chiama gia cosi
2026-08-04T15:59:14	Gambe e Glutei	Stacco rumeno una gamba maniglie elastico.gif	Stacco rumeno una gamba maniglie elastico.gif	71966d49b0618b868e2d563e52f723fe8a435c6fbecb028e40199c0b173ce415	gia con quel nome	il file si chiama gia cosi
2026-08-04T15:59:14	Gambe e Glutei	Stacco da terra bilanciere.gif	Stacco da terra bilanciere.gif	15a57eb444d733c52d7a4053f61643fbb26a3543f0d00b9656cd31f819eeca81	gia con quel nome	il file si chiama gia cosi
2026-08-04T15:59:14	Gambe e Glutei	Stacco da terra macchina presa neutra.gif	Stacco da terra macchina presa neutra.gif	7f183e40e0584525c4f08ad1eb0752d629025494def47d030bccc5cb41df29a9	gia con quel nome	il file si chiama gia cosi
2026-08-04T15:59:14	Gambe e Glutei	Stacco da terra manubri.gif	Stacco da terra manubri.gif	87cc308c4759f64506d8dc533d300bda38dde1f952147717ef19dd6ab01f5042	gia con quel nome	il file si chiama gia cosi
2026-08-04T15:59:14	Gambe e Glutei	Stacco da terra sumo bilanciere.gif	Stacco da terra sumo bilanciere.gif	2161fe48ec15af859b481f43cbdb75f0827c2ee67413b9eac3e94a071c7b6844	gia con quel nome	il file si chiama gia cosi
2026-08-04T15:59:14	Gambe e Glutei	Stacco da terra trap bar.gif	Stacco da terra trap bar.gif	66e0c09ab6c3089c68747ed92bd5e86436661407487a118f99dad90df207de20	gia con quel nome	il file si chiama gia cosi
2026-08-04T15:59:14	Gambe e Glutei	Stacco gambe tese bilanciere.gif	Stacco gambe tese bilanciere.gif	2badabdb6c8473e87290897855aa693708596ad4abcc8f8e43768bc06bf214f0	gia con quel nome	il file si chiama gia cosi
2026-08-04T15:59:14	Gambe e Glutei	Stacco gambe tese manubri.gif	Stacco gambe tese manubri.gif	a90b74bedb880e4e3b1652da7e0883e2c38ff70e33afa7b41396e9e220749bee	gia con quel nome	il file si chiama gia cosi
2026-08-04T15:59:14	Gambe e Glutei	Stacco gambe tese multipower.gif	Stacco gambe tese multipower.gif	5f8d86ff79eee25bf37bce42f045cbbc848dc3af1309fef89df368c25e617ba7	gia con quel nome	il file si chiama gia cosi
2026-08-04T15:59:14	Gambe e Glutei	Stacco rumeno una gamba.gif	Stacco rumeno una gamba.gif	3a3d0c676837b5a88739ff2a73561742db542f346884bea20cbff64637d32711	gia con quel nome	il file si chiama gia cosi
2026-08-04T15:59:14	Gambe e Glutei	Stacco rumeno bilanciere.gif	Stacco rumeno bilanciere.gif	6408358f337d24be43a70149bed1c45a8cef0f7bf79e5694fcf38375f1bd7315	gia con quel nome	il file si chiama gia cosi
2026-08-04T15:59:14	Gambe e Glutei	Stacco rumeno manubri.gif	Stacco rumeno manubri.gif	8d5eb185bbfa050b83d395997b9aef39edbe540029389b65c99fab33637cc27b	gia con quel nome	il file si chiama gia cosi
2026-08-04T15:59:14	Gambe e Glutei	Stacco rumeno una gamba palla medica.gif	Stacco rumeno una gamba palla medica.gif	e874d1e8ebf510af12771ecbf13641202d00f611565b0934fc909b699a8021ee	gia con quel nome	il file si chiama gia cosi
2026-08-04T15:59:14	Gambe e Glutei	Stacco rumeno una gamba kettlebell.gif	Stacco rumeno una gamba kettlebell.gif	33ca04bb86160767b71426af9a5c29991ae6aca31400d6715f3aa94e9d02057b	gia con quel nome	il file si chiama gia cosi
2026-08-04T15:59:14	Gambe e Glutei	Stacco rumeno una gamba manubri.gif	Stacco rumeno una gamba manubri.gif	9c38b502463fa98c518afe0f80e030289039e3b32106bcc31d1948fe878ea546	gia con quel nome	il file si chiama gia cosi
2026-08-04T15:59:14	Gambe e Glutei	Stacco rumeno una gamba multipower.gif	Stacco rumeno una gamba multipower.gif	b74e09fd01ae559deb27240898221efaf3965400c85dd75ca1c2571f6458891d	gia con quel nome	il file si chiama gia cosi
2026-08-04T15:59:14	Gambe e Glutei	Swing elastico maniglie.gif	Swing elastico maniglie.gif	8985b3f51bdf676005206b9a4e679d9f79d7b0f10dc7db8c330f6b3cb8a58d31	gia con quel nome	il file si chiama gia cosi
2026-08-04T15:59:14	Gambe e Glutei	Nordic curl panca romana.gif	Nordic curl panca romana.gif	a618650368f6b351b0b04d6845cc7253a241bf018d9ccc1549f65b2c645b9264	gia con quel nome	il file si chiama gia cosi
2026-08-04T15:59:14	Gambe e Glutei	Iperestensione inversa panca romana.gif	Iperestensione inversa panca romana.gif	ede3cfa8877ccbb21d3ac3171a66670f2287ebc5ccbe498e862f114a327ea720	gia con quel nome	il file si chiama gia cosi
2026-08-04T15:59:14	Gambe e Glutei	Leg curl una gamba cavo in piedi.gif	Leg curl una gamba cavo in piedi.gif	618e2cfd885c89ed12c65bb52b951d0021a9d4e0fddbec1f03bf3eeda29581e0	gia con quel nome	il file si chiama gia cosi
2026-08-04T15:59:14	Gambe e Glutei	Leg curl una gamba macchina in piedi.gif	Leg curl una gamba macchina in piedi.gif	41e4d7dc92c16107d5b322e5f2c42edbed6ebaddbf928e6fe7261f3e8f8c6434	gia con quel nome	il file si chiama gia cosi
2026-08-04T15:59:14	Gambe e Glutei	Leg curl cavo sdraiato.gif	Leg curl cavo sdraiato.gif	df494a79e62f0371b067507da680cae4f1153d2ba45dac0c078d4c3981cb33ad	gia con quel nome	il file si chiama gia cosi
2026-08-04T15:59:14	Gambe e Glutei	Leg curl una gamba macchina ginocchio rialzato.gif	Leg curl una gamba macchina ginocchio rialzato.gif	fe67588edbb890cb52a23bb0f1f803db130a1dbf8b6638260c09d9d96197fa06	gia con quel nome	il file si chiama gia cosi
2026-08-04T15:59:14	Gambe e Glutei	Leg curl macchina prona.gif	Leg curl macchina prona.gif	3c94667d2cfce7f620b9d69455866a367a44483aa057acd97b14fac86c957834	gia con quel nome	il file si chiama gia cosi
2026-08-04T15:59:14	Gambe e Glutei	Leg curl una gamba macchina prona.gif	Leg curl una gamba macchina prona.gif	f95f386243dfe5e83d25893198858847a4df91a84afb71b7080e129d49ef1775	gia con quel nome	il file si chiama gia cosi
2026-08-04T15:59:14	Gambe e Glutei	Leg curl macchina seduto prese anteriori.gif	Leg curl macchina seduto prese anteriori.gif	bc6053d01b6789e92a618846509f702d7cb46ef6b602181b0de8881a700cdd01	gia con quel nome	il file si chiama gia cosi
2026-08-04T15:59:14	Gambe e Glutei	Leg curl macchina seduto prese laterali.gif	Leg curl macchina seduto prese laterali.gif	20d7a61edc8d4fe1ab8a25acf9b6d6e5331e8c616bcb1af8ce640a3d9e3ab666	gia con quel nome	il file si chiama gia cosi
2026-08-04T15:59:14	Gambe e Glutei	Reverse hyper elastico panca piana.gif	Reverse hyper elastico panca piana.gif	d323698d14233764d5922c7d01c4bffce78c33ad135da2a27fb2de5ef175a276	gia con quel nome	il file si chiama gia cosi
2026-08-04T15:59:14	Gambe e Glutei	Hip thrust bilanciere panca.gif	Hip thrust bilanciere panca.gif	7f6b35aebf337bcc17c4cdcb626103cad242f99c7bdadb448ee5319fd994b8e9	gia con quel nome	il file si chiama gia cosi
2026-08-04T15:59:14	Gambe e Glutei	Hip thrust corpo libero panca.gif	Hip thrust corpo libero panca.gif	b69d54b222fe7dc9fd5a9a7dff483a0a4226e179d26a3b7fbcc42ad6abe3b5b6	gia con quel nome	il file si chiama gia cosi
2026-08-04T15:59:14	Gambe e Glutei	Hip thrust elastico in ginocchio.gif	Hip thrust elastico in ginocchio.gif	70aa6e70da60bbcda01dcc948bfa5d18dad2b2f1d5754340adf68fe9322ee25d	gia con quel nome	il file si chiama gia cosi
2026-08-04T15:59:14	Gambe e Glutei	Hip thrust multipower panca.gif	Hip thrust multipower panca.gif	0441b07c3842e386dda79f93d46f2afad2d6c8dda5ca857bd1f8035a112e6a57	gia con quel nome	il file si chiama gia cosi
2026-08-04T15:59:14	Gambe e Glutei	Hip thrust bilanciere piedi su panca.gif	Hip thrust bilanciere piedi su panca.gif	14ae4e0b84a58cfe25ecb63d53f547ad0c0d1795b27088ac26c283ee3de2a783	gia con quel nome	il file si chiama gia cosi
2026-08-04T15:59:14	Gambe e Glutei	Hip thrust talloni elevati.gif	Hip thrust talloni elevati.gif	35f7947997e152eedbddeb78f86782be19495cd01bfa8a2307e7adfde157d77b	gia con quel nome	il file si chiama gia cosi
2026-08-04T15:59:14	Gambe e Glutei	Hip thrust unilaterale (schiena su panca).gif	Hip thrust bilanciere una gamba.gif	a0e304b97dce81084d12f534a7675e3fa00d2cc00a04cf7a526ef5206bbedccd	niente da fare sul Mac	nessun file sul Mac: si rinomina in migrazione
2026-08-04T15:59:14	Gambe e Glutei	Hip thrust una gamba panca spinta esplosiva.gif	Hip thrust una gamba panca spinta esplosiva.gif	3def639c3af695e7d2e45782495e7b9d2016f600d2c275461b3debec3c99737e	gia con quel nome	il file si chiama gia cosi
2026-08-04T15:59:14	Gambe e Glutei	Hip thrust una gamba panca.gif	Hip thrust una gamba panca.gif	76067cc0a70a14efbd3d24f4bc8be2e041c95b3eb82d8443f0da101b860ad038	gia con quel nome	il file si chiama gia cosi
2026-08-04T15:59:14	Gambe e Glutei	Ponte glutei.gif	Ponte glutei.gif	58825f7b669b759a54fb2df628b95dde97b52d45b404280ef4edd611c87257a9	gia con quel nome	il file si chiama gia cosi
2026-08-04T15:59:14	Gambe e Glutei	Ponte glutei frog pump.gif	Ponte glutei frog pump.gif	ca76398a9a97a43247d3012102edc70b536642e2270d0fefa08ececb4c80cc46	gia con quel nome	il file si chiama gia cosi
2026-08-04T15:59:14	Gambe e Glutei	Ponte glutei gambe tese piedi su panca.gif	Ponte glutei gambe tese piedi su panca.gif	adc40d2960ef1ed9d553170f564149e92dcbfaa12c6bd5feacea2f5ef643968a	gia con quel nome	il file si chiama gia cosi
2026-08-04T15:59:14	Gambe e Glutei	Ponte glutei manubrio.gif	Ponte glutei manubrio.gif	8395ca4cae72657568dc9ba63adc0cba92793fc74e2a18fc8e516dc2ff276baa	gia con quel nome	il file si chiama gia cosi
2026-08-04T15:59:14	Gambe e Glutei	Ponte glutei piedi su panca.gif	Ponte glutei piedi su panca.gif	21bd3fcb0d7f65598a6d20f9b0bff4fef175c699f27d5f06a80eb04ddf075c56	gia con quel nome	il file si chiama gia cosi
2026-08-04T15:59:14	Gambe e Glutei	Ponte glutei una gamba piede posteriore panca.gif	Ponte glutei una gamba piede posteriore panca.gif	a6c1840a5fa155ca60277e3ed2fc95c8a912b141cf140aa04b662550605f13a8	gia con quel nome	il file si chiama gia cosi
2026-08-04T15:59:14	Gambe e Glutei	Ponte glutei una gamba tesa.gif	Ponte glutei una gamba tesa.gif	19f92551056487f8c4aecbb95797644b0c7d10e973ca8517cf22ae63ea04e6a9	gia con quel nome	il file si chiama gia cosi
2026-08-04T15:59:14	Gambe e Glutei	Ponte glutei una gamba verticale.gif	Ponte glutei una gamba verticale.gif	1d2cf901a45504db769aeb02bade7a17d07e95cb83d17ae68eda017aaaa4f2af	gia con quel nome	il file si chiama gia cosi
2026-08-04T15:59:14	Gambe e Glutei	Abduzione anca decubito laterale.gif	Abduzione anca decubito laterale.gif	36591f7540ab08a2bcbe24449da7731e89e7119b12a546bcc20e5fbb84a8148d	gia con quel nome	il file si chiama gia cosi
2026-08-04T15:59:14	Gambe e Glutei	Abduzione anca elastico seduto panca.gif	Abduzione anca elastico seduto panca.gif	28e9e41d85fdd9e187ffd7ff3e73c28cde6118a577191becff5d6d029d152e59	gia con quel nome	il file si chiama gia cosi
2026-08-04T15:59:14	Gambe e Glutei	Abduzione una gamba cavo.gif	Abduzione una gamba cavo.gif	26bd85ebbc14d6d894c757fff7c01e1f3b1bf7737b41a10b5307dfdd11116904	gia con quel nome	il file si chiama gia cosi
2026-08-04T15:59:14	Gambe e Glutei	Abduzione Clamshell decubito laterale.gif	Abduzione clamshell decubito laterale.gif	9cf0d29aa0f7a9164b50442a2aa752ada10ce315e552bf309c118a7f7bd60cfd	errore	destinazione comparsa nel frattempo
2026-08-04T15:59:14	Gambe e Glutei	Abduzione Clamshell elastico decubito laterale.gif	Abduzione clamshell elastico decubito laterale.gif	a3c6ef8292fcd0d17e17a4b137d39ae6cac1ec07262b4f8e5d4f0f2c7a6c767f	errore	destinazione comparsa nel frattempo
2026-08-04T15:59:14	Gambe e Glutei	Abduzione fire hydrant elastico quadrupedia.gif	Abduzione fire hydrant elastico quadrupedia.gif	87f4ee85172f30be9424a03edadc54cf2bf029d471b4fd71b0c542d496fff371	gia con quel nome	il file si chiama gia cosi
2026-08-04T15:59:14	Gambe e Glutei	Abduzione appoggio in piedi.gif	Abduzione appoggio in piedi.gif	6af8638aea63e98ec4bce399caef862421d70e54f1b93a80719fc77ddaac656d	gia con quel nome	il file si chiama gia cosi
2026-08-04T15:59:14	Gambe e Glutei	Abduzione fire hydrant quadrupedia.gif	Abduzione fire hydrant quadrupedia.gif	e5d41dae55dd5ca517472921fb792caf11a1467dc6d161cba40a91fd6f2517a8	gia con quel nome	il file si chiama gia cosi
2026-08-04T15:59:14	Gambe e Glutei	Abduzione una gamba macchina spinta laterale.gif	Abduzione una gamba macchina spinta laterale.gif	2e41cb245a580273b33089a600781079868d652293d8b415f9c0444bc6df7d97	gia con quel nome	il file si chiama gia cosi
2026-08-04T15:59:14	Gambe e Glutei	Abduzione macchina spinta posteriore.gif	Abduzione macchina spinta posteriore.gif	2de2d239a271bed617680c7b37b05d3bf1d44d059ddd725d4841ebdc393afc57	gia con quel nome	il file si chiama gia cosi
2026-08-04T15:59:14	Gambe e Glutei	Abduzione macchina seduto.gif	Abduzione macchina seduto.gif	47eb61b4daa92f896b6c1aa2461d598e0468d57e3a36558c2a789a7bf24c52c2	gia con quel nome	il file si chiama gia cosi
2026-08-04T15:59:14	Gambe e Glutei	Camminata laterale elastico.gif	Camminata laterale elastico.gif	615827e78ad806768b9deaa68d7f4f3e4f4be53724e2b3160c252175907096d1	gia con quel nome	il file si chiama gia cosi
2026-08-04T15:59:14	Gambe e Glutei	Donkey kick avambracci a terra.gif	Donkey kick avambracci a terra.gif	5599f5fbeb64e446a40f88a24259976360b98dc6e73cc3efe2a7ee12b2c8e76c	gia con quel nome	il file si chiama gia cosi
2026-08-04T15:59:14	Gambe e Glutei	Donkey kick mani a terra.gif	Donkey kick mani a terra.gif	2f33257ee046083d5e52ef7369a19ca36fcba6b4b4ee623ac1f2ec268fdc615c	gia con quel nome	il file si chiama gia cosi
2026-08-04T15:59:14	Gambe e Glutei	Donkey kick elastico quadrupedia.gif	Donkey kick elastico quadrupedia.gif	1805d106e06b98da16dabf757d6434eaaf81d0947b4284348d57d7be030464f6	gia con quel nome	il file si chiama gia cosi
2026-08-04T15:59:14	Gambe e Glutei	Donkey kick tesa panca.gif	Donkey kick tesa panca.gif	8d226f8371aa8b5867e5272d1e4f49df2816e8f4f553e806f1c99af0f2fd19eb	gia con quel nome	il file si chiama gia cosi
2026-08-04T15:59:14	Gambe e Glutei	Donkey kick macchina.gif	Donkey kick macchina.gif	d5ba21d65a6d2480506e35b47dacc8db49ed73895fbd400eeb7d5be7e5095b2e	gia con quel nome	il file si chiama gia cosi
2026-08-04T15:59:14	Gambe e Glutei	Estensione anca appoggio bilanciere (unilateral hip extension with vertical barbell support).gif	Estensione anca elastico.gif	680dae8c4cc422aa7b26097083317b838d5eee2e927738a43f99d82de938f7f8	niente da fare sul Mac	nessun file sul Mac: si rinomina in migrazione
2026-08-04T15:59:14	Gambe e Glutei	Estensione anca cavo busto flesso.gif	Estensione anca cavo busto flesso.gif	42c8d4637ea6b6659f1bdaf0f0d4d6a3334c08f96d0a9039b457af0e3d65b202	gia con quel nome	il file si chiama gia cosi
2026-08-04T15:59:14	Gambe e Glutei	Estensione anca cavo.gif	Estensione anca cavo.gif	87fea7deeed06a9a924b0eee4517a48c740fd76b40ed8c78e78ffe88e69a92e4	gia con quel nome	il file si chiama gia cosi
2026-08-04T15:59:14	Gambe e Glutei	Estensione anca elastico busto flesso.gif	Estensione anca elastico busto flesso.gif	b0bcd55a0cc7503a450a92113fe44d959a1722ca5625b3cbb9766ec0fe52464a	gia con quel nome	il file si chiama gia cosi
2026-08-04T15:59:14	Gambe e Glutei	Estensione anca elastico knee drive.gif	Estensione anca elastico knee drive.gif	99f9d3c042f625294b7b4deba0f28d96c9d65471269a117560a9768545fe1a5e	gia con quel nome	il file si chiama gia cosi
2026-08-04T15:59:14	Gambe e Glutei	Estensione anca glute machine.gif	Estensione anca glute machine.gif	3ecf41e11996cd93ec79cafc00f6314bd1c2239f1dc8e04cdd7a2a6b810550ce	gia con quel nome	il file si chiama gia cosi
2026-08-04T15:59:14	Gambe e Glutei	Estensione anca in piedi appoggio bilanciere.gif	Estensione anca in piedi appoggio bilanciere.gif	f9f13514b2203edd9ff6e414b54d899447701d70ddb07b9c06e1e98c8b52d190	gia con quel nome	il file si chiama gia cosi
2026-08-04T15:59:14	Gambe e Glutei	Stacco rumeno una gamba bilanciere.gif	Stacco rumeno una gamba bilanciere.gif	cb6e1394da0aa481bff8c8b45a5af8d6168db7cb039ad43bab61fbb426e3a41d	gia con quel nome	il file si chiama gia cosi
2026-08-04T15:59:14	Gambe e Glutei	Estensione anca macchina.gif	Estensione anca macchina.gif	8f88a46d9caaaedd3213f089a348da6a9391dfbcdfe19ce54be18e937946e0ca	gia con quel nome	il file si chiama gia cosi
2026-08-04T15:59:14	Gambe e Glutei	Stacco rumeno una gamba manubri 2.gif	Stacco rumeno una gamba manubri 2.gif	798e02e869473d099d444a79fbc8cc3521e07aa77e00eaadc6590329df5661b0	gia con quel nome	il file si chiama gia cosi
2026-08-04T15:59:14	Gambe e Glutei	Adduzione anca decubito laterale gamba tesa.gif	Adduzione anca decubito laterale gamba tesa.gif	ffafbba8e1069936d293fc38c2ffadbb0ac12455dd6db446986ddf32a6a5a65d	gia con quel nome	il file si chiama gia cosi
2026-08-04T15:59:14	Gambe e Glutei	Adduzione anca cavo.gif	Adduzione anca cavo.gif	3facf6f34e005363ea433aae0adb89d74dada495582b5b252ee35ecc45ca1713	gia con quel nome	il file si chiama gia cosi
2026-08-04T15:59:14	Gambe e Glutei	Adduzione anca decubito laterale piede in appoggio.gif	Adduzione anca decubito laterale piede in appoggio.gif	50a3a7eec880b7ebcc23d11d0b7a3c4cd6d3bf4024540840e3d8178a61b2366b	gia con quel nome	il file si chiama gia cosi
2026-08-04T15:59:14	Gambe e Glutei	Adduzione una gamba macchina in piedi.gif	Adduzione una gamba macchina in piedi.gif	0f67caeb3f0b76a301340fa1fc9727c8318f541e1daa73dd9917e73daa8c9347	gia con quel nome	il file si chiama gia cosi
2026-08-04T15:59:14	Gambe e Glutei	Adduzione macchina seduto.gif	Adduzione macchina seduto.gif	b1c254befaf31b8fcd0aaf2755c15d0ebdf4cc69359ec739930780a24c654d7e	gia con quel nome	il file si chiama gia cosi
2026-08-04T15:59:14	Gambe e Glutei	Step up manubri con curl bicipiti.gif	Step up manubri con curl bicipiti.gif	3f4e83665a8d21dc754db8f23a69172a7fae07e10961dd619f7c8e4ed64f3018	gia con quel nome	il file si chiama gia cosi
2026-08-04T15:59:14	Gambe e Glutei	Step-up bilanciere.gif	Step-up bilanciere.gif	1a48011afd2fe3ff564ac377b35cd734f8e2621ceea9745093f34819b8a5e677	gia con quel nome	il file si chiama gia cosi
2026-08-04T15:59:14	Gambe e Glutei	Step-up cavo basso.gif	Step-up cavo basso.gif	064d27d233e6e38fe39d9c999badfa26e9d83c1bafb06482b28433ef5446494f	gia con quel nome	il file si chiama gia cosi
2026-08-04T15:59:14	Gambe e Glutei	Calf raise su gradino.gif	Calf raise su gradino.gif	f0b3ea76e173a770e298e65e242c0fb83a1bc27626d2be726388b18e7ee3cafd	gia con quel nome	il file si chiama gia cosi
2026-08-04T15:59:14	Gambe e Glutei	Jumping pliometrico manubri.gif	Jumping pliometrico manubri.gif	167ca90a26b517f4ad08e4f2b4021b824e8ad5e9ffc5e6ef1875532f2f309b5e	gia con quel nome	il file si chiama gia cosi
2026-08-04T15:59:14	Gambe e Glutei	Salto all'indietro.gif	Salto all'indietro.gif	a62c3447813ba7c3b0fb9e0df922a9bcde2158c0a205154c5684a1c298948f26	gia con quel nome	il file si chiama gia cosi
2026-08-04T15:59:14	Gambe e Glutei	Jumping split lunge.gif	Jumping split lunge.gif	249d59842be2bebb1397aee4461028ba5b345f2668ab7f347013a68c87869813	gia con quel nome	il file si chiama gia cosi
2026-08-04T15:59:14	Gambe e Glutei	Salto lungo da fermo.gif	Salto lungo da fermo.gif	4f43a63ea99b7649dd74f994ca8f86d4e46a5ec64c2eb1b79d6f7efbe5d15612	gia con quel nome	il file si chiama gia cosi
2026-08-04T15:59:14	Gambe e Glutei	Salto una gamba avanti.gif	Salto una gamba avanti.gif	b719429ca7eef77fd59fcd5aa6981695e944c96825ca7d7a28ebb47a753bc350	gia con quel nome	il file si chiama gia cosi
2026-08-04T15:59:14	Gambe e Glutei	Salto verticale esplosivo.gif	Salto verticale esplosivo.gif	22695a0973033165dfbe2ae1a4a3525a35d623396f36ccec47b8902da103da3d	gia con quel nome	il file si chiama gia cosi
2026-08-04T15:59:14	Gambe e Glutei	Squat jump.gif	Squat jump.gif	8a324911f10953efb308af8b5f5b753e36a6736c3656270cc66c58e61c977fdb	gia con quel nome	il file si chiama gia cosi
2026-08-04T15:59:14	Gambe e Glutei	Squat jump box.gif	Jumping box.gif	b0fa6a45cb42c0c073c5aff9d0ecef1bc2b6f8cb6ade5c3b4fefa958bce3df02	rinominato	
2026-08-04T15:59:14	Gambe e Glutei	Squat jump box con pistol una gamba (Box jump to pistol squat single leg).gif	Jumping pistol box.gif	4c96d34438150cca7194bf0ec31550ca728481fb0b9b206fa754cff2cc753480	rinominato	
2026-08-04T15:59:14	Gambe e Glutei	Squat jump box una gamba (Box jump single leg).gif	Jumping box una gamba.gif	ed1928deafdeb400589c25a90c387d56a55d892bd1fae9a464b29aa107119ed9	rinominato	
2026-08-04T15:59:14	Gambe e Glutei	Squat jump ginocchia alte.gif	Squat jump ginocchia alte.gif	a4902c6783e703d37906e850fc12f1bc97718ab584adcf250140ff3419b8de31	gia con quel nome	il file si chiama gia cosi
2026-08-04T15:59:14	Gambe e Glutei	Squat Pistol box jump.gif	Jumping pistol box 2.gif	53bf44b9de47012f4f6c6581e0bad3f19ce3b2b225e970e8413637a117c6005c	rinominato	
2026-08-04T15:59:14	Gambe e Glutei	Squat pliometrico manubri (Dumbbell jump squat).gif	Squat pliometrico manubri.gif	2c7fe3b74bf20ef2e47530bd36c6d080b208394ebc50d5093158b3762973e27c	rinominato	
2026-08-04T15:59:14	Gambe e Glutei	Squat thrust.gif	Squat thrust.gif	eddad0e20b02c66f70f506afa6b6b0dc66bfd3a6f3b310949cd37787cffb97a1	gia con quel nome	il file si chiama gia cosi
2026-08-04T21:46:52	Gambe e Glutei	Squat barra elastico.gif	Squat barra elastico.gif	21ffc120fe95b3122340eab79aac151f123bc49082f7d2ef71b3e2687fcb0452	gia con quel nome	il file si chiama gia cosi
2026-08-04T21:46:52	Gambe e Glutei	Squat bilanciere.gif	Squat bilanciere.gif	7a0b33d7c67823493e97ca649ee2f9edd2ab6a5c05a4f48e3636440e68a0e749	gia con quel nome	il file si chiama gia cosi
2026-08-04T21:46:52	Gambe e Glutei	Squat bilanciere al rack.gif	Squat bilanciere al rack.gif	e5641ea4bf94dbcf5922d6dd5ddfac0cb8599c3f48b583d2b46109bf884e89fa	gia con quel nome	il file si chiama gia cosi
2026-08-04T21:46:52	Gambe e Glutei	Squat bilanciere landmine.gif	Squat bilanciere landmine.gif	210ccb4f95a26476675450fcc84c8c7646d68fc8fa97c8cfe6dc26cbcff3f14b	gia con quel nome	il file si chiama gia cosi
2026-08-04T21:46:52	Gambe e Glutei	Squat calcio laterale.gif	Squat calcio laterale.gif	8678172072528fb0150ffca39c5fd3c68d445cf20e8a4d9d75c0aaea9472f753	gia con quel nome	il file si chiama gia cosi
2026-08-04T21:46:52	Gambe e Glutei	Squat cavi bassi.gif	Squat cavi bassi.gif	312a834ecbd28e0dce80d2c2313590dae1c70e49e4791b0cbf55d2dbcef2772b	gia con quel nome	il file si chiama gia cosi
2026-08-04T21:46:52	Gambe e Glutei	Squat cavo basso.gif	Squat cavo basso.gif	c309f2e7e286f1c641ba2cc6c7accd31e044a56f44fa1260f1b0574811053f81	gia con quel nome	il file si chiama gia cosi
2026-08-04T21:46:52	Gambe e Glutei	Squat corpo libero.gif	Squat corpo libero.gif	9bf078772d3b4afde76826ec8dffc878544353af72b2660d59e7178cb9f1ca2b	gia con quel nome	il file si chiama gia cosi
2026-08-04T21:46:52	Gambe e Glutei	Squat cosacco.gif	Squat cosacco.gif	88356c85eadd2df87324b869fe3b02bcd2d454062f63181a77b7213c5d3dd893	gia con quel nome	il file si chiama gia cosi
2026-08-04T21:46:52	Gambe e Glutei	Squat elastico braccia alte.gif	Squat elastico braccia alte.gif	3927ec7c2413b5417cfe8e7c31dae52e83c35265d68e609a942d37c3a78cb82e	gia con quel nome	il file si chiama gia cosi
2026-08-04T21:46:52	Gambe e Glutei	Squat bilanciere frontale.gif	Squat bilanciere frontale.gif	e6605bcdad3f6579d265e0d2d0bb69efbb2ff7e6dc2067d954619c89f7413e6e	gia con quel nome	il file si chiama gia cosi
2026-08-04T21:46:52	Gambe e Glutei	Squat torsione ginocchio alto.gif	Squat torsione ginocchio alto.gif	8acd67cdd91098459064db42dcfdf5c94cd767526e667d05c14d08742a460739	gia con quel nome	il file si chiama gia cosi
2026-08-04T21:46:52	Gambe e Glutei	Squat goblet kettlebell banda.gif	Squat goblet kettlebell banda.gif	79aef9ca93ec5cac7ab66d2c5dbc7df03e8cc680af566f85cb2817601d7d924b	gia con quel nome	il file si chiama gia cosi
2026-08-04T21:46:52	Gambe e Glutei	Squat hack machine.gif	Squat hack machine.gif	70e04f664d37a10ef5d81db4aeeb3c115082c5e1104d179f241e190f8e72414a	gia con quel nome	il file si chiama gia cosi
2026-08-04T21:46:52	Gambe e Glutei	Squat inverso hack machine.gif	Squat inverso hack machine.gif	75328f32765c95024ca5c537ccd38b7c1bf80c77194d6624bb839445823c7d9f	gia con quel nome	il file si chiama gia cosi
2026-08-04T21:46:52	Gambe e Glutei	Squat manubri.gif	Squat manubri.gif	b80ed62ddecc7249d7a91862d1e697ad97b7bfe6acf7f1e22bd9bfe3c48c18de	gia con quel nome	il file si chiama gia cosi
2026-08-04T21:46:52	Gambe e Glutei	Squat multipower.gif	Squat multipower.gif	b1c24965c7c5217c4c3caac0d9211867485d960b81f407a4d22ef8f2bb274883	gia con quel nome	il file si chiama gia cosi
2026-08-04T21:46:52	Gambe e Glutei	Squat wall fitball.gif	Squat wall fitball.gif	6ba72710aed06cd82a34d53c5f6fe1e0f34aa80d70570a8403da04bc5e41a1cb	gia con quel nome	il file si chiama gia cosi
2026-08-04T21:46:52	Gambe e Glutei	Squat manubri seduto su panca.gif	Squat manubri seduto su panca.gif	b66a750d54c81cfbb67564ccb2685e720b21d203fde5deca84679b38d41c69e9	gia con quel nome	il file si chiama gia cosi
2026-08-04T21:46:52	Gambe e Glutei	Squat profondo bilanciere.gif	Squat profondo bilanciere.gif	44b6d5f224cb8e4cd6322fc73521f14461e1853d0851ffc153d36792e40069a2	gia con quel nome	il file si chiama gia cosi
2026-08-04T21:46:52	Gambe e Glutei	Squat sumo bilanciere frontale.gif	Squat sumo bilanciere frontale.gif	912e9c482a0418040a7a6c344b5424f8241fdf5a2054a81c886eef7edf481b85	gia con quel nome	il file si chiama gia cosi
2026-08-04T21:46:52	Gambe e Glutei	Squat sumo corpo libero braccia distese.gif	Squat sumo corpo libero braccia distese.gif	41ca83090ef0db41dac62df77a8519c30f8bba6b32095d86bba7b53ebbd74572	gia con quel nome	il file si chiama gia cosi
2026-08-04T21:46:52	Gambe e Glutei	Squat sumo corpo libero mani al petto.gif	Squat sumo corpo libero mani al petto.gif	7b98bdec1a4dd54ce9bc3958cd9fbaa48d88ebd583bf7cb5d000f7a3447e0352	gia con quel nome	il file si chiama gia cosi
2026-08-04T21:46:52	Gambe e Glutei	Squat sumo manubrio.gif	Squat sumo manubrio.gif	0c4ca1d84bdb7eef33e72bb580bcaebbf63b1b21c3d6878f547146811a6726db	gia con quel nome	il file si chiama gia cosi
2026-08-04T21:46:52	Gambe e Glutei	Squat wall ball palla medica.gif	Squat wall ball palla medica.gif	710f513cf7df6749f80653e9e87dc022f047eb426f0ea4bd5238d538877c3612	gia con quel nome	il file si chiama gia cosi
2026-08-04T21:46:52	Gambe e Glutei	Squat wall sit inclinazione alternata.gif	Squat wall sit inclinazione alternata.gif	1a35a3fe2f3b857ae0464ad22cd4958ba5ed49a185719a7d157ae4fcc99af38a	gia con quel nome	il file si chiama gia cosi
2026-08-04T21:46:52	Gambe e Glutei	Squat sumo bilanciere.gif	Squat sumo bilanciere.gif	d2bb04e1246596210448c7666bd6e48e1be9e4cebdeea4c0ff836153b5a1601f	gia con quel nome	il file si chiama gia cosi
2026-08-04T21:46:52	Gambe e Glutei	Squat wall sit.gif	Squat wall sit.gif	10a09fa7466577f5fbaac35659348e97b884d35b5d733c9eff700461e98f2c32	gia con quel nome	il file si chiama gia cosi
2026-08-04T21:46:52	Gambe e Glutei	Affondo profondo una gamba.gif	Affondo profondo una gamba.gif	cc8369de4b281ce25975e7c0352b3d93c5f9e4b566446faae052954d2302a0f7	gia con quel nome	il file si chiama gia cosi
2026-08-04T21:46:52	Gambe e Glutei	Squat bulgaro corpo libero.gif	Squat bulgaro corpo libero.gif	28dd4732693d7d04fdafa88db627dd12e38dd0671a59b0dd3bf1e56ff835d599	gia con quel nome	il file si chiama gia cosi
2026-08-04T21:46:52	Gambe e Glutei	Squat bulgaro bilanciere.gif	Squat bulgaro bilanciere.gif	c81c93122bcf59ecbb71341cc109de14237ed54a66042cbf8897ec8d001e92f6	gia con quel nome	il file si chiama gia cosi
2026-08-04T21:46:52	Gambe e Glutei	Squat bulgaro manubri.gif	Squat bulgaro manubri.gif	f6fb56b663ccb97df557e9edee16b994b0dbd6231c7799317eb38ceaa100c986	gia con quel nome	il file si chiama gia cosi
2026-08-04T21:46:52	Gambe e Glutei	Squat hawaiano.gif	Squat hawaiano.gif	b5aca689631e5b840739ffb7e69968619d79feb2862c326b38d7d40d270409d3	gia con quel nome	il file si chiama gia cosi
2026-08-04T21:46:52	Gambe e Glutei	Pistol squat assistito.gif	Pistol squat assistito.gif	bd19e6f7b7e7b534929070ef5d8dc1f45f5ba640c9d4d12a0be221b168d8bd77	gia con quel nome	il file si chiama gia cosi
2026-08-04T21:46:52	Gambe e Glutei	Pistol squat su box.gif	Pistol squat su box.gif	96f55e295049a643332324a8fbe7f8049b54dd3fbb121c464018916b10ec04a4	gia con quel nome	il file si chiama gia cosi
2026-08-04T21:46:52	Gambe e Glutei	Pistol squat corpo libero.gif	Pistol squat corpo libero.gif	50b260f35c0ba8381efd54be486dcd493865ab435aae3a729d3e842e2f651d48	gia con quel nome	il file si chiama gia cosi
2026-08-04T21:46:52	Gambe e Glutei	Pistol squat kettlebell.gif	Pistol squat kettlebell.gif	3ad266121a01ba6158276d205b0c72e5658a149338eef7c60a1c879b9e8c7498	gia con quel nome	il file si chiama gia cosi
2026-08-04T21:46:52	Gambe e Glutei	Pistol squat manubrio stesso lato.gif	Pistol squat manubrio stesso lato.gif	0b1097d802adf22ee5016caf33fb456adb8d559b878aeb5b904501e076bc8927	gia con quel nome	il file si chiama gia cosi
2026-08-04T21:46:52	Gambe e Glutei	Pistol squat seduto su box.gif	Pistol squat seduto su box.gif	1b6f327823bf4b87890331d300797096106ca2e08898c2b9d386bb0da0e66e1b	gia con quel nome	il file si chiama gia cosi
2026-08-04T21:46:52	Gambe e Glutei	Pistol squat TRX.gif	Pistol squat TRX.gif	344459a989277a53f986e05887fb3bbf6dfb9198ae8aabbe4f2bb9b23dc7e600	gia con quel nome	il file si chiama gia cosi
2026-08-04T21:46:52	Gambe e Glutei	Squat shrimp.gif	Squat shrimp.gif	981f0611e0ccdc4721e3bc23cc97451a5f686ac5cfd0c99856ab0e39a506f720	gia con quel nome	il file si chiama gia cosi
2026-08-04T21:46:52	Gambe e Glutei	Squat sissy in ginocchio.gif	Squat sissy in ginocchio.gif	b87dc9f6e10a093ead1bffc880dc5692773e84f8080083724e5d1f0e0f4d2bad	gia con quel nome	il file si chiama gia cosi
2026-08-04T21:46:52	Gambe e Glutei	Squat skater una gamba.gif	Squat skater una gamba.gif	5a35a64bbf4b16af9b99e4b249219cfd028c9b8855b7270be1072ecb0de4dfbc	gia con quel nome	il file si chiama gia cosi
2026-08-04T21:46:52	Gambe e Glutei	Squat seduto su step.gif	Squat seduto su step.gif	a3529953dec275883fd6986dc4f7d02bd4e2238da73ba51173a4cb265f924cd8	gia con quel nome	il file si chiama gia cosi
2026-08-04T21:46:52	Gambe e Glutei	Affondo inverso con knee drive.gif	Affondo inverso con knee drive.gif	e564fed566cf957a976ad9bb00cecc71a7f06b23a769143f5cd6aead904a133a	gia con quel nome	il file si chiama gia cosi
2026-08-04T21:46:52	Gambe e Glutei	Affondo avanti alternato.gif	Affondo avanti alternato.gif	e7c875251c94a43e7a7606b6e062338cb68dfd5680461ff0af4eab1a6aa55ea9	gia con quel nome	il file si chiama gia cosi
2026-08-04T21:46:52	Gambe e Glutei	Affondo avanti bilanciere.gif	Affondo avanti bilanciere.gif	393e4a459e72ac14a2dc6e53e59d299a9a5c3f00b321d97608f9dc17908c8db1	gia con quel nome	il file si chiama gia cosi
2026-08-04T21:46:52	Gambe e Glutei	Affondo avanti manubri.gif	Affondo avanti manubri.gif	a5a7bc30add78a15ff98521e7fe825e7487260112012aa20a0b1d55616319727	gia con quel nome	il file si chiama gia cosi
2026-08-04T21:46:52	Gambe e Glutei	Affondo avanti parziale manubri.gif	Affondo avanti parziale manubri.gif	2485ad2e6b5c4f8b0471310205d595745df64b5149803f82d7c08d8c4e4fa9ff	gia con quel nome	il file si chiama gia cosi
2026-08-04T21:46:52	Gambe e Glutei	Affondo barra elastico sul posto.gif	Affondo barra elastico sul posto.gif	9abf8554bc761785893d83381662e9cdbe0a9e13292bdbad114c0fb8476dbc78	gia con quel nome	il file si chiama gia cosi
2026-08-04T21:46:52	Gambe e Glutei	Affondo bilanciere sul posto.gif	Affondo bilanciere sul posto.gif	1520562ea588eec8b3724f02472a050f41e66d0a382088a9b75e263693066683	gia con quel nome	il file si chiama gia cosi
2026-08-04T21:46:52	Gambe e Glutei	Affondo inverso Bosu con knee drive.gif	Affondo inverso Bosu con knee drive.gif	c52787af2dd05b77d22a5c0d902f75ccc7f6b5bd28c7796fb5be3fd2bfd41068	gia con quel nome	il file si chiama gia cosi
2026-08-04T21:46:52	Gambe e Glutei	Affondo camminato con knee drive.gif	Affondo camminato con knee drive.gif	071992bf16eccc3305771c9f9a6075b3a83c63f2bf3fba3ea7b58d0c2dd190ba	gia con quel nome	il file si chiama gia cosi
2026-08-04T21:46:52	Gambe e Glutei	Affondo sul posto.gif	Affondo sul posto.gif	fc602a542d5afa607b994b5fa8248e884b8ab84e2f4d314c921139993d7bb549	gia con quel nome	il file si chiama gia cosi
2026-08-04T21:46:52	Gambe e Glutei	Affondo incrociato indietro bilanciere.gif	Affondo incrociato indietro bilanciere.gif	7c6ff54f4d3c56e11f2547b6b7a6921a4aca4f2d99269542044277dbaed7ab59	gia con quel nome	il file si chiama gia cosi
2026-08-04T21:46:52	Gambe e Glutei	Affondo indietro bilanciere.gif	Affondo indietro bilanciere.gif	a4412c5fab9e3f1739c023afb1a9899340f309a93fae84e5c000115a71ba19ef	gia con quel nome	il file si chiama gia cosi
2026-08-04T21:46:52	Gambe e Glutei	Affondo indietro manubri.gif	Affondo indietro manubri.gif	b72a1e6cf4fdd01f8f30e6769e039678bbf9e724796db8938743d78a33fcb476	gia con quel nome	il file si chiama gia cosi
2026-08-04T21:46:52	Gambe e Glutei	Affondo laterale alternato.gif	Affondo laterale alternato.gif	42049265076674d662e70b46efeb83bbad46796f76f3172acbaa0e35d4844b8c	gia con quel nome	il file si chiama gia cosi
2026-08-04T21:46:52	Gambe e Glutei	Affondo laterale bilanciere.gif	Affondo laterale bilanciere.gif	ad56ceacdee2e6d493bd4a6378b297009dea86742d417086294bea4a7c8069ba	gia con quel nome	il file si chiama gia cosi
2026-08-04T21:46:52	Gambe e Glutei	Affondo laterale manubri.gif	Affondo laterale manubri.gif	185313ac198178da31cc1b443263df6a1281eab8961222b7a863fb80e1d913b2	gia con quel nome	il file si chiama gia cosi
2026-08-04T21:46:52	Gambe e Glutei	Affondo multipower.gif	Affondo multipower.gif	6f6e56838a6afb79d88b3434cabbbec04c1a75c95822473607fa0bbef183f2d6	gia con quel nome	il file si chiama gia cosi
2026-08-04T21:46:52	Gambe e Glutei	Affondo maniglie elastico sul posto.gif	Affondo maniglie elastico sul posto.gif	7d11efd0eaef29bc0a76539aa48caa720e2f5df4a03e4c099d693ac70b719972	gia con quel nome	il file si chiama gia cosi
2026-08-04T21:46:52	Gambe e Glutei	Camminata manubri.gif	Camminata manubri.gif	f952f75c65cc562af2eeac5b6c96c0d884dd1ec2a016dc48bc62e79a697f64a8	gia con quel nome	il file si chiama gia cosi
2026-08-04T21:46:52	Gambe e Glutei	Camminata squat.gif	Camminata squat.gif	a4f01d1a040b20588d9f25a19976ff75bb38957d7a990422405d66b6d5f440ae	gia con quel nome	il file si chiama gia cosi
2026-08-04T21:46:52	Gambe e Glutei	Leg extension macchina.gif	Leg extension macchina.gif	3b91cf1047fa467e7f6bf84d3e4856b3a4ef39771265e8dda96e34c17a089a65	gia con quel nome	il file si chiama gia cosi
2026-08-04T21:46:52	Gambe e Glutei	Leg extension macchina una gamba.gif	Leg extension macchina una gamba.gif	4509a38a5ec155ea9d5d407985f264210f3c4f61f278d7f2975f36ebd38c0ba6	gia con quel nome	il file si chiama gia cosi
2026-08-04T21:46:52	Gambe e Glutei	Leg press 45 gradi.gif	Leg press 45 gradi.gif	8df5f83c669593ebe552cef07e968c55215addc14e0ff8a45f2c57000a4c227d	gia con quel nome	il file si chiama gia cosi
2026-08-04T21:46:52	Gambe e Glutei	Leg press 45 gradi una gamba.gif	Leg press 45 gradi una gamba.gif	bbf585e7b1d26c3ff68786c36f2905c0567fa68daf8eb99d665676c17fd7726e	gia con quel nome	il file si chiama gia cosi
2026-08-04T21:46:52	Gambe e Glutei	Leg press alternato barra elastico supino.gif	Leg press alternato barra elastico supino.gif	20162d5031162702b4b9dac80e9296b8584b342ed6d1103e97a932582c764b85	gia con quel nome	il file si chiama gia cosi
2026-08-04T21:46:52	Gambe e Glutei	Leg press orizzontale macchina.gif	Leg press orizzontale macchina.gif	e1ac12ec44657dcff545989874baa8eaba1f3b39741279f976a03121c40ba390	gia con quel nome	il file si chiama gia cosi
2026-08-04T21:46:52	Gambe e Glutei	Girata al petto bilanciere.gif	Girata al petto bilanciere.gif	3c81053bd441bf07b8ca04acca47b92c62639b74daa2c50cf85dcefc59398499	gia con quel nome	il file si chiama gia cosi
2026-08-04T21:46:52	Gambe e Glutei	Good morning bilanciere.gif	Good morning bilanciere.gif	986bff59711cb40b108871c67972db98cf4711720e8b5190e01ce579cc0e4728	gia con quel nome	il file si chiama gia cosi
2026-08-04T21:46:52	Gambe e Glutei	Good morning manubrio.gif	Good morning manubrio.gif	6fe44ab0098ed73fc28ad8113a1c241fa4777358e0732b487af3ee900d056bc6	gia con quel nome	il file si chiama gia cosi
2026-08-04T21:46:52	Gambe e Glutei	Stacco rumeno una gamba maniglie elastico.gif	Stacco rumeno una gamba maniglie elastico.gif	71966d49b0618b868e2d563e52f723fe8a435c6fbecb028e40199c0b173ce415	gia con quel nome	il file si chiama gia cosi
2026-08-04T21:46:52	Gambe e Glutei	Stacco da terra bilanciere.gif	Stacco da terra bilanciere.gif	15a57eb444d733c52d7a4053f61643fbb26a3543f0d00b9656cd31f819eeca81	gia con quel nome	il file si chiama gia cosi
2026-08-04T21:46:52	Gambe e Glutei	Stacco da terra macchina presa neutra.gif	Stacco da terra macchina presa neutra.gif	7f183e40e0584525c4f08ad1eb0752d629025494def47d030bccc5cb41df29a9	gia con quel nome	il file si chiama gia cosi
2026-08-04T21:46:52	Gambe e Glutei	Stacco da terra manubri.gif	Stacco da terra manubri.gif	87cc308c4759f64506d8dc533d300bda38dde1f952147717ef19dd6ab01f5042	gia con quel nome	il file si chiama gia cosi
2026-08-04T21:46:52	Gambe e Glutei	Stacco da terra sumo bilanciere.gif	Stacco da terra sumo bilanciere.gif	2161fe48ec15af859b481f43cbdb75f0827c2ee67413b9eac3e94a071c7b6844	gia con quel nome	il file si chiama gia cosi
2026-08-04T21:46:52	Gambe e Glutei	Stacco da terra trap bar.gif	Stacco da terra trap bar.gif	66e0c09ab6c3089c68747ed92bd5e86436661407487a118f99dad90df207de20	gia con quel nome	il file si chiama gia cosi
2026-08-04T21:46:52	Gambe e Glutei	Stacco gambe tese bilanciere.gif	Stacco gambe tese bilanciere.gif	2badabdb6c8473e87290897855aa693708596ad4abcc8f8e43768bc06bf214f0	gia con quel nome	il file si chiama gia cosi
2026-08-04T21:46:52	Gambe e Glutei	Stacco gambe tese manubri.gif	Stacco gambe tese manubri.gif	a90b74bedb880e4e3b1652da7e0883e2c38ff70e33afa7b41396e9e220749bee	gia con quel nome	il file si chiama gia cosi
2026-08-04T21:46:52	Gambe e Glutei	Stacco gambe tese multipower.gif	Stacco gambe tese multipower.gif	5f8d86ff79eee25bf37bce42f045cbbc848dc3af1309fef89df368c25e617ba7	gia con quel nome	il file si chiama gia cosi
2026-08-04T21:46:52	Gambe e Glutei	Stacco rumeno una gamba.gif	Stacco rumeno una gamba.gif	3a3d0c676837b5a88739ff2a73561742db542f346884bea20cbff64637d32711	gia con quel nome	il file si chiama gia cosi
2026-08-04T21:46:52	Gambe e Glutei	Stacco rumeno bilanciere.gif	Stacco rumeno bilanciere.gif	6408358f337d24be43a70149bed1c45a8cef0f7bf79e5694fcf38375f1bd7315	gia con quel nome	il file si chiama gia cosi
2026-08-04T21:46:52	Gambe e Glutei	Stacco rumeno manubri.gif	Stacco rumeno manubri.gif	8d5eb185bbfa050b83d395997b9aef39edbe540029389b65c99fab33637cc27b	gia con quel nome	il file si chiama gia cosi
2026-08-04T21:46:52	Gambe e Glutei	Stacco rumeno una gamba palla medica.gif	Stacco rumeno una gamba palla medica.gif	e874d1e8ebf510af12771ecbf13641202d00f611565b0934fc909b699a8021ee	gia con quel nome	il file si chiama gia cosi
2026-08-04T21:46:52	Gambe e Glutei	Stacco rumeno una gamba kettlebell.gif	Stacco rumeno una gamba kettlebell.gif	33ca04bb86160767b71426af9a5c29991ae6aca31400d6715f3aa94e9d02057b	gia con quel nome	il file si chiama gia cosi
2026-08-04T21:46:52	Gambe e Glutei	Stacco rumeno una gamba manubri.gif	Stacco rumeno una gamba manubri.gif	9c38b502463fa98c518afe0f80e030289039e3b32106bcc31d1948fe878ea546	gia con quel nome	il file si chiama gia cosi
2026-08-04T21:46:52	Gambe e Glutei	Stacco rumeno una gamba multipower.gif	Stacco rumeno una gamba multipower.gif	b74e09fd01ae559deb27240898221efaf3965400c85dd75ca1c2571f6458891d	gia con quel nome	il file si chiama gia cosi
2026-08-04T21:46:52	Gambe e Glutei	Swing elastico maniglie.gif	Swing elastico maniglie.gif	8985b3f51bdf676005206b9a4e679d9f79d7b0f10dc7db8c330f6b3cb8a58d31	gia con quel nome	il file si chiama gia cosi
2026-08-04T21:46:52	Gambe e Glutei	Nordic curl panca romana.gif	Nordic curl panca romana.gif	a618650368f6b351b0b04d6845cc7253a241bf018d9ccc1549f65b2c645b9264	gia con quel nome	il file si chiama gia cosi
2026-08-04T21:46:52	Gambe e Glutei	Iperestensione inversa panca romana.gif	Iperestensione inversa panca romana.gif	ede3cfa8877ccbb21d3ac3171a66670f2287ebc5ccbe498e862f114a327ea720	gia con quel nome	il file si chiama gia cosi
2026-08-04T21:46:52	Gambe e Glutei	Leg curl una gamba cavo in piedi.gif	Leg curl una gamba cavo in piedi.gif	618e2cfd885c89ed12c65bb52b951d0021a9d4e0fddbec1f03bf3eeda29581e0	gia con quel nome	il file si chiama gia cosi
2026-08-04T21:46:52	Gambe e Glutei	Leg curl una gamba macchina in piedi.gif	Leg curl una gamba macchina in piedi.gif	41e4d7dc92c16107d5b322e5f2c42edbed6ebaddbf928e6fe7261f3e8f8c6434	gia con quel nome	il file si chiama gia cosi
2026-08-04T21:46:52	Gambe e Glutei	Leg curl cavo sdraiato.gif	Leg curl cavo sdraiato.gif	df494a79e62f0371b067507da680cae4f1153d2ba45dac0c078d4c3981cb33ad	gia con quel nome	il file si chiama gia cosi
2026-08-04T21:46:52	Gambe e Glutei	Leg curl una gamba macchina ginocchio rialzato.gif	Leg curl una gamba macchina ginocchio rialzato.gif	fe67588edbb890cb52a23bb0f1f803db130a1dbf8b6638260c09d9d96197fa06	gia con quel nome	il file si chiama gia cosi
2026-08-04T21:46:52	Gambe e Glutei	Leg curl macchina prona.gif	Leg curl macchina prona.gif	3c94667d2cfce7f620b9d69455866a367a44483aa057acd97b14fac86c957834	gia con quel nome	il file si chiama gia cosi
2026-08-04T21:46:52	Gambe e Glutei	Leg curl una gamba macchina prona.gif	Leg curl una gamba macchina prona.gif	f95f386243dfe5e83d25893198858847a4df91a84afb71b7080e129d49ef1775	gia con quel nome	il file si chiama gia cosi
2026-08-04T21:46:52	Gambe e Glutei	Leg curl macchina seduto prese anteriori.gif	Leg curl macchina seduto prese anteriori.gif	bc6053d01b6789e92a618846509f702d7cb46ef6b602181b0de8881a700cdd01	gia con quel nome	il file si chiama gia cosi
2026-08-04T21:46:52	Gambe e Glutei	Leg curl macchina seduto prese laterali.gif	Leg curl macchina seduto prese laterali.gif	20d7a61edc8d4fe1ab8a25acf9b6d6e5331e8c616bcb1af8ce640a3d9e3ab666	gia con quel nome	il file si chiama gia cosi
2026-08-04T21:46:52	Gambe e Glutei	Reverse hyper elastico panca piana.gif	Reverse hyper elastico panca piana.gif	d323698d14233764d5922c7d01c4bffce78c33ad135da2a27fb2de5ef175a276	gia con quel nome	il file si chiama gia cosi
2026-08-04T21:46:52	Gambe e Glutei	Hip thrust bilanciere panca.gif	Hip thrust bilanciere panca.gif	7f6b35aebf337bcc17c4cdcb626103cad242f99c7bdadb448ee5319fd994b8e9	gia con quel nome	il file si chiama gia cosi
2026-08-04T21:46:52	Gambe e Glutei	Hip thrust corpo libero panca.gif	Hip thrust corpo libero panca.gif	b69d54b222fe7dc9fd5a9a7dff483a0a4226e179d26a3b7fbcc42ad6abe3b5b6	gia con quel nome	il file si chiama gia cosi
2026-08-04T21:46:52	Gambe e Glutei	Hip thrust elastico in ginocchio.gif	Hip thrust elastico in ginocchio.gif	70aa6e70da60bbcda01dcc948bfa5d18dad2b2f1d5754340adf68fe9322ee25d	gia con quel nome	il file si chiama gia cosi
2026-08-04T21:46:52	Gambe e Glutei	Hip thrust multipower panca.gif	Hip thrust multipower panca.gif	0441b07c3842e386dda79f93d46f2afad2d6c8dda5ca857bd1f8035a112e6a57	gia con quel nome	il file si chiama gia cosi
2026-08-04T21:46:52	Gambe e Glutei	Hip thrust bilanciere piedi su panca.gif	Hip thrust bilanciere piedi su panca.gif	14ae4e0b84a58cfe25ecb63d53f547ad0c0d1795b27088ac26c283ee3de2a783	gia con quel nome	il file si chiama gia cosi
2026-08-04T21:46:52	Gambe e Glutei	Hip thrust talloni elevati.gif	Hip thrust talloni elevati.gif	35f7947997e152eedbddeb78f86782be19495cd01bfa8a2307e7adfde157d77b	gia con quel nome	il file si chiama gia cosi
2026-08-04T21:46:52	Gambe e Glutei	Hip thrust unilaterale (schiena su panca).gif	Hip thrust bilanciere una gamba.gif	a0e304b97dce81084d12f534a7675e3fa00d2cc00a04cf7a526ef5206bbedccd	niente da fare sul Mac	nessun file sul Mac: si rinomina in migrazione
2026-08-04T21:46:52	Gambe e Glutei	Hip thrust una gamba panca spinta esplosiva.gif	Hip thrust una gamba panca spinta esplosiva.gif	3def639c3af695e7d2e45782495e7b9d2016f600d2c275461b3debec3c99737e	gia con quel nome	il file si chiama gia cosi
2026-08-04T21:46:52	Gambe e Glutei	Hip thrust una gamba panca.gif	Hip thrust una gamba panca.gif	76067cc0a70a14efbd3d24f4bc8be2e041c95b3eb82d8443f0da101b860ad038	gia con quel nome	il file si chiama gia cosi
2026-08-04T21:46:52	Gambe e Glutei	Ponte glutei.gif	Ponte glutei.gif	58825f7b669b759a54fb2df628b95dde97b52d45b404280ef4edd611c87257a9	gia con quel nome	il file si chiama gia cosi
2026-08-04T21:46:52	Gambe e Glutei	Ponte glutei frog pump.gif	Ponte glutei frog pump.gif	ca76398a9a97a43247d3012102edc70b536642e2270d0fefa08ececb4c80cc46	gia con quel nome	il file si chiama gia cosi
2026-08-04T21:46:52	Gambe e Glutei	Ponte glutei gambe tese piedi su panca.gif	Ponte glutei gambe tese piedi su panca.gif	adc40d2960ef1ed9d553170f564149e92dcbfaa12c6bd5feacea2f5ef643968a	gia con quel nome	il file si chiama gia cosi
2026-08-04T21:46:52	Gambe e Glutei	Ponte glutei manubrio.gif	Ponte glutei manubrio.gif	8395ca4cae72657568dc9ba63adc0cba92793fc74e2a18fc8e516dc2ff276baa	gia con quel nome	il file si chiama gia cosi
2026-08-04T21:46:52	Gambe e Glutei	Ponte glutei piedi su panca.gif	Ponte glutei piedi su panca.gif	21bd3fcb0d7f65598a6d20f9b0bff4fef175c699f27d5f06a80eb04ddf075c56	gia con quel nome	il file si chiama gia cosi
2026-08-04T21:46:52	Gambe e Glutei	Ponte glutei una gamba piede posteriore panca.gif	Ponte glutei una gamba piede posteriore panca.gif	a6c1840a5fa155ca60277e3ed2fc95c8a912b141cf140aa04b662550605f13a8	gia con quel nome	il file si chiama gia cosi
2026-08-04T21:46:52	Gambe e Glutei	Ponte glutei una gamba tesa.gif	Ponte glutei una gamba tesa.gif	19f92551056487f8c4aecbb95797644b0c7d10e973ca8517cf22ae63ea04e6a9	gia con quel nome	il file si chiama gia cosi
2026-08-04T21:46:52	Gambe e Glutei	Ponte glutei una gamba verticale.gif	Ponte glutei una gamba verticale.gif	1d2cf901a45504db769aeb02bade7a17d07e95cb83d17ae68eda017aaaa4f2af	gia con quel nome	il file si chiama gia cosi
2026-08-04T21:46:52	Gambe e Glutei	Abduzione anca decubito laterale.gif	Abduzione anca decubito laterale.gif	36591f7540ab08a2bcbe24449da7731e89e7119b12a546bcc20e5fbb84a8148d	gia con quel nome	il file si chiama gia cosi
2026-08-04T21:46:52	Gambe e Glutei	Abduzione anca elastico seduto panca.gif	Abduzione anca elastico seduto panca.gif	28e9e41d85fdd9e187ffd7ff3e73c28cde6118a577191becff5d6d029d152e59	gia con quel nome	il file si chiama gia cosi
2026-08-04T21:46:52	Gambe e Glutei	Abduzione una gamba cavo.gif	Abduzione una gamba cavo.gif	26bd85ebbc14d6d894c757fff7c01e1f3b1bf7737b41a10b5307dfdd11116904	gia con quel nome	il file si chiama gia cosi
2026-08-04T21:46:52	Gambe e Glutei	Abduzione Clamshell decubito laterale.gif	Abduzione clamshell decubito laterale.gif	9cf0d29aa0f7a9164b50442a2aa752ada10ce315e552bf309c118a7f7bd60cfd	errore	destinazione comparsa nel frattempo
2026-08-04T21:46:52	Gambe e Glutei	Abduzione Clamshell elastico decubito laterale.gif	Abduzione clamshell elastico decubito laterale.gif	a3c6ef8292fcd0d17e17a4b137d39ae6cac1ec07262b4f8e5d4f0f2c7a6c767f	errore	destinazione comparsa nel frattempo
2026-08-04T21:46:52	Gambe e Glutei	Abduzione fire hydrant elastico quadrupedia.gif	Abduzione fire hydrant elastico quadrupedia.gif	87f4ee85172f30be9424a03edadc54cf2bf029d471b4fd71b0c542d496fff371	gia con quel nome	il file si chiama gia cosi
2026-08-04T21:46:52	Gambe e Glutei	Abduzione appoggio in piedi.gif	Abduzione appoggio in piedi.gif	6af8638aea63e98ec4bce399caef862421d70e54f1b93a80719fc77ddaac656d	gia con quel nome	il file si chiama gia cosi
2026-08-04T21:46:52	Gambe e Glutei	Abduzione fire hydrant quadrupedia.gif	Abduzione fire hydrant quadrupedia.gif	e5d41dae55dd5ca517472921fb792caf11a1467dc6d161cba40a91fd6f2517a8	gia con quel nome	il file si chiama gia cosi
2026-08-04T21:46:52	Gambe e Glutei	Abduzione una gamba macchina spinta laterale.gif	Abduzione una gamba macchina spinta laterale.gif	2e41cb245a580273b33089a600781079868d652293d8b415f9c0444bc6df7d97	gia con quel nome	il file si chiama gia cosi
2026-08-04T21:46:52	Gambe e Glutei	Abduzione macchina spinta posteriore.gif	Abduzione macchina spinta posteriore.gif	2de2d239a271bed617680c7b37b05d3bf1d44d059ddd725d4841ebdc393afc57	gia con quel nome	il file si chiama gia cosi
2026-08-04T21:46:52	Gambe e Glutei	Abduzione macchina seduto.gif	Abduzione macchina seduto.gif	47eb61b4daa92f896b6c1aa2461d598e0468d57e3a36558c2a789a7bf24c52c2	gia con quel nome	il file si chiama gia cosi
2026-08-04T21:46:52	Gambe e Glutei	Camminata laterale elastico.gif	Camminata laterale elastico.gif	615827e78ad806768b9deaa68d7f4f3e4f4be53724e2b3160c252175907096d1	gia con quel nome	il file si chiama gia cosi
2026-08-04T21:46:52	Gambe e Glutei	Donkey kick avambracci a terra.gif	Donkey kick avambracci a terra.gif	5599f5fbeb64e446a40f88a24259976360b98dc6e73cc3efe2a7ee12b2c8e76c	gia con quel nome	il file si chiama gia cosi
2026-08-04T21:46:52	Gambe e Glutei	Donkey kick mani a terra.gif	Donkey kick mani a terra.gif	2f33257ee046083d5e52ef7369a19ca36fcba6b4b4ee623ac1f2ec268fdc615c	gia con quel nome	il file si chiama gia cosi
2026-08-04T21:46:52	Gambe e Glutei	Donkey kick elastico quadrupedia.gif	Donkey kick elastico quadrupedia.gif	1805d106e06b98da16dabf757d6434eaaf81d0947b4284348d57d7be030464f6	gia con quel nome	il file si chiama gia cosi
2026-08-04T21:46:52	Gambe e Glutei	Donkey kick tesa panca.gif	Donkey kick tesa panca.gif	8d226f8371aa8b5867e5272d1e4f49df2816e8f4f553e806f1c99af0f2fd19eb	gia con quel nome	il file si chiama gia cosi
2026-08-04T21:46:52	Gambe e Glutei	Donkey kick macchina.gif	Donkey kick macchina.gif	d5ba21d65a6d2480506e35b47dacc8db49ed73895fbd400eeb7d5be7e5095b2e	gia con quel nome	il file si chiama gia cosi
2026-08-04T21:46:52	Gambe e Glutei	Estensione anca appoggio bilanciere (unilateral hip extension with vertical barbell support).gif	Estensione anca elastico.gif	680dae8c4cc422aa7b26097083317b838d5eee2e927738a43f99d82de938f7f8	niente da fare sul Mac	nessun file sul Mac: si rinomina in migrazione
2026-08-04T21:46:52	Gambe e Glutei	Estensione anca cavo busto flesso.gif	Estensione anca cavo busto flesso.gif	42c8d4637ea6b6659f1bdaf0f0d4d6a3334c08f96d0a9039b457af0e3d65b202	gia con quel nome	il file si chiama gia cosi
2026-08-04T21:46:52	Gambe e Glutei	Estensione anca cavo.gif	Estensione anca cavo.gif	87fea7deeed06a9a924b0eee4517a48c740fd76b40ed8c78e78ffe88e69a92e4	gia con quel nome	il file si chiama gia cosi
2026-08-04T21:46:52	Gambe e Glutei	Estensione anca elastico busto flesso.gif	Estensione anca elastico busto flesso.gif	b0bcd55a0cc7503a450a92113fe44d959a1722ca5625b3cbb9766ec0fe52464a	gia con quel nome	il file si chiama gia cosi
2026-08-04T21:46:52	Gambe e Glutei	Estensione anca elastico knee drive.gif	Estensione anca elastico knee drive.gif	99f9d3c042f625294b7b4deba0f28d96c9d65471269a117560a9768545fe1a5e	gia con quel nome	il file si chiama gia cosi
2026-08-04T21:46:52	Gambe e Glutei	Estensione anca glute machine.gif	Estensione anca glute machine.gif	3ecf41e11996cd93ec79cafc00f6314bd1c2239f1dc8e04cdd7a2a6b810550ce	gia con quel nome	il file si chiama gia cosi
2026-08-04T21:46:52	Gambe e Glutei	Estensione anca in piedi appoggio bilanciere.gif	Estensione anca in piedi appoggio bilanciere.gif	f9f13514b2203edd9ff6e414b54d899447701d70ddb07b9c06e1e98c8b52d190	gia con quel nome	il file si chiama gia cosi
2026-08-04T21:46:52	Gambe e Glutei	Stacco rumeno una gamba bilanciere.gif	Stacco rumeno una gamba bilanciere.gif	cb6e1394da0aa481bff8c8b45a5af8d6168db7cb039ad43bab61fbb426e3a41d	gia con quel nome	il file si chiama gia cosi
2026-08-04T21:46:52	Gambe e Glutei	Estensione anca macchina.gif	Estensione anca macchina.gif	8f88a46d9caaaedd3213f089a348da6a9391dfbcdfe19ce54be18e937946e0ca	gia con quel nome	il file si chiama gia cosi
2026-08-04T21:46:52	Gambe e Glutei	Adduzione anca decubito laterale gamba tesa.gif	Adduzione anca decubito laterale gamba tesa.gif	ffafbba8e1069936d293fc38c2ffadbb0ac12455dd6db446986ddf32a6a5a65d	gia con quel nome	il file si chiama gia cosi
2026-08-04T21:46:52	Gambe e Glutei	Adduzione anca cavo.gif	Adduzione anca cavo.gif	3facf6f34e005363ea433aae0adb89d74dada495582b5b252ee35ecc45ca1713	gia con quel nome	il file si chiama gia cosi
2026-08-04T21:46:52	Gambe e Glutei	Adduzione anca decubito laterale piede in appoggio.gif	Adduzione anca decubito laterale piede in appoggio.gif	50a3a7eec880b7ebcc23d11d0b7a3c4cd6d3bf4024540840e3d8178a61b2366b	gia con quel nome	il file si chiama gia cosi
2026-08-04T21:46:52	Gambe e Glutei	Adduzione una gamba macchina in piedi.gif	Adduzione una gamba macchina in piedi.gif	0f67caeb3f0b76a301340fa1fc9727c8318f541e1daa73dd9917e73daa8c9347	gia con quel nome	il file si chiama gia cosi
2026-08-04T21:46:52	Gambe e Glutei	Adduzione macchina seduto.gif	Adduzione macchina seduto.gif	b1c254befaf31b8fcd0aaf2755c15d0ebdf4cc69359ec739930780a24c654d7e	gia con quel nome	il file si chiama gia cosi
2026-08-04T21:46:52	Gambe e Glutei	Step up manubri con curl bicipiti.gif	Step up manubri con curl bicipiti.gif	3f4e83665a8d21dc754db8f23a69172a7fae07e10961dd619f7c8e4ed64f3018	gia con quel nome	il file si chiama gia cosi
2026-08-04T21:46:52	Gambe e Glutei	Step-up bilanciere.gif	Step-up bilanciere.gif	1a48011afd2fe3ff564ac377b35cd734f8e2621ceea9745093f34819b8a5e677	gia con quel nome	il file si chiama gia cosi
2026-08-04T21:46:52	Gambe e Glutei	Step-up cavo basso.gif	Step-up cavo basso.gif	064d27d233e6e38fe39d9c999badfa26e9d83c1bafb06482b28433ef5446494f	gia con quel nome	il file si chiama gia cosi
2026-08-04T21:46:52	Gambe e Glutei	Calf raise su gradino.gif	Calf raise su gradino.gif	f0b3ea76e173a770e298e65e242c0fb83a1bc27626d2be726388b18e7ee3cafd	gia con quel nome	il file si chiama gia cosi
2026-08-04T21:46:52	Gambe e Glutei	Jumping pliometrico manubri.gif	Jumping pliometrico manubri.gif	167ca90a26b517f4ad08e4f2b4021b824e8ad5e9ffc5e6ef1875532f2f309b5e	gia con quel nome	il file si chiama gia cosi
2026-08-04T21:46:52	Gambe e Glutei	Salto all'indietro.gif	Salto all'indietro.gif	a62c3447813ba7c3b0fb9e0df922a9bcde2158c0a205154c5684a1c298948f26	gia con quel nome	il file si chiama gia cosi
2026-08-04T21:46:52	Gambe e Glutei	Jumping split lunge.gif	Jumping split lunge.gif	249d59842be2bebb1397aee4461028ba5b345f2668ab7f347013a68c87869813	gia con quel nome	il file si chiama gia cosi
2026-08-04T21:46:52	Gambe e Glutei	Salto lungo da fermo.gif	Salto lungo da fermo.gif	4f43a63ea99b7649dd74f994ca8f86d4e46a5ec64c2eb1b79d6f7efbe5d15612	gia con quel nome	il file si chiama gia cosi
2026-08-04T21:46:52	Gambe e Glutei	Salto una gamba avanti.gif	Salto una gamba avanti.gif	b719429ca7eef77fd59fcd5aa6981695e944c96825ca7d7a28ebb47a753bc350	gia con quel nome	il file si chiama gia cosi
2026-08-04T21:46:52	Gambe e Glutei	Salto verticale esplosivo.gif	Salto verticale esplosivo.gif	22695a0973033165dfbe2ae1a4a3525a35d623396f36ccec47b8902da103da3d	gia con quel nome	il file si chiama gia cosi
2026-08-04T21:46:52	Gambe e Glutei	Squat jump.gif	Squat jump.gif	8a324911f10953efb308af8b5f5b753e36a6736c3656270cc66c58e61c977fdb	gia con quel nome	il file si chiama gia cosi
2026-08-04T21:46:52	Gambe e Glutei	Jumping box.gif	Jumping box.gif	b0fa6a45cb42c0c073c5aff9d0ecef1bc2b6f8cb6ade5c3b4fefa958bce3df02	gia con quel nome	il file si chiama gia cosi
2026-08-04T21:46:52	Gambe e Glutei	Jumping pistol box.gif	Jumping pistol box.gif	4c96d34438150cca7194bf0ec31550ca728481fb0b9b206fa754cff2cc753480	gia con quel nome	il file si chiama gia cosi
2026-08-04T21:46:52	Gambe e Glutei	Jumping box una gamba.gif	Jumping box una gamba.gif	ed1928deafdeb400589c25a90c387d56a55d892bd1fae9a464b29aa107119ed9	gia con quel nome	il file si chiama gia cosi
2026-08-04T21:46:52	Gambe e Glutei	Squat jump ginocchia alte.gif	Squat jump ginocchia alte.gif	a4902c6783e703d37906e850fc12f1bc97718ab584adcf250140ff3419b8de31	gia con quel nome	il file si chiama gia cosi
2026-08-04T21:46:52	Gambe e Glutei	Squat pliometrico manubri.gif	Squat pliometrico manubri.gif	2c7fe3b74bf20ef2e47530bd36c6d080b208394ebc50d5093158b3762973e27c	gia con quel nome	il file si chiama gia cosi
2026-08-04T21:46:52	Gambe e Glutei	Squat thrust.gif	Squat thrust.gif	eddad0e20b02c66f70f506afa6b6b0dc66bfd3a6f3b310949cd37787cffb97a1	gia con quel nome	il file si chiama gia cosi
2026-08-11T10:48:59	Pettorali	Adduzione spalla elastico un braccio in piedi.gif	Adduzione braccio elastico in piedi.gif	63690910f82557d8f3da73c17aa5013e8c5eb92a278194cc0e35e36e3973205f	rinominato	
2026-08-11T10:48:59	Pettorali	Chest press maniglie elastico in piedi.gif	Chest press elastico inclinato.gif	37047e359852a79a035d8fb10d14db022eb2256d4349e1537aae8dae828ef017	rinominato	
2026-08-11T10:48:59	Pettorali	Croci cavi alti in piedi (Cable cross over standing).gif	Croci cavi alti.gif	9c8fd50be569c14fdfc151a01de1414e57aabf3155862cd7ee9a1034dbe3db79	rinominato	
2026-08-11T10:48:59	Pettorali	Croci cavi alti traiettoria alta in piedi (Cable high-to-high fly standing).gif	Croci cavi medi traiettoria alta.gif	a94449f6fd860d60de6ce127d281719fec7a377d739b7f69d8adca38d0853b95	rinominato	
2026-08-11T10:48:59	Pettorali	Croci cavi bassi in piedi (Cable low-to-high fly standing).gif	Croci cavi bassi.gif	f60260629b2d5a8ec883a5e2582e3fe6a4307d39d2f85a98339869f360cf329a	rinominato	
2026-08-11T10:48:59	Pettorali	Croci cavi in piedi (Cable fly standing).gif	Croci cavi medi in piedi.gif	8c699aa7dfdc2f7f1495c07f3b52c827cff4ea7822ff8b443a2cd6ded952a887	rinominato	
2026-08-11T10:48:59	Pettorali	Croci cavi in piedi presa prona (Cable fly standing pronated grip).gif	Croci cavi medi presa prona.gif	8be005b695f33c2d302164dc22d97d19c869df119f9d411d46d9e40e9bfc98af	rinominato	
2026-08-11T10:48:59	Pettorali	Croci cavi panca declinata (Cable fly decline bench).gif	Croci cavi bassi panca declinata.gif	db22ea9c61d2cea69e1cfdef42bdb7672e5b7c47a024605747094eed11c01650	rinominato	
2026-08-11T10:48:59	Pettorali	Croci cavi panca inclinata (Cable fly incline bench).gif	Croci cavi bassi panca inclinata.gif	f094a7708d8446f9e6eee7d16a95e512269b8b446d823eef2df870d27d9ee8c9	rinominato	
2026-08-11T10:48:59	Pettorali	Croci cavi panca piana (Cable fly flat bench).gif	Croci cavi bassi panca piana.gif	a216c4f77594cce36e931141b81ba9ef54d651f4c0afe59a46f656d0d593ce28	rinominato	
2026-08-11T10:59:32	Pettorali	Adduzione braccio elastico in piedi.gif	Adduzione braccio elastico in piedi.gif	63690910f82557d8f3da73c17aa5013e8c5eb92a278194cc0e35e36e3973205f	gia con quel nome	il file si chiama gia cosi
2026-08-11T10:59:32	Pettorali	Chest press elastico inclinato.gif	Chest press elastico inclinato.gif	37047e359852a79a035d8fb10d14db022eb2256d4349e1537aae8dae828ef017	gia con quel nome	il file si chiama gia cosi
2026-08-11T10:59:32	Pettorali	Croci cavi alti.gif	Croci cavi alti.gif	9c8fd50be569c14fdfc151a01de1414e57aabf3155862cd7ee9a1034dbe3db79	gia con quel nome	il file si chiama gia cosi
2026-08-11T10:59:32	Pettorali	Croci cavi medi traiettoria alta.gif	Croci cavi medi traiettoria alta.gif	a94449f6fd860d60de6ce127d281719fec7a377d739b7f69d8adca38d0853b95	gia con quel nome	il file si chiama gia cosi
2026-08-11T10:59:32	Pettorali	Croci cavi bassi.gif	Croci cavi bassi.gif	f60260629b2d5a8ec883a5e2582e3fe6a4307d39d2f85a98339869f360cf329a	gia con quel nome	il file si chiama gia cosi
2026-08-11T10:59:32	Pettorali	Croci cavi medi in piedi.gif	Croci cavi medi in piedi.gif	8c699aa7dfdc2f7f1495c07f3b52c827cff4ea7822ff8b443a2cd6ded952a887	gia con quel nome	il file si chiama gia cosi
2026-08-11T10:59:32	Pettorali	Croci cavi medi presa prona.gif	Croci cavi medi presa prona.gif	8be005b695f33c2d302164dc22d97d19c869df119f9d411d46d9e40e9bfc98af	gia con quel nome	il file si chiama gia cosi
2026-08-11T10:59:32	Pettorali	Croci cavi bassi panca declinata.gif	Croci cavi bassi panca declinata.gif	db22ea9c61d2cea69e1cfdef42bdb7672e5b7c47a024605747094eed11c01650	gia con quel nome	il file si chiama gia cosi
2026-08-11T10:59:32	Pettorali	Croci cavi bassi panca inclinata.gif	Croci cavi bassi panca inclinata.gif	f094a7708d8446f9e6eee7d16a95e512269b8b446d823eef2df870d27d9ee8c9	gia con quel nome	il file si chiama gia cosi
2026-08-11T10:59:32	Pettorali	Croci cavi bassi panca piana.gif	Croci cavi bassi panca piana.gif	a216c4f77594cce36e931141b81ba9ef54d651f4c0afe59a46f656d0d593ce28	gia con quel nome	il file si chiama gia cosi
2026-08-11T10:59:32	Pettorali	Croci macchina seduto (Machine fly seated).gif	Croci macchina seduto.gif	3b5ac43014e89e55a5fda818e1560397442a7f689d1c9f6917d42339d00f5932	rinominato	
2026-08-11T10:59:32	Pettorali	Croci manubri panca inclinata (Dumbbell fly incline bench).gif	Croci manubri panca inclinata.gif	18a3e1b4961c6c7b2433bd2b0ba7b97b62d6e7c7adc9004f7f3b2e48732bc424	rinominato	
2026-08-11T10:59:32	Pettorali	Croci manubri panca piana (Dumbbell fly flat bench).gif	Croci manubri panca piana.gif	2e7b50e4dbee70d1504c07f1b6e5696973b428bc367e3c513fdfce9ca5d74e2a	rinominato	
2026-08-11T10:59:32	Pettorali	Croci TRX (TRX fly).gif	Croci TRX.gif	f9f1661203107f94bb6554b2703e9f015c483ff0e7901e6a5a5c371d29ed6d25	rinominato	
2026-08-11T10:59:32	Pettorali	Croci un braccio cavi panca declinata (Cable one arm fly decline bench).gif	Croci cavi bassi un braccio panca declinata.gif	3c044de930cb88cc17bc944abc9b406e7fb0e1defe8a29e360026f5d619dcc87	rinominato	
2026-08-11T10:59:32	Pettorali	Dip anelli (Rings dip).gif	Dip anelli.gif	d7c88f46a0592575c44d2d1e678a616ed99b8760661147e5e12b84841b66f7c8	rinominato	
2026-08-11T10:59:32	Pettorali	Dip assistiti macchina (Assisted chest dip machine).gif	Dip assistiti macchina.gif	ff200ff033b91ba6f217f0afc931332b5d55ba1a686fa18584f8a397040e059a	rinominato	
2026-08-11T10:59:32	Pettorali	Dip coreano parallele (Korean parallel bars dip).gif	Dip coreano parallele.gif	02a7ea51452c3a58952530ad4803c0feb66cda048cb7d436e1ee630a13855aba	rinominato	
2026-08-11T10:59:32	Pettorali	Dip parallele (Parallel bars dip).gif	Dip parallele.gif	f1a212b4872d92354e7b936993b91b288cf3722802f8b21553ffcf3d93ec45c5	rinominato	
2026-08-11T10:59:32	Pettorali	Dip parallele basse (Low parallel bars dip).gif	Dip station parallele.gif	ec81f85d5e44e5f3f49adda3ea85ab26cbe0c6f8cb4d9418940c6ef6f18ccbc6	rinominato	
2026-08-11T11:02:22	Pettorali	Adduzione braccio elastico in piedi.gif	Adduzione braccio elastico in piedi.gif	63690910f82557d8f3da73c17aa5013e8c5eb92a278194cc0e35e36e3973205f	gia con quel nome	il file si chiama gia cosi
2026-08-11T11:02:22	Pettorali	Chest press elastico inclinato.gif	Chest press elastico inclinato.gif	37047e359852a79a035d8fb10d14db022eb2256d4349e1537aae8dae828ef017	gia con quel nome	il file si chiama gia cosi
2026-08-11T11:02:22	Pettorali	Croci cavi alti.gif	Croci cavi alti.gif	9c8fd50be569c14fdfc151a01de1414e57aabf3155862cd7ee9a1034dbe3db79	gia con quel nome	il file si chiama gia cosi
2026-08-11T11:02:22	Pettorali	Croci cavi medi traiettoria alta.gif	Croci cavi medi traiettoria alta.gif	a94449f6fd860d60de6ce127d281719fec7a377d739b7f69d8adca38d0853b95	gia con quel nome	il file si chiama gia cosi
2026-08-11T11:02:22	Pettorali	Croci cavi bassi.gif	Croci cavi bassi.gif	f60260629b2d5a8ec883a5e2582e3fe6a4307d39d2f85a98339869f360cf329a	gia con quel nome	il file si chiama gia cosi
2026-08-11T11:02:22	Pettorali	Croci cavi medi in piedi.gif	Croci cavi medi in piedi.gif	8c699aa7dfdc2f7f1495c07f3b52c827cff4ea7822ff8b443a2cd6ded952a887	gia con quel nome	il file si chiama gia cosi
2026-08-11T11:02:22	Pettorali	Croci cavi medi presa prona.gif	Croci cavi medi presa prona.gif	8be005b695f33c2d302164dc22d97d19c869df119f9d411d46d9e40e9bfc98af	gia con quel nome	il file si chiama gia cosi
2026-08-11T11:02:22	Pettorali	Croci cavi bassi panca declinata.gif	Croci cavi bassi panca declinata.gif	db22ea9c61d2cea69e1cfdef42bdb7672e5b7c47a024605747094eed11c01650	gia con quel nome	il file si chiama gia cosi
2026-08-11T11:02:22	Pettorali	Croci cavi bassi panca inclinata.gif	Croci cavi bassi panca inclinata.gif	f094a7708d8446f9e6eee7d16a95e512269b8b446d823eef2df870d27d9ee8c9	gia con quel nome	il file si chiama gia cosi
2026-08-11T11:02:22	Pettorali	Croci cavi bassi panca piana.gif	Croci cavi bassi panca piana.gif	a216c4f77594cce36e931141b81ba9ef54d651f4c0afe59a46f656d0d593ce28	gia con quel nome	il file si chiama gia cosi
2026-08-11T11:02:22	Pettorali	Croci macchina seduto.gif	Croci macchina seduto.gif	3b5ac43014e89e55a5fda818e1560397442a7f689d1c9f6917d42339d00f5932	gia con quel nome	il file si chiama gia cosi
2026-08-11T11:02:22	Pettorali	Croci manubri panca inclinata.gif	Croci manubri panca inclinata.gif	18a3e1b4961c6c7b2433bd2b0ba7b97b62d6e7c7adc9004f7f3b2e48732bc424	gia con quel nome	il file si chiama gia cosi
2026-08-11T11:02:22	Pettorali	Croci manubri panca piana.gif	Croci manubri panca piana.gif	2e7b50e4dbee70d1504c07f1b6e5696973b428bc367e3c513fdfce9ca5d74e2a	gia con quel nome	il file si chiama gia cosi
2026-08-11T11:02:22	Pettorali	Croci TRX.gif	Croci TRX.gif	f9f1661203107f94bb6554b2703e9f015c483ff0e7901e6a5a5c371d29ed6d25	gia con quel nome	il file si chiama gia cosi
2026-08-11T11:02:22	Pettorali	Croci cavi bassi un braccio panca declinata.gif	Croci cavi bassi un braccio panca declinata.gif	3c044de930cb88cc17bc944abc9b406e7fb0e1defe8a29e360026f5d619dcc87	gia con quel nome	il file si chiama gia cosi
2026-08-11T11:02:22	Pettorali	Dip anelli.gif	Dip anelli.gif	d7c88f46a0592575c44d2d1e678a616ed99b8760661147e5e12b84841b66f7c8	gia con quel nome	il file si chiama gia cosi
2026-08-11T11:02:22	Pettorali	Dip assistiti macchina.gif	Dip assistiti macchina.gif	ff200ff033b91ba6f217f0afc931332b5d55ba1a686fa18584f8a397040e059a	gia con quel nome	il file si chiama gia cosi
2026-08-11T11:02:22	Pettorali	Dip coreano parallele.gif	Dip coreano parallele.gif	02a7ea51452c3a58952530ad4803c0feb66cda048cb7d436e1ee630a13855aba	gia con quel nome	il file si chiama gia cosi
2026-08-11T11:02:22	Pettorali	Dip parallele.gif	Dip parallele.gif	f1a212b4872d92354e7b936993b91b288cf3722802f8b21553ffcf3d93ec45c5	gia con quel nome	il file si chiama gia cosi
2026-08-11T11:02:22	Pettorali	Dip station parallele.gif	Dip station.gif	ec81f85d5e44e5f3f49adda3ea85ab26cbe0c6f8cb4d9418940c6ef6f18ccbc6	rinominato	
2026-08-11T11:02:22	Pettorali	Dip parallele impossible (Impossible parallel bars dip).gif	Dip parallele impossible.gif	50efa691b4b464e23435d04f1831d32d6d6342eff7634e1261bc77b04cc27ebf	rinominato	
2026-08-11T11:02:22	Pettorali	Dip parallele sovraccarico (Weighted chest dip parallel bars).gif	Dip station sovraccarico.gif	3f340666a2b11eba11fc2f74a2c016ef7162f54909e028aa7b5a67f01b2a9346	rinominato	
2026-08-11T11:02:22	Pettorali	Dip tra due sedie (Between chairs dip).gif	Dip sedie.gif	85a6d3adf2ae7c460e186cd2fa43811ab84cef9c48d829363ea193c565f4c28c	rinominato	
2026-08-11T11:02:22	Pettorali	Distensioni alternate manubri panca piana (Dumbbell alternate bench press flat bench).gif	Distensioni alternate manubri panca piana.gif	736d557dc6bfa36bc671ca912c26f0596349a35a21cf07a8e8fe3ef47a363753	rinominato	
2026-08-11T11:02:22	Pettorali	Distensioni bilanciere panca declinata (Barbell decline bench press).gif	Distensioni bilanciere panca declinata.gif	7032d1bc1d3e12fc61758682fec928fd18ac65d866a96ab3b4f4019d2bff5355	rinominato	
2026-08-11T11:02:22	Pettorali	Distensioni bilanciere panca inclinata (Barbell incline bench press).gif	Distensioni bilanciere panca inclinata.gif	867f98d0e2afe62094dc53025004d1ee8a42b6fbac87cf763733d5043ebd6bd5	rinominato	
2026-08-11T11:02:22	Pettorali	Distensioni bilanciere panca piana (Barbell bench press flat bench).gif	Distensioni bilanciere panca piana.gif	3aff407c2e8d3f61a5509b174289476006fe8e888840a1f1ee115e370b2c32ed	rinominato	
2026-08-11T11:02:22	Pettorali	Distensioni bilanciere piedi sollevati panca piana (Barbell feet up bench press flat bench).gif	Distensioni bilanciere piedi sollevati panca piana.gif	0e44a08793d7bf1461888f849319b4f43683daf045eb10bd6dc5f9e2a45c3ad3	rinominato	
2026-08-11T11:02:22	Pettorali	Distensioni cavi panca inclinata (Cable bench press incline bench).gif	Distensioni cavi panca inclinata.gif	143697c8e0c08e0dfb7c13e775d2a21ab0e7b6b544af22a262d1727a9281bdec	rinominato	
2026-08-11T11:28:46	Pettorali	Adduzione braccio elastico in piedi.gif	Adduzione braccio elastico in piedi.gif	63690910f82557d8f3da73c17aa5013e8c5eb92a278194cc0e35e36e3973205f	gia con quel nome	il file si chiama gia cosi
2026-08-11T11:28:46	Pettorali	Chest press elastico inclinato.gif	Chest press elastico inclinato.gif	37047e359852a79a035d8fb10d14db022eb2256d4349e1537aae8dae828ef017	gia con quel nome	il file si chiama gia cosi
2026-08-11T11:28:46	Pettorali	Croci cavi alti.gif	Croci cavi alti.gif	9c8fd50be569c14fdfc151a01de1414e57aabf3155862cd7ee9a1034dbe3db79	gia con quel nome	il file si chiama gia cosi
2026-08-11T11:28:46	Pettorali	Croci cavi medi traiettoria alta.gif	Croci cavi medi traiettoria alta.gif	a94449f6fd860d60de6ce127d281719fec7a377d739b7f69d8adca38d0853b95	gia con quel nome	il file si chiama gia cosi
2026-08-11T11:28:46	Pettorali	Croci cavi bassi.gif	Croci cavi bassi.gif	f60260629b2d5a8ec883a5e2582e3fe6a4307d39d2f85a98339869f360cf329a	gia con quel nome	il file si chiama gia cosi
2026-08-11T11:28:46	Pettorali	Croci cavi medi in piedi.gif	Croci cavi medi in piedi.gif	8c699aa7dfdc2f7f1495c07f3b52c827cff4ea7822ff8b443a2cd6ded952a887	gia con quel nome	il file si chiama gia cosi
2026-08-11T11:28:46	Pettorali	Croci cavi medi presa prona.gif	Croci cavi medi presa prona.gif	8be005b695f33c2d302164dc22d97d19c869df119f9d411d46d9e40e9bfc98af	gia con quel nome	il file si chiama gia cosi
2026-08-11T11:28:46	Pettorali	Croci cavi bassi panca declinata.gif	Croci cavi bassi panca declinata.gif	db22ea9c61d2cea69e1cfdef42bdb7672e5b7c47a024605747094eed11c01650	gia con quel nome	il file si chiama gia cosi
2026-08-11T11:28:46	Pettorali	Croci cavi bassi panca inclinata.gif	Croci cavi bassi panca inclinata.gif	f094a7708d8446f9e6eee7d16a95e512269b8b446d823eef2df870d27d9ee8c9	gia con quel nome	il file si chiama gia cosi
2026-08-11T11:28:46	Pettorali	Croci cavi bassi panca piana.gif	Croci cavi bassi panca piana.gif	a216c4f77594cce36e931141b81ba9ef54d651f4c0afe59a46f656d0d593ce28	gia con quel nome	il file si chiama gia cosi
2026-08-11T11:28:46	Pettorali	Croci macchina seduto.gif	Croci macchina seduto.gif	3b5ac43014e89e55a5fda818e1560397442a7f689d1c9f6917d42339d00f5932	gia con quel nome	il file si chiama gia cosi
2026-08-11T11:28:46	Pettorali	Croci manubri panca inclinata.gif	Croci manubri panca inclinata.gif	18a3e1b4961c6c7b2433bd2b0ba7b97b62d6e7c7adc9004f7f3b2e48732bc424	gia con quel nome	il file si chiama gia cosi
2026-08-11T11:28:46	Pettorali	Croci manubri panca piana.gif	Croci manubri panca piana.gif	2e7b50e4dbee70d1504c07f1b6e5696973b428bc367e3c513fdfce9ca5d74e2a	gia con quel nome	il file si chiama gia cosi
2026-08-11T11:28:46	Pettorali	Croci TRX.gif	Croci TRX.gif	f9f1661203107f94bb6554b2703e9f015c483ff0e7901e6a5a5c371d29ed6d25	gia con quel nome	il file si chiama gia cosi
2026-08-11T11:28:46	Pettorali	Croci cavi bassi un braccio panca declinata.gif	Croci cavi bassi un braccio panca declinata.gif	3c044de930cb88cc17bc944abc9b406e7fb0e1defe8a29e360026f5d619dcc87	gia con quel nome	il file si chiama gia cosi
2026-08-11T11:28:46	Pettorali	Dip anelli.gif	Dip anelli.gif	d7c88f46a0592575c44d2d1e678a616ed99b8760661147e5e12b84841b66f7c8	gia con quel nome	il file si chiama gia cosi
2026-08-11T11:28:46	Pettorali	Dip assistiti macchina.gif	Dip assistiti macchina.gif	ff200ff033b91ba6f217f0afc931332b5d55ba1a686fa18584f8a397040e059a	gia con quel nome	il file si chiama gia cosi
2026-08-11T11:28:46	Pettorali	Dip coreano parallele.gif	Dip coreano parallele.gif	02a7ea51452c3a58952530ad4803c0feb66cda048cb7d436e1ee630a13855aba	gia con quel nome	il file si chiama gia cosi
2026-08-11T11:28:46	Pettorali	Dip parallele.gif	Dip parallele.gif	f1a212b4872d92354e7b936993b91b288cf3722802f8b21553ffcf3d93ec45c5	gia con quel nome	il file si chiama gia cosi
2026-08-11T11:28:46	Pettorali	Dip station.gif	Dip station.gif	ec81f85d5e44e5f3f49adda3ea85ab26cbe0c6f8cb4d9418940c6ef6f18ccbc6	gia con quel nome	il file si chiama gia cosi
2026-08-11T11:28:46	Pettorali	Dip parallele impossible.gif	Dip parallele impossible.gif	50efa691b4b464e23435d04f1831d32d6d6342eff7634e1261bc77b04cc27ebf	gia con quel nome	il file si chiama gia cosi
2026-08-11T11:28:46	Pettorali	Dip station sovraccarico.gif	Dip station sovraccarico.gif	3f340666a2b11eba11fc2f74a2c016ef7162f54909e028aa7b5a67f01b2a9346	gia con quel nome	il file si chiama gia cosi
2026-08-11T11:28:46	Pettorali	Dip sedie.gif	Dip sedie.gif	85a6d3adf2ae7c460e186cd2fa43811ab84cef9c48d829363ea193c565f4c28c	gia con quel nome	il file si chiama gia cosi
2026-08-11T11:28:46	Pettorali	Distensioni alternate manubri panca piana.gif	Distensioni alternate manubri panca piana.gif	736d557dc6bfa36bc671ca912c26f0596349a35a21cf07a8e8fe3ef47a363753	gia con quel nome	il file si chiama gia cosi
2026-08-11T11:28:46	Pettorali	Distensioni bilanciere panca declinata.gif	Distensioni bilanciere panca declinata.gif	7032d1bc1d3e12fc61758682fec928fd18ac65d866a96ab3b4f4019d2bff5355	gia con quel nome	il file si chiama gia cosi
2026-08-11T11:28:46	Pettorali	Distensioni bilanciere panca inclinata.gif	Distensioni bilanciere panca inclinata.gif	867f98d0e2afe62094dc53025004d1ee8a42b6fbac87cf763733d5043ebd6bd5	gia con quel nome	il file si chiama gia cosi
2026-08-11T11:28:46	Pettorali	Distensioni bilanciere panca piana.gif	Distensioni bilanciere panca piana.gif	3aff407c2e8d3f61a5509b174289476006fe8e888840a1f1ee115e370b2c32ed	gia con quel nome	il file si chiama gia cosi
2026-08-11T11:28:46	Pettorali	Distensioni bilanciere piedi sollevati panca piana.gif	Distensioni bilanciere piedi sollevati panca piana.gif	0e44a08793d7bf1461888f849319b4f43683daf045eb10bd6dc5f9e2a45c3ad3	gia con quel nome	il file si chiama gia cosi
2026-08-11T11:28:46	Pettorali	Distensioni cavi panca inclinata.gif	Distensioni cavi panca inclinata.gif	143697c8e0c08e0dfb7c13e775d2a21ab0e7b6b544af22a262d1727a9281bdec	gia con quel nome	il file si chiama gia cosi
2026-08-11T11:28:46	Pettorali	Distensioni cavi panca piana (Cable bench press flat bench).gif	Distensioni cavi bassi panca piana.gif	c4506b6c8563e7a4189fca2f5d1b3653de8c5d5586410253a6609ad5dec93fa5	rinominato	
2026-08-11T11:28:46	Pettorali	Distensioni cavi seduto (Cable chest press seated).gif	Distensioni cavi panca verticale.gif	af407c1889eb1764d1db69ac1121f7ec9fc34c4e147ee7c74bdcd49028732624	rinominato	
2026-08-11T11:28:46	Pettorali	Distensioni macchina seduto (Machine chest press seated).gif	Distensioni macchina seduto.gif	27a1b1026deed1ea93ef969c63deaa3ee67c1aa62d6ea9400f5663da9ed2ea1f	rinominato	
2026-08-11T11:28:46	Pettorali	Distensioni manubri panca inclinata (Dumbbell bench press incline bench).gif	Distensioni manubri panca inclinata.gif	c4ce59a2a8024750599c5e62d3e71679adf52056e76fb52f3f54ec48827154f6	rinominato	
2026-08-11T11:28:46	Pettorali	Distensioni manubri panca piana (Dumbbell bench press flat bench).gif	Distensioni manubri panca piana.gif	942c32030a628a4d8ca364f634f9f32970ff05a72d9ddc3ec99e273a6e265288	rinominato	
2026-08-11T11:28:46	Pettorali	Distensioni manubri presa stretta panca piana (Dumbbell close grip bench press flat bench).gif	Distensioni manubri presa stretta panca piana.gif	7e3044c91ec7964da5e3e30bf7b9c58169a23f4a43dd82550a1863b49deb8cb5	rinominato	
2026-08-11T11:28:46	Pettorali	Distensioni manubri terra (Floor press).gif	Distensioni manubri sdraiato a terra.gif	c38469828dbe3a02f4cc3fa537742a2aea965ce76c74a22ef839f81ad1cd9355	rinominato	
2026-08-11T11:28:46	Pettorali	Distensioni multipower panca declinata (Smith machine decline bench press).gif	Distensioni multipower panca declinata.gif	9b9c53b188d3bd677dfb2fc4aa00a5b11edc0aaee2ca83c812c7c342b224e2c5	rinominato	
2026-08-11T11:28:46	Pettorali	Distensioni multipower panca inclinata (Smith machine incline bench press).gif	Distensioni multipower panca inclinata.gif	38d8a1bb84b5353facfa0d428fb944f16501010319ac1a364ae1f24054d6a86d	rinominato	
2026-08-11T11:28:46	Pettorali	Distensioni multipower panca piana (Smith machine bench press flat bench).gif	Distensioni multipower panca piana.gif	583436cf94463d37b3f284b472f63cec4fc77be4c14db4ae69aba334350f8011	rinominato	
2026-08-11T11:48:20	Pettorali	Adduzione braccio elastico in piedi.gif	Adduzione braccio elastico in piedi.gif	63690910f82557d8f3da73c17aa5013e8c5eb92a278194cc0e35e36e3973205f	gia con quel nome	il file si chiama gia cosi
2026-08-11T11:48:20	Pettorali	Chest press elastico inclinato.gif	Chest press elastico inclinato.gif	37047e359852a79a035d8fb10d14db022eb2256d4349e1537aae8dae828ef017	gia con quel nome	il file si chiama gia cosi
2026-08-11T11:48:20	Pettorali	Croci cavi alti.gif	Croci cavi alti.gif	9c8fd50be569c14fdfc151a01de1414e57aabf3155862cd7ee9a1034dbe3db79	gia con quel nome	il file si chiama gia cosi
2026-08-11T11:48:20	Pettorali	Croci cavi medi traiettoria alta.gif	Croci cavi medi traiettoria alta.gif	a94449f6fd860d60de6ce127d281719fec7a377d739b7f69d8adca38d0853b95	gia con quel nome	il file si chiama gia cosi
2026-08-11T11:48:20	Pettorali	Croci cavi bassi.gif	Croci cavi bassi.gif	f60260629b2d5a8ec883a5e2582e3fe6a4307d39d2f85a98339869f360cf329a	gia con quel nome	il file si chiama gia cosi
2026-08-11T11:48:20	Pettorali	Croci cavi medi in piedi.gif	Croci cavi medi in piedi.gif	8c699aa7dfdc2f7f1495c07f3b52c827cff4ea7822ff8b443a2cd6ded952a887	gia con quel nome	il file si chiama gia cosi
2026-08-11T11:48:20	Pettorali	Croci cavi medi presa prona.gif	Croci cavi medi presa prona.gif	8be005b695f33c2d302164dc22d97d19c869df119f9d411d46d9e40e9bfc98af	gia con quel nome	il file si chiama gia cosi
2026-08-11T11:48:20	Pettorali	Croci cavi bassi panca declinata.gif	Croci cavi bassi panca declinata.gif	db22ea9c61d2cea69e1cfdef42bdb7672e5b7c47a024605747094eed11c01650	gia con quel nome	il file si chiama gia cosi
2026-08-11T11:48:20	Pettorali	Croci cavi bassi panca inclinata.gif	Croci cavi bassi panca inclinata.gif	f094a7708d8446f9e6eee7d16a95e512269b8b446d823eef2df870d27d9ee8c9	gia con quel nome	il file si chiama gia cosi
2026-08-11T11:48:20	Pettorali	Croci cavi bassi panca piana.gif	Croci cavi bassi panca piana.gif	a216c4f77594cce36e931141b81ba9ef54d651f4c0afe59a46f656d0d593ce28	gia con quel nome	il file si chiama gia cosi
2026-08-11T11:48:20	Pettorali	Croci macchina seduto.gif	Croci macchina seduto.gif	3b5ac43014e89e55a5fda818e1560397442a7f689d1c9f6917d42339d00f5932	gia con quel nome	il file si chiama gia cosi
2026-08-11T11:48:20	Pettorali	Croci manubri panca inclinata.gif	Croci manubri panca inclinata.gif	18a3e1b4961c6c7b2433bd2b0ba7b97b62d6e7c7adc9004f7f3b2e48732bc424	gia con quel nome	il file si chiama gia cosi
2026-08-11T11:48:20	Pettorali	Croci manubri panca piana.gif	Croci manubri panca piana.gif	2e7b50e4dbee70d1504c07f1b6e5696973b428bc367e3c513fdfce9ca5d74e2a	gia con quel nome	il file si chiama gia cosi
2026-08-11T11:48:20	Pettorali	Croci TRX.gif	Croci TRX.gif	f9f1661203107f94bb6554b2703e9f015c483ff0e7901e6a5a5c371d29ed6d25	gia con quel nome	il file si chiama gia cosi
2026-08-11T11:48:20	Pettorali	Croci cavi bassi un braccio panca declinata.gif	Croci cavi bassi un braccio panca declinata.gif	3c044de930cb88cc17bc944abc9b406e7fb0e1defe8a29e360026f5d619dcc87	gia con quel nome	il file si chiama gia cosi
2026-08-11T11:48:20	Pettorali	Dip anelli.gif	Dip anelli.gif	d7c88f46a0592575c44d2d1e678a616ed99b8760661147e5e12b84841b66f7c8	gia con quel nome	il file si chiama gia cosi
2026-08-11T11:48:20	Pettorali	Dip assistiti macchina.gif	Dip assistiti macchina.gif	ff200ff033b91ba6f217f0afc931332b5d55ba1a686fa18584f8a397040e059a	gia con quel nome	il file si chiama gia cosi
2026-08-11T11:48:20	Pettorali	Dip coreano parallele.gif	Dip coreano parallele.gif	02a7ea51452c3a58952530ad4803c0feb66cda048cb7d436e1ee630a13855aba	gia con quel nome	il file si chiama gia cosi
2026-08-11T11:48:20	Pettorali	Dip parallele.gif	Dip parallele.gif	f1a212b4872d92354e7b936993b91b288cf3722802f8b21553ffcf3d93ec45c5	gia con quel nome	il file si chiama gia cosi
2026-08-11T11:48:20	Pettorali	Dip station.gif	Dip station.gif	ec81f85d5e44e5f3f49adda3ea85ab26cbe0c6f8cb4d9418940c6ef6f18ccbc6	gia con quel nome	il file si chiama gia cosi
2026-08-11T11:48:20	Pettorali	Dip parallele impossible.gif	Dip parallele impossible.gif	50efa691b4b464e23435d04f1831d32d6d6342eff7634e1261bc77b04cc27ebf	gia con quel nome	il file si chiama gia cosi
2026-08-11T11:48:20	Pettorali	Dip station sovraccarico.gif	Dip station sovraccarico.gif	3f340666a2b11eba11fc2f74a2c016ef7162f54909e028aa7b5a67f01b2a9346	gia con quel nome	il file si chiama gia cosi
2026-08-11T11:48:20	Pettorali	Dip sedie.gif	Dip sedie.gif	85a6d3adf2ae7c460e186cd2fa43811ab84cef9c48d829363ea193c565f4c28c	gia con quel nome	il file si chiama gia cosi
2026-08-11T11:48:20	Pettorali	Distensioni alternate manubri panca piana.gif	Distensioni alternate manubri panca piana.gif	736d557dc6bfa36bc671ca912c26f0596349a35a21cf07a8e8fe3ef47a363753	gia con quel nome	il file si chiama gia cosi
2026-08-11T11:48:20	Pettorali	Distensioni bilanciere panca declinata.gif	Distensioni bilanciere panca declinata.gif	7032d1bc1d3e12fc61758682fec928fd18ac65d866a96ab3b4f4019d2bff5355	gia con quel nome	il file si chiama gia cosi
2026-08-11T11:48:20	Pettorali	Distensioni bilanciere panca inclinata.gif	Distensioni bilanciere panca inclinata.gif	867f98d0e2afe62094dc53025004d1ee8a42b6fbac87cf763733d5043ebd6bd5	gia con quel nome	il file si chiama gia cosi
2026-08-11T11:48:20	Pettorali	Distensioni bilanciere panca piana.gif	Distensioni bilanciere panca piana.gif	3aff407c2e8d3f61a5509b174289476006fe8e888840a1f1ee115e370b2c32ed	gia con quel nome	il file si chiama gia cosi
2026-08-11T11:48:20	Pettorali	Distensioni bilanciere piedi sollevati panca piana.gif	Distensioni bilanciere piedi sollevati panca piana.gif	0e44a08793d7bf1461888f849319b4f43683daf045eb10bd6dc5f9e2a45c3ad3	gia con quel nome	il file si chiama gia cosi
2026-08-11T11:48:20	Pettorali	Distensioni cavi panca inclinata.gif	Distensioni cavi panca inclinata.gif	143697c8e0c08e0dfb7c13e775d2a21ab0e7b6b544af22a262d1727a9281bdec	gia con quel nome	il file si chiama gia cosi
2026-08-11T11:48:20	Pettorali	Distensioni cavi bassi panca piana.gif	Distensioni cavi bassi panca piana.gif	c4506b6c8563e7a4189fca2f5d1b3653de8c5d5586410253a6609ad5dec93fa5	gia con quel nome	il file si chiama gia cosi
2026-08-11T11:48:20	Pettorali	Distensioni cavi panca verticale.gif	Distensioni cavi panca verticale.gif	af407c1889eb1764d1db69ac1121f7ec9fc34c4e147ee7c74bdcd49028732624	gia con quel nome	il file si chiama gia cosi
2026-08-11T11:48:20	Pettorali	Distensioni macchina seduto.gif	Distensioni macchina seduto.gif	27a1b1026deed1ea93ef969c63deaa3ee67c1aa62d6ea9400f5663da9ed2ea1f	gia con quel nome	il file si chiama gia cosi
2026-08-11T11:48:20	Pettorali	Distensioni manubri panca inclinata.gif	Distensioni manubri panca inclinata.gif	c4ce59a2a8024750599c5e62d3e71679adf52056e76fb52f3f54ec48827154f6	gia con quel nome	il file si chiama gia cosi
2026-08-11T11:48:20	Pettorali	Distensioni manubri panca piana.gif	Distensioni manubri panca piana.gif	942c32030a628a4d8ca364f634f9f32970ff05a72d9ddc3ec99e273a6e265288	gia con quel nome	il file si chiama gia cosi
2026-08-11T11:48:20	Pettorali	Distensioni manubri presa stretta panca piana.gif	Distensioni manubri presa stretta panca piana.gif	7e3044c91ec7964da5e3e30bf7b9c58169a23f4a43dd82550a1863b49deb8cb5	gia con quel nome	il file si chiama gia cosi
2026-08-11T11:48:20	Pettorali	Distensioni manubri sdraiato a terra.gif	Distensioni manubri sdraiato a terra.gif	c38469828dbe3a02f4cc3fa537742a2aea965ce76c74a22ef839f81ad1cd9355	gia con quel nome	il file si chiama gia cosi
2026-08-11T11:48:20	Pettorali	Distensioni multipower panca declinata.gif	Distensioni multipower panca declinata.gif	9b9c53b188d3bd677dfb2fc4aa00a5b11edc0aaee2ca83c812c7c342b224e2c5	gia con quel nome	il file si chiama gia cosi
2026-08-11T11:48:20	Pettorali	Distensioni multipower panca inclinata.gif	Distensioni multipower panca inclinata.gif	38d8a1bb84b5353facfa0d428fb944f16501010319ac1a364ae1f24054d6a86d	gia con quel nome	il file si chiama gia cosi
2026-08-11T11:48:20	Pettorali	Distensioni multipower panca piana.gif	Distensioni multipower panca piana.gif	583436cf94463d37b3f284b472f63cec4fc77be4c14db4ae69aba334350f8011	gia con quel nome	il file si chiama gia cosi
2026-08-11T11:48:20	Pettorali	Distensioni multipower presa larga panca piana (Smith machine wide grip bench press flat bench).gif	Distensioni multipower presa larga panca piana.gif	66cb1a4935b4f84b3c21bb0297da27aef99e5398d8f7eea70eb367b1b7d6d297	rinominato	
2026-08-11T11:48:20	Pettorali	Distensioni orizzontali macchina seduto (Machine horizontal chest press seated).gif	Distensioni orizzontali macchina seduto.gif	7998da747c03109678596ae6bcc6b26de7c4a6c416e04b119bca9a2adf2fd8a6	rinominato	
2026-08-11T11:48:20	Pettorali	Distensioni panca piana articolato macchina (Lever chest press flat bench).gif	Distensioni macchina articolata panca piana.gif	d7ad208ee35dac740e0c19ad8c2c3104618c15dc00606d8fe912ec737e07c756	rinominato	
2026-08-11T11:48:20	Pettorali	Distensioni un braccio manubri panca piana (Dumbbell one arm bench press flat bench).gif	Distensioni manubri un braccio panca piana.gif	ae934b92896f529a3ca7e16d0e403cedf8959a61dc47df633f28ee8b03661d92	rinominato	
2026-08-11T11:48:20	Pettorali	Distensioni verticali macchina presa neutra seduto (Machine vertical neutral grip chest press seated).gif	Distensioni orizzontali macchina presa neutra seduto.gif	c99610e4b52a83cff999f4c1188df332751b729040168477305662079829f5dd	rinominato	
2026-08-11T11:48:20	Pettorali	Lanci al petto palla medica muro in piedi.gif	Lancio al petto palla medica al muro.gif	9cba2ff1ea152654ac6921b15f45431be902e42aad196bcc67620a68272c65fd	rinominato	
2026-08-11T11:48:20	Pettorali	Piegamenti (Push up).gif	Piegamenti.gif	60c0b1ad4e60e3f517f14424d6400ba109e16a2551686467fab7f16a7ef78170	rinominato	
2026-08-11T11:48:20	Pettorali	Piegamenti a V (Pike push up floor).gif	Piegamenti a V.gif	8d82b42850fbfe48670f398507743b7cbcb092a5db5ae5504daefab449fb10c1	rinominato	
2026-08-11T11:48:20	Pettorali	Piegamenti alternati un braccio assistenza braccio teso (Alternate one arm push up extended arm assisted).gif	Piegamenti archer.gif	89381fcacada41033537807a56015792a2a2ec0fee6dc40614a44eb3cfb86cf7	rinominato	
2026-08-11T11:48:20	Pettorali	Piegamenti arciere panca piana (Archer push up on flat bench).gif	Piegamenti archer braccio rialzato.gif	93bcd38bd880bcb7a24787b7bf58d65f4cd68d9e217a9df6e366d427c8c40479	rinominato	
2026-08-11T12:09:22	Pettorali	Adduzione braccio elastico in piedi.gif	Adduzione braccio elastico in piedi.gif	63690910f82557d8f3da73c17aa5013e8c5eb92a278194cc0e35e36e3973205f	gia con quel nome	il file si chiama gia cosi
2026-08-11T12:09:22	Pettorali	Chest press elastico inclinato.gif	Chest press elastico inclinato.gif	37047e359852a79a035d8fb10d14db022eb2256d4349e1537aae8dae828ef017	gia con quel nome	il file si chiama gia cosi
2026-08-11T12:09:22	Pettorali	Croci cavi alti.gif	Croci cavi alti.gif	9c8fd50be569c14fdfc151a01de1414e57aabf3155862cd7ee9a1034dbe3db79	gia con quel nome	il file si chiama gia cosi
2026-08-11T12:09:22	Pettorali	Croci cavi medi traiettoria alta.gif	Croci cavi medi traiettoria alta.gif	a94449f6fd860d60de6ce127d281719fec7a377d739b7f69d8adca38d0853b95	gia con quel nome	il file si chiama gia cosi
2026-08-11T12:09:22	Pettorali	Croci cavi bassi.gif	Croci cavi bassi.gif	f60260629b2d5a8ec883a5e2582e3fe6a4307d39d2f85a98339869f360cf329a	gia con quel nome	il file si chiama gia cosi
2026-08-11T12:09:22	Pettorali	Croci cavi medi in piedi.gif	Croci cavi medi in piedi.gif	8c699aa7dfdc2f7f1495c07f3b52c827cff4ea7822ff8b443a2cd6ded952a887	gia con quel nome	il file si chiama gia cosi
2026-08-11T12:09:22	Pettorali	Croci cavi medi presa prona.gif	Croci cavi medi presa prona.gif	8be005b695f33c2d302164dc22d97d19c869df119f9d411d46d9e40e9bfc98af	gia con quel nome	il file si chiama gia cosi
2026-08-11T12:09:22	Pettorali	Croci cavi bassi panca declinata.gif	Croci cavi bassi panca declinata.gif	db22ea9c61d2cea69e1cfdef42bdb7672e5b7c47a024605747094eed11c01650	gia con quel nome	il file si chiama gia cosi
2026-08-11T12:09:22	Pettorali	Croci cavi bassi panca inclinata.gif	Croci cavi bassi panca inclinata.gif	f094a7708d8446f9e6eee7d16a95e512269b8b446d823eef2df870d27d9ee8c9	gia con quel nome	il file si chiama gia cosi
2026-08-11T12:09:22	Pettorali	Croci cavi bassi panca piana.gif	Croci cavi bassi panca piana.gif	a216c4f77594cce36e931141b81ba9ef54d651f4c0afe59a46f656d0d593ce28	gia con quel nome	il file si chiama gia cosi
2026-08-11T12:09:22	Pettorali	Croci macchina seduto.gif	Croci macchina seduto.gif	3b5ac43014e89e55a5fda818e1560397442a7f689d1c9f6917d42339d00f5932	gia con quel nome	il file si chiama gia cosi
2026-08-11T12:09:22	Pettorali	Croci manubri panca inclinata.gif	Croci manubri panca inclinata.gif	18a3e1b4961c6c7b2433bd2b0ba7b97b62d6e7c7adc9004f7f3b2e48732bc424	gia con quel nome	il file si chiama gia cosi
2026-08-11T12:09:22	Pettorali	Croci manubri panca piana.gif	Croci manubri panca piana.gif	2e7b50e4dbee70d1504c07f1b6e5696973b428bc367e3c513fdfce9ca5d74e2a	gia con quel nome	il file si chiama gia cosi
2026-08-11T12:09:22	Pettorali	Croci TRX.gif	Croci TRX.gif	f9f1661203107f94bb6554b2703e9f015c483ff0e7901e6a5a5c371d29ed6d25	gia con quel nome	il file si chiama gia cosi
2026-08-11T12:09:22	Pettorali	Croci cavi bassi un braccio panca declinata.gif	Croci cavi bassi un braccio panca declinata.gif	3c044de930cb88cc17bc944abc9b406e7fb0e1defe8a29e360026f5d619dcc87	gia con quel nome	il file si chiama gia cosi
2026-08-11T12:09:22	Pettorali	Dip anelli.gif	Dip anelli.gif	d7c88f46a0592575c44d2d1e678a616ed99b8760661147e5e12b84841b66f7c8	gia con quel nome	il file si chiama gia cosi
2026-08-11T12:09:22	Pettorali	Dip assistiti macchina.gif	Dip assistiti macchina.gif	ff200ff033b91ba6f217f0afc931332b5d55ba1a686fa18584f8a397040e059a	gia con quel nome	il file si chiama gia cosi
2026-08-11T12:09:22	Pettorali	Dip coreano parallele.gif	Dip coreano parallele.gif	02a7ea51452c3a58952530ad4803c0feb66cda048cb7d436e1ee630a13855aba	gia con quel nome	il file si chiama gia cosi
2026-08-11T12:09:22	Pettorali	Dip parallele.gif	Dip parallele.gif	f1a212b4872d92354e7b936993b91b288cf3722802f8b21553ffcf3d93ec45c5	gia con quel nome	il file si chiama gia cosi
2026-08-11T12:09:22	Pettorali	Dip station.gif	Dip station.gif	ec81f85d5e44e5f3f49adda3ea85ab26cbe0c6f8cb4d9418940c6ef6f18ccbc6	gia con quel nome	il file si chiama gia cosi
2026-08-11T12:09:22	Pettorali	Dip parallele impossible.gif	Dip parallele impossible.gif	50efa691b4b464e23435d04f1831d32d6d6342eff7634e1261bc77b04cc27ebf	gia con quel nome	il file si chiama gia cosi
2026-08-11T12:09:22	Pettorali	Dip station sovraccarico.gif	Dip station sovraccarico.gif	3f340666a2b11eba11fc2f74a2c016ef7162f54909e028aa7b5a67f01b2a9346	gia con quel nome	il file si chiama gia cosi
2026-08-11T12:09:22	Pettorali	Dip sedie.gif	Dip sedie.gif	85a6d3adf2ae7c460e186cd2fa43811ab84cef9c48d829363ea193c565f4c28c	gia con quel nome	il file si chiama gia cosi
2026-08-11T12:09:22	Pettorali	Distensioni alternate manubri panca piana.gif	Distensioni alternate manubri panca piana.gif	736d557dc6bfa36bc671ca912c26f0596349a35a21cf07a8e8fe3ef47a363753	gia con quel nome	il file si chiama gia cosi
2026-08-11T12:09:22	Pettorali	Distensioni bilanciere panca declinata.gif	Distensioni bilanciere panca declinata.gif	7032d1bc1d3e12fc61758682fec928fd18ac65d866a96ab3b4f4019d2bff5355	gia con quel nome	il file si chiama gia cosi
2026-08-11T12:09:22	Pettorali	Distensioni bilanciere panca inclinata.gif	Distensioni bilanciere panca inclinata.gif	867f98d0e2afe62094dc53025004d1ee8a42b6fbac87cf763733d5043ebd6bd5	gia con quel nome	il file si chiama gia cosi
2026-08-11T12:09:22	Pettorali	Distensioni bilanciere panca piana.gif	Distensioni bilanciere panca piana.gif	3aff407c2e8d3f61a5509b174289476006fe8e888840a1f1ee115e370b2c32ed	gia con quel nome	il file si chiama gia cosi
2026-08-11T12:09:22	Pettorali	Distensioni bilanciere piedi sollevati panca piana.gif	Distensioni bilanciere piedi sollevati panca piana.gif	0e44a08793d7bf1461888f849319b4f43683daf045eb10bd6dc5f9e2a45c3ad3	gia con quel nome	il file si chiama gia cosi
2026-08-11T12:09:22	Pettorali	Distensioni cavi panca inclinata.gif	Distensioni cavi panca inclinata.gif	143697c8e0c08e0dfb7c13e775d2a21ab0e7b6b544af22a262d1727a9281bdec	gia con quel nome	il file si chiama gia cosi
2026-08-11T12:09:22	Pettorali	Distensioni cavi bassi panca piana.gif	Distensioni cavi bassi panca piana.gif	c4506b6c8563e7a4189fca2f5d1b3653de8c5d5586410253a6609ad5dec93fa5	gia con quel nome	il file si chiama gia cosi
2026-08-11T12:09:22	Pettorali	Distensioni cavi panca verticale.gif	Distensioni cavi panca verticale.gif	af407c1889eb1764d1db69ac1121f7ec9fc34c4e147ee7c74bdcd49028732624	gia con quel nome	il file si chiama gia cosi
2026-08-11T12:09:22	Pettorali	Distensioni macchina seduto.gif	Distensioni macchina seduto.gif	27a1b1026deed1ea93ef969c63deaa3ee67c1aa62d6ea9400f5663da9ed2ea1f	gia con quel nome	il file si chiama gia cosi
2026-08-11T12:09:22	Pettorali	Distensioni manubri panca inclinata.gif	Distensioni manubri panca inclinata.gif	c4ce59a2a8024750599c5e62d3e71679adf52056e76fb52f3f54ec48827154f6	gia con quel nome	il file si chiama gia cosi
2026-08-11T12:09:22	Pettorali	Distensioni manubri panca piana.gif	Distensioni manubri panca piana.gif	942c32030a628a4d8ca364f634f9f32970ff05a72d9ddc3ec99e273a6e265288	gia con quel nome	il file si chiama gia cosi
2026-08-11T12:09:22	Pettorali	Distensioni manubri presa stretta panca piana.gif	Distensioni manubri presa stretta panca piana.gif	7e3044c91ec7964da5e3e30bf7b9c58169a23f4a43dd82550a1863b49deb8cb5	gia con quel nome	il file si chiama gia cosi
2026-08-11T12:09:22	Pettorali	Distensioni manubri sdraiato a terra.gif	Distensioni manubri sdraiato a terra.gif	c38469828dbe3a02f4cc3fa537742a2aea965ce76c74a22ef839f81ad1cd9355	gia con quel nome	il file si chiama gia cosi
2026-08-11T12:09:22	Pettorali	Distensioni multipower panca declinata.gif	Distensioni multipower panca declinata.gif	9b9c53b188d3bd677dfb2fc4aa00a5b11edc0aaee2ca83c812c7c342b224e2c5	gia con quel nome	il file si chiama gia cosi
2026-08-11T12:09:22	Pettorali	Distensioni multipower panca inclinata.gif	Distensioni multipower panca inclinata.gif	38d8a1bb84b5353facfa0d428fb944f16501010319ac1a364ae1f24054d6a86d	gia con quel nome	il file si chiama gia cosi
2026-08-11T12:09:22	Pettorali	Distensioni multipower panca piana.gif	Distensioni multipower panca piana.gif	583436cf94463d37b3f284b472f63cec4fc77be4c14db4ae69aba334350f8011	gia con quel nome	il file si chiama gia cosi
2026-08-11T12:09:22	Pettorali	Distensioni multipower presa larga panca piana.gif	Distensioni multipower presa larga panca piana.gif	66cb1a4935b4f84b3c21bb0297da27aef99e5398d8f7eea70eb367b1b7d6d297	gia con quel nome	il file si chiama gia cosi
2026-08-11T12:09:22	Pettorali	Distensioni orizzontali macchina seduto.gif	Distensioni orizzontali macchina seduto.gif	7998da747c03109678596ae6bcc6b26de7c4a6c416e04b119bca9a2adf2fd8a6	gia con quel nome	il file si chiama gia cosi
2026-08-11T12:09:22	Pettorali	Distensioni macchina articolata panca piana.gif	Distensioni macchina articolata panca piana.gif	d7ad208ee35dac740e0c19ad8c2c3104618c15dc00606d8fe912ec737e07c756	gia con quel nome	il file si chiama gia cosi
2026-08-11T12:09:22	Pettorali	Distensioni manubri un braccio panca piana.gif	Distensioni manubri un braccio panca piana.gif	ae934b92896f529a3ca7e16d0e403cedf8959a61dc47df633f28ee8b03661d92	gia con quel nome	il file si chiama gia cosi
2026-08-11T12:09:22	Pettorali	Distensioni orizzontali macchina presa neutra seduto.gif	Distensioni orizzontali macchina presa neutra seduto.gif	c99610e4b52a83cff999f4c1188df332751b729040168477305662079829f5dd	gia con quel nome	il file si chiama gia cosi
2026-08-11T12:09:22	Pettorali	Lancio al petto palla medica al muro.gif	Lancio al petto palla medica al muro.gif	9cba2ff1ea152654ac6921b15f45431be902e42aad196bcc67620a68272c65fd	gia con quel nome	il file si chiama gia cosi
2026-08-11T12:09:22	Pettorali	Piegamenti.gif	Piegamenti.gif	60c0b1ad4e60e3f517f14424d6400ba109e16a2551686467fab7f16a7ef78170	gia con quel nome	il file si chiama gia cosi
2026-08-11T12:09:22	Pettorali	Piegamenti a V.gif	Piegamenti a V.gif	8d82b42850fbfe48670f398507743b7cbcb092a5db5ae5504daefab449fb10c1	gia con quel nome	il file si chiama gia cosi
2026-08-11T12:09:22	Pettorali	Piegamenti archer.gif	Piegamenti archer.gif	89381fcacada41033537807a56015792a2a2ec0fee6dc40614a44eb3cfb86cf7	gia con quel nome	il file si chiama gia cosi
2026-08-11T12:09:22	Pettorali	Piegamenti archer braccio rialzato.gif	Piegamenti archer braccio rialzato.gif	93bcd38bd880bcb7a24787b7bf58d65f4cd68d9e217a9df6e366d427c8c40479	gia con quel nome	il file si chiama gia cosi
2026-08-11T12:09:22	Pettorali	Piegamenti assistiti elastico (Band assisted push up floor).gif	Piegamenti assistiti elastico.gif	755b26f4032cd55ba72ba4820afedd8ede6738c0d0b698e1e50937b7a7c448a8	rinominato	
2026-08-11T12:09:22	Pettorali	Piegamenti declinati panca (Decline push up bench).gif	Piegamenti declinati panca.gif	6ea851b5474b5e8d3ba4bed0b6a94f4b91844b60e3cfcd34aea715466bd1f1b1	rinominato	
2026-08-11T12:09:22	Pettorali	Piegamenti deficit (Deficit push up floor).gif	Piegamenti deficit su rialzo.gif	c097dbcb5d950fc4963243fbc650e25ef3ec12a516ab22f5a747c041cae8f204	rinominato	
2026-08-11T12:09:22	Pettorali	Piegamenti deficit tra panche piane (Deficit push up between flat benches).gif	Piegamenti deficit slancio panche piane.gif	313cbb11bef1790d203d712212658a35bebad068604677ab86b6dc5615143766	rinominato	
2026-08-11T12:09:22	Pettorali	Piegamenti fitball (Fitball push up).gif	Piegamenti fitball.gif	97e2aa66e07e1b6f9247227f0099efaf5f7641e007372decf2f0f9b81d46f7dc	rinominato	
2026-08-11T12:09:22	Pettorali	Piegamenti gamba sollevata (Single leg raised push up).gif	Piegamenti gamba sollevata.gif	9c354dce641d7812398e258fecab2420aa6c67a4ed9966696b9af6cd524a3910	rinominato	
2026-08-11T12:09:22	Pettorali	Piegamenti ginocchia (Knee push up floor).gif	Piegamenti facilitati ginocchia.gif	926591f652a527f3897abbc998d6d82eb103e5b6e5cce02add8d046b5d7ceb1f	rinominato	
2026-08-11T12:09:22	Pettorali	Piegamenti indù (Hindu push up).gif	Piegamenti indù.gif	e232fe989a5ec9cabe6eb6f0a2aa8f77cdc30c4c2eda9871c927d5cb429cb9c0	rinominato	
2026-08-11T12:09:22	Pettorali	Piegamenti kettlebell (Kettlebell push up).gif	Piegamenti deficit kettlebell.gif	e4908b49cdfd09f4f5ec1072fef2d890afca7dccc261128ebb36a946b26c59a5	rinominato	
2026-08-11T12:10:29	Pettorali	Adduzione braccio elastico in piedi.gif	Adduzione braccio elastico in piedi.gif	63690910f82557d8f3da73c17aa5013e8c5eb92a278194cc0e35e36e3973205f	gia con quel nome	il file si chiama gia cosi
2026-08-11T12:10:29	Pettorali	Chest press elastico inclinato.gif	Chest press elastico inclinato.gif	37047e359852a79a035d8fb10d14db022eb2256d4349e1537aae8dae828ef017	gia con quel nome	il file si chiama gia cosi
2026-08-11T12:10:29	Pettorali	Croci cavi alti.gif	Croci cavi alti.gif	9c8fd50be569c14fdfc151a01de1414e57aabf3155862cd7ee9a1034dbe3db79	gia con quel nome	il file si chiama gia cosi
2026-08-11T12:10:29	Pettorali	Croci cavi medi traiettoria alta.gif	Croci cavi medi traiettoria alta.gif	a94449f6fd860d60de6ce127d281719fec7a377d739b7f69d8adca38d0853b95	gia con quel nome	il file si chiama gia cosi
2026-08-11T12:10:29	Pettorali	Croci cavi bassi.gif	Croci cavi bassi.gif	f60260629b2d5a8ec883a5e2582e3fe6a4307d39d2f85a98339869f360cf329a	gia con quel nome	il file si chiama gia cosi
2026-08-11T12:10:29	Pettorali	Croci cavi medi in piedi.gif	Croci cavi medi in piedi.gif	8c699aa7dfdc2f7f1495c07f3b52c827cff4ea7822ff8b443a2cd6ded952a887	gia con quel nome	il file si chiama gia cosi
2026-08-11T12:10:29	Pettorali	Croci cavi medi presa prona.gif	Croci cavi medi presa prona.gif	8be005b695f33c2d302164dc22d97d19c869df119f9d411d46d9e40e9bfc98af	gia con quel nome	il file si chiama gia cosi
2026-08-11T12:10:29	Pettorali	Croci cavi bassi panca declinata.gif	Croci cavi bassi panca declinata.gif	db22ea9c61d2cea69e1cfdef42bdb7672e5b7c47a024605747094eed11c01650	gia con quel nome	il file si chiama gia cosi
2026-08-11T12:10:29	Pettorali	Croci cavi bassi panca inclinata.gif	Croci cavi bassi panca inclinata.gif	f094a7708d8446f9e6eee7d16a95e512269b8b446d823eef2df870d27d9ee8c9	gia con quel nome	il file si chiama gia cosi
2026-08-11T12:10:29	Pettorali	Croci cavi bassi panca piana.gif	Croci cavi bassi panca piana.gif	a216c4f77594cce36e931141b81ba9ef54d651f4c0afe59a46f656d0d593ce28	gia con quel nome	il file si chiama gia cosi
2026-08-11T12:10:29	Pettorali	Croci macchina seduto.gif	Croci macchina seduto.gif	3b5ac43014e89e55a5fda818e1560397442a7f689d1c9f6917d42339d00f5932	gia con quel nome	il file si chiama gia cosi
2026-08-11T12:10:29	Pettorali	Croci manubri panca inclinata.gif	Croci manubri panca inclinata.gif	18a3e1b4961c6c7b2433bd2b0ba7b97b62d6e7c7adc9004f7f3b2e48732bc424	gia con quel nome	il file si chiama gia cosi
2026-08-11T12:10:29	Pettorali	Croci manubri panca piana.gif	Croci manubri panca piana.gif	2e7b50e4dbee70d1504c07f1b6e5696973b428bc367e3c513fdfce9ca5d74e2a	gia con quel nome	il file si chiama gia cosi
2026-08-11T12:10:29	Pettorali	Croci TRX.gif	Croci TRX.gif	f9f1661203107f94bb6554b2703e9f015c483ff0e7901e6a5a5c371d29ed6d25	gia con quel nome	il file si chiama gia cosi
2026-08-11T12:10:29	Pettorali	Croci cavi bassi un braccio panca declinata.gif	Croci cavi bassi un braccio panca declinata.gif	3c044de930cb88cc17bc944abc9b406e7fb0e1defe8a29e360026f5d619dcc87	gia con quel nome	il file si chiama gia cosi
2026-08-11T12:10:29	Pettorali	Dip anelli.gif	Dip anelli.gif	d7c88f46a0592575c44d2d1e678a616ed99b8760661147e5e12b84841b66f7c8	gia con quel nome	il file si chiama gia cosi
2026-08-11T12:10:29	Pettorali	Dip assistiti macchina.gif	Dip assistiti macchina.gif	ff200ff033b91ba6f217f0afc931332b5d55ba1a686fa18584f8a397040e059a	gia con quel nome	il file si chiama gia cosi
2026-08-11T12:10:29	Pettorali	Dip coreano parallele.gif	Dip coreano parallele.gif	02a7ea51452c3a58952530ad4803c0feb66cda048cb7d436e1ee630a13855aba	gia con quel nome	il file si chiama gia cosi
2026-08-11T12:10:29	Pettorali	Dip parallele.gif	Dip parallele.gif	f1a212b4872d92354e7b936993b91b288cf3722802f8b21553ffcf3d93ec45c5	gia con quel nome	il file si chiama gia cosi
2026-08-11T12:10:29	Pettorali	Dip station.gif	Dip station.gif	ec81f85d5e44e5f3f49adda3ea85ab26cbe0c6f8cb4d9418940c6ef6f18ccbc6	gia con quel nome	il file si chiama gia cosi
2026-08-11T12:10:29	Pettorali	Dip parallele impossible.gif	Dip parallele impossible.gif	50efa691b4b464e23435d04f1831d32d6d6342eff7634e1261bc77b04cc27ebf	gia con quel nome	il file si chiama gia cosi
2026-08-11T12:10:29	Pettorali	Dip station sovraccarico.gif	Dip station sovraccarico.gif	3f340666a2b11eba11fc2f74a2c016ef7162f54909e028aa7b5a67f01b2a9346	gia con quel nome	il file si chiama gia cosi
2026-08-11T12:10:29	Pettorali	Dip sedie.gif	Dip sedie.gif	85a6d3adf2ae7c460e186cd2fa43811ab84cef9c48d829363ea193c565f4c28c	gia con quel nome	il file si chiama gia cosi
2026-08-11T12:10:29	Pettorali	Distensioni alternate manubri panca piana.gif	Distensioni alternate manubri panca piana.gif	736d557dc6bfa36bc671ca912c26f0596349a35a21cf07a8e8fe3ef47a363753	gia con quel nome	il file si chiama gia cosi
2026-08-11T12:10:29	Pettorali	Distensioni bilanciere panca declinata.gif	Distensioni bilanciere panca declinata.gif	7032d1bc1d3e12fc61758682fec928fd18ac65d866a96ab3b4f4019d2bff5355	gia con quel nome	il file si chiama gia cosi
2026-08-11T12:10:29	Pettorali	Distensioni bilanciere panca inclinata.gif	Distensioni bilanciere panca inclinata.gif	867f98d0e2afe62094dc53025004d1ee8a42b6fbac87cf763733d5043ebd6bd5	gia con quel nome	il file si chiama gia cosi
2026-08-11T12:10:29	Pettorali	Distensioni bilanciere panca piana.gif	Distensioni bilanciere panca piana.gif	3aff407c2e8d3f61a5509b174289476006fe8e888840a1f1ee115e370b2c32ed	gia con quel nome	il file si chiama gia cosi
2026-08-11T12:10:29	Pettorali	Distensioni bilanciere piedi sollevati panca piana.gif	Distensioni bilanciere piedi sollevati panca piana.gif	0e44a08793d7bf1461888f849319b4f43683daf045eb10bd6dc5f9e2a45c3ad3	gia con quel nome	il file si chiama gia cosi
2026-08-11T12:10:29	Pettorali	Distensioni cavi panca inclinata.gif	Distensioni cavi panca inclinata.gif	143697c8e0c08e0dfb7c13e775d2a21ab0e7b6b544af22a262d1727a9281bdec	gia con quel nome	il file si chiama gia cosi
2026-08-11T12:10:29	Pettorali	Distensioni cavi bassi panca piana.gif	Distensioni cavi bassi panca piana.gif	c4506b6c8563e7a4189fca2f5d1b3653de8c5d5586410253a6609ad5dec93fa5	gia con quel nome	il file si chiama gia cosi
2026-08-11T12:10:29	Pettorali	Distensioni cavi panca verticale.gif	Distensioni cavi panca verticale.gif	af407c1889eb1764d1db69ac1121f7ec9fc34c4e147ee7c74bdcd49028732624	gia con quel nome	il file si chiama gia cosi
2026-08-11T12:10:29	Pettorali	Distensioni macchina seduto.gif	Distensioni macchina seduto.gif	27a1b1026deed1ea93ef969c63deaa3ee67c1aa62d6ea9400f5663da9ed2ea1f	gia con quel nome	il file si chiama gia cosi
2026-08-11T12:10:29	Pettorali	Distensioni manubri panca inclinata.gif	Distensioni manubri panca inclinata.gif	c4ce59a2a8024750599c5e62d3e71679adf52056e76fb52f3f54ec48827154f6	gia con quel nome	il file si chiama gia cosi
2026-08-11T12:10:29	Pettorali	Distensioni manubri panca piana.gif	Distensioni manubri panca piana.gif	942c32030a628a4d8ca364f634f9f32970ff05a72d9ddc3ec99e273a6e265288	gia con quel nome	il file si chiama gia cosi
2026-08-11T12:10:29	Pettorali	Distensioni manubri presa stretta panca piana.gif	Distensioni manubri presa stretta panca piana.gif	7e3044c91ec7964da5e3e30bf7b9c58169a23f4a43dd82550a1863b49deb8cb5	gia con quel nome	il file si chiama gia cosi
2026-08-11T12:10:29	Pettorali	Distensioni manubri sdraiato a terra.gif	Distensioni manubri sdraiato a terra.gif	c38469828dbe3a02f4cc3fa537742a2aea965ce76c74a22ef839f81ad1cd9355	gia con quel nome	il file si chiama gia cosi
2026-08-11T12:10:29	Pettorali	Distensioni multipower panca declinata.gif	Distensioni multipower panca declinata.gif	9b9c53b188d3bd677dfb2fc4aa00a5b11edc0aaee2ca83c812c7c342b224e2c5	gia con quel nome	il file si chiama gia cosi
2026-08-11T12:10:29	Pettorali	Distensioni multipower panca inclinata.gif	Distensioni multipower panca inclinata.gif	38d8a1bb84b5353facfa0d428fb944f16501010319ac1a364ae1f24054d6a86d	gia con quel nome	il file si chiama gia cosi
2026-08-11T12:10:29	Pettorali	Distensioni multipower panca piana.gif	Distensioni multipower panca piana.gif	583436cf94463d37b3f284b472f63cec4fc77be4c14db4ae69aba334350f8011	gia con quel nome	il file si chiama gia cosi
2026-08-11T12:10:29	Pettorali	Distensioni multipower presa larga panca piana.gif	Distensioni multipower presa larga panca piana.gif	66cb1a4935b4f84b3c21bb0297da27aef99e5398d8f7eea70eb367b1b7d6d297	gia con quel nome	il file si chiama gia cosi
2026-08-11T12:10:29	Pettorali	Distensioni orizzontali macchina seduto.gif	Distensioni orizzontali macchina seduto.gif	7998da747c03109678596ae6bcc6b26de7c4a6c416e04b119bca9a2adf2fd8a6	gia con quel nome	il file si chiama gia cosi
2026-08-11T12:10:29	Pettorali	Distensioni macchina articolata panca piana.gif	Distensioni macchina articolata panca piana.gif	d7ad208ee35dac740e0c19ad8c2c3104618c15dc00606d8fe912ec737e07c756	gia con quel nome	il file si chiama gia cosi
2026-08-11T12:10:29	Pettorali	Distensioni manubri un braccio panca piana.gif	Distensioni manubri un braccio panca piana.gif	ae934b92896f529a3ca7e16d0e403cedf8959a61dc47df633f28ee8b03661d92	gia con quel nome	il file si chiama gia cosi
2026-08-11T12:10:29	Pettorali	Distensioni orizzontali macchina presa neutra seduto.gif	Distensioni orizzontali macchina presa neutra seduto.gif	c99610e4b52a83cff999f4c1188df332751b729040168477305662079829f5dd	gia con quel nome	il file si chiama gia cosi
2026-08-11T12:10:29	Pettorali	Lancio al petto palla medica al muro.gif	Lancio al petto palla medica al muro.gif	9cba2ff1ea152654ac6921b15f45431be902e42aad196bcc67620a68272c65fd	gia con quel nome	il file si chiama gia cosi
2026-08-11T12:10:29	Pettorali	Piegamenti.gif	Piegamenti.gif	60c0b1ad4e60e3f517f14424d6400ba109e16a2551686467fab7f16a7ef78170	gia con quel nome	il file si chiama gia cosi
2026-08-11T12:10:29	Pettorali	Piegamenti a V.gif	Piegamenti a V.gif	8d82b42850fbfe48670f398507743b7cbcb092a5db5ae5504daefab449fb10c1	gia con quel nome	il file si chiama gia cosi
2026-08-11T12:10:29	Pettorali	Piegamenti archer.gif	Piegamenti archer.gif	89381fcacada41033537807a56015792a2a2ec0fee6dc40614a44eb3cfb86cf7	gia con quel nome	il file si chiama gia cosi
2026-08-11T12:10:29	Pettorali	Piegamenti archer braccio rialzato.gif	Piegamenti archer braccio rialzato.gif	93bcd38bd880bcb7a24787b7bf58d65f4cd68d9e217a9df6e366d427c8c40479	gia con quel nome	il file si chiama gia cosi
2026-08-11T12:10:29	Pettorali	Piegamenti assistiti elastico.gif	Piegamenti assistiti elastico.gif	755b26f4032cd55ba72ba4820afedd8ede6738c0d0b698e1e50937b7a7c448a8	gia con quel nome	il file si chiama gia cosi
2026-08-11T12:10:29	Pettorali	Piegamenti declinati panca.gif	Piegamenti declinati panca.gif	6ea851b5474b5e8d3ba4bed0b6a94f4b91844b60e3cfcd34aea715466bd1f1b1	gia con quel nome	il file si chiama gia cosi
2026-08-11T12:10:29	Pettorali	Piegamenti deficit su rialzo.gif	Piegamenti deficit rialzo.gif	c097dbcb5d950fc4963243fbc650e25ef3ec12a516ab22f5a747c041cae8f204	rinominato	
2026-08-11T12:10:29	Pettorali	Piegamenti deficit slancio panche piane.gif	Piegamenti deficit slancio panche piane.gif	313cbb11bef1790d203d712212658a35bebad068604677ab86b6dc5615143766	gia con quel nome	il file si chiama gia cosi
2026-08-11T12:10:29	Pettorali	Piegamenti fitball.gif	Piegamenti fitball.gif	97e2aa66e07e1b6f9247227f0099efaf5f7641e007372decf2f0f9b81d46f7dc	gia con quel nome	il file si chiama gia cosi
2026-08-11T12:10:29	Pettorali	Piegamenti gamba sollevata.gif	Piegamenti gamba sollevata.gif	9c354dce641d7812398e258fecab2420aa6c67a4ed9966696b9af6cd524a3910	gia con quel nome	il file si chiama gia cosi
2026-08-11T12:10:29	Pettorali	Piegamenti facilitati ginocchia.gif	Piegamenti facilitati ginocchia.gif	926591f652a527f3897abbc998d6d82eb103e5b6e5cce02add8d046b5d7ceb1f	gia con quel nome	il file si chiama gia cosi
2026-08-11T12:10:29	Pettorali	Piegamenti indù.gif	Piegamenti indù.gif	e232fe989a5ec9cabe6eb6f0a2aa8f77cdc30c4c2eda9871c927d5cb429cb9c0	gia con quel nome	il file si chiama gia cosi
2026-08-11T12:10:29	Pettorali	Piegamenti deficit kettlebell.gif	Piegamenti deficit kettlebell.gif	e4908b49cdfd09f4f5ec1072fef2d890afca7dccc261128ebb36a946b26c59a5	gia con quel nome	il file si chiama gia cosi
2026-08-11T12:20:58	Pettorali	Adduzione braccio elastico in piedi.gif	Adduzione braccio elastico in piedi.gif	63690910f82557d8f3da73c17aa5013e8c5eb92a278194cc0e35e36e3973205f	gia con quel nome	il file si chiama gia cosi
2026-08-11T12:20:58	Pettorali	Chest press elastico inclinato.gif	Chest press elastico inclinato.gif	37047e359852a79a035d8fb10d14db022eb2256d4349e1537aae8dae828ef017	gia con quel nome	il file si chiama gia cosi
2026-08-11T12:20:58	Pettorali	Croci cavi alti.gif	Croci cavi alti.gif	9c8fd50be569c14fdfc151a01de1414e57aabf3155862cd7ee9a1034dbe3db79	gia con quel nome	il file si chiama gia cosi
2026-08-11T12:20:58	Pettorali	Croci cavi medi traiettoria alta.gif	Croci cavi medi traiettoria alta.gif	a94449f6fd860d60de6ce127d281719fec7a377d739b7f69d8adca38d0853b95	gia con quel nome	il file si chiama gia cosi
2026-08-11T12:20:58	Pettorali	Croci cavi bassi.gif	Croci cavi bassi.gif	f60260629b2d5a8ec883a5e2582e3fe6a4307d39d2f85a98339869f360cf329a	gia con quel nome	il file si chiama gia cosi
2026-08-11T12:20:58	Pettorali	Croci cavi medi in piedi.gif	Croci cavi medi in piedi.gif	8c699aa7dfdc2f7f1495c07f3b52c827cff4ea7822ff8b443a2cd6ded952a887	gia con quel nome	il file si chiama gia cosi
2026-08-11T12:20:58	Pettorali	Croci cavi medi presa prona.gif	Croci cavi medi presa prona.gif	8be005b695f33c2d302164dc22d97d19c869df119f9d411d46d9e40e9bfc98af	gia con quel nome	il file si chiama gia cosi
2026-08-11T12:20:58	Pettorali	Croci cavi bassi panca declinata.gif	Croci cavi bassi panca declinata.gif	db22ea9c61d2cea69e1cfdef42bdb7672e5b7c47a024605747094eed11c01650	gia con quel nome	il file si chiama gia cosi
2026-08-11T12:20:58	Pettorali	Croci cavi bassi panca inclinata.gif	Croci cavi bassi panca inclinata.gif	f094a7708d8446f9e6eee7d16a95e512269b8b446d823eef2df870d27d9ee8c9	gia con quel nome	il file si chiama gia cosi
2026-08-11T12:20:58	Pettorali	Croci cavi bassi panca piana.gif	Croci cavi bassi panca piana.gif	a216c4f77594cce36e931141b81ba9ef54d651f4c0afe59a46f656d0d593ce28	gia con quel nome	il file si chiama gia cosi
2026-08-11T12:20:58	Pettorali	Croci macchina seduto.gif	Croci macchina seduto.gif	3b5ac43014e89e55a5fda818e1560397442a7f689d1c9f6917d42339d00f5932	gia con quel nome	il file si chiama gia cosi
2026-08-11T12:20:58	Pettorali	Croci manubri panca inclinata.gif	Croci manubri panca inclinata.gif	18a3e1b4961c6c7b2433bd2b0ba7b97b62d6e7c7adc9004f7f3b2e48732bc424	gia con quel nome	il file si chiama gia cosi
2026-08-11T12:20:58	Pettorali	Croci manubri panca piana.gif	Croci manubri panca piana.gif	2e7b50e4dbee70d1504c07f1b6e5696973b428bc367e3c513fdfce9ca5d74e2a	gia con quel nome	il file si chiama gia cosi
2026-08-11T12:20:58	Pettorali	Croci TRX.gif	Croci TRX.gif	f9f1661203107f94bb6554b2703e9f015c483ff0e7901e6a5a5c371d29ed6d25	gia con quel nome	il file si chiama gia cosi
2026-08-11T12:20:58	Pettorali	Croci cavi bassi un braccio panca declinata.gif	Croci cavi bassi un braccio panca declinata.gif	3c044de930cb88cc17bc944abc9b406e7fb0e1defe8a29e360026f5d619dcc87	gia con quel nome	il file si chiama gia cosi
2026-08-11T12:20:58	Pettorali	Dip anelli.gif	Dip anelli.gif	d7c88f46a0592575c44d2d1e678a616ed99b8760661147e5e12b84841b66f7c8	gia con quel nome	il file si chiama gia cosi
2026-08-11T12:20:58	Pettorali	Dip assistiti macchina.gif	Dip assistiti macchina.gif	ff200ff033b91ba6f217f0afc931332b5d55ba1a686fa18584f8a397040e059a	gia con quel nome	il file si chiama gia cosi
2026-08-11T12:20:58	Pettorali	Dip coreano parallele.gif	Dip coreano parallele.gif	02a7ea51452c3a58952530ad4803c0feb66cda048cb7d436e1ee630a13855aba	gia con quel nome	il file si chiama gia cosi
2026-08-11T12:20:58	Pettorali	Dip parallele.gif	Dip parallele.gif	f1a212b4872d92354e7b936993b91b288cf3722802f8b21553ffcf3d93ec45c5	gia con quel nome	il file si chiama gia cosi
2026-08-11T12:20:58	Pettorali	Dip station.gif	Dip station.gif	ec81f85d5e44e5f3f49adda3ea85ab26cbe0c6f8cb4d9418940c6ef6f18ccbc6	gia con quel nome	il file si chiama gia cosi
2026-08-11T12:20:58	Pettorali	Dip parallele impossible.gif	Dip parallele impossible.gif	50efa691b4b464e23435d04f1831d32d6d6342eff7634e1261bc77b04cc27ebf	gia con quel nome	il file si chiama gia cosi
2026-08-11T12:20:58	Pettorali	Dip station sovraccarico.gif	Dip station sovraccarico.gif	3f340666a2b11eba11fc2f74a2c016ef7162f54909e028aa7b5a67f01b2a9346	gia con quel nome	il file si chiama gia cosi
2026-08-11T12:20:58	Pettorali	Dip sedie.gif	Dip sedie.gif	85a6d3adf2ae7c460e186cd2fa43811ab84cef9c48d829363ea193c565f4c28c	gia con quel nome	il file si chiama gia cosi
2026-08-11T12:20:58	Pettorali	Distensioni alternate manubri panca piana.gif	Distensioni alternate manubri panca piana.gif	736d557dc6bfa36bc671ca912c26f0596349a35a21cf07a8e8fe3ef47a363753	gia con quel nome	il file si chiama gia cosi
2026-08-11T12:20:58	Pettorali	Distensioni bilanciere panca declinata.gif	Distensioni bilanciere panca declinata.gif	7032d1bc1d3e12fc61758682fec928fd18ac65d866a96ab3b4f4019d2bff5355	gia con quel nome	il file si chiama gia cosi
2026-08-11T12:20:58	Pettorali	Distensioni bilanciere panca inclinata.gif	Distensioni bilanciere panca inclinata.gif	867f98d0e2afe62094dc53025004d1ee8a42b6fbac87cf763733d5043ebd6bd5	gia con quel nome	il file si chiama gia cosi
2026-08-11T12:20:58	Pettorali	Distensioni bilanciere panca piana.gif	Distensioni bilanciere panca piana.gif	3aff407c2e8d3f61a5509b174289476006fe8e888840a1f1ee115e370b2c32ed	gia con quel nome	il file si chiama gia cosi
2026-08-11T12:20:58	Pettorali	Distensioni bilanciere piedi sollevati panca piana.gif	Distensioni bilanciere piedi sollevati panca piana.gif	0e44a08793d7bf1461888f849319b4f43683daf045eb10bd6dc5f9e2a45c3ad3	gia con quel nome	il file si chiama gia cosi
2026-08-11T12:20:58	Pettorali	Distensioni cavi panca inclinata.gif	Distensioni cavi panca inclinata.gif	143697c8e0c08e0dfb7c13e775d2a21ab0e7b6b544af22a262d1727a9281bdec	gia con quel nome	il file si chiama gia cosi
2026-08-11T12:20:58	Pettorali	Distensioni cavi bassi panca piana.gif	Distensioni cavi bassi panca piana.gif	c4506b6c8563e7a4189fca2f5d1b3653de8c5d5586410253a6609ad5dec93fa5	gia con quel nome	il file si chiama gia cosi
2026-08-11T12:20:58	Pettorali	Distensioni cavi panca verticale.gif	Distensioni cavi panca verticale.gif	af407c1889eb1764d1db69ac1121f7ec9fc34c4e147ee7c74bdcd49028732624	gia con quel nome	il file si chiama gia cosi
2026-08-11T12:20:58	Pettorali	Distensioni macchina seduto.gif	Distensioni macchina seduto.gif	27a1b1026deed1ea93ef969c63deaa3ee67c1aa62d6ea9400f5663da9ed2ea1f	gia con quel nome	il file si chiama gia cosi
2026-08-11T12:20:58	Pettorali	Distensioni manubri panca inclinata.gif	Distensioni manubri panca inclinata.gif	c4ce59a2a8024750599c5e62d3e71679adf52056e76fb52f3f54ec48827154f6	gia con quel nome	il file si chiama gia cosi
2026-08-11T12:20:58	Pettorali	Distensioni manubri panca piana.gif	Distensioni manubri panca piana.gif	942c32030a628a4d8ca364f634f9f32970ff05a72d9ddc3ec99e273a6e265288	gia con quel nome	il file si chiama gia cosi
2026-08-11T12:20:58	Pettorali	Distensioni manubri presa stretta panca piana.gif	Distensioni manubri presa stretta panca piana.gif	7e3044c91ec7964da5e3e30bf7b9c58169a23f4a43dd82550a1863b49deb8cb5	gia con quel nome	il file si chiama gia cosi
2026-08-11T12:20:58	Pettorali	Distensioni manubri sdraiato a terra.gif	Distensioni manubri sdraiato a terra.gif	c38469828dbe3a02f4cc3fa537742a2aea965ce76c74a22ef839f81ad1cd9355	gia con quel nome	il file si chiama gia cosi
2026-08-11T12:20:58	Pettorali	Distensioni multipower panca declinata.gif	Distensioni multipower panca declinata.gif	9b9c53b188d3bd677dfb2fc4aa00a5b11edc0aaee2ca83c812c7c342b224e2c5	gia con quel nome	il file si chiama gia cosi
2026-08-11T12:20:58	Pettorali	Distensioni multipower panca inclinata.gif	Distensioni multipower panca inclinata.gif	38d8a1bb84b5353facfa0d428fb944f16501010319ac1a364ae1f24054d6a86d	gia con quel nome	il file si chiama gia cosi
2026-08-11T12:20:58	Pettorali	Distensioni multipower panca piana.gif	Distensioni multipower panca piana.gif	583436cf94463d37b3f284b472f63cec4fc77be4c14db4ae69aba334350f8011	gia con quel nome	il file si chiama gia cosi
2026-08-11T12:20:58	Pettorali	Distensioni multipower presa larga panca piana.gif	Distensioni multipower presa larga panca piana.gif	66cb1a4935b4f84b3c21bb0297da27aef99e5398d8f7eea70eb367b1b7d6d297	gia con quel nome	il file si chiama gia cosi
2026-08-11T12:20:58	Pettorali	Distensioni orizzontali macchina seduto.gif	Distensioni orizzontali macchina seduto.gif	7998da747c03109678596ae6bcc6b26de7c4a6c416e04b119bca9a2adf2fd8a6	gia con quel nome	il file si chiama gia cosi
2026-08-11T12:20:58	Pettorali	Distensioni macchina articolata panca piana.gif	Distensioni macchina articolata panca piana.gif	d7ad208ee35dac740e0c19ad8c2c3104618c15dc00606d8fe912ec737e07c756	gia con quel nome	il file si chiama gia cosi
2026-08-11T12:20:58	Pettorali	Distensioni manubri un braccio panca piana.gif	Distensioni manubri un braccio panca piana.gif	ae934b92896f529a3ca7e16d0e403cedf8959a61dc47df633f28ee8b03661d92	gia con quel nome	il file si chiama gia cosi
2026-08-11T12:20:58	Pettorali	Distensioni orizzontali macchina presa neutra seduto.gif	Distensioni orizzontali macchina presa neutra seduto.gif	c99610e4b52a83cff999f4c1188df332751b729040168477305662079829f5dd	gia con quel nome	il file si chiama gia cosi
2026-08-11T12:20:58	Pettorali	Lancio al petto palla medica al muro.gif	Lancio al petto palla medica al muro.gif	9cba2ff1ea152654ac6921b15f45431be902e42aad196bcc67620a68272c65fd	gia con quel nome	il file si chiama gia cosi
2026-08-11T12:20:58	Pettorali	Piegamenti.gif	Piegamenti.gif	60c0b1ad4e60e3f517f14424d6400ba109e16a2551686467fab7f16a7ef78170	gia con quel nome	il file si chiama gia cosi
2026-08-11T12:20:58	Pettorali	Piegamenti a V.gif	Piegamenti a V.gif	8d82b42850fbfe48670f398507743b7cbcb092a5db5ae5504daefab449fb10c1	gia con quel nome	il file si chiama gia cosi
2026-08-11T12:20:58	Pettorali	Piegamenti archer.gif	Piegamenti archer.gif	89381fcacada41033537807a56015792a2a2ec0fee6dc40614a44eb3cfb86cf7	gia con quel nome	il file si chiama gia cosi
2026-08-11T12:20:58	Pettorali	Piegamenti archer braccio rialzato.gif	Piegamenti archer braccio rialzato.gif	93bcd38bd880bcb7a24787b7bf58d65f4cd68d9e217a9df6e366d427c8c40479	gia con quel nome	il file si chiama gia cosi
2026-08-11T12:20:58	Pettorali	Piegamenti assistiti elastico.gif	Piegamenti assistiti elastico.gif	755b26f4032cd55ba72ba4820afedd8ede6738c0d0b698e1e50937b7a7c448a8	gia con quel nome	il file si chiama gia cosi
2026-08-11T12:20:58	Pettorali	Piegamenti declinati panca.gif	Piegamenti declinati panca.gif	6ea851b5474b5e8d3ba4bed0b6a94f4b91844b60e3cfcd34aea715466bd1f1b1	gia con quel nome	il file si chiama gia cosi
2026-08-11T12:20:58	Pettorali	Piegamenti deficit rialzo.gif	Piegamenti deficit rialzo.gif	c097dbcb5d950fc4963243fbc650e25ef3ec12a516ab22f5a747c041cae8f204	gia con quel nome	il file si chiama gia cosi
2026-08-11T12:20:58	Pettorali	Piegamenti deficit slancio panche piane.gif	Piegamenti deficit slancio panche piane.gif	313cbb11bef1790d203d712212658a35bebad068604677ab86b6dc5615143766	gia con quel nome	il file si chiama gia cosi
2026-08-11T12:20:58	Pettorali	Piegamenti fitball.gif	Piegamenti fitball.gif	97e2aa66e07e1b6f9247227f0099efaf5f7641e007372decf2f0f9b81d46f7dc	gia con quel nome	il file si chiama gia cosi
2026-08-11T12:20:58	Pettorali	Piegamenti gamba sollevata.gif	Piegamenti gamba sollevata.gif	9c354dce641d7812398e258fecab2420aa6c67a4ed9966696b9af6cd524a3910	gia con quel nome	il file si chiama gia cosi
2026-08-11T12:20:58	Pettorali	Piegamenti facilitati ginocchia.gif	Piegamenti facilitati ginocchia.gif	926591f652a527f3897abbc998d6d82eb103e5b6e5cce02add8d046b5d7ceb1f	gia con quel nome	il file si chiama gia cosi
2026-08-11T12:20:58	Pettorali	Piegamenti indù.gif	Piegamenti indù.gif	e232fe989a5ec9cabe6eb6f0a2aa8f77cdc30c4c2eda9871c927d5cb429cb9c0	gia con quel nome	il file si chiama gia cosi
2026-08-11T12:20:58	Pettorali	Piegamenti deficit kettlebell.gif	Piegamenti deficit kettlebell.gif	e4908b49cdfd09f4f5ec1072fef2d890afca7dccc261128ebb36a946b26c59a5	gia con quel nome	il file si chiama gia cosi
2026-08-11T12:20:58	Pettorali	Piegamenti mani elevate box (Incline push up box).gif	Piegamenti mani elevate box.gif	6427c363c013a15722bbf11f87d37f1ace2069b2300f15cb4b937d50839918b8	rinominato	
2026-08-11T12:20:58	Pettorali	Piegamenti mani elevate panca (Incline push up bench).gif	Piegamenti mani elevate panca.gif	524675ee679f91589532c93d9ba9825fb1ab18e70bfeafd872fe7a407a30a543	rinominato	
2026-08-11T12:20:58	Pettorali	Piegamenti mani incrociate (Crossover push up).gif	Piegamenti mani incrociate.gif	5ae26cec117bc0f18e02b8bac8809c9fec474017ef009b89bfa41ef37f982116	rinominato	
2026-08-11T12:20:58	Pettorali	Piegamenti mani larghe (Wide grip push up floor).gif	Piegamenti mani larghe.gif	6397dcb37916124a9ae902c6497b08e6c3bcdd9259edebc9fc0b84419d633af0	rinominato	
2026-08-11T12:20:58	Pettorali	Piegamenti mani step (Push up step floor).gif	Piegamenti mani neutre step.gif	944f9a090c4b22daa4af5e1b3665c13b46562bec056794459798e89a147c859e	rinominato	
2026-08-11T12:20:58	Pettorali	Piegamenti maniglie (Deficit push up handles floor).gif	Piegamenti deficit dip station.gif	f2927b7cd43495b062de37422520f5bb66299c1be592a4e1192bba62189413d9	rinominato	
2026-08-11T12:20:58	Pettorali	Piegamenti planche (Planche push up).gif	Piegamenti planche.gif	322095a2aa82549f923c93e433949586f5b9f645f83549eb469ef745c235c3db	rinominato	
2026-08-11T12:20:58	Pettorali	Piegamenti pliometrici mani (Plyometric push up floor).gif	Piegamenti pliometrici mani.gif	d3091d90464ba2b49e12c0c8aa06df9c437e08a21aa582f5e1a147301762861e	rinominato	
2026-08-11T12:20:58	Pettorali	Piegamenti sovraccarico disco (Weighted push up with plate).gif	Piegamenti sovraccarico disco.gif	f948db77c2d70feff5dcd3e31f51d4c2678560f6d69e8ebdacd802b9d5398fae	rinominato	
2026-08-11T12:20:58	Pettorali	Piegamenti sui pugni (Knuckle push up).gif	Piegamenti sui pugni.gif	5ade2e81f55de6d6a021cf70d744b3d9a48742e549b73eab21cdd1757f4986ad	rinominato	
2026-08-11T12:28:28	Pettorali	Piegamenti tocco incrociato spalla.gif	Piegamenti tocco incrociato.gif	385d984e4c4a85e50f92ea7f643e227539ceaf552beb10aaaef010b6995a9776	rinominato	
2026-08-11T12:28:28	Pettorali	Adduzione braccio elastico in piedi.gif	Adduzione braccio elastico in piedi.gif	63690910f82557d8f3da73c17aa5013e8c5eb92a278194cc0e35e36e3973205f	gia con quel nome	il file si chiama gia cosi
2026-08-11T12:28:28	Pettorali	Chest press elastico inclinato.gif	Chest press elastico inclinato.gif	37047e359852a79a035d8fb10d14db022eb2256d4349e1537aae8dae828ef017	gia con quel nome	il file si chiama gia cosi
2026-08-11T12:28:28	Pettorali	Croci cavi alti.gif	Croci cavi alti.gif	9c8fd50be569c14fdfc151a01de1414e57aabf3155862cd7ee9a1034dbe3db79	gia con quel nome	il file si chiama gia cosi
2026-08-11T12:28:28	Pettorali	Croci cavi medi traiettoria alta.gif	Croci cavi medi traiettoria alta.gif	a94449f6fd860d60de6ce127d281719fec7a377d739b7f69d8adca38d0853b95	gia con quel nome	il file si chiama gia cosi
2026-08-11T12:28:28	Pettorali	Croci cavi bassi.gif	Croci cavi bassi.gif	f60260629b2d5a8ec883a5e2582e3fe6a4307d39d2f85a98339869f360cf329a	gia con quel nome	il file si chiama gia cosi
2026-08-11T12:28:28	Pettorali	Croci cavi medi in piedi.gif	Croci cavi medi in piedi.gif	8c699aa7dfdc2f7f1495c07f3b52c827cff4ea7822ff8b443a2cd6ded952a887	gia con quel nome	il file si chiama gia cosi
2026-08-11T12:28:28	Pettorali	Croci cavi medi presa prona.gif	Croci cavi medi presa prona.gif	8be005b695f33c2d302164dc22d97d19c869df119f9d411d46d9e40e9bfc98af	gia con quel nome	il file si chiama gia cosi
2026-08-11T12:28:28	Pettorali	Croci cavi bassi panca declinata.gif	Croci cavi bassi panca declinata.gif	db22ea9c61d2cea69e1cfdef42bdb7672e5b7c47a024605747094eed11c01650	gia con quel nome	il file si chiama gia cosi
2026-08-11T12:28:28	Pettorali	Croci cavi bassi panca inclinata.gif	Croci cavi bassi panca inclinata.gif	f094a7708d8446f9e6eee7d16a95e512269b8b446d823eef2df870d27d9ee8c9	gia con quel nome	il file si chiama gia cosi
2026-08-11T12:28:28	Pettorali	Croci cavi bassi panca piana.gif	Croci cavi bassi panca piana.gif	a216c4f77594cce36e931141b81ba9ef54d651f4c0afe59a46f656d0d593ce28	gia con quel nome	il file si chiama gia cosi
2026-08-11T12:28:28	Pettorali	Croci macchina seduto.gif	Croci macchina seduto.gif	3b5ac43014e89e55a5fda818e1560397442a7f689d1c9f6917d42339d00f5932	gia con quel nome	il file si chiama gia cosi
2026-08-11T12:28:28	Pettorali	Croci manubri panca inclinata.gif	Croci manubri panca inclinata.gif	18a3e1b4961c6c7b2433bd2b0ba7b97b62d6e7c7adc9004f7f3b2e48732bc424	gia con quel nome	il file si chiama gia cosi
2026-08-11T12:28:28	Pettorali	Croci manubri panca piana.gif	Croci manubri panca piana.gif	2e7b50e4dbee70d1504c07f1b6e5696973b428bc367e3c513fdfce9ca5d74e2a	gia con quel nome	il file si chiama gia cosi
2026-08-11T12:28:28	Pettorali	Croci TRX.gif	Croci TRX.gif	f9f1661203107f94bb6554b2703e9f015c483ff0e7901e6a5a5c371d29ed6d25	gia con quel nome	il file si chiama gia cosi
2026-08-11T12:28:28	Pettorali	Croci cavi bassi un braccio panca declinata.gif	Croci cavi bassi un braccio panca declinata.gif	3c044de930cb88cc17bc944abc9b406e7fb0e1defe8a29e360026f5d619dcc87	gia con quel nome	il file si chiama gia cosi
2026-08-11T12:28:28	Pettorali	Dip anelli.gif	Dip anelli.gif	d7c88f46a0592575c44d2d1e678a616ed99b8760661147e5e12b84841b66f7c8	gia con quel nome	il file si chiama gia cosi
2026-08-11T12:28:28	Pettorali	Dip assistiti macchina.gif	Dip assistiti macchina.gif	ff200ff033b91ba6f217f0afc931332b5d55ba1a686fa18584f8a397040e059a	gia con quel nome	il file si chiama gia cosi
2026-08-11T12:28:28	Pettorali	Dip coreano parallele.gif	Dip coreano parallele.gif	02a7ea51452c3a58952530ad4803c0feb66cda048cb7d436e1ee630a13855aba	gia con quel nome	il file si chiama gia cosi
2026-08-11T12:28:28	Pettorali	Dip parallele.gif	Dip parallele.gif	f1a212b4872d92354e7b936993b91b288cf3722802f8b21553ffcf3d93ec45c5	gia con quel nome	il file si chiama gia cosi
2026-08-11T12:28:28	Pettorali	Dip station.gif	Dip station.gif	ec81f85d5e44e5f3f49adda3ea85ab26cbe0c6f8cb4d9418940c6ef6f18ccbc6	gia con quel nome	il file si chiama gia cosi
2026-08-11T12:28:28	Pettorali	Dip parallele impossible.gif	Dip parallele impossible.gif	50efa691b4b464e23435d04f1831d32d6d6342eff7634e1261bc77b04cc27ebf	gia con quel nome	il file si chiama gia cosi
2026-08-11T12:28:28	Pettorali	Dip station sovraccarico.gif	Dip station sovraccarico.gif	3f340666a2b11eba11fc2f74a2c016ef7162f54909e028aa7b5a67f01b2a9346	gia con quel nome	il file si chiama gia cosi
2026-08-11T12:28:28	Pettorali	Dip sedie.gif	Dip sedie.gif	85a6d3adf2ae7c460e186cd2fa43811ab84cef9c48d829363ea193c565f4c28c	gia con quel nome	il file si chiama gia cosi
2026-08-11T12:28:28	Pettorali	Distensioni alternate manubri panca piana.gif	Distensioni alternate manubri panca piana.gif	736d557dc6bfa36bc671ca912c26f0596349a35a21cf07a8e8fe3ef47a363753	gia con quel nome	il file si chiama gia cosi
2026-08-11T12:28:28	Pettorali	Distensioni bilanciere panca declinata.gif	Distensioni bilanciere panca declinata.gif	7032d1bc1d3e12fc61758682fec928fd18ac65d866a96ab3b4f4019d2bff5355	gia con quel nome	il file si chiama gia cosi
2026-08-11T12:28:28	Pettorali	Distensioni bilanciere panca inclinata.gif	Distensioni bilanciere panca inclinata.gif	867f98d0e2afe62094dc53025004d1ee8a42b6fbac87cf763733d5043ebd6bd5	gia con quel nome	il file si chiama gia cosi
2026-08-11T12:28:28	Pettorali	Distensioni bilanciere panca piana.gif	Distensioni bilanciere panca piana.gif	3aff407c2e8d3f61a5509b174289476006fe8e888840a1f1ee115e370b2c32ed	gia con quel nome	il file si chiama gia cosi
2026-08-11T12:28:28	Pettorali	Distensioni bilanciere piedi sollevati panca piana.gif	Distensioni bilanciere piedi sollevati panca piana.gif	0e44a08793d7bf1461888f849319b4f43683daf045eb10bd6dc5f9e2a45c3ad3	gia con quel nome	il file si chiama gia cosi
2026-08-11T12:28:28	Pettorali	Distensioni cavi panca inclinata.gif	Distensioni cavi panca inclinata.gif	143697c8e0c08e0dfb7c13e775d2a21ab0e7b6b544af22a262d1727a9281bdec	gia con quel nome	il file si chiama gia cosi
2026-08-11T12:28:28	Pettorali	Distensioni cavi bassi panca piana.gif	Distensioni cavi bassi panca piana.gif	c4506b6c8563e7a4189fca2f5d1b3653de8c5d5586410253a6609ad5dec93fa5	gia con quel nome	il file si chiama gia cosi
2026-08-11T12:28:28	Pettorali	Distensioni cavi panca verticale.gif	Distensioni cavi panca verticale.gif	af407c1889eb1764d1db69ac1121f7ec9fc34c4e147ee7c74bdcd49028732624	gia con quel nome	il file si chiama gia cosi
2026-08-11T12:28:28	Pettorali	Distensioni macchina seduto.gif	Distensioni macchina seduto.gif	27a1b1026deed1ea93ef969c63deaa3ee67c1aa62d6ea9400f5663da9ed2ea1f	gia con quel nome	il file si chiama gia cosi
2026-08-11T12:28:28	Pettorali	Distensioni manubri panca inclinata.gif	Distensioni manubri panca inclinata.gif	c4ce59a2a8024750599c5e62d3e71679adf52056e76fb52f3f54ec48827154f6	gia con quel nome	il file si chiama gia cosi
2026-08-11T12:28:28	Pettorali	Distensioni manubri panca piana.gif	Distensioni manubri panca piana.gif	942c32030a628a4d8ca364f634f9f32970ff05a72d9ddc3ec99e273a6e265288	gia con quel nome	il file si chiama gia cosi
2026-08-11T12:28:28	Pettorali	Distensioni manubri presa stretta panca piana.gif	Distensioni manubri presa stretta panca piana.gif	7e3044c91ec7964da5e3e30bf7b9c58169a23f4a43dd82550a1863b49deb8cb5	gia con quel nome	il file si chiama gia cosi
2026-08-11T12:28:28	Pettorali	Distensioni manubri sdraiato a terra.gif	Distensioni manubri sdraiato a terra.gif	c38469828dbe3a02f4cc3fa537742a2aea965ce76c74a22ef839f81ad1cd9355	gia con quel nome	il file si chiama gia cosi
2026-08-11T12:28:28	Pettorali	Distensioni multipower panca declinata.gif	Distensioni multipower panca declinata.gif	9b9c53b188d3bd677dfb2fc4aa00a5b11edc0aaee2ca83c812c7c342b224e2c5	gia con quel nome	il file si chiama gia cosi
2026-08-11T12:28:28	Pettorali	Distensioni multipower panca inclinata.gif	Distensioni multipower panca inclinata.gif	38d8a1bb84b5353facfa0d428fb944f16501010319ac1a364ae1f24054d6a86d	gia con quel nome	il file si chiama gia cosi
2026-08-11T12:28:28	Pettorali	Distensioni multipower panca piana.gif	Distensioni multipower panca piana.gif	583436cf94463d37b3f284b472f63cec4fc77be4c14db4ae69aba334350f8011	gia con quel nome	il file si chiama gia cosi
2026-08-11T12:28:28	Pettorali	Distensioni multipower presa larga panca piana.gif	Distensioni multipower presa larga panca piana.gif	66cb1a4935b4f84b3c21bb0297da27aef99e5398d8f7eea70eb367b1b7d6d297	gia con quel nome	il file si chiama gia cosi
2026-08-11T12:28:28	Pettorali	Distensioni orizzontali macchina seduto.gif	Distensioni orizzontali macchina seduto.gif	7998da747c03109678596ae6bcc6b26de7c4a6c416e04b119bca9a2adf2fd8a6	gia con quel nome	il file si chiama gia cosi
2026-08-11T12:28:28	Pettorali	Distensioni macchina articolata panca piana.gif	Distensioni macchina articolata panca piana.gif	d7ad208ee35dac740e0c19ad8c2c3104618c15dc00606d8fe912ec737e07c756	gia con quel nome	il file si chiama gia cosi
2026-08-11T12:28:28	Pettorali	Distensioni manubri un braccio panca piana.gif	Distensioni manubri un braccio panca piana.gif	ae934b92896f529a3ca7e16d0e403cedf8959a61dc47df633f28ee8b03661d92	gia con quel nome	il file si chiama gia cosi
2026-08-11T12:28:28	Pettorali	Distensioni orizzontali macchina presa neutra seduto.gif	Distensioni orizzontali macchina presa neutra seduto.gif	c99610e4b52a83cff999f4c1188df332751b729040168477305662079829f5dd	gia con quel nome	il file si chiama gia cosi
2026-08-11T12:28:28	Pettorali	Lancio al petto palla medica al muro.gif	Lancio al petto palla medica al muro.gif	9cba2ff1ea152654ac6921b15f45431be902e42aad196bcc67620a68272c65fd	gia con quel nome	il file si chiama gia cosi
2026-08-11T12:28:28	Pettorali	Piegamenti.gif	Piegamenti.gif	60c0b1ad4e60e3f517f14424d6400ba109e16a2551686467fab7f16a7ef78170	gia con quel nome	il file si chiama gia cosi
2026-08-11T12:28:28	Pettorali	Piegamenti a V.gif	Piegamenti a V.gif	8d82b42850fbfe48670f398507743b7cbcb092a5db5ae5504daefab449fb10c1	gia con quel nome	il file si chiama gia cosi
2026-08-11T12:28:28	Pettorali	Piegamenti archer.gif	Piegamenti archer.gif	89381fcacada41033537807a56015792a2a2ec0fee6dc40614a44eb3cfb86cf7	gia con quel nome	il file si chiama gia cosi
2026-08-11T12:28:28	Pettorali	Piegamenti archer braccio rialzato.gif	Piegamenti archer braccio rialzato.gif	93bcd38bd880bcb7a24787b7bf58d65f4cd68d9e217a9df6e366d427c8c40479	gia con quel nome	il file si chiama gia cosi
2026-08-11T12:28:28	Pettorali	Piegamenti assistiti elastico.gif	Piegamenti assistiti elastico.gif	755b26f4032cd55ba72ba4820afedd8ede6738c0d0b698e1e50937b7a7c448a8	gia con quel nome	il file si chiama gia cosi
2026-08-11T12:28:28	Pettorali	Piegamenti declinati panca.gif	Piegamenti declinati panca.gif	6ea851b5474b5e8d3ba4bed0b6a94f4b91844b60e3cfcd34aea715466bd1f1b1	gia con quel nome	il file si chiama gia cosi
2026-08-11T12:28:28	Pettorali	Piegamenti deficit rialzo.gif	Piegamenti deficit rialzo.gif	c097dbcb5d950fc4963243fbc650e25ef3ec12a516ab22f5a747c041cae8f204	gia con quel nome	il file si chiama gia cosi
2026-08-11T12:28:28	Pettorali	Piegamenti deficit slancio panche piane.gif	Piegamenti deficit slancio panche piane.gif	313cbb11bef1790d203d712212658a35bebad068604677ab86b6dc5615143766	gia con quel nome	il file si chiama gia cosi
2026-08-11T12:28:28	Pettorali	Piegamenti fitball.gif	Piegamenti fitball.gif	97e2aa66e07e1b6f9247227f0099efaf5f7641e007372decf2f0f9b81d46f7dc	gia con quel nome	il file si chiama gia cosi
2026-08-11T12:28:28	Pettorali	Piegamenti gamba sollevata.gif	Piegamenti gamba sollevata.gif	9c354dce641d7812398e258fecab2420aa6c67a4ed9966696b9af6cd524a3910	gia con quel nome	il file si chiama gia cosi
2026-08-11T12:28:28	Pettorali	Piegamenti facilitati ginocchia.gif	Piegamenti facilitati ginocchia.gif	926591f652a527f3897abbc998d6d82eb103e5b6e5cce02add8d046b5d7ceb1f	gia con quel nome	il file si chiama gia cosi
2026-08-11T12:28:28	Pettorali	Piegamenti indù.gif	Piegamenti indù.gif	e232fe989a5ec9cabe6eb6f0a2aa8f77cdc30c4c2eda9871c927d5cb429cb9c0	gia con quel nome	il file si chiama gia cosi
2026-08-11T12:28:28	Pettorali	Piegamenti deficit kettlebell.gif	Piegamenti deficit kettlebell.gif	e4908b49cdfd09f4f5ec1072fef2d890afca7dccc261128ebb36a946b26c59a5	gia con quel nome	il file si chiama gia cosi
2026-08-11T12:28:28	Pettorali	Piegamenti mani elevate box.gif	Piegamenti mani elevate box.gif	6427c363c013a15722bbf11f87d37f1ace2069b2300f15cb4b937d50839918b8	gia con quel nome	il file si chiama gia cosi
2026-08-11T12:28:28	Pettorali	Piegamenti mani elevate panca.gif	Piegamenti mani elevate panca.gif	524675ee679f91589532c93d9ba9825fb1ab18e70bfeafd872fe7a407a30a543	gia con quel nome	il file si chiama gia cosi
2026-08-11T12:28:28	Pettorali	Piegamenti mani incrociate.gif	Piegamenti mani incrociate.gif	5ae26cec117bc0f18e02b8bac8809c9fec474017ef009b89bfa41ef37f982116	gia con quel nome	il file si chiama gia cosi
2026-08-11T12:28:28	Pettorali	Piegamenti mani larghe.gif	Piegamenti mani larghe.gif	6397dcb37916124a9ae902c6497b08e6c3bcdd9259edebc9fc0b84419d633af0	gia con quel nome	il file si chiama gia cosi
2026-08-11T12:28:28	Pettorali	Piegamenti mani neutre step.gif	Piegamenti mani neutre step.gif	944f9a090c4b22daa4af5e1b3665c13b46562bec056794459798e89a147c859e	gia con quel nome	il file si chiama gia cosi
2026-08-11T12:28:28	Pettorali	Piegamenti deficit dip station.gif	Piegamenti deficit dip station.gif	f2927b7cd43495b062de37422520f5bb66299c1be592a4e1192bba62189413d9	gia con quel nome	il file si chiama gia cosi
2026-08-11T12:28:28	Pettorali	Piegamenti planche.gif	Piegamenti planche.gif	322095a2aa82549f923c93e433949586f5b9f645f83549eb469ef745c235c3db	gia con quel nome	il file si chiama gia cosi
2026-08-11T12:28:28	Pettorali	Piegamenti pliometrici mani.gif	Piegamenti pliometrici mani.gif	d3091d90464ba2b49e12c0c8aa06df9c437e08a21aa582f5e1a147301762861e	gia con quel nome	il file si chiama gia cosi
2026-08-11T12:28:28	Pettorali	Piegamenti sovraccarico disco.gif	Piegamenti sovraccarico disco.gif	f948db77c2d70feff5dcd3e31f51d4c2678560f6d69e8ebdacd802b9d5398fae	gia con quel nome	il file si chiama gia cosi
2026-08-11T12:28:28	Pettorali	Piegamenti sui pugni.gif	Piegamenti sui pugni.gif	5ade2e81f55de6d6a021cf70d744b3d9a48742e549b73eab21cdd1757f4986ad	gia con quel nome	il file si chiama gia cosi
2026-08-11T12:28:28	Pettorali	Piegamenti tocco al petto (Chest tap push up).gif	Piegamenti pliometrici tocco petto.gif	6ea6bf4c198aadd24eb70b37536ded388691b88efb258caac6df4d8f91ce322a	rinominato	
2026-08-11T12:28:28	Pettorali	Piegamenti TRX (TRX push up).gif	Piegamenti TRX.gif	ac0491f055f2a0dfdbba3f9507f7188adfbe296fbe055c36b3b83a5a23c890fb	rinominato	
2026-08-11T12:28:28	Pettorali	Piegamenti un braccio palla medica (Medicine ball push up single arm).gif	Piegamenti un braccio palla medica.gif	b99ae6dd761ac0fbccd65d15b7006d6b520ef64741ae550bb0ce7db033f8a191	rinominato	
2026-08-11T12:28:28	Pettorali	Piegamenti un braccio (Push up single arm).gif	Piegamenti un braccio.gif	e40601d27a5f120cecb6b47befb95808a5a5e58825dba37dd9df16b1ff729e6a	rinominato	
2026-08-11T12:28:28	Pettorali	Piegamenti una mano palla medica (Medicine ball one arm push up floor).gif	Piegamenti deficit un braccio palla medica.gif	27efb33e875cdfdd4bbc3eaee1d4559b0508bad75dfce7c7f04cd372e1f81346	rinominato	
2026-08-11T12:28:28	Pettorali	Pullover bilanciere panca piana (Barbell pullover flat bench).gif	Pullover bilanciere panca piana.gif	8bea8beb1d1c3d6c68d7574b119bf09994d283ce271267adf408f35e39173b99	rinominato	
2026-08-11T12:28:28	Pettorali	Pullover macchina seduto (Machine pullover seated).gif	Pullover macchina seduto.gif	5db16e428ff109781edddf82f1a176b20e4b55a97c2ea7b30fb4e759d5d49f09	rinominato	
2026-08-11T12:28:28	Pettorali	Pullover manubrio bacino allineato panca piana (Dumbbell pullover pelvis aligned flat bench).gif	Pullover manubrio bacino allineato panca piana.gif	ce8214c2c989513f631df1761d4a6a494c588dedcafab47bb47099db435c8fcd	rinominato	
2026-08-11T12:28:49	Pettorali	Piegamenti tocco incrociato.gif	Piegamenti tocco incrociato.gif	385d984e4c4a85e50f92ea7f643e227539ceaf552beb10aaaef010b6995a9776	gia con quel nome	il file si chiama gia cosi
2026-08-11T12:28:49	Pettorali	Adduzione braccio elastico in piedi.gif	Adduzione braccio elastico in piedi.gif	63690910f82557d8f3da73c17aa5013e8c5eb92a278194cc0e35e36e3973205f	gia con quel nome	il file si chiama gia cosi
2026-08-11T12:28:49	Pettorali	Chest press elastico inclinato.gif	Chest press elastico inclinato.gif	37047e359852a79a035d8fb10d14db022eb2256d4349e1537aae8dae828ef017	gia con quel nome	il file si chiama gia cosi
2026-08-11T12:28:49	Pettorali	Croci cavi alti.gif	Croci cavi alti.gif	9c8fd50be569c14fdfc151a01de1414e57aabf3155862cd7ee9a1034dbe3db79	gia con quel nome	il file si chiama gia cosi
2026-08-11T12:28:49	Pettorali	Croci cavi medi traiettoria alta.gif	Croci cavi medi traiettoria alta.gif	a94449f6fd860d60de6ce127d281719fec7a377d739b7f69d8adca38d0853b95	gia con quel nome	il file si chiama gia cosi
2026-08-11T12:28:49	Pettorali	Croci cavi bassi.gif	Croci cavi bassi.gif	f60260629b2d5a8ec883a5e2582e3fe6a4307d39d2f85a98339869f360cf329a	gia con quel nome	il file si chiama gia cosi
2026-08-11T12:28:49	Pettorali	Croci cavi medi in piedi.gif	Croci cavi medi in piedi.gif	8c699aa7dfdc2f7f1495c07f3b52c827cff4ea7822ff8b443a2cd6ded952a887	gia con quel nome	il file si chiama gia cosi
2026-08-11T12:28:49	Pettorali	Croci cavi medi presa prona.gif	Croci cavi medi presa prona.gif	8be005b695f33c2d302164dc22d97d19c869df119f9d411d46d9e40e9bfc98af	gia con quel nome	il file si chiama gia cosi
2026-08-11T12:28:49	Pettorali	Croci cavi bassi panca declinata.gif	Croci cavi bassi panca declinata.gif	db22ea9c61d2cea69e1cfdef42bdb7672e5b7c47a024605747094eed11c01650	gia con quel nome	il file si chiama gia cosi
2026-08-11T12:28:49	Pettorali	Croci cavi bassi panca inclinata.gif	Croci cavi bassi panca inclinata.gif	f094a7708d8446f9e6eee7d16a95e512269b8b446d823eef2df870d27d9ee8c9	gia con quel nome	il file si chiama gia cosi
2026-08-11T12:28:49	Pettorali	Croci cavi bassi panca piana.gif	Croci cavi bassi panca piana.gif	a216c4f77594cce36e931141b81ba9ef54d651f4c0afe59a46f656d0d593ce28	gia con quel nome	il file si chiama gia cosi
2026-08-11T12:28:49	Pettorali	Croci macchina seduto.gif	Croci macchina seduto.gif	3b5ac43014e89e55a5fda818e1560397442a7f689d1c9f6917d42339d00f5932	gia con quel nome	il file si chiama gia cosi
2026-08-11T12:28:49	Pettorali	Croci manubri panca inclinata.gif	Croci manubri panca inclinata.gif	18a3e1b4961c6c7b2433bd2b0ba7b97b62d6e7c7adc9004f7f3b2e48732bc424	gia con quel nome	il file si chiama gia cosi
2026-08-11T12:28:49	Pettorali	Croci manubri panca piana.gif	Croci manubri panca piana.gif	2e7b50e4dbee70d1504c07f1b6e5696973b428bc367e3c513fdfce9ca5d74e2a	gia con quel nome	il file si chiama gia cosi
2026-08-11T12:28:49	Pettorali	Croci TRX.gif	Croci TRX.gif	f9f1661203107f94bb6554b2703e9f015c483ff0e7901e6a5a5c371d29ed6d25	gia con quel nome	il file si chiama gia cosi
2026-08-11T12:28:49	Pettorali	Croci cavi bassi un braccio panca declinata.gif	Croci cavi bassi un braccio panca declinata.gif	3c044de930cb88cc17bc944abc9b406e7fb0e1defe8a29e360026f5d619dcc87	gia con quel nome	il file si chiama gia cosi
2026-08-11T12:28:49	Pettorali	Dip anelli.gif	Dip anelli.gif	d7c88f46a0592575c44d2d1e678a616ed99b8760661147e5e12b84841b66f7c8	gia con quel nome	il file si chiama gia cosi
2026-08-11T12:28:49	Pettorali	Dip assistiti macchina.gif	Dip assistiti macchina.gif	ff200ff033b91ba6f217f0afc931332b5d55ba1a686fa18584f8a397040e059a	gia con quel nome	il file si chiama gia cosi
2026-08-11T12:28:49	Pettorali	Dip coreano parallele.gif	Dip coreano parallele.gif	02a7ea51452c3a58952530ad4803c0feb66cda048cb7d436e1ee630a13855aba	gia con quel nome	il file si chiama gia cosi
2026-08-11T12:28:49	Pettorali	Dip parallele.gif	Dip parallele.gif	f1a212b4872d92354e7b936993b91b288cf3722802f8b21553ffcf3d93ec45c5	gia con quel nome	il file si chiama gia cosi
2026-08-11T12:28:49	Pettorali	Dip station.gif	Dip station.gif	ec81f85d5e44e5f3f49adda3ea85ab26cbe0c6f8cb4d9418940c6ef6f18ccbc6	gia con quel nome	il file si chiama gia cosi
2026-08-11T12:28:49	Pettorali	Dip parallele impossible.gif	Dip parallele impossible.gif	50efa691b4b464e23435d04f1831d32d6d6342eff7634e1261bc77b04cc27ebf	gia con quel nome	il file si chiama gia cosi
2026-08-11T12:28:49	Pettorali	Dip station sovraccarico.gif	Dip station sovraccarico.gif	3f340666a2b11eba11fc2f74a2c016ef7162f54909e028aa7b5a67f01b2a9346	gia con quel nome	il file si chiama gia cosi
2026-08-11T12:28:49	Pettorali	Dip sedie.gif	Dip sedie.gif	85a6d3adf2ae7c460e186cd2fa43811ab84cef9c48d829363ea193c565f4c28c	gia con quel nome	il file si chiama gia cosi
2026-08-11T12:28:49	Pettorali	Distensioni alternate manubri panca piana.gif	Distensioni alternate manubri panca piana.gif	736d557dc6bfa36bc671ca912c26f0596349a35a21cf07a8e8fe3ef47a363753	gia con quel nome	il file si chiama gia cosi
2026-08-11T12:28:49	Pettorali	Distensioni bilanciere panca declinata.gif	Distensioni bilanciere panca declinata.gif	7032d1bc1d3e12fc61758682fec928fd18ac65d866a96ab3b4f4019d2bff5355	gia con quel nome	il file si chiama gia cosi
2026-08-11T12:28:49	Pettorali	Distensioni bilanciere panca inclinata.gif	Distensioni bilanciere panca inclinata.gif	867f98d0e2afe62094dc53025004d1ee8a42b6fbac87cf763733d5043ebd6bd5	gia con quel nome	il file si chiama gia cosi
2026-08-11T12:28:49	Pettorali	Distensioni bilanciere panca piana.gif	Distensioni bilanciere panca piana.gif	3aff407c2e8d3f61a5509b174289476006fe8e888840a1f1ee115e370b2c32ed	gia con quel nome	il file si chiama gia cosi
2026-08-11T12:28:49	Pettorali	Distensioni bilanciere piedi sollevati panca piana.gif	Distensioni bilanciere piedi sollevati panca piana.gif	0e44a08793d7bf1461888f849319b4f43683daf045eb10bd6dc5f9e2a45c3ad3	gia con quel nome	il file si chiama gia cosi
2026-08-11T12:28:49	Pettorali	Distensioni cavi panca inclinata.gif	Distensioni cavi panca inclinata.gif	143697c8e0c08e0dfb7c13e775d2a21ab0e7b6b544af22a262d1727a9281bdec	gia con quel nome	il file si chiama gia cosi
2026-08-11T12:28:49	Pettorali	Distensioni cavi bassi panca piana.gif	Distensioni cavi bassi panca piana.gif	c4506b6c8563e7a4189fca2f5d1b3653de8c5d5586410253a6609ad5dec93fa5	gia con quel nome	il file si chiama gia cosi
2026-08-11T12:28:49	Pettorali	Distensioni cavi panca verticale.gif	Distensioni cavi panca verticale.gif	af407c1889eb1764d1db69ac1121f7ec9fc34c4e147ee7c74bdcd49028732624	gia con quel nome	il file si chiama gia cosi
2026-08-11T12:28:49	Pettorali	Distensioni macchina seduto.gif	Distensioni macchina seduto.gif	27a1b1026deed1ea93ef969c63deaa3ee67c1aa62d6ea9400f5663da9ed2ea1f	gia con quel nome	il file si chiama gia cosi
2026-08-11T12:28:49	Pettorali	Distensioni manubri panca inclinata.gif	Distensioni manubri panca inclinata.gif	c4ce59a2a8024750599c5e62d3e71679adf52056e76fb52f3f54ec48827154f6	gia con quel nome	il file si chiama gia cosi
2026-08-11T12:28:49	Pettorali	Distensioni manubri panca piana.gif	Distensioni manubri panca piana.gif	942c32030a628a4d8ca364f634f9f32970ff05a72d9ddc3ec99e273a6e265288	gia con quel nome	il file si chiama gia cosi
2026-08-11T12:28:49	Pettorali	Distensioni manubri presa stretta panca piana.gif	Distensioni manubri presa stretta panca piana.gif	7e3044c91ec7964da5e3e30bf7b9c58169a23f4a43dd82550a1863b49deb8cb5	gia con quel nome	il file si chiama gia cosi
2026-08-11T12:28:49	Pettorali	Distensioni manubri sdraiato a terra.gif	Distensioni manubri sdraiato a terra.gif	c38469828dbe3a02f4cc3fa537742a2aea965ce76c74a22ef839f81ad1cd9355	gia con quel nome	il file si chiama gia cosi
2026-08-11T12:28:49	Pettorali	Distensioni multipower panca declinata.gif	Distensioni multipower panca declinata.gif	9b9c53b188d3bd677dfb2fc4aa00a5b11edc0aaee2ca83c812c7c342b224e2c5	gia con quel nome	il file si chiama gia cosi
2026-08-11T12:28:49	Pettorali	Distensioni multipower panca inclinata.gif	Distensioni multipower panca inclinata.gif	38d8a1bb84b5353facfa0d428fb944f16501010319ac1a364ae1f24054d6a86d	gia con quel nome	il file si chiama gia cosi
2026-08-11T12:28:49	Pettorali	Distensioni multipower panca piana.gif	Distensioni multipower panca piana.gif	583436cf94463d37b3f284b472f63cec4fc77be4c14db4ae69aba334350f8011	gia con quel nome	il file si chiama gia cosi
2026-08-11T12:28:49	Pettorali	Distensioni multipower presa larga panca piana.gif	Distensioni multipower presa larga panca piana.gif	66cb1a4935b4f84b3c21bb0297da27aef99e5398d8f7eea70eb367b1b7d6d297	gia con quel nome	il file si chiama gia cosi
2026-08-11T12:28:49	Pettorali	Distensioni orizzontali macchina seduto.gif	Distensioni orizzontali macchina seduto.gif	7998da747c03109678596ae6bcc6b26de7c4a6c416e04b119bca9a2adf2fd8a6	gia con quel nome	il file si chiama gia cosi
2026-08-11T12:28:49	Pettorali	Distensioni macchina articolata panca piana.gif	Distensioni macchina articolata panca piana.gif	d7ad208ee35dac740e0c19ad8c2c3104618c15dc00606d8fe912ec737e07c756	gia con quel nome	il file si chiama gia cosi
2026-08-11T12:28:49	Pettorali	Distensioni manubri un braccio panca piana.gif	Distensioni manubri un braccio panca piana.gif	ae934b92896f529a3ca7e16d0e403cedf8959a61dc47df633f28ee8b03661d92	gia con quel nome	il file si chiama gia cosi
2026-08-11T12:28:49	Pettorali	Distensioni orizzontali macchina presa neutra seduto.gif	Distensioni orizzontali macchina presa neutra seduto.gif	c99610e4b52a83cff999f4c1188df332751b729040168477305662079829f5dd	gia con quel nome	il file si chiama gia cosi
2026-08-11T12:28:49	Pettorali	Lancio al petto palla medica al muro.gif	Lancio al petto palla medica al muro.gif	9cba2ff1ea152654ac6921b15f45431be902e42aad196bcc67620a68272c65fd	gia con quel nome	il file si chiama gia cosi
2026-08-11T12:28:49	Pettorali	Piegamenti.gif	Piegamenti.gif	60c0b1ad4e60e3f517f14424d6400ba109e16a2551686467fab7f16a7ef78170	gia con quel nome	il file si chiama gia cosi
2026-08-11T12:28:49	Pettorali	Piegamenti a V.gif	Piegamenti a V.gif	8d82b42850fbfe48670f398507743b7cbcb092a5db5ae5504daefab449fb10c1	gia con quel nome	il file si chiama gia cosi
2026-08-11T12:28:49	Pettorali	Piegamenti archer.gif	Piegamenti archer.gif	89381fcacada41033537807a56015792a2a2ec0fee6dc40614a44eb3cfb86cf7	gia con quel nome	il file si chiama gia cosi
2026-08-11T12:28:49	Pettorali	Piegamenti archer braccio rialzato.gif	Piegamenti archer braccio rialzato.gif	93bcd38bd880bcb7a24787b7bf58d65f4cd68d9e217a9df6e366d427c8c40479	gia con quel nome	il file si chiama gia cosi
2026-08-11T12:28:49	Pettorali	Piegamenti assistiti elastico.gif	Piegamenti assistiti elastico.gif	755b26f4032cd55ba72ba4820afedd8ede6738c0d0b698e1e50937b7a7c448a8	gia con quel nome	il file si chiama gia cosi
2026-08-11T12:28:49	Pettorali	Piegamenti declinati panca.gif	Piegamenti declinati panca.gif	6ea851b5474b5e8d3ba4bed0b6a94f4b91844b60e3cfcd34aea715466bd1f1b1	gia con quel nome	il file si chiama gia cosi
2026-08-11T12:28:49	Pettorali	Piegamenti deficit rialzo.gif	Piegamenti deficit rialzo.gif	c097dbcb5d950fc4963243fbc650e25ef3ec12a516ab22f5a747c041cae8f204	gia con quel nome	il file si chiama gia cosi
2026-08-11T12:28:49	Pettorali	Piegamenti deficit slancio panche piane.gif	Piegamenti deficit slancio panche piane.gif	313cbb11bef1790d203d712212658a35bebad068604677ab86b6dc5615143766	gia con quel nome	il file si chiama gia cosi
2026-08-11T12:28:49	Pettorali	Piegamenti fitball.gif	Piegamenti fitball.gif	97e2aa66e07e1b6f9247227f0099efaf5f7641e007372decf2f0f9b81d46f7dc	gia con quel nome	il file si chiama gia cosi
2026-08-11T12:28:49	Pettorali	Piegamenti gamba sollevata.gif	Piegamenti gamba sollevata.gif	9c354dce641d7812398e258fecab2420aa6c67a4ed9966696b9af6cd524a3910	gia con quel nome	il file si chiama gia cosi
2026-08-11T12:28:49	Pettorali	Piegamenti facilitati ginocchia.gif	Piegamenti facilitati ginocchia.gif	926591f652a527f3897abbc998d6d82eb103e5b6e5cce02add8d046b5d7ceb1f	gia con quel nome	il file si chiama gia cosi
2026-08-11T12:28:49	Pettorali	Piegamenti indù.gif	Piegamenti indù.gif	e232fe989a5ec9cabe6eb6f0a2aa8f77cdc30c4c2eda9871c927d5cb429cb9c0	gia con quel nome	il file si chiama gia cosi
2026-08-11T12:28:49	Pettorali	Piegamenti deficit kettlebell.gif	Piegamenti deficit kettlebell.gif	e4908b49cdfd09f4f5ec1072fef2d890afca7dccc261128ebb36a946b26c59a5	gia con quel nome	il file si chiama gia cosi
2026-08-11T12:28:49	Pettorali	Piegamenti mani elevate box.gif	Piegamenti mani elevate box.gif	6427c363c013a15722bbf11f87d37f1ace2069b2300f15cb4b937d50839918b8	gia con quel nome	il file si chiama gia cosi
2026-08-11T12:28:49	Pettorali	Piegamenti mani elevate panca.gif	Piegamenti mani elevate panca.gif	524675ee679f91589532c93d9ba9825fb1ab18e70bfeafd872fe7a407a30a543	gia con quel nome	il file si chiama gia cosi
2026-08-11T12:28:49	Pettorali	Piegamenti mani incrociate.gif	Piegamenti mani incrociate.gif	5ae26cec117bc0f18e02b8bac8809c9fec474017ef009b89bfa41ef37f982116	gia con quel nome	il file si chiama gia cosi
2026-08-11T12:28:49	Pettorali	Piegamenti mani larghe.gif	Piegamenti mani larghe.gif	6397dcb37916124a9ae902c6497b08e6c3bcdd9259edebc9fc0b84419d633af0	gia con quel nome	il file si chiama gia cosi
2026-08-11T12:28:49	Pettorali	Piegamenti mani neutre step.gif	Piegamenti mani neutre step.gif	944f9a090c4b22daa4af5e1b3665c13b46562bec056794459798e89a147c859e	gia con quel nome	il file si chiama gia cosi
2026-08-11T12:28:49	Pettorali	Piegamenti deficit dip station.gif	Piegamenti deficit dip station.gif	f2927b7cd43495b062de37422520f5bb66299c1be592a4e1192bba62189413d9	gia con quel nome	il file si chiama gia cosi
2026-08-11T12:28:49	Pettorali	Piegamenti planche.gif	Piegamenti planche.gif	322095a2aa82549f923c93e433949586f5b9f645f83549eb469ef745c235c3db	gia con quel nome	il file si chiama gia cosi
2026-08-11T12:28:49	Pettorali	Piegamenti pliometrici mani.gif	Piegamenti pliometrici mani.gif	d3091d90464ba2b49e12c0c8aa06df9c437e08a21aa582f5e1a147301762861e	gia con quel nome	il file si chiama gia cosi
2026-08-11T12:28:49	Pettorali	Piegamenti sovraccarico disco.gif	Piegamenti sovraccarico disco.gif	f948db77c2d70feff5dcd3e31f51d4c2678560f6d69e8ebdacd802b9d5398fae	gia con quel nome	il file si chiama gia cosi
2026-08-11T12:28:49	Pettorali	Piegamenti sui pugni.gif	Piegamenti sui pugni.gif	5ade2e81f55de6d6a021cf70d744b3d9a48742e549b73eab21cdd1757f4986ad	gia con quel nome	il file si chiama gia cosi
2026-08-11T12:28:49	Pettorali	Piegamenti pliometrici tocco petto.gif	Piegamenti pliometrici tocco petto.gif	6ea6bf4c198aadd24eb70b37536ded388691b88efb258caac6df4d8f91ce322a	gia con quel nome	il file si chiama gia cosi
2026-08-11T12:28:49	Pettorali	Piegamenti TRX.gif	Piegamenti TRX.gif	ac0491f055f2a0dfdbba3f9507f7188adfbe296fbe055c36b3b83a5a23c890fb	gia con quel nome	il file si chiama gia cosi
2026-08-11T12:28:49	Pettorali	Piegamenti un braccio palla medica.gif	Piegamenti un braccio palla medica.gif	b99ae6dd761ac0fbccd65d15b7006d6b520ef64741ae550bb0ce7db033f8a191	gia con quel nome	il file si chiama gia cosi
2026-08-11T12:28:49	Pettorali	Piegamenti un braccio.gif	Piegamenti un braccio.gif	e40601d27a5f120cecb6b47befb95808a5a5e58825dba37dd9df16b1ff729e6a	gia con quel nome	il file si chiama gia cosi
2026-08-11T12:28:49	Pettorali	Piegamenti deficit un braccio palla medica.gif	Piegamenti deficit un braccio palla medica.gif	27efb33e875cdfdd4bbc3eaee1d4559b0508bad75dfce7c7f04cd372e1f81346	gia con quel nome	il file si chiama gia cosi
2026-08-11T12:28:49	Pettorali	Pullover bilanciere panca piana.gif	Pullover bilanciere panca piana.gif	8bea8beb1d1c3d6c68d7574b119bf09994d283ce271267adf408f35e39173b99	gia con quel nome	il file si chiama gia cosi
2026-08-11T12:28:49	Pettorali	Pullover macchina seduto.gif	Pullover macchina seduto.gif	5db16e428ff109781edddf82f1a176b20e4b55a97c2ea7b30fb4e759d5d49f09	gia con quel nome	il file si chiama gia cosi
2026-08-11T12:28:49	Pettorali	Pullover manubrio bacino allineato panca piana.gif	Pullover manubrio bacino allineato panca piana.gif	ce8214c2c989513f631df1761d4a6a494c588dedcafab47bb47099db435c8fcd	gia con quel nome	il file si chiama gia cosi
2026-08-11T12:28:49	Pettorali	Pullover manubrio bacino declinato panca piana (Dumbbell pullover pelvis declined flat bench).gif	Pullover manubrio bacino declinato panca piana.gif	6feef5839acfe9278e849d3a3c40054bd611c27cc5bc5a567f62c0c549cfe17e	rinominato	
2026-08-11T12:28:49	Pettorali	Pullover manubrio fitball (Dumbbell pullover swiss ball).gif	Pullover manubrio fitball.gif	ea7e183a2aba1467f805aa06636fb9b28d28b306789b218b3978ccd25d47ceb5	rinominato	
2026-08-11T12:30:19	Pettorali	Piegamenti tocco incrociato.gif	Piegamenti tocco incrociato.gif	385d984e4c4a85e50f92ea7f643e227539ceaf552beb10aaaef010b6995a9776	gia con quel nome	il file si chiama gia cosi
2026-08-11T12:30:19	Pettorali	Adduzione braccio elastico in piedi.gif	Adduzione braccio elastico in piedi.gif	63690910f82557d8f3da73c17aa5013e8c5eb92a278194cc0e35e36e3973205f	gia con quel nome	il file si chiama gia cosi
2026-08-11T12:30:19	Pettorali	Chest press elastico inclinato.gif	Chest press elastico inclinato.gif	37047e359852a79a035d8fb10d14db022eb2256d4349e1537aae8dae828ef017	gia con quel nome	il file si chiama gia cosi
2026-08-11T12:30:19	Pettorali	Croci cavi alti.gif	Croci cavi alti.gif	9c8fd50be569c14fdfc151a01de1414e57aabf3155862cd7ee9a1034dbe3db79	gia con quel nome	il file si chiama gia cosi
2026-08-11T12:30:19	Pettorali	Croci cavi medi traiettoria alta.gif	Croci cavi medi traiettoria alta.gif	a94449f6fd860d60de6ce127d281719fec7a377d739b7f69d8adca38d0853b95	gia con quel nome	il file si chiama gia cosi
2026-08-11T12:30:19	Pettorali	Croci cavi bassi.gif	Croci cavi bassi.gif	f60260629b2d5a8ec883a5e2582e3fe6a4307d39d2f85a98339869f360cf329a	gia con quel nome	il file si chiama gia cosi
2026-08-11T12:30:19	Pettorali	Croci cavi medi in piedi.gif	Croci cavi medi in piedi.gif	8c699aa7dfdc2f7f1495c07f3b52c827cff4ea7822ff8b443a2cd6ded952a887	gia con quel nome	il file si chiama gia cosi
2026-08-11T12:30:19	Pettorali	Croci cavi medi presa prona.gif	Croci cavi medi presa prona.gif	8be005b695f33c2d302164dc22d97d19c869df119f9d411d46d9e40e9bfc98af	gia con quel nome	il file si chiama gia cosi
2026-08-11T12:30:19	Pettorali	Croci cavi bassi panca declinata.gif	Croci cavi bassi panca declinata.gif	db22ea9c61d2cea69e1cfdef42bdb7672e5b7c47a024605747094eed11c01650	gia con quel nome	il file si chiama gia cosi
2026-08-11T12:30:19	Pettorali	Croci cavi bassi panca inclinata.gif	Croci cavi bassi panca inclinata.gif	f094a7708d8446f9e6eee7d16a95e512269b8b446d823eef2df870d27d9ee8c9	gia con quel nome	il file si chiama gia cosi
2026-08-11T12:30:19	Pettorali	Croci cavi bassi panca piana.gif	Croci cavi bassi panca piana.gif	a216c4f77594cce36e931141b81ba9ef54d651f4c0afe59a46f656d0d593ce28	gia con quel nome	il file si chiama gia cosi
2026-08-11T12:30:19	Pettorali	Croci macchina seduto.gif	Croci macchina seduto.gif	3b5ac43014e89e55a5fda818e1560397442a7f689d1c9f6917d42339d00f5932	gia con quel nome	il file si chiama gia cosi
2026-08-11T12:30:19	Pettorali	Croci manubri panca inclinata.gif	Croci manubri panca inclinata.gif	18a3e1b4961c6c7b2433bd2b0ba7b97b62d6e7c7adc9004f7f3b2e48732bc424	gia con quel nome	il file si chiama gia cosi
2026-08-11T12:30:19	Pettorali	Croci manubri panca piana.gif	Croci manubri panca piana.gif	2e7b50e4dbee70d1504c07f1b6e5696973b428bc367e3c513fdfce9ca5d74e2a	gia con quel nome	il file si chiama gia cosi
2026-08-11T12:30:19	Pettorali	Croci TRX.gif	Croci TRX.gif	f9f1661203107f94bb6554b2703e9f015c483ff0e7901e6a5a5c371d29ed6d25	gia con quel nome	il file si chiama gia cosi
2026-08-11T12:30:19	Pettorali	Croci cavi bassi un braccio panca declinata.gif	Croci cavi bassi un braccio panca declinata.gif	3c044de930cb88cc17bc944abc9b406e7fb0e1defe8a29e360026f5d619dcc87	gia con quel nome	il file si chiama gia cosi
2026-08-11T12:30:19	Pettorali	Dip anelli.gif	Dip anelli.gif	d7c88f46a0592575c44d2d1e678a616ed99b8760661147e5e12b84841b66f7c8	gia con quel nome	il file si chiama gia cosi
2026-08-11T12:30:19	Pettorali	Dip assistiti macchina.gif	Dip assistiti macchina.gif	ff200ff033b91ba6f217f0afc931332b5d55ba1a686fa18584f8a397040e059a	gia con quel nome	il file si chiama gia cosi
2026-08-11T12:30:19	Pettorali	Dip coreano parallele.gif	Dip coreano parallele.gif	02a7ea51452c3a58952530ad4803c0feb66cda048cb7d436e1ee630a13855aba	gia con quel nome	il file si chiama gia cosi
2026-08-11T12:30:19	Pettorali	Dip parallele.gif	Dip parallele.gif	f1a212b4872d92354e7b936993b91b288cf3722802f8b21553ffcf3d93ec45c5	gia con quel nome	il file si chiama gia cosi
2026-08-11T12:30:19	Pettorali	Dip station.gif	Dip station.gif	ec81f85d5e44e5f3f49adda3ea85ab26cbe0c6f8cb4d9418940c6ef6f18ccbc6	gia con quel nome	il file si chiama gia cosi
2026-08-11T12:30:19	Pettorali	Dip parallele impossible.gif	Dip parallele impossible.gif	50efa691b4b464e23435d04f1831d32d6d6342eff7634e1261bc77b04cc27ebf	gia con quel nome	il file si chiama gia cosi
2026-08-11T12:30:19	Pettorali	Dip station sovraccarico.gif	Dip station sovraccarico.gif	3f340666a2b11eba11fc2f74a2c016ef7162f54909e028aa7b5a67f01b2a9346	gia con quel nome	il file si chiama gia cosi
2026-08-11T12:30:19	Pettorali	Dip sedie.gif	Dip sedie.gif	85a6d3adf2ae7c460e186cd2fa43811ab84cef9c48d829363ea193c565f4c28c	gia con quel nome	il file si chiama gia cosi
2026-08-11T12:30:19	Pettorali	Distensioni alternate manubri panca piana.gif	Distensioni alternate manubri panca piana.gif	736d557dc6bfa36bc671ca912c26f0596349a35a21cf07a8e8fe3ef47a363753	gia con quel nome	il file si chiama gia cosi
2026-08-11T12:30:19	Pettorali	Distensioni bilanciere panca declinata.gif	Distensioni bilanciere panca declinata.gif	7032d1bc1d3e12fc61758682fec928fd18ac65d866a96ab3b4f4019d2bff5355	gia con quel nome	il file si chiama gia cosi
2026-08-11T12:30:19	Pettorali	Distensioni bilanciere panca inclinata.gif	Distensioni bilanciere panca inclinata.gif	867f98d0e2afe62094dc53025004d1ee8a42b6fbac87cf763733d5043ebd6bd5	gia con quel nome	il file si chiama gia cosi
2026-08-11T12:30:19	Pettorali	Distensioni bilanciere panca piana.gif	Distensioni bilanciere panca piana.gif	3aff407c2e8d3f61a5509b174289476006fe8e888840a1f1ee115e370b2c32ed	gia con quel nome	il file si chiama gia cosi
2026-08-11T12:30:19	Pettorali	Distensioni bilanciere piedi sollevati panca piana.gif	Distensioni bilanciere piedi sollevati panca piana.gif	0e44a08793d7bf1461888f849319b4f43683daf045eb10bd6dc5f9e2a45c3ad3	gia con quel nome	il file si chiama gia cosi
2026-08-11T12:30:19	Pettorali	Distensioni cavi panca inclinata.gif	Distensioni cavi panca inclinata.gif	143697c8e0c08e0dfb7c13e775d2a21ab0e7b6b544af22a262d1727a9281bdec	gia con quel nome	il file si chiama gia cosi
2026-08-11T12:30:19	Pettorali	Distensioni cavi bassi panca piana.gif	Distensioni cavi bassi panca piana.gif	c4506b6c8563e7a4189fca2f5d1b3653de8c5d5586410253a6609ad5dec93fa5	gia con quel nome	il file si chiama gia cosi
2026-08-11T12:30:19	Pettorali	Distensioni cavi panca verticale.gif	Distensioni cavi panca verticale.gif	af407c1889eb1764d1db69ac1121f7ec9fc34c4e147ee7c74bdcd49028732624	gia con quel nome	il file si chiama gia cosi
2026-08-11T12:30:19	Pettorali	Distensioni macchina seduto.gif	Distensioni macchina seduto.gif	27a1b1026deed1ea93ef969c63deaa3ee67c1aa62d6ea9400f5663da9ed2ea1f	gia con quel nome	il file si chiama gia cosi
2026-08-11T12:30:19	Pettorali	Distensioni manubri panca inclinata.gif	Distensioni manubri panca inclinata.gif	c4ce59a2a8024750599c5e62d3e71679adf52056e76fb52f3f54ec48827154f6	gia con quel nome	il file si chiama gia cosi
2026-08-11T12:30:19	Pettorali	Distensioni manubri panca piana.gif	Distensioni manubri panca piana.gif	942c32030a628a4d8ca364f634f9f32970ff05a72d9ddc3ec99e273a6e265288	gia con quel nome	il file si chiama gia cosi
2026-08-11T12:30:19	Pettorali	Distensioni manubri presa stretta panca piana.gif	Distensioni manubri presa stretta panca piana.gif	7e3044c91ec7964da5e3e30bf7b9c58169a23f4a43dd82550a1863b49deb8cb5	gia con quel nome	il file si chiama gia cosi
2026-08-11T12:30:19	Pettorali	Distensioni manubri sdraiato a terra.gif	Distensioni manubri sdraiato a terra.gif	c38469828dbe3a02f4cc3fa537742a2aea965ce76c74a22ef839f81ad1cd9355	gia con quel nome	il file si chiama gia cosi
2026-08-11T12:30:19	Pettorali	Distensioni multipower panca declinata.gif	Distensioni multipower panca declinata.gif	9b9c53b188d3bd677dfb2fc4aa00a5b11edc0aaee2ca83c812c7c342b224e2c5	gia con quel nome	il file si chiama gia cosi
2026-08-11T12:30:19	Pettorali	Distensioni multipower panca inclinata.gif	Distensioni multipower panca inclinata.gif	38d8a1bb84b5353facfa0d428fb944f16501010319ac1a364ae1f24054d6a86d	gia con quel nome	il file si chiama gia cosi
2026-08-11T12:30:19	Pettorali	Distensioni multipower panca piana.gif	Distensioni multipower panca piana.gif	583436cf94463d37b3f284b472f63cec4fc77be4c14db4ae69aba334350f8011	gia con quel nome	il file si chiama gia cosi
2026-08-11T12:30:19	Pettorali	Distensioni multipower presa larga panca piana.gif	Distensioni multipower presa larga panca piana.gif	66cb1a4935b4f84b3c21bb0297da27aef99e5398d8f7eea70eb367b1b7d6d297	gia con quel nome	il file si chiama gia cosi
2026-08-11T12:30:19	Pettorali	Distensioni orizzontali macchina seduto.gif	Distensioni orizzontali macchina seduto.gif	7998da747c03109678596ae6bcc6b26de7c4a6c416e04b119bca9a2adf2fd8a6	gia con quel nome	il file si chiama gia cosi
2026-08-11T12:30:19	Pettorali	Distensioni macchina articolata panca piana.gif	Distensioni macchina articolata panca piana.gif	d7ad208ee35dac740e0c19ad8c2c3104618c15dc00606d8fe912ec737e07c756	gia con quel nome	il file si chiama gia cosi
2026-08-11T12:30:19	Pettorali	Distensioni manubri un braccio panca piana.gif	Distensioni manubri un braccio panca piana.gif	ae934b92896f529a3ca7e16d0e403cedf8959a61dc47df633f28ee8b03661d92	gia con quel nome	il file si chiama gia cosi
2026-08-11T12:30:19	Pettorali	Distensioni orizzontali macchina presa neutra seduto.gif	Distensioni orizzontali macchina presa neutra seduto.gif	c99610e4b52a83cff999f4c1188df332751b729040168477305662079829f5dd	gia con quel nome	il file si chiama gia cosi
2026-08-11T12:30:19	Pettorali	Lancio al petto palla medica al muro.gif	Lancio al petto palla medica al muro.gif	9cba2ff1ea152654ac6921b15f45431be902e42aad196bcc67620a68272c65fd	gia con quel nome	il file si chiama gia cosi
2026-08-11T12:30:19	Pettorali	Piegamenti.gif	Piegamenti.gif	60c0b1ad4e60e3f517f14424d6400ba109e16a2551686467fab7f16a7ef78170	gia con quel nome	il file si chiama gia cosi
2026-08-11T12:30:19	Pettorali	Piegamenti a V.gif	Piegamenti a V.gif	8d82b42850fbfe48670f398507743b7cbcb092a5db5ae5504daefab449fb10c1	gia con quel nome	il file si chiama gia cosi
2026-08-11T12:30:19	Pettorali	Piegamenti archer.gif	Piegamenti archer.gif	89381fcacada41033537807a56015792a2a2ec0fee6dc40614a44eb3cfb86cf7	gia con quel nome	il file si chiama gia cosi
2026-08-11T12:30:19	Pettorali	Piegamenti archer braccio rialzato.gif	Piegamenti archer braccio rialzato.gif	93bcd38bd880bcb7a24787b7bf58d65f4cd68d9e217a9df6e366d427c8c40479	gia con quel nome	il file si chiama gia cosi
2026-08-11T12:30:19	Pettorali	Piegamenti assistiti elastico.gif	Piegamenti assistiti elastico.gif	755b26f4032cd55ba72ba4820afedd8ede6738c0d0b698e1e50937b7a7c448a8	gia con quel nome	il file si chiama gia cosi
2026-08-11T12:30:19	Pettorali	Piegamenti declinati panca.gif	Piegamenti declinati panca.gif	6ea851b5474b5e8d3ba4bed0b6a94f4b91844b60e3cfcd34aea715466bd1f1b1	gia con quel nome	il file si chiama gia cosi
2026-08-11T12:30:19	Pettorali	Piegamenti deficit rialzo.gif	Piegamenti deficit rialzo.gif	c097dbcb5d950fc4963243fbc650e25ef3ec12a516ab22f5a747c041cae8f204	gia con quel nome	il file si chiama gia cosi
2026-08-11T12:30:19	Pettorali	Piegamenti deficit slancio panche piane.gif	Piegamenti deficit slancio panche piane.gif	313cbb11bef1790d203d712212658a35bebad068604677ab86b6dc5615143766	gia con quel nome	il file si chiama gia cosi
2026-08-11T12:30:19	Pettorali	Piegamenti fitball.gif	Piegamenti fitball.gif	97e2aa66e07e1b6f9247227f0099efaf5f7641e007372decf2f0f9b81d46f7dc	gia con quel nome	il file si chiama gia cosi
2026-08-11T12:30:19	Pettorali	Piegamenti gamba sollevata.gif	Piegamenti gamba sollevata.gif	9c354dce641d7812398e258fecab2420aa6c67a4ed9966696b9af6cd524a3910	gia con quel nome	il file si chiama gia cosi
2026-08-11T12:30:19	Pettorali	Piegamenti facilitati ginocchia.gif	Piegamenti facilitati ginocchia.gif	926591f652a527f3897abbc998d6d82eb103e5b6e5cce02add8d046b5d7ceb1f	gia con quel nome	il file si chiama gia cosi
2026-08-11T12:30:19	Pettorali	Piegamenti indù.gif	Piegamenti indù.gif	e232fe989a5ec9cabe6eb6f0a2aa8f77cdc30c4c2eda9871c927d5cb429cb9c0	gia con quel nome	il file si chiama gia cosi
2026-08-11T12:30:19	Pettorali	Piegamenti deficit kettlebell.gif	Piegamenti deficit kettlebell.gif	e4908b49cdfd09f4f5ec1072fef2d890afca7dccc261128ebb36a946b26c59a5	gia con quel nome	il file si chiama gia cosi
2026-08-11T12:30:19	Pettorali	Piegamenti mani elevate box.gif	Piegamenti mani elevate box.gif	6427c363c013a15722bbf11f87d37f1ace2069b2300f15cb4b937d50839918b8	gia con quel nome	il file si chiama gia cosi
2026-08-11T12:30:19	Pettorali	Piegamenti mani elevate panca.gif	Piegamenti mani elevate panca.gif	524675ee679f91589532c93d9ba9825fb1ab18e70bfeafd872fe7a407a30a543	gia con quel nome	il file si chiama gia cosi
2026-08-11T12:30:19	Pettorali	Piegamenti mani incrociate.gif	Piegamenti mani incrociate.gif	5ae26cec117bc0f18e02b8bac8809c9fec474017ef009b89bfa41ef37f982116	gia con quel nome	il file si chiama gia cosi
2026-08-11T12:30:19	Pettorali	Piegamenti mani larghe.gif	Piegamenti mani larghe.gif	6397dcb37916124a9ae902c6497b08e6c3bcdd9259edebc9fc0b84419d633af0	gia con quel nome	il file si chiama gia cosi
2026-08-11T12:30:19	Pettorali	Piegamenti mani neutre step.gif	Piegamenti mani neutre step.gif	944f9a090c4b22daa4af5e1b3665c13b46562bec056794459798e89a147c859e	gia con quel nome	il file si chiama gia cosi
2026-08-11T12:30:19	Pettorali	Piegamenti deficit dip station.gif	Piegamenti deficit dip station.gif	f2927b7cd43495b062de37422520f5bb66299c1be592a4e1192bba62189413d9	gia con quel nome	il file si chiama gia cosi
2026-08-11T12:30:19	Pettorali	Piegamenti planche.gif	Piegamenti planche.gif	322095a2aa82549f923c93e433949586f5b9f645f83549eb469ef745c235c3db	gia con quel nome	il file si chiama gia cosi
2026-08-11T12:30:19	Pettorali	Piegamenti pliometrici mani.gif	Piegamenti pliometrici mani.gif	d3091d90464ba2b49e12c0c8aa06df9c437e08a21aa582f5e1a147301762861e	gia con quel nome	il file si chiama gia cosi
2026-08-11T12:30:19	Pettorali	Piegamenti sovraccarico disco.gif	Piegamenti sovraccarico disco.gif	f948db77c2d70feff5dcd3e31f51d4c2678560f6d69e8ebdacd802b9d5398fae	gia con quel nome	il file si chiama gia cosi
2026-08-11T12:30:19	Pettorali	Piegamenti sui pugni.gif	Piegamenti sui pugni.gif	5ade2e81f55de6d6a021cf70d744b3d9a48742e549b73eab21cdd1757f4986ad	gia con quel nome	il file si chiama gia cosi
2026-08-11T12:30:19	Pettorali	Piegamenti pliometrici tocco petto.gif	Piegamenti pliometrici tocco petto.gif	6ea6bf4c198aadd24eb70b37536ded388691b88efb258caac6df4d8f91ce322a	gia con quel nome	il file si chiama gia cosi
2026-08-11T12:30:19	Pettorali	Piegamenti TRX.gif	Piegamenti TRX.gif	ac0491f055f2a0dfdbba3f9507f7188adfbe296fbe055c36b3b83a5a23c890fb	gia con quel nome	il file si chiama gia cosi
2026-08-11T12:30:19	Pettorali	Piegamenti un braccio palla medica.gif	Piegamenti un braccio palla medica.gif	b99ae6dd761ac0fbccd65d15b7006d6b520ef64741ae550bb0ce7db033f8a191	gia con quel nome	il file si chiama gia cosi
2026-08-11T12:30:19	Pettorali	Piegamenti un braccio.gif	Piegamenti un braccio.gif	e40601d27a5f120cecb6b47befb95808a5a5e58825dba37dd9df16b1ff729e6a	gia con quel nome	il file si chiama gia cosi
2026-08-11T12:30:19	Pettorali	Piegamenti deficit un braccio palla medica.gif	Piegamenti deficit un braccio palla medica.gif	27efb33e875cdfdd4bbc3eaee1d4559b0508bad75dfce7c7f04cd372e1f81346	gia con quel nome	il file si chiama gia cosi
2026-08-11T12:30:19	Pettorali	Pullover bilanciere panca piana.gif	Pullover bilanciere panca piana.gif	8bea8beb1d1c3d6c68d7574b119bf09994d283ce271267adf408f35e39173b99	gia con quel nome	il file si chiama gia cosi
2026-08-11T12:30:19	Pettorali	Pullover macchina seduto.gif	Pullover macchina seduto.gif	5db16e428ff109781edddf82f1a176b20e4b55a97c2ea7b30fb4e759d5d49f09	gia con quel nome	il file si chiama gia cosi
2026-08-11T12:30:19	Pettorali	Pullover manubrio bacino allineato panca piana.gif	Pullover manubrio bacino allineato panca piana.gif	ce8214c2c989513f631df1761d4a6a494c588dedcafab47bb47099db435c8fcd	gia con quel nome	il file si chiama gia cosi
2026-08-11T12:30:19	Pettorali	Pullover manubrio bacino declinato panca piana.gif	Pullover manubrio bacino declinato panca piana.gif	6feef5839acfe9278e849d3a3c40054bd611c27cc5bc5a567f62c0c549cfe17e	gia con quel nome	il file si chiama gia cosi
2026-08-11T12:30:19	Pettorali	Pullover manubrio fitball.gif	Pullover manubrio fitball.gif	ea7e183a2aba1467f805aa06636fb9b28d28b306789b218b3978ccd25d47ceb5	gia con quel nome	il file si chiama gia cosi
2026-08-11T12:30:19	Pettorali	Piegamenti declinati fitball (Declined fitball push up).gif	Piegamenti declinati fitball.gif	1b48d9f8400d4337f00632aa77a7e2e3e0f0293164a7fdaa70a32e3653d97712	rinominato	
2026-08-11T12:31:09	Pettorali	Piegamenti tocco incrociato.gif	Piegamenti tocco incrociato.gif	385d984e4c4a85e50f92ea7f643e227539ceaf552beb10aaaef010b6995a9776	gia con quel nome	il file si chiama gia cosi
2026-08-11T12:31:09	Pettorali	Adduzione braccio elastico in piedi.gif	Adduzione braccio elastico in piedi.gif	63690910f82557d8f3da73c17aa5013e8c5eb92a278194cc0e35e36e3973205f	gia con quel nome	il file si chiama gia cosi
2026-08-11T12:31:09	Pettorali	Chest press elastico inclinato.gif	Chest press elastico inclinato.gif	37047e359852a79a035d8fb10d14db022eb2256d4349e1537aae8dae828ef017	gia con quel nome	il file si chiama gia cosi
2026-08-11T12:31:09	Pettorali	Croci cavi alti.gif	Croci cavi alti.gif	9c8fd50be569c14fdfc151a01de1414e57aabf3155862cd7ee9a1034dbe3db79	gia con quel nome	il file si chiama gia cosi
2026-08-11T12:31:09	Pettorali	Croci cavi medi traiettoria alta.gif	Croci cavi medi traiettoria alta.gif	a94449f6fd860d60de6ce127d281719fec7a377d739b7f69d8adca38d0853b95	gia con quel nome	il file si chiama gia cosi
2026-08-11T12:31:09	Pettorali	Croci cavi bassi.gif	Croci cavi bassi.gif	f60260629b2d5a8ec883a5e2582e3fe6a4307d39d2f85a98339869f360cf329a	gia con quel nome	il file si chiama gia cosi
2026-08-11T12:31:09	Pettorali	Croci cavi medi in piedi.gif	Croci cavi medi in piedi.gif	8c699aa7dfdc2f7f1495c07f3b52c827cff4ea7822ff8b443a2cd6ded952a887	gia con quel nome	il file si chiama gia cosi
2026-08-11T12:31:09	Pettorali	Croci cavi medi presa prona.gif	Croci cavi medi presa prona.gif	8be005b695f33c2d302164dc22d97d19c869df119f9d411d46d9e40e9bfc98af	gia con quel nome	il file si chiama gia cosi
2026-08-11T12:31:09	Pettorali	Croci cavi bassi panca declinata.gif	Croci cavi bassi panca declinata.gif	db22ea9c61d2cea69e1cfdef42bdb7672e5b7c47a024605747094eed11c01650	gia con quel nome	il file si chiama gia cosi
2026-08-11T12:31:09	Pettorali	Croci cavi bassi panca inclinata.gif	Croci cavi bassi panca inclinata.gif	f094a7708d8446f9e6eee7d16a95e512269b8b446d823eef2df870d27d9ee8c9	gia con quel nome	il file si chiama gia cosi
2026-08-11T12:31:09	Pettorali	Croci cavi bassi panca piana.gif	Croci cavi bassi panca piana.gif	a216c4f77594cce36e931141b81ba9ef54d651f4c0afe59a46f656d0d593ce28	gia con quel nome	il file si chiama gia cosi
2026-08-11T12:31:09	Pettorali	Croci macchina seduto.gif	Croci macchina seduto.gif	3b5ac43014e89e55a5fda818e1560397442a7f689d1c9f6917d42339d00f5932	gia con quel nome	il file si chiama gia cosi
2026-08-11T12:31:09	Pettorali	Croci manubri panca inclinata.gif	Croci manubri panca inclinata.gif	18a3e1b4961c6c7b2433bd2b0ba7b97b62d6e7c7adc9004f7f3b2e48732bc424	gia con quel nome	il file si chiama gia cosi
2026-08-11T12:31:09	Pettorali	Croci manubri panca piana.gif	Croci manubri panca piana.gif	2e7b50e4dbee70d1504c07f1b6e5696973b428bc367e3c513fdfce9ca5d74e2a	gia con quel nome	il file si chiama gia cosi
2026-08-11T12:31:09	Pettorali	Croci TRX.gif	Croci TRX.gif	f9f1661203107f94bb6554b2703e9f015c483ff0e7901e6a5a5c371d29ed6d25	gia con quel nome	il file si chiama gia cosi
2026-08-11T12:31:09	Pettorali	Croci cavi bassi un braccio panca declinata.gif	Croci cavi bassi un braccio panca declinata.gif	3c044de930cb88cc17bc944abc9b406e7fb0e1defe8a29e360026f5d619dcc87	gia con quel nome	il file si chiama gia cosi
2026-08-11T12:31:09	Pettorali	Dip anelli.gif	Dip anelli.gif	d7c88f46a0592575c44d2d1e678a616ed99b8760661147e5e12b84841b66f7c8	gia con quel nome	il file si chiama gia cosi
2026-08-11T12:31:09	Pettorali	Dip assistiti macchina.gif	Dip assistiti macchina.gif	ff200ff033b91ba6f217f0afc931332b5d55ba1a686fa18584f8a397040e059a	gia con quel nome	il file si chiama gia cosi
2026-08-11T12:31:09	Pettorali	Dip coreano parallele.gif	Dip coreano parallele.gif	02a7ea51452c3a58952530ad4803c0feb66cda048cb7d436e1ee630a13855aba	gia con quel nome	il file si chiama gia cosi
2026-08-11T12:31:09	Pettorali	Dip parallele.gif	Dip parallele.gif	f1a212b4872d92354e7b936993b91b288cf3722802f8b21553ffcf3d93ec45c5	gia con quel nome	il file si chiama gia cosi
2026-08-11T12:31:09	Pettorali	Dip station.gif	Dip station.gif	ec81f85d5e44e5f3f49adda3ea85ab26cbe0c6f8cb4d9418940c6ef6f18ccbc6	gia con quel nome	il file si chiama gia cosi
2026-08-11T12:31:09	Pettorali	Dip parallele impossible.gif	Dip parallele impossible.gif	50efa691b4b464e23435d04f1831d32d6d6342eff7634e1261bc77b04cc27ebf	gia con quel nome	il file si chiama gia cosi
2026-08-11T12:31:09	Pettorali	Dip station sovraccarico.gif	Dip station sovraccarico.gif	3f340666a2b11eba11fc2f74a2c016ef7162f54909e028aa7b5a67f01b2a9346	gia con quel nome	il file si chiama gia cosi
2026-08-11T12:31:09	Pettorali	Dip sedie.gif	Dip sedie.gif	85a6d3adf2ae7c460e186cd2fa43811ab84cef9c48d829363ea193c565f4c28c	gia con quel nome	il file si chiama gia cosi
2026-08-11T12:31:09	Pettorali	Distensioni alternate manubri panca piana.gif	Distensioni alternate manubri panca piana.gif	736d557dc6bfa36bc671ca912c26f0596349a35a21cf07a8e8fe3ef47a363753	gia con quel nome	il file si chiama gia cosi
2026-08-11T12:31:09	Pettorali	Distensioni bilanciere panca declinata.gif	Distensioni bilanciere panca declinata.gif	7032d1bc1d3e12fc61758682fec928fd18ac65d866a96ab3b4f4019d2bff5355	gia con quel nome	il file si chiama gia cosi
2026-08-11T12:31:09	Pettorali	Distensioni bilanciere panca inclinata.gif	Distensioni bilanciere panca inclinata.gif	867f98d0e2afe62094dc53025004d1ee8a42b6fbac87cf763733d5043ebd6bd5	gia con quel nome	il file si chiama gia cosi
2026-08-11T12:31:09	Pettorali	Distensioni bilanciere panca piana.gif	Distensioni bilanciere panca piana.gif	3aff407c2e8d3f61a5509b174289476006fe8e888840a1f1ee115e370b2c32ed	gia con quel nome	il file si chiama gia cosi
2026-08-11T12:31:09	Pettorali	Distensioni bilanciere piedi sollevati panca piana.gif	Distensioni bilanciere piedi sollevati panca piana.gif	0e44a08793d7bf1461888f849319b4f43683daf045eb10bd6dc5f9e2a45c3ad3	gia con quel nome	il file si chiama gia cosi
2026-08-11T12:31:09	Pettorali	Distensioni cavi panca inclinata.gif	Distensioni cavi panca inclinata.gif	143697c8e0c08e0dfb7c13e775d2a21ab0e7b6b544af22a262d1727a9281bdec	gia con quel nome	il file si chiama gia cosi
2026-08-11T12:31:09	Pettorali	Distensioni cavi bassi panca piana.gif	Distensioni cavi bassi panca piana.gif	c4506b6c8563e7a4189fca2f5d1b3653de8c5d5586410253a6609ad5dec93fa5	gia con quel nome	il file si chiama gia cosi
2026-08-11T12:31:09	Pettorali	Distensioni cavi panca verticale.gif	Distensioni cavi panca verticale.gif	af407c1889eb1764d1db69ac1121f7ec9fc34c4e147ee7c74bdcd49028732624	gia con quel nome	il file si chiama gia cosi
2026-08-11T12:31:09	Pettorali	Distensioni macchina seduto.gif	Distensioni macchina seduto.gif	27a1b1026deed1ea93ef969c63deaa3ee67c1aa62d6ea9400f5663da9ed2ea1f	gia con quel nome	il file si chiama gia cosi
2026-08-11T12:31:09	Pettorali	Distensioni manubri panca inclinata.gif	Distensioni manubri panca inclinata.gif	c4ce59a2a8024750599c5e62d3e71679adf52056e76fb52f3f54ec48827154f6	gia con quel nome	il file si chiama gia cosi
2026-08-11T12:31:09	Pettorali	Distensioni manubri panca piana.gif	Distensioni manubri panca piana.gif	942c32030a628a4d8ca364f634f9f32970ff05a72d9ddc3ec99e273a6e265288	gia con quel nome	il file si chiama gia cosi
2026-08-11T12:31:09	Pettorali	Distensioni manubri presa stretta panca piana.gif	Distensioni manubri presa stretta panca piana.gif	7e3044c91ec7964da5e3e30bf7b9c58169a23f4a43dd82550a1863b49deb8cb5	gia con quel nome	il file si chiama gia cosi
2026-08-11T12:31:09	Pettorali	Distensioni manubri sdraiato a terra.gif	Distensioni manubri sdraiato a terra.gif	c38469828dbe3a02f4cc3fa537742a2aea965ce76c74a22ef839f81ad1cd9355	gia con quel nome	il file si chiama gia cosi
2026-08-11T12:31:09	Pettorali	Distensioni multipower panca declinata.gif	Distensioni multipower panca declinata.gif	9b9c53b188d3bd677dfb2fc4aa00a5b11edc0aaee2ca83c812c7c342b224e2c5	gia con quel nome	il file si chiama gia cosi
2026-08-11T12:31:09	Pettorali	Distensioni multipower panca inclinata.gif	Distensioni multipower panca inclinata.gif	38d8a1bb84b5353facfa0d428fb944f16501010319ac1a364ae1f24054d6a86d	gia con quel nome	il file si chiama gia cosi
2026-08-11T12:31:09	Pettorali	Distensioni multipower panca piana.gif	Distensioni multipower panca piana.gif	583436cf94463d37b3f284b472f63cec4fc77be4c14db4ae69aba334350f8011	gia con quel nome	il file si chiama gia cosi
2026-08-11T12:31:09	Pettorali	Distensioni multipower presa larga panca piana.gif	Distensioni multipower presa larga panca piana.gif	66cb1a4935b4f84b3c21bb0297da27aef99e5398d8f7eea70eb367b1b7d6d297	gia con quel nome	il file si chiama gia cosi
2026-08-11T12:31:09	Pettorali	Distensioni orizzontali macchina seduto.gif	Distensioni orizzontali macchina seduto.gif	7998da747c03109678596ae6bcc6b26de7c4a6c416e04b119bca9a2adf2fd8a6	gia con quel nome	il file si chiama gia cosi
2026-08-11T12:31:09	Pettorali	Distensioni macchina articolata panca piana.gif	Distensioni macchina articolata panca piana.gif	d7ad208ee35dac740e0c19ad8c2c3104618c15dc00606d8fe912ec737e07c756	gia con quel nome	il file si chiama gia cosi
2026-08-11T12:31:09	Pettorali	Distensioni manubri un braccio panca piana.gif	Distensioni manubri un braccio panca piana.gif	ae934b92896f529a3ca7e16d0e403cedf8959a61dc47df633f28ee8b03661d92	gia con quel nome	il file si chiama gia cosi
2026-08-11T12:31:09	Pettorali	Distensioni orizzontali macchina presa neutra seduto.gif	Distensioni orizzontali macchina presa neutra seduto.gif	c99610e4b52a83cff999f4c1188df332751b729040168477305662079829f5dd	gia con quel nome	il file si chiama gia cosi
2026-08-11T12:31:09	Pettorali	Lancio al petto palla medica al muro.gif	Lancio al petto palla medica al muro.gif	9cba2ff1ea152654ac6921b15f45431be902e42aad196bcc67620a68272c65fd	gia con quel nome	il file si chiama gia cosi
2026-08-11T12:31:09	Pettorali	Piegamenti.gif	Piegamenti.gif	60c0b1ad4e60e3f517f14424d6400ba109e16a2551686467fab7f16a7ef78170	gia con quel nome	il file si chiama gia cosi
2026-08-11T12:31:09	Pettorali	Piegamenti a V.gif	Piegamenti a V.gif	8d82b42850fbfe48670f398507743b7cbcb092a5db5ae5504daefab449fb10c1	gia con quel nome	il file si chiama gia cosi
2026-08-11T12:31:09	Pettorali	Piegamenti archer.gif	Piegamenti archer.gif	89381fcacada41033537807a56015792a2a2ec0fee6dc40614a44eb3cfb86cf7	gia con quel nome	il file si chiama gia cosi
2026-08-11T12:31:09	Pettorali	Piegamenti archer braccio rialzato.gif	Piegamenti archer braccio rialzato.gif	93bcd38bd880bcb7a24787b7bf58d65f4cd68d9e217a9df6e366d427c8c40479	gia con quel nome	il file si chiama gia cosi
2026-08-11T12:31:09	Pettorali	Piegamenti assistiti elastico.gif	Piegamenti assistiti elastico.gif	755b26f4032cd55ba72ba4820afedd8ede6738c0d0b698e1e50937b7a7c448a8	gia con quel nome	il file si chiama gia cosi
2026-08-11T12:31:09	Pettorali	Piegamenti declinati panca.gif	Piegamenti declinati panca.gif	6ea851b5474b5e8d3ba4bed0b6a94f4b91844b60e3cfcd34aea715466bd1f1b1	gia con quel nome	il file si chiama gia cosi
2026-08-11T12:31:09	Pettorali	Piegamenti deficit rialzo.gif	Piegamenti deficit rialzo.gif	c097dbcb5d950fc4963243fbc650e25ef3ec12a516ab22f5a747c041cae8f204	gia con quel nome	il file si chiama gia cosi
2026-08-11T12:31:09	Pettorali	Piegamenti deficit slancio panche piane.gif	Piegamenti deficit slancio panche piane.gif	313cbb11bef1790d203d712212658a35bebad068604677ab86b6dc5615143766	gia con quel nome	il file si chiama gia cosi
2026-08-11T12:31:09	Pettorali	Piegamenti fitball.gif	Piegamenti fitball.gif	97e2aa66e07e1b6f9247227f0099efaf5f7641e007372decf2f0f9b81d46f7dc	gia con quel nome	il file si chiama gia cosi
2026-08-11T12:31:09	Pettorali	Piegamenti gamba sollevata.gif	Piegamenti gamba sollevata.gif	9c354dce641d7812398e258fecab2420aa6c67a4ed9966696b9af6cd524a3910	gia con quel nome	il file si chiama gia cosi
2026-08-11T12:31:09	Pettorali	Piegamenti facilitati ginocchia.gif	Piegamenti facilitati ginocchia.gif	926591f652a527f3897abbc998d6d82eb103e5b6e5cce02add8d046b5d7ceb1f	gia con quel nome	il file si chiama gia cosi
2026-08-11T12:31:09	Pettorali	Piegamenti indù.gif	Piegamenti indù.gif	e232fe989a5ec9cabe6eb6f0a2aa8f77cdc30c4c2eda9871c927d5cb429cb9c0	gia con quel nome	il file si chiama gia cosi
2026-08-11T12:31:09	Pettorali	Piegamenti deficit kettlebell.gif	Piegamenti deficit kettlebell.gif	e4908b49cdfd09f4f5ec1072fef2d890afca7dccc261128ebb36a946b26c59a5	gia con quel nome	il file si chiama gia cosi
2026-08-11T12:31:09	Pettorali	Piegamenti mani elevate box.gif	Piegamenti inclinati box.gif	6427c363c013a15722bbf11f87d37f1ace2069b2300f15cb4b937d50839918b8	rinominato	
2026-08-11T12:31:09	Pettorali	Piegamenti mani elevate panca.gif	Piegamenti inclinati panca.gif	524675ee679f91589532c93d9ba9825fb1ab18e70bfeafd872fe7a407a30a543	rinominato	
2026-08-11T12:31:09	Pettorali	Piegamenti mani incrociate.gif	Piegamenti mani incrociate.gif	5ae26cec117bc0f18e02b8bac8809c9fec474017ef009b89bfa41ef37f982116	gia con quel nome	il file si chiama gia cosi
2026-08-11T12:31:09	Pettorali	Piegamenti mani larghe.gif	Piegamenti mani larghe.gif	6397dcb37916124a9ae902c6497b08e6c3bcdd9259edebc9fc0b84419d633af0	gia con quel nome	il file si chiama gia cosi
2026-08-11T12:31:09	Pettorali	Piegamenti mani neutre step.gif	Piegamenti mani neutre step.gif	944f9a090c4b22daa4af5e1b3665c13b46562bec056794459798e89a147c859e	gia con quel nome	il file si chiama gia cosi
2026-08-11T12:31:09	Pettorali	Piegamenti deficit dip station.gif	Piegamenti deficit dip station.gif	f2927b7cd43495b062de37422520f5bb66299c1be592a4e1192bba62189413d9	gia con quel nome	il file si chiama gia cosi
2026-08-11T12:31:09	Pettorali	Piegamenti planche.gif	Piegamenti planche.gif	322095a2aa82549f923c93e433949586f5b9f645f83549eb469ef745c235c3db	gia con quel nome	il file si chiama gia cosi
2026-08-11T12:31:09	Pettorali	Piegamenti pliometrici mani.gif	Piegamenti pliometrici mani.gif	d3091d90464ba2b49e12c0c8aa06df9c437e08a21aa582f5e1a147301762861e	gia con quel nome	il file si chiama gia cosi
2026-08-11T12:31:09	Pettorali	Piegamenti sovraccarico disco.gif	Piegamenti sovraccarico disco.gif	f948db77c2d70feff5dcd3e31f51d4c2678560f6d69e8ebdacd802b9d5398fae	gia con quel nome	il file si chiama gia cosi
2026-08-11T12:31:09	Pettorali	Piegamenti sui pugni.gif	Piegamenti sui pugni.gif	5ade2e81f55de6d6a021cf70d744b3d9a48742e549b73eab21cdd1757f4986ad	gia con quel nome	il file si chiama gia cosi
2026-08-11T12:31:09	Pettorali	Piegamenti pliometrici tocco petto.gif	Piegamenti pliometrici tocco petto.gif	6ea6bf4c198aadd24eb70b37536ded388691b88efb258caac6df4d8f91ce322a	gia con quel nome	il file si chiama gia cosi
2026-08-11T12:31:09	Pettorali	Piegamenti TRX.gif	Piegamenti TRX.gif	ac0491f055f2a0dfdbba3f9507f7188adfbe296fbe055c36b3b83a5a23c890fb	gia con quel nome	il file si chiama gia cosi
2026-08-11T12:31:09	Pettorali	Piegamenti un braccio palla medica.gif	Piegamenti un braccio palla medica.gif	b99ae6dd761ac0fbccd65d15b7006d6b520ef64741ae550bb0ce7db033f8a191	gia con quel nome	il file si chiama gia cosi
2026-08-11T12:31:09	Pettorali	Piegamenti un braccio.gif	Piegamenti un braccio.gif	e40601d27a5f120cecb6b47befb95808a5a5e58825dba37dd9df16b1ff729e6a	gia con quel nome	il file si chiama gia cosi
2026-08-11T12:31:09	Pettorali	Piegamenti deficit un braccio palla medica.gif	Piegamenti deficit un braccio palla medica.gif	27efb33e875cdfdd4bbc3eaee1d4559b0508bad75dfce7c7f04cd372e1f81346	gia con quel nome	il file si chiama gia cosi
2026-08-11T12:31:09	Pettorali	Pullover bilanciere panca piana.gif	Pullover bilanciere panca piana.gif	8bea8beb1d1c3d6c68d7574b119bf09994d283ce271267adf408f35e39173b99	gia con quel nome	il file si chiama gia cosi
2026-08-11T12:31:09	Pettorali	Pullover macchina seduto.gif	Pullover macchina seduto.gif	5db16e428ff109781edddf82f1a176b20e4b55a97c2ea7b30fb4e759d5d49f09	gia con quel nome	il file si chiama gia cosi
2026-08-11T12:31:09	Pettorali	Pullover manubrio bacino allineato panca piana.gif	Pullover manubrio bacino allineato panca piana.gif	ce8214c2c989513f631df1761d4a6a494c588dedcafab47bb47099db435c8fcd	gia con quel nome	il file si chiama gia cosi
2026-08-11T12:31:09	Pettorali	Pullover manubrio bacino declinato panca piana.gif	Pullover manubrio bacino declinato panca piana.gif	6feef5839acfe9278e849d3a3c40054bd611c27cc5bc5a567f62c0c549cfe17e	gia con quel nome	il file si chiama gia cosi
2026-08-11T12:31:09	Pettorali	Pullover manubrio fitball.gif	Pullover manubrio fitball.gif	ea7e183a2aba1467f805aa06636fb9b28d28b306789b218b3978ccd25d47ceb5	gia con quel nome	il file si chiama gia cosi
2026-08-11T12:31:09	Pettorali	Piegamenti declinati fitball.gif	Piegamenti declinati fitball.gif	1b48d9f8400d4337f00632aa77a7e2e3e0f0293164a7fdaa70a32e3653d97712	gia con quel nome	il file si chiama gia cosi
2026-08-11T14:07:08	Pettorali	Piegamenti tocco incrociato.gif	Piegamenti tocco incrociato.gif	385d984e4c4a85e50f92ea7f643e227539ceaf552beb10aaaef010b6995a9776	gia con quel nome	il file si chiama gia cosi
2026-08-11T14:07:08	Pettorali	Adduzione braccio elastico in piedi.gif	Adduzione braccio elastico in piedi.gif	63690910f82557d8f3da73c17aa5013e8c5eb92a278194cc0e35e36e3973205f	gia con quel nome	il file si chiama gia cosi
2026-08-11T14:07:08	Pettorali	Chest press elastico inclinato.gif	Chest press elastico inclinato.gif	37047e359852a79a035d8fb10d14db022eb2256d4349e1537aae8dae828ef017	gia con quel nome	il file si chiama gia cosi
2026-08-11T14:07:08	Pettorali	Croci cavi alti.gif	Croci cavi alti.gif	9c8fd50be569c14fdfc151a01de1414e57aabf3155862cd7ee9a1034dbe3db79	gia con quel nome	il file si chiama gia cosi
2026-08-11T14:07:08	Pettorali	Croci cavi medi traiettoria alta.gif	Croci cavi medi traiettoria alta.gif	a94449f6fd860d60de6ce127d281719fec7a377d739b7f69d8adca38d0853b95	gia con quel nome	il file si chiama gia cosi
2026-08-11T14:07:08	Pettorali	Croci cavi bassi.gif	Croci cavi bassi.gif	f60260629b2d5a8ec883a5e2582e3fe6a4307d39d2f85a98339869f360cf329a	gia con quel nome	il file si chiama gia cosi
2026-08-11T14:07:08	Pettorali	Croci cavi medi in piedi.gif	Croci cavi medi in piedi.gif	8c699aa7dfdc2f7f1495c07f3b52c827cff4ea7822ff8b443a2cd6ded952a887	gia con quel nome	il file si chiama gia cosi
2026-08-11T14:07:08	Pettorali	Croci cavi medi presa prona.gif	Croci cavi medi presa prona.gif	8be005b695f33c2d302164dc22d97d19c869df119f9d411d46d9e40e9bfc98af	gia con quel nome	il file si chiama gia cosi
2026-08-11T14:07:08	Pettorali	Croci cavi bassi panca declinata.gif	Croci cavi bassi panca declinata.gif	db22ea9c61d2cea69e1cfdef42bdb7672e5b7c47a024605747094eed11c01650	gia con quel nome	il file si chiama gia cosi
2026-08-11T14:07:08	Pettorali	Croci cavi bassi panca inclinata.gif	Croci cavi bassi panca inclinata.gif	f094a7708d8446f9e6eee7d16a95e512269b8b446d823eef2df870d27d9ee8c9	gia con quel nome	il file si chiama gia cosi
2026-08-11T14:07:08	Pettorali	Croci cavi bassi panca piana.gif	Croci cavi bassi panca piana.gif	a216c4f77594cce36e931141b81ba9ef54d651f4c0afe59a46f656d0d593ce28	gia con quel nome	il file si chiama gia cosi
2026-08-11T14:07:08	Pettorali	Croci macchina seduto.gif	Croci macchina seduto.gif	3b5ac43014e89e55a5fda818e1560397442a7f689d1c9f6917d42339d00f5932	gia con quel nome	il file si chiama gia cosi
2026-08-11T14:07:08	Pettorali	Croci manubri panca inclinata.gif	Croci manubri panca inclinata.gif	18a3e1b4961c6c7b2433bd2b0ba7b97b62d6e7c7adc9004f7f3b2e48732bc424	gia con quel nome	il file si chiama gia cosi
2026-08-11T14:07:08	Pettorali	Croci manubri panca piana.gif	Croci manubri panca piana.gif	2e7b50e4dbee70d1504c07f1b6e5696973b428bc367e3c513fdfce9ca5d74e2a	gia con quel nome	il file si chiama gia cosi
2026-08-11T14:07:08	Pettorali	Croci TRX.gif	Croci TRX.gif	f9f1661203107f94bb6554b2703e9f015c483ff0e7901e6a5a5c371d29ed6d25	gia con quel nome	il file si chiama gia cosi
2026-08-11T14:07:08	Pettorali	Croci cavi bassi un braccio panca declinata.gif	Croci cavi bassi un braccio panca declinata.gif	3c044de930cb88cc17bc944abc9b406e7fb0e1defe8a29e360026f5d619dcc87	gia con quel nome	il file si chiama gia cosi
2026-08-11T14:07:08	Pettorali	Dip anelli.gif	Dip anelli.gif	d7c88f46a0592575c44d2d1e678a616ed99b8760661147e5e12b84841b66f7c8	gia con quel nome	il file si chiama gia cosi
2026-08-11T14:07:08	Pettorali	Dip assistiti macchina.gif	Dip assistiti macchina.gif	ff200ff033b91ba6f217f0afc931332b5d55ba1a686fa18584f8a397040e059a	gia con quel nome	il file si chiama gia cosi
2026-08-11T14:07:08	Pettorali	Dip coreano parallele.gif	Dip coreano parallele.gif	02a7ea51452c3a58952530ad4803c0feb66cda048cb7d436e1ee630a13855aba	gia con quel nome	il file si chiama gia cosi
2026-08-11T14:07:08	Pettorali	Dip parallele.gif	Dip parallele.gif	f1a212b4872d92354e7b936993b91b288cf3722802f8b21553ffcf3d93ec45c5	gia con quel nome	il file si chiama gia cosi
2026-08-11T14:07:08	Pettorali	Dip station.gif	Dip station.gif	ec81f85d5e44e5f3f49adda3ea85ab26cbe0c6f8cb4d9418940c6ef6f18ccbc6	gia con quel nome	il file si chiama gia cosi
2026-08-11T14:07:08	Pettorali	Dip parallele impossible.gif	Dip parallele impossible.gif	50efa691b4b464e23435d04f1831d32d6d6342eff7634e1261bc77b04cc27ebf	gia con quel nome	il file si chiama gia cosi
2026-08-11T14:07:08	Pettorali	Dip station sovraccarico.gif	Dip station sovraccarico.gif	3f340666a2b11eba11fc2f74a2c016ef7162f54909e028aa7b5a67f01b2a9346	gia con quel nome	il file si chiama gia cosi
2026-08-11T14:07:08	Pettorali	Dip sedie.gif	Dip sedie.gif	85a6d3adf2ae7c460e186cd2fa43811ab84cef9c48d829363ea193c565f4c28c	gia con quel nome	il file si chiama gia cosi
2026-08-11T14:07:08	Pettorali	Distensioni alternate manubri panca piana.gif	Distensioni alternate manubri panca piana.gif	736d557dc6bfa36bc671ca912c26f0596349a35a21cf07a8e8fe3ef47a363753	gia con quel nome	il file si chiama gia cosi
2026-08-11T14:07:08	Pettorali	Distensioni bilanciere panca declinata.gif	Distensioni bilanciere panca declinata.gif	7032d1bc1d3e12fc61758682fec928fd18ac65d866a96ab3b4f4019d2bff5355	gia con quel nome	il file si chiama gia cosi
2026-08-11T14:07:08	Pettorali	Distensioni bilanciere panca inclinata.gif	Distensioni bilanciere panca inclinata.gif	867f98d0e2afe62094dc53025004d1ee8a42b6fbac87cf763733d5043ebd6bd5	gia con quel nome	il file si chiama gia cosi
2026-08-11T14:07:08	Pettorali	Distensioni bilanciere panca piana.gif	Distensioni bilanciere panca piana.gif	3aff407c2e8d3f61a5509b174289476006fe8e888840a1f1ee115e370b2c32ed	gia con quel nome	il file si chiama gia cosi
2026-08-11T14:07:08	Pettorali	Distensioni bilanciere piedi sollevati panca piana.gif	Distensioni bilanciere piedi sollevati panca piana.gif	0e44a08793d7bf1461888f849319b4f43683daf045eb10bd6dc5f9e2a45c3ad3	gia con quel nome	il file si chiama gia cosi
2026-08-11T14:07:08	Pettorali	Distensioni cavi panca inclinata.gif	Distensioni cavi panca inclinata.gif	143697c8e0c08e0dfb7c13e775d2a21ab0e7b6b544af22a262d1727a9281bdec	gia con quel nome	il file si chiama gia cosi
2026-08-11T14:07:08	Pettorali	Distensioni cavi bassi panca piana.gif	Distensioni cavi bassi panca piana.gif	c4506b6c8563e7a4189fca2f5d1b3653de8c5d5586410253a6609ad5dec93fa5	gia con quel nome	il file si chiama gia cosi
2026-08-11T14:07:08	Pettorali	Distensioni cavi panca verticale.gif	Distensioni cavi panca verticale.gif	af407c1889eb1764d1db69ac1121f7ec9fc34c4e147ee7c74bdcd49028732624	gia con quel nome	il file si chiama gia cosi
2026-08-11T14:07:08	Pettorali	Distensioni macchina seduto.gif	Distensioni macchina seduto.gif	27a1b1026deed1ea93ef969c63deaa3ee67c1aa62d6ea9400f5663da9ed2ea1f	gia con quel nome	il file si chiama gia cosi
2026-08-11T14:07:08	Pettorali	Distensioni manubri panca inclinata.gif	Distensioni manubri panca inclinata.gif	c4ce59a2a8024750599c5e62d3e71679adf52056e76fb52f3f54ec48827154f6	gia con quel nome	il file si chiama gia cosi
2026-08-11T14:07:08	Pettorali	Distensioni manubri panca piana.gif	Distensioni manubri panca piana.gif	942c32030a628a4d8ca364f634f9f32970ff05a72d9ddc3ec99e273a6e265288	gia con quel nome	il file si chiama gia cosi
2026-08-11T14:07:08	Pettorali	Distensioni manubri presa stretta panca piana.gif	Distensioni manubri presa stretta panca piana.gif	7e3044c91ec7964da5e3e30bf7b9c58169a23f4a43dd82550a1863b49deb8cb5	gia con quel nome	il file si chiama gia cosi
2026-08-11T14:07:08	Pettorali	Distensioni manubri sdraiato a terra.gif	Distensioni manubri sdraiato a terra.gif	c38469828dbe3a02f4cc3fa537742a2aea965ce76c74a22ef839f81ad1cd9355	gia con quel nome	il file si chiama gia cosi
2026-08-11T14:07:08	Pettorali	Distensioni multipower panca declinata.gif	Distensioni multipower panca declinata.gif	9b9c53b188d3bd677dfb2fc4aa00a5b11edc0aaee2ca83c812c7c342b224e2c5	gia con quel nome	il file si chiama gia cosi
2026-08-11T14:07:08	Pettorali	Distensioni multipower panca inclinata.gif	Distensioni multipower panca inclinata.gif	38d8a1bb84b5353facfa0d428fb944f16501010319ac1a364ae1f24054d6a86d	gia con quel nome	il file si chiama gia cosi
2026-08-11T14:07:08	Pettorali	Distensioni multipower panca piana.gif	Distensioni multipower panca piana.gif	583436cf94463d37b3f284b472f63cec4fc77be4c14db4ae69aba334350f8011	gia con quel nome	il file si chiama gia cosi
2026-08-11T14:07:08	Pettorali	Distensioni multipower presa larga panca piana.gif	Distensioni multipower presa larga panca piana.gif	66cb1a4935b4f84b3c21bb0297da27aef99e5398d8f7eea70eb367b1b7d6d297	gia con quel nome	il file si chiama gia cosi
2026-08-11T14:07:08	Pettorali	Distensioni orizzontali macchina seduto.gif	Distensioni orizzontali macchina seduto.gif	7998da747c03109678596ae6bcc6b26de7c4a6c416e04b119bca9a2adf2fd8a6	gia con quel nome	il file si chiama gia cosi
2026-08-11T14:07:08	Pettorali	Distensioni macchina articolata panca piana.gif	Distensioni macchina articolata panca piana.gif	d7ad208ee35dac740e0c19ad8c2c3104618c15dc00606d8fe912ec737e07c756	gia con quel nome	il file si chiama gia cosi
2026-08-11T14:07:08	Pettorali	Distensioni manubri un braccio panca piana.gif	Distensioni manubri un braccio panca piana.gif	ae934b92896f529a3ca7e16d0e403cedf8959a61dc47df633f28ee8b03661d92	gia con quel nome	il file si chiama gia cosi
2026-08-11T14:07:08	Pettorali	Distensioni orizzontali macchina presa neutra seduto.gif	Distensioni orizzontali macchina presa neutra seduto.gif	c99610e4b52a83cff999f4c1188df332751b729040168477305662079829f5dd	gia con quel nome	il file si chiama gia cosi
2026-08-11T14:07:08	Pettorali	Lancio al petto palla medica al muro.gif	Lancio al petto palla medica al muro.gif	9cba2ff1ea152654ac6921b15f45431be902e42aad196bcc67620a68272c65fd	gia con quel nome	il file si chiama gia cosi
2026-08-11T14:07:08	Pettorali	Piegamenti.gif	Piegamenti.gif	60c0b1ad4e60e3f517f14424d6400ba109e16a2551686467fab7f16a7ef78170	gia con quel nome	il file si chiama gia cosi
2026-08-11T14:07:08	Pettorali	Piegamenti a V.gif	Piegamenti a V.gif	8d82b42850fbfe48670f398507743b7cbcb092a5db5ae5504daefab449fb10c1	gia con quel nome	il file si chiama gia cosi
2026-08-11T14:07:08	Pettorali	Piegamenti archer.gif	Piegamenti archer.gif	89381fcacada41033537807a56015792a2a2ec0fee6dc40614a44eb3cfb86cf7	gia con quel nome	il file si chiama gia cosi
2026-08-11T14:07:08	Pettorali	Piegamenti archer braccio rialzato.gif	Piegamenti archer braccio rialzato.gif	93bcd38bd880bcb7a24787b7bf58d65f4cd68d9e217a9df6e366d427c8c40479	gia con quel nome	il file si chiama gia cosi
2026-08-11T14:07:08	Pettorali	Piegamenti assistiti elastico.gif	Piegamenti assistiti elastico.gif	755b26f4032cd55ba72ba4820afedd8ede6738c0d0b698e1e50937b7a7c448a8	gia con quel nome	il file si chiama gia cosi
2026-08-11T14:07:08	Pettorali	Piegamenti declinati panca.gif	Piegamenti declinati panca.gif	6ea851b5474b5e8d3ba4bed0b6a94f4b91844b60e3cfcd34aea715466bd1f1b1	gia con quel nome	il file si chiama gia cosi
2026-08-11T14:07:08	Pettorali	Piegamenti deficit rialzo.gif	Piegamenti deficit rialzo.gif	c097dbcb5d950fc4963243fbc650e25ef3ec12a516ab22f5a747c041cae8f204	gia con quel nome	il file si chiama gia cosi
2026-08-11T14:07:08	Pettorali	Piegamenti deficit slancio panche piane.gif	Piegamenti deficit slancio panche piane.gif	313cbb11bef1790d203d712212658a35bebad068604677ab86b6dc5615143766	gia con quel nome	il file si chiama gia cosi
2026-08-11T14:07:08	Pettorali	Piegamenti fitball.gif	Piegamenti fitball.gif	97e2aa66e07e1b6f9247227f0099efaf5f7641e007372decf2f0f9b81d46f7dc	gia con quel nome	il file si chiama gia cosi
2026-08-11T14:07:08	Pettorali	Piegamenti gamba sollevata.gif	Piegamenti gamba sollevata.gif	9c354dce641d7812398e258fecab2420aa6c67a4ed9966696b9af6cd524a3910	gia con quel nome	il file si chiama gia cosi
2026-08-11T14:07:08	Pettorali	Piegamenti facilitati ginocchia.gif	Piegamenti facilitati ginocchia.gif	926591f652a527f3897abbc998d6d82eb103e5b6e5cce02add8d046b5d7ceb1f	gia con quel nome	il file si chiama gia cosi
2026-08-11T14:07:08	Pettorali	Piegamenti indù.gif	Piegamenti indù.gif	e232fe989a5ec9cabe6eb6f0a2aa8f77cdc30c4c2eda9871c927d5cb429cb9c0	gia con quel nome	il file si chiama gia cosi
2026-08-11T14:07:08	Pettorali	Piegamenti deficit kettlebell.gif	Piegamenti deficit kettlebell.gif	e4908b49cdfd09f4f5ec1072fef2d890afca7dccc261128ebb36a946b26c59a5	gia con quel nome	il file si chiama gia cosi
2026-08-11T14:07:08	Pettorali	Piegamenti inclinati box.gif	Piegamenti inclinati box.gif	6427c363c013a15722bbf11f87d37f1ace2069b2300f15cb4b937d50839918b8	gia con quel nome	il file si chiama gia cosi
2026-08-11T14:07:08	Pettorali	Piegamenti inclinati panca.gif	Piegamenti inclinati panca.gif	524675ee679f91589532c93d9ba9825fb1ab18e70bfeafd872fe7a407a30a543	gia con quel nome	il file si chiama gia cosi
2026-08-11T14:07:08	Pettorali	Piegamenti mani incrociate.gif	Piegamenti mani incrociate.gif	5ae26cec117bc0f18e02b8bac8809c9fec474017ef009b89bfa41ef37f982116	gia con quel nome	il file si chiama gia cosi
2026-08-11T14:07:08	Pettorali	Piegamenti mani larghe.gif	Piegamenti mani larghe.gif	6397dcb37916124a9ae902c6497b08e6c3bcdd9259edebc9fc0b84419d633af0	gia con quel nome	il file si chiama gia cosi
2026-08-11T14:07:08	Pettorali	Piegamenti mani neutre step.gif	Piegamenti mani neutre step.gif	944f9a090c4b22daa4af5e1b3665c13b46562bec056794459798e89a147c859e	gia con quel nome	il file si chiama gia cosi
2026-08-11T14:07:08	Pettorali	Piegamenti deficit dip station.gif	Piegamenti deficit dip station.gif	f2927b7cd43495b062de37422520f5bb66299c1be592a4e1192bba62189413d9	gia con quel nome	il file si chiama gia cosi
2026-08-11T14:07:08	Pettorali	Piegamenti planche.gif	Piegamenti planche.gif	322095a2aa82549f923c93e433949586f5b9f645f83549eb469ef745c235c3db	gia con quel nome	il file si chiama gia cosi
2026-08-11T14:07:08	Pettorali	Piegamenti pliometrici mani.gif	Piegamenti pliometrici mani.gif	d3091d90464ba2b49e12c0c8aa06df9c437e08a21aa582f5e1a147301762861e	gia con quel nome	il file si chiama gia cosi
2026-08-11T14:07:08	Pettorali	Piegamenti sovraccarico disco.gif	Piegamenti sovraccarico disco.gif	f948db77c2d70feff5dcd3e31f51d4c2678560f6d69e8ebdacd802b9d5398fae	gia con quel nome	il file si chiama gia cosi
2026-08-11T14:07:08	Pettorali	Piegamenti sui pugni.gif	Piegamenti sui pugni.gif	5ade2e81f55de6d6a021cf70d744b3d9a48742e549b73eab21cdd1757f4986ad	gia con quel nome	il file si chiama gia cosi
2026-08-11T14:07:08	Pettorali	Piegamenti pliometrici tocco petto.gif	Piegamenti pliometrici tocco petto.gif	6ea6bf4c198aadd24eb70b37536ded388691b88efb258caac6df4d8f91ce322a	gia con quel nome	il file si chiama gia cosi
2026-08-11T14:07:08	Pettorali	Piegamenti TRX.gif	Piegamenti TRX.gif	ac0491f055f2a0dfdbba3f9507f7188adfbe296fbe055c36b3b83a5a23c890fb	gia con quel nome	il file si chiama gia cosi
2026-08-11T14:07:08	Pettorali	Piegamenti un braccio palla medica.gif	Piegamenti un braccio palla medica.gif	b99ae6dd761ac0fbccd65d15b7006d6b520ef64741ae550bb0ce7db033f8a191	gia con quel nome	il file si chiama gia cosi
2026-08-11T14:07:08	Pettorali	Piegamenti un braccio.gif	Piegamenti un braccio.gif	e40601d27a5f120cecb6b47befb95808a5a5e58825dba37dd9df16b1ff729e6a	gia con quel nome	il file si chiama gia cosi
2026-08-11T14:07:08	Pettorali	Piegamenti deficit un braccio palla medica.gif	Piegamenti deficit un braccio palla medica.gif	27efb33e875cdfdd4bbc3eaee1d4559b0508bad75dfce7c7f04cd372e1f81346	gia con quel nome	il file si chiama gia cosi
2026-08-11T14:07:08	Pettorali	Pullover bilanciere panca piana.gif	Pullover bilanciere panca piana.gif	8bea8beb1d1c3d6c68d7574b119bf09994d283ce271267adf408f35e39173b99	gia con quel nome	il file si chiama gia cosi
2026-08-11T14:07:08	Pettorali	Pullover macchina seduto.gif	Pullover macchina seduto.gif	5db16e428ff109781edddf82f1a176b20e4b55a97c2ea7b30fb4e759d5d49f09	gia con quel nome	il file si chiama gia cosi
2026-08-11T14:07:08	Pettorali	Pullover manubrio bacino allineato panca piana.gif	Pullover manubrio bacino allineato panca piana.gif	ce8214c2c989513f631df1761d4a6a494c588dedcafab47bb47099db435c8fcd	gia con quel nome	il file si chiama gia cosi
2026-08-11T14:07:08	Pettorali	Pullover manubrio bacino declinato panca piana.gif	Pullover manubrio bacino declinato panca piana.gif	6feef5839acfe9278e849d3a3c40054bd611c27cc5bc5a567f62c0c549cfe17e	gia con quel nome	il file si chiama gia cosi
2026-08-11T14:07:08	Pettorali	Pullover manubrio fitball.gif	Pullover manubrio fitball.gif	ea7e183a2aba1467f805aa06636fb9b28d28b306789b218b3978ccd25d47ceb5	gia con quel nome	il file si chiama gia cosi
2026-08-11T14:07:08	Pettorali	Piegamenti declinati fitball.gif	Piegamenti declinati fitball.gif	1b48d9f8400d4337f00632aa77a7e2e3e0f0293164a7fdaa70a32e3653d97712	gia con quel nome	il file si chiama gia cosi
2026-08-11T14:07:08	Pettorali	Distensioni bilanciere presa larga panca piana (Barbell wide grip bench press flat bench).gif	Distensioni bilanciere presa larga panca piana.gif	d12f0293fa67d4e1457f099a7adeb6c3a4b77ca46668934bc21af45debe28dc3	rinominato	
2026-08-18T09:37:10	Pettorali	Piegamenti tocco incrociato.gif	Piegamenti tocco incrociato.gif	385d984e4c4a85e50f92ea7f643e227539ceaf552beb10aaaef010b6995a9776	gia con quel nome	il file si chiama gia cosi
2026-08-18T09:37:10	Pettorali	Adduzione braccio elastico in piedi.gif	Adduzione un braccio elastico in piedi.gif	63690910f82557d8f3da73c17aa5013e8c5eb92a278194cc0e35e36e3973205f	rinominato	
2026-08-18T09:37:10	Pettorali	Chest press elastico inclinato.gif	Chest press elastico inclinato.gif	37047e359852a79a035d8fb10d14db022eb2256d4349e1537aae8dae828ef017	gia con quel nome	il file si chiama gia cosi
2026-08-18T09:37:10	Pettorali	Croci cavi alti.gif	Croci cavi alti.gif	9c8fd50be569c14fdfc151a01de1414e57aabf3155862cd7ee9a1034dbe3db79	gia con quel nome	il file si chiama gia cosi
2026-08-18T09:37:10	Pettorali	Croci cavi medi traiettoria alta.gif	Croci cavi medi traiettoria alta.gif	a94449f6fd860d60de6ce127d281719fec7a377d739b7f69d8adca38d0853b95	gia con quel nome	il file si chiama gia cosi
2026-08-18T09:37:10	Pettorali	Croci cavi bassi.gif	Croci cavi bassi.gif	f60260629b2d5a8ec883a5e2582e3fe6a4307d39d2f85a98339869f360cf329a	gia con quel nome	il file si chiama gia cosi
2026-08-18T09:37:10	Pettorali	Croci cavi medi in piedi.gif	Croci cavi medi in piedi.gif	8c699aa7dfdc2f7f1495c07f3b52c827cff4ea7822ff8b443a2cd6ded952a887	gia con quel nome	il file si chiama gia cosi
2026-08-18T09:37:10	Pettorali	Croci cavi medi presa prona.gif	Croci cavi medi presa prona.gif	8be005b695f33c2d302164dc22d97d19c869df119f9d411d46d9e40e9bfc98af	gia con quel nome	il file si chiama gia cosi
2026-08-18T09:37:10	Pettorali	Croci cavi bassi panca declinata.gif	Croci cavi bassi panca declinata.gif	db22ea9c61d2cea69e1cfdef42bdb7672e5b7c47a024605747094eed11c01650	gia con quel nome	il file si chiama gia cosi
2026-08-18T09:37:10	Pettorali	Croci cavi bassi panca inclinata.gif	Croci cavi bassi panca inclinata.gif	f094a7708d8446f9e6eee7d16a95e512269b8b446d823eef2df870d27d9ee8c9	gia con quel nome	il file si chiama gia cosi
2026-08-18T09:37:10	Pettorali	Croci cavi bassi panca piana.gif	Croci cavi bassi panca piana.gif	a216c4f77594cce36e931141b81ba9ef54d651f4c0afe59a46f656d0d593ce28	gia con quel nome	il file si chiama gia cosi
2026-08-18T09:37:10	Pettorali	Croci macchina seduto.gif	Croci macchina seduto.gif	3b5ac43014e89e55a5fda818e1560397442a7f689d1c9f6917d42339d00f5932	gia con quel nome	il file si chiama gia cosi
2026-08-18T09:37:10	Pettorali	Croci manubri panca inclinata.gif	Croci manubri panca inclinata.gif	18a3e1b4961c6c7b2433bd2b0ba7b97b62d6e7c7adc9004f7f3b2e48732bc424	gia con quel nome	il file si chiama gia cosi
2026-08-18T09:37:10	Pettorali	Croci manubri panca piana.gif	Croci manubri panca piana.gif	2e7b50e4dbee70d1504c07f1b6e5696973b428bc367e3c513fdfce9ca5d74e2a	gia con quel nome	il file si chiama gia cosi
2026-08-18T09:37:10	Pettorali	Croci TRX.gif	Croci TRX.gif	f9f1661203107f94bb6554b2703e9f015c483ff0e7901e6a5a5c371d29ed6d25	gia con quel nome	il file si chiama gia cosi
2026-08-18T09:37:10	Pettorali	Croci cavi bassi un braccio panca declinata.gif	Croci cavi bassi un braccio panca declinata.gif	3c044de930cb88cc17bc944abc9b406e7fb0e1defe8a29e360026f5d619dcc87	gia con quel nome	il file si chiama gia cosi
2026-08-18T09:37:10	Pettorali	Dip anelli.gif	Dip anelli.gif	d7c88f46a0592575c44d2d1e678a616ed99b8760661147e5e12b84841b66f7c8	gia con quel nome	il file si chiama gia cosi
2026-08-18T09:37:10	Pettorali	Dip assistiti macchina.gif	Dip assistiti macchina.gif	ff200ff033b91ba6f217f0afc931332b5d55ba1a686fa18584f8a397040e059a	gia con quel nome	il file si chiama gia cosi
2026-08-18T09:37:10	Pettorali	Dip coreano parallele.gif	Dip parallele coreano.gif	02a7ea51452c3a58952530ad4803c0feb66cda048cb7d436e1ee630a13855aba	rinominato	
2026-08-18T09:37:10	Pettorali	Dip parallele.gif	Dip parallele ginniche.gif	f1a212b4872d92354e7b936993b91b288cf3722802f8b21553ffcf3d93ec45c5	rinominato	
2026-08-18T09:37:10	Pettorali	Dip station.gif	Dip station.gif	ec81f85d5e44e5f3f49adda3ea85ab26cbe0c6f8cb4d9418940c6ef6f18ccbc6	gia con quel nome	il file si chiama gia cosi
2026-08-18T09:37:10	Pettorali	Dip parallele impossible.gif	Dip parallele impossible.gif	50efa691b4b464e23435d04f1831d32d6d6342eff7634e1261bc77b04cc27ebf	gia con quel nome	il file si chiama gia cosi
2026-08-18T09:37:10	Pettorali	Dip station sovraccarico.gif	Dip station sovraccarico.gif	3f340666a2b11eba11fc2f74a2c016ef7162f54909e028aa7b5a67f01b2a9346	gia con quel nome	il file si chiama gia cosi
2026-08-18T09:37:10	Pettorali	Dip sedie.gif	Dip sedie.gif	85a6d3adf2ae7c460e186cd2fa43811ab84cef9c48d829363ea193c565f4c28c	gia con quel nome	il file si chiama gia cosi
2026-08-18T09:37:10	Pettorali	Distensioni alternate manubri panca piana.gif	Distensioni alternate manubri panca piana.gif	736d557dc6bfa36bc671ca912c26f0596349a35a21cf07a8e8fe3ef47a363753	gia con quel nome	il file si chiama gia cosi
2026-08-18T09:37:10	Pettorali	Distensioni bilanciere panca declinata.gif	Distensioni bilanciere panca declinata.gif	7032d1bc1d3e12fc61758682fec928fd18ac65d866a96ab3b4f4019d2bff5355	gia con quel nome	il file si chiama gia cosi
2026-08-18T09:37:10	Pettorali	Distensioni bilanciere panca inclinata.gif	Distensioni bilanciere panca inclinata.gif	867f98d0e2afe62094dc53025004d1ee8a42b6fbac87cf763733d5043ebd6bd5	gia con quel nome	il file si chiama gia cosi
2026-08-18T09:37:10	Pettorali	Distensioni bilanciere panca piana.gif	Distensioni bilanciere panca piana.gif	3aff407c2e8d3f61a5509b174289476006fe8e888840a1f1ee115e370b2c32ed	gia con quel nome	il file si chiama gia cosi
2026-08-18T09:37:10	Pettorali	Distensioni bilanciere piedi sollevati panca piana.gif	Distensioni bilanciere piedi sollevati panca piana.gif	0e44a08793d7bf1461888f849319b4f43683daf045eb10bd6dc5f9e2a45c3ad3	gia con quel nome	il file si chiama gia cosi
2026-08-18T09:37:10	Pettorali	Distensioni cavi panca inclinata.gif	Distensioni cavi panca inclinata.gif	143697c8e0c08e0dfb7c13e775d2a21ab0e7b6b544af22a262d1727a9281bdec	gia con quel nome	il file si chiama gia cosi
2026-08-18T09:37:10	Pettorali	Distensioni cavi bassi panca piana.gif	Distensioni cavi bassi panca piana.gif	c4506b6c8563e7a4189fca2f5d1b3653de8c5d5586410253a6609ad5dec93fa5	gia con quel nome	il file si chiama gia cosi
2026-08-18T09:37:10	Pettorali	Distensioni cavi panca verticale.gif	Distensioni cavi panca verticale.gif	af407c1889eb1764d1db69ac1121f7ec9fc34c4e147ee7c74bdcd49028732624	gia con quel nome	il file si chiama gia cosi
2026-08-18T09:37:10	Pettorali	Distensioni macchina seduto.gif	Distensioni macchina seduto.gif	27a1b1026deed1ea93ef969c63deaa3ee67c1aa62d6ea9400f5663da9ed2ea1f	gia con quel nome	il file si chiama gia cosi
2026-08-18T09:37:10	Pettorali	Distensioni manubri panca inclinata.gif	Distensioni manubri panca inclinata.gif	c4ce59a2a8024750599c5e62d3e71679adf52056e76fb52f3f54ec48827154f6	gia con quel nome	il file si chiama gia cosi
2026-08-18T09:37:10	Pettorali	Distensioni manubri panca piana.gif	Distensioni manubri panca piana.gif	942c32030a628a4d8ca364f634f9f32970ff05a72d9ddc3ec99e273a6e265288	gia con quel nome	il file si chiama gia cosi
2026-08-18T09:37:10	Pettorali	Distensioni manubri presa stretta panca piana.gif	Distensioni manubri presa stretta panca piana.gif	7e3044c91ec7964da5e3e30bf7b9c58169a23f4a43dd82550a1863b49deb8cb5	gia con quel nome	il file si chiama gia cosi
2026-08-18T09:37:10	Pettorali	Distensioni manubri sdraiato a terra.gif	Distensioni manubri sdraiato a terra.gif	c38469828dbe3a02f4cc3fa537742a2aea965ce76c74a22ef839f81ad1cd9355	gia con quel nome	il file si chiama gia cosi
2026-08-18T09:37:10	Pettorali	Distensioni multipower panca declinata.gif	Distensioni multipower panca declinata.gif	9b9c53b188d3bd677dfb2fc4aa00a5b11edc0aaee2ca83c812c7c342b224e2c5	gia con quel nome	il file si chiama gia cosi
2026-08-18T09:37:10	Pettorali	Distensioni multipower panca inclinata.gif	Distensioni multipower panca inclinata.gif	38d8a1bb84b5353facfa0d428fb944f16501010319ac1a364ae1f24054d6a86d	gia con quel nome	il file si chiama gia cosi
2026-08-18T09:37:10	Pettorali	Distensioni multipower panca piana.gif	Distensioni multipower panca piana.gif	583436cf94463d37b3f284b472f63cec4fc77be4c14db4ae69aba334350f8011	gia con quel nome	il file si chiama gia cosi
2026-08-18T09:37:10	Pettorali	Distensioni multipower presa larga panca piana.gif	Distensioni multipower presa larga panca piana.gif	66cb1a4935b4f84b3c21bb0297da27aef99e5398d8f7eea70eb367b1b7d6d297	gia con quel nome	il file si chiama gia cosi
2026-08-18T09:37:10	Pettorali	Distensioni orizzontali macchina seduto.gif	Distensioni orizzontali macchina seduto.gif	7998da747c03109678596ae6bcc6b26de7c4a6c416e04b119bca9a2adf2fd8a6	gia con quel nome	il file si chiama gia cosi
2026-08-18T09:37:10	Pettorali	Distensioni macchina articolata panca piana.gif	Distensioni macchina articolata panca piana.gif	d7ad208ee35dac740e0c19ad8c2c3104618c15dc00606d8fe912ec737e07c756	gia con quel nome	il file si chiama gia cosi
2026-08-18T09:37:10	Pettorali	Distensioni manubri un braccio panca piana.gif	Distensioni manubri un braccio panca piana.gif	ae934b92896f529a3ca7e16d0e403cedf8959a61dc47df633f28ee8b03661d92	gia con quel nome	il file si chiama gia cosi
2026-08-18T09:37:10	Pettorali	Distensioni orizzontali macchina presa neutra seduto.gif	Distensioni orizzontali macchina presa neutra seduto.gif	c99610e4b52a83cff999f4c1188df332751b729040168477305662079829f5dd	gia con quel nome	il file si chiama gia cosi
2026-08-18T09:37:10	Pettorali	Lancio al petto palla medica al muro.gif	Lancio al petto palla medica al muro.gif	9cba2ff1ea152654ac6921b15f45431be902e42aad196bcc67620a68272c65fd	gia con quel nome	il file si chiama gia cosi
2026-08-18T09:37:10	Pettorali	Piegamenti.gif	Piegamenti.gif	60c0b1ad4e60e3f517f14424d6400ba109e16a2551686467fab7f16a7ef78170	gia con quel nome	il file si chiama gia cosi
2026-08-18T09:37:10	Pettorali	Piegamenti a V.gif	Piegamenti a V.gif	8d82b42850fbfe48670f398507743b7cbcb092a5db5ae5504daefab449fb10c1	gia con quel nome	il file si chiama gia cosi
2026-08-18T09:37:10	Pettorali	Piegamenti archer.gif	Piegamenti archer.gif	89381fcacada41033537807a56015792a2a2ec0fee6dc40614a44eb3cfb86cf7	gia con quel nome	il file si chiama gia cosi
2026-08-18T09:37:10	Pettorali	Piegamenti archer braccio rialzato.gif	Piegamenti archer braccio rialzato.gif	93bcd38bd880bcb7a24787b7bf58d65f4cd68d9e217a9df6e366d427c8c40479	gia con quel nome	il file si chiama gia cosi
2026-08-18T09:37:10	Pettorali	Piegamenti assistiti elastico.gif	Piegamenti assistiti elastico.gif	755b26f4032cd55ba72ba4820afedd8ede6738c0d0b698e1e50937b7a7c448a8	gia con quel nome	il file si chiama gia cosi
2026-08-18T09:37:10	Pettorali	Piegamenti declinati panca.gif	Piegamenti declinati panca.gif	6ea851b5474b5e8d3ba4bed0b6a94f4b91844b60e3cfcd34aea715466bd1f1b1	gia con quel nome	il file si chiama gia cosi
2026-08-18T09:37:10	Pettorali	Piegamenti deficit rialzo.gif	Piegamenti deficit rialzo.gif	c097dbcb5d950fc4963243fbc650e25ef3ec12a516ab22f5a747c041cae8f204	gia con quel nome	il file si chiama gia cosi
2026-08-18T09:37:10	Pettorali	Piegamenti deficit slancio panche piane.gif	Piegamenti deficit slancio panche piane.gif	313cbb11bef1790d203d712212658a35bebad068604677ab86b6dc5615143766	gia con quel nome	il file si chiama gia cosi
2026-08-18T09:37:10	Pettorali	Piegamenti fitball.gif	Piegamenti fitball.gif	97e2aa66e07e1b6f9247227f0099efaf5f7641e007372decf2f0f9b81d46f7dc	gia con quel nome	il file si chiama gia cosi
2026-08-18T09:37:10	Pettorali	Piegamenti gamba sollevata.gif	Piegamenti gamba sollevata.gif	9c354dce641d7812398e258fecab2420aa6c67a4ed9966696b9af6cd524a3910	gia con quel nome	il file si chiama gia cosi
2026-08-18T09:37:10	Pettorali	Piegamenti facilitati ginocchia.gif	Piegamenti facilitati ginocchia.gif	926591f652a527f3897abbc998d6d82eb103e5b6e5cce02add8d046b5d7ceb1f	gia con quel nome	il file si chiama gia cosi
2026-08-18T09:37:10	Pettorali	Piegamenti indù.gif	Piegamenti indù.gif	e232fe989a5ec9cabe6eb6f0a2aa8f77cdc30c4c2eda9871c927d5cb429cb9c0	gia con quel nome	il file si chiama gia cosi
2026-08-18T09:37:10	Pettorali	Piegamenti deficit kettlebell.gif	Piegamenti deficit kettlebell.gif	e4908b49cdfd09f4f5ec1072fef2d890afca7dccc261128ebb36a946b26c59a5	gia con quel nome	il file si chiama gia cosi
2026-08-18T09:37:10	Pettorali	Piegamenti inclinati box.gif	Piegamenti inclinati box.gif	6427c363c013a15722bbf11f87d37f1ace2069b2300f15cb4b937d50839918b8	gia con quel nome	il file si chiama gia cosi
2026-08-18T09:37:10	Pettorali	Piegamenti inclinati panca.gif	Piegamenti inclinati panca.gif	524675ee679f91589532c93d9ba9825fb1ab18e70bfeafd872fe7a407a30a543	gia con quel nome	il file si chiama gia cosi
2026-08-18T09:37:10	Pettorali	Piegamenti mani incrociate.gif	Piegamenti mani incrociate.gif	5ae26cec117bc0f18e02b8bac8809c9fec474017ef009b89bfa41ef37f982116	gia con quel nome	il file si chiama gia cosi
2026-08-18T09:37:10	Pettorali	Piegamenti mani larghe.gif	Piegamenti mani larghe.gif	6397dcb37916124a9ae902c6497b08e6c3bcdd9259edebc9fc0b84419d633af0	gia con quel nome	il file si chiama gia cosi
2026-08-18T09:37:10	Pettorali	Piegamenti mani neutre step.gif	Piegamenti mani neutre step.gif	944f9a090c4b22daa4af5e1b3665c13b46562bec056794459798e89a147c859e	gia con quel nome	il file si chiama gia cosi
2026-08-18T09:37:10	Pettorali	Piegamenti deficit dip station.gif	Piegamenti deficit dip station.gif	f2927b7cd43495b062de37422520f5bb66299c1be592a4e1192bba62189413d9	gia con quel nome	il file si chiama gia cosi
2026-08-18T09:37:10	Pettorali	Piegamenti planche.gif	Piegamenti planche.gif	322095a2aa82549f923c93e433949586f5b9f645f83549eb469ef745c235c3db	gia con quel nome	il file si chiama gia cosi
2026-08-18T09:37:10	Pettorali	Piegamenti pliometrici mani.gif	Piegamenti pliometrici mani.gif	d3091d90464ba2b49e12c0c8aa06df9c437e08a21aa582f5e1a147301762861e	gia con quel nome	il file si chiama gia cosi
2026-08-18T09:37:10	Pettorali	Piegamenti sovraccarico disco.gif	Piegamenti disco sovraccarico.gif	f948db77c2d70feff5dcd3e31f51d4c2678560f6d69e8ebdacd802b9d5398fae	rinominato	
2026-08-18T09:37:10	Pettorali	Piegamenti sui pugni.gif	Piegamenti sui pugni.gif	5ade2e81f55de6d6a021cf70d744b3d9a48742e549b73eab21cdd1757f4986ad	gia con quel nome	il file si chiama gia cosi
2026-08-18T09:37:10	Pettorali	Piegamenti pliometrici tocco petto.gif	Piegamenti pliometrici tocco petto.gif	6ea6bf4c198aadd24eb70b37536ded388691b88efb258caac6df4d8f91ce322a	gia con quel nome	il file si chiama gia cosi
2026-08-18T09:37:10	Pettorali	Piegamenti TRX.gif	Piegamenti TRX.gif	ac0491f055f2a0dfdbba3f9507f7188adfbe296fbe055c36b3b83a5a23c890fb	gia con quel nome	il file si chiama gia cosi
2026-08-18T09:37:10	Pettorali	Piegamenti un braccio palla medica.gif	Piegamenti un braccio palla medica.gif	b99ae6dd761ac0fbccd65d15b7006d6b520ef64741ae550bb0ce7db033f8a191	gia con quel nome	il file si chiama gia cosi
2026-08-18T09:37:10	Pettorali	Piegamenti un braccio.gif	Piegamenti un braccio.gif	e40601d27a5f120cecb6b47befb95808a5a5e58825dba37dd9df16b1ff729e6a	gia con quel nome	il file si chiama gia cosi
2026-08-18T09:37:10	Pettorali	Piegamenti deficit un braccio palla medica.gif	Piegamenti deficit un braccio palla medica.gif	27efb33e875cdfdd4bbc3eaee1d4559b0508bad75dfce7c7f04cd372e1f81346	gia con quel nome	il file si chiama gia cosi
2026-08-18T09:37:10	Pettorali	Pullover bilanciere panca piana.gif	Pullover bilanciere panca piana.gif	8bea8beb1d1c3d6c68d7574b119bf09994d283ce271267adf408f35e39173b99	gia con quel nome	il file si chiama gia cosi
2026-08-18T09:37:10	Pettorali	Pullover macchina seduto.gif	Pullover macchina seduto.gif	5db16e428ff109781edddf82f1a176b20e4b55a97c2ea7b30fb4e759d5d49f09	gia con quel nome	il file si chiama gia cosi
2026-08-18T09:37:10	Pettorali	Pullover manubrio bacino allineato panca piana.gif	Pullover manubrio bacino allineato panca piana.gif	ce8214c2c989513f631df1761d4a6a494c588dedcafab47bb47099db435c8fcd	gia con quel nome	il file si chiama gia cosi
2026-08-18T09:37:10	Pettorali	Pullover manubrio bacino declinato panca piana.gif	Pullover manubrio bacino declinato panca piana.gif	6feef5839acfe9278e849d3a3c40054bd611c27cc5bc5a567f62c0c549cfe17e	gia con quel nome	il file si chiama gia cosi
2026-08-18T09:37:10	Pettorali	Pullover manubrio fitball.gif	Pullover manubrio fitball.gif	ea7e183a2aba1467f805aa06636fb9b28d28b306789b218b3978ccd25d47ceb5	gia con quel nome	il file si chiama gia cosi
2026-08-18T09:37:10	Pettorali	Piegamenti declinati fitball.gif	Piegamenti declinati fitball.gif	1b48d9f8400d4337f00632aa77a7e2e3e0f0293164a7fdaa70a32e3653d97712	gia con quel nome	il file si chiama gia cosi
2026-08-18T09:37:10	Pettorali	Distensioni bilanciere presa larga panca piana.gif	Distensioni bilanciere presa larga panca piana.gif	d12f0293fa67d4e1457f099a7adeb6c3a4b77ca46668934bc21af45debe28dc3	gia con quel nome	il file si chiama gia cosi
2026-08-22T16:26:01	Spalle e Cuffia	Alzate diagonali maniglia elastico barra ai piedi un braccio.gif	Alzate diagonali elastico un braccio.gif	792ead4a9f78017b76cd4ad2cf7438bf52bfd338d37287a4c1d86fce92d45d0c	rinominato	
2026-08-22T16:26:01	Spalle e Cuffia	Alzate diagonali maniglie elastico barra piedi.gif	Alzate diagonali inclinate elastico.gif	8e698f0f9396c5073c56d9c5fa1827ef113f9bbcdb565066ac76316efe1f1b58	rinominato	
2026-08-22T16:26:01	Spalle e Cuffia	Alzate frontali alternate manubri in piedi (Dumbbell alternating front raise standing).gif	Alzate frontali alternate manubri.gif	f6470822b70d4d0d19a9bdb9644355414074225a32936e3bec78bcd90f460843	rinominato	
2026-08-22T16:26:01	Spalle e Cuffia	Alzate frontali barra cavo basso in piedi (Cable bar front raise standing).gif	Alzate frontali barra cavo basso.gif	8bff5eba739e748dd326873ec559185d6ddc0e9972517b94a89647d884a4af23	rinominato	
2026-08-22T16:26:01	Spalle e Cuffia	Alzate frontali bilanciere in piedi (Barbell front raise standing).gif	Alzate frontali bilanciere.gif	017db012e56ef7f612b79e8ca07c1b3f95cef596919f465b24e1b30109081ed9	rinominato	
2026-08-22T16:26:01	Spalle e Cuffia	Alzate frontali diagonali manubri in piedi (Dumbbell diagonal front raise standing).gif	Alzate frontali diagonali manubri.gif	c54bd66c2aa69a9fdeb480672d3dea3b8a0c62067e33227e0aa3d4a6709e3e41	rinominato	
2026-08-22T16:26:01	Spalle e Cuffia	Alzate frontali incrociate cavi bassi in piedi (Cable crossover front raise standing).gif	Alzate frontali incrociate cavi bassi.gif	38111f3987bf261f4226ebbd3adc64f96321c501c1634ec636085988dc9f7ebd	rinominato	
2026-08-22T16:26:01	Spalle e Cuffia	Alzate frontali manubri in piedi (Dumbbell front raise standing).gif	Alzate frontali manubri.gif	8eef8eb3cd10689a9e01b7fd3792b50de0d78e666628303f492b30762567c50d	rinominato	
2026-08-22T16:26:01	Spalle e Cuffia	Alzate frontali manubri panca 90° (Dumbbell front raise 90° bench).gif	Alzate frontali manubri panca verticale.gif	198d4853344bd714fc483cd7cb18d9e844feffd2b97c378805ec117f930cccbb	rinominato	
2026-08-22T16:26:01	Spalle e Cuffia	Alzate frontali manubri prono panca inclinata 45° (Dumbbell chest supported front raise incline bench).gif	Alzate frontali manubri prono panca inclinata 45 gradi.gif	b1fd6b133bc8e7b81c50bf55a36f50e5695e81e13ab7257cae7b472db842aca1	rinominato	
2026-08-22T16:46:57	Spalle e Cuffia	Alzate diagonali elastico un braccio.gif	Alzate diagonali un braccio elastico.gif	792ead4a9f78017b76cd4ad2cf7438bf52bfd338d37287a4c1d86fce92d45d0c	rinominato	
2026-08-22T16:46:57	Spalle e Cuffia	Alzate diagonali inclinate elastico.gif	Alzate diagonali inclinate elastico.gif	8e698f0f9396c5073c56d9c5fa1827ef113f9bbcdb565066ac76316efe1f1b58	gia con quel nome	il file si chiama gia cosi
2026-08-22T16:46:57	Spalle e Cuffia	Alzate frontali alternate manubri.gif	Alzate frontali alternate manubri.gif	f6470822b70d4d0d19a9bdb9644355414074225a32936e3bec78bcd90f460843	gia con quel nome	il file si chiama gia cosi
2026-08-22T16:46:57	Spalle e Cuffia	Alzate frontali barra cavo basso.gif	Alzate frontali barra cavo basso.gif	8bff5eba739e748dd326873ec559185d6ddc0e9972517b94a89647d884a4af23	gia con quel nome	il file si chiama gia cosi
2026-08-22T16:46:57	Spalle e Cuffia	Alzate frontali bilanciere.gif	Alzate frontali bilanciere.gif	017db012e56ef7f612b79e8ca07c1b3f95cef596919f465b24e1b30109081ed9	gia con quel nome	il file si chiama gia cosi
2026-08-22T16:46:57	Spalle e Cuffia	Alzate frontali diagonali manubri.gif	Alzate frontali diagonali manubri.gif	c54bd66c2aa69a9fdeb480672d3dea3b8a0c62067e33227e0aa3d4a6709e3e41	gia con quel nome	il file si chiama gia cosi
2026-08-22T16:46:57	Spalle e Cuffia	Alzate frontali incrociate cavi bassi.gif	Alzate frontali incrociate cavi bassi.gif	38111f3987bf261f4226ebbd3adc64f96321c501c1634ec636085988dc9f7ebd	gia con quel nome	il file si chiama gia cosi
2026-08-22T16:46:57	Spalle e Cuffia	Alzate frontali manubri.gif	Alzate frontali manubri.gif	8eef8eb3cd10689a9e01b7fd3792b50de0d78e666628303f492b30762567c50d	gia con quel nome	il file si chiama gia cosi
2026-08-22T16:46:57	Spalle e Cuffia	Alzate frontali manubri panca verticale.gif	Alzate frontali manubri panca verticale.gif	198d4853344bd714fc483cd7cb18d9e844feffd2b97c378805ec117f930cccbb	gia con quel nome	il file si chiama gia cosi
2026-08-22T16:46:57	Spalle e Cuffia	Alzate frontali manubri prono panca inclinata 45 gradi.gif	Alzate frontali manubri prono panca inclinata 45 gradi.gif	b1fd6b133bc8e7b81c50bf55a36f50e5695e81e13ab7257cae7b472db842aca1	gia con quel nome	il file si chiama gia cosi
2026-08-22T16:46:57	Spalle e Cuffia	Alzate frontali un braccio cavo basso in piedi (Cable one arm front raise standing).gif	Alzate frontali un braccio cavo basso.gif	640d2f8ab575515c996c0f96b8314c0bb97bc07d5140abec492fa2c7a4ec9cbf	rinominato	
2026-08-22T16:46:57	Spalle e Cuffia	Alzate frontali un manubrio mani unite in piedi (Dumbbell close grip front raise standing).gif	Alzate frontali un manubrio mani unite.gif	ff8eb0fda50cfaf12d46cc84e58d34519db2a386983acdc630bfdd522e11ffc3	rinominato	
2026-08-22T16:46:57	Spalle e Cuffia	Alzate laterali asciugamano parete un braccio (Towel wall lateral raise single arm).gif	Alzate laterali un braccio asciugamano parete.gif	295b8966b358cbd30908962933e1a05e1d0bd81c33f31038c4000a0a2d1f304d	rinominato	
2026-08-22T16:46:57	Spalle e Cuffia	Alzate laterali discesa frontale manubri in piedi (Dumbbell lateral raise to front lower standing).gif	Alzate laterali discesa frontale manubri.gif	16b44866f3621e62cd11d07558779158dae7db8586a4d893b38d108697c5d1b7	rinominato	
2026-08-22T16:46:57	Spalle e Cuffia	Alzate laterali incrociate cavi bassi in piedi (Cable crossover lateral raise standing).gif	Alzate laterali incrociate cavi bassi.gif	230153e8622ceeb1ffcdf48084a543659d1db538bf62065f7787333c2801f8b0	rinominato	
2026-08-22T16:46:57	Spalle e Cuffia	Alzate laterali isometriche in piedi.gif	Alzate laterali isometriche.gif	e94b4ffcd69a50f4aaecf9f5ba012971a2157d2ecf3087351b11766638565574	rinominato	
2026-08-22T16:46:57	Spalle e Cuffia	Alzate laterali macchina a leve seduto (Lever lateral raise machine seated).gif	Alzate laterali macchina a leve seduto.gif	008ce4040be27e153eb82a2f977330d4b6078612fb90778ebb5ccb60ac719830	rinominato	
2026-08-22T16:46:57	Spalle e Cuffia	Alzate laterali macchina appoggio gomito seduto (Machine lateral raise elbow pad seated).gif	Alzate laterali macchina appoggio gomito seduto.gif	33e45df23fbf11e48873dfbe4062c2f79fc973cdeb81105dbbc64bdf789b5371	rinominato	
2026-08-22T16:46:57	Spalle e Cuffia	Alzate laterali manubri in piedi (Dumbbell lateral raise standing).gif	Alzate laterali manubri.gif	92c721c7605104d78f4ffc2107a907b28af4164c789be0c7e01c22cacd328285	rinominato	
2026-08-22T16:46:57	Spalle e Cuffia	Alzate laterali manubri prono panca inclinata 45° (Dumbbell chest supported lateral raise incline bench 45°).gif	Alzate laterali manubri prono panca inclinata.gif	cf6fa4aa4aa9e80e83188a857b2c5768b8bd076aec2560dc2d2f00b1f2f559cc	rinominato	
2026-08-22T16:54:11	Spalle e Cuffia	Alzate diagonali un braccio elastico.gif	Alzate diagonali un braccio elastico gomito 90 gradi.gif	792ead4a9f78017b76cd4ad2cf7438bf52bfd338d37287a4c1d86fce92d45d0c	rinominato	
2026-08-22T16:54:11	Spalle e Cuffia	Alzate diagonali inclinate elastico.gif	Alzate diagonali inclinate elastico.gif	8e698f0f9396c5073c56d9c5fa1827ef113f9bbcdb565066ac76316efe1f1b58	gia con quel nome	il file si chiama gia cosi
2026-08-22T16:54:11	Spalle e Cuffia	Alzate frontali alternate manubri.gif	Alzate frontali alternate manubri.gif	f6470822b70d4d0d19a9bdb9644355414074225a32936e3bec78bcd90f460843	gia con quel nome	il file si chiama gia cosi
2026-08-22T16:54:11	Spalle e Cuffia	Alzate frontali barra cavo basso.gif	Alzate frontali barra cavo basso.gif	8bff5eba739e748dd326873ec559185d6ddc0e9972517b94a89647d884a4af23	gia con quel nome	il file si chiama gia cosi
2026-08-22T16:54:11	Spalle e Cuffia	Alzate frontali bilanciere.gif	Alzate frontali bilanciere.gif	017db012e56ef7f612b79e8ca07c1b3f95cef596919f465b24e1b30109081ed9	gia con quel nome	il file si chiama gia cosi
2026-08-22T16:54:11	Spalle e Cuffia	Alzate frontali diagonali manubri.gif	Alzate frontali diagonali manubri.gif	c54bd66c2aa69a9fdeb480672d3dea3b8a0c62067e33227e0aa3d4a6709e3e41	gia con quel nome	il file si chiama gia cosi
2026-08-22T16:54:11	Spalle e Cuffia	Alzate frontali incrociate cavi bassi.gif	Alzate frontali incrociate cavi bassi.gif	38111f3987bf261f4226ebbd3adc64f96321c501c1634ec636085988dc9f7ebd	gia con quel nome	il file si chiama gia cosi
2026-08-22T16:54:11	Spalle e Cuffia	Alzate frontali manubri.gif	Alzate frontali manubri.gif	8eef8eb3cd10689a9e01b7fd3792b50de0d78e666628303f492b30762567c50d	gia con quel nome	il file si chiama gia cosi
2026-08-22T16:54:11	Spalle e Cuffia	Alzate frontali manubri panca verticale.gif	Alzate frontali manubri panca verticale.gif	198d4853344bd714fc483cd7cb18d9e844feffd2b97c378805ec117f930cccbb	gia con quel nome	il file si chiama gia cosi
2026-08-22T16:54:11	Spalle e Cuffia	Alzate frontali manubri prono panca inclinata 45 gradi.gif	Alzate frontali manubri prono panca inclinata 45 gradi.gif	b1fd6b133bc8e7b81c50bf55a36f50e5695e81e13ab7257cae7b472db842aca1	gia con quel nome	il file si chiama gia cosi
2026-08-22T16:54:11	Spalle e Cuffia	Alzate frontali un braccio cavo basso.gif	Alzate frontali un braccio cavo basso.gif	640d2f8ab575515c996c0f96b8314c0bb97bc07d5140abec492fa2c7a4ec9cbf	gia con quel nome	il file si chiama gia cosi
2026-08-22T16:54:11	Spalle e Cuffia	Alzate frontali un manubrio mani unite.gif	Alzate frontali un manubrio mani unite.gif	ff8eb0fda50cfaf12d46cc84e58d34519db2a386983acdc630bfdd522e11ffc3	gia con quel nome	il file si chiama gia cosi
2026-08-22T16:54:11	Spalle e Cuffia	Alzate laterali un braccio asciugamano parete.gif	Alzate laterali un braccio asciugamano parete.gif	295b8966b358cbd30908962933e1a05e1d0bd81c33f31038c4000a0a2d1f304d	gia con quel nome	il file si chiama gia cosi
2026-08-22T16:54:11	Spalle e Cuffia	Alzate laterali discesa frontale manubri.gif	Alzate laterali discesa frontale manubri.gif	16b44866f3621e62cd11d07558779158dae7db8586a4d893b38d108697c5d1b7	gia con quel nome	il file si chiama gia cosi
2026-08-22T16:54:11	Spalle e Cuffia	Alzate laterali incrociate cavi bassi.gif	Alzate laterali incrociate cavi bassi.gif	230153e8622ceeb1ffcdf48084a543659d1db538bf62065f7787333c2801f8b0	gia con quel nome	il file si chiama gia cosi
2026-08-22T16:54:11	Spalle e Cuffia	Alzate laterali isometriche.gif	Alzate laterali isometriche.gif	e94b4ffcd69a50f4aaecf9f5ba012971a2157d2ecf3087351b11766638565574	gia con quel nome	il file si chiama gia cosi
2026-08-22T16:54:11	Spalle e Cuffia	Alzate laterali macchina a leve seduto.gif	Alzate laterali macchina a leve seduto.gif	008ce4040be27e153eb82a2f977330d4b6078612fb90778ebb5ccb60ac719830	gia con quel nome	il file si chiama gia cosi
2026-08-22T16:54:11	Spalle e Cuffia	Alzate laterali macchina appoggio gomito seduto.gif	Alzate laterali macchina appoggio gomito seduto.gif	33e45df23fbf11e48873dfbe4062c2f79fc973cdeb81105dbbc64bdf789b5371	gia con quel nome	il file si chiama gia cosi
2026-08-22T16:54:11	Spalle e Cuffia	Alzate laterali manubri.gif	Alzate laterali manubri.gif	92c721c7605104d78f4ffc2107a907b28af4164c789be0c7e01c22cacd328285	gia con quel nome	il file si chiama gia cosi
2026-08-22T16:54:11	Spalle e Cuffia	Alzate laterali manubri prono panca inclinata.gif	Alzate laterali manubri prono panca inclinata.gif	cf6fa4aa4aa9e80e83188a857b2c5768b8bd076aec2560dc2d2f00b1f2f559cc	gia con quel nome	il file si chiama gia cosi
2026-08-22T16:54:11	Spalle e Cuffia	Alzate laterali manubri seduto panca piana (Dumbbell lateral raise flat bench).gif	Alzate laterali manubri panca piana.gif	bba3961a703bec718e71c0b2a2f1307e71dceddd2da8837533ed4ecd2c08913a	rinominato	
2026-08-22T16:54:11	Spalle e Cuffia	Alzate laterali un braccio cavo basso in piedi (Cable one arm lateral raise standing).gif	Alzate laterali un braccio cavo basso.gif	a5def2b30b9b1000cfa4168a52b565226975e9f62021cceed325a1c9c138bd8f	rinominato	
2026-08-22T16:54:11	Spalle e Cuffia	Alzate laterali un braccio cavo basso inclinazione laterale in piedi (Cable lean away lateral raise standing).gif	Alzate laterali un braccio cavo basso inclinazione laterale.gif	3fedbb740a23c266aac18d4c04b797c014a001b3201d7e3da47542144ec23e74	rinominato	
2026-08-22T16:54:11	Spalle e Cuffia	Alzate laterali un braccio gomito 90° manubrio in piedi (Dumbbell one arm 90 degrees elbow lateral raise standing).gif	Alzate laterali un braccio manubrio gomito 90 gradi.gif	8477e4eec538d9abaec09f98393f4e8905b4deab0a03b452bc4cd639efefeb0c	rinominato	
2026-08-22T16:54:11	Spalle e Cuffia	Alzate laterali un braccio manubrio in piedi (Dumbbell one arm lateral raise standing).gif	Alzate laterali un braccio manubrio.gif	8e67956b9023a8de84197570154ec6b7ce09b4004e0303a73cef1491fc5241d6	rinominato	
2026-08-22T16:54:11	Spalle e Cuffia	Alzate laterali un braccio manubrio inclinazione laterale in piedi (Dumbbell lean away lateral raise standing).gif	Alzate laterali un braccio manubrio inclinazione laterale.gif	a77b92a3c7fe619e7b1b6cdaecd9a73cd59adcc89d91354212414f68d1958c93	rinominato	
2026-08-22T16:54:11	Spalle e Cuffia	Alzate multi-angolo manubri in piedi (Dumbbell multi-angle raise standing).gif	Alzate multi-angolo manubri.gif	3c9686bd2f068b7beb6708c0972d78b15861b0664548a2167f866b094491035b	rinominato	
2026-08-22T16:54:11	Spalle e Cuffia	Camminata verticale (Handstand walk).gif	Camminata verticale.gif	5830cea7741c8fa410d5f2cf247123599e33c9d55a4026fe0a30d96c1e5e3f70	rinominato	
2026-08-22T16:54:11	Spalle e Cuffia	Distensioni landmine in ginocchio (Landmine press kneeling).gif	Distensioni landmine in ginocchio.gif	6dbc97aaa3c1fef1168f425b4b4fec2ca231a6b380cc7ee3fe3e85493ef039ab	rinominato	
2026-08-22T16:54:11	Spalle e Cuffia	Incroci braccia in piedi.gif	Incroci braccia.gif	52091a992cd4dc1eeef5077be1d618ab886dda0de3b50456ab8190ab3074db6f	rinominato	
2026-08-22T17:11:44	Spalle e Cuffia	Alzate diagonali un braccio elastico gomito 90 gradi.gif	Alzate diagonali un braccio elastico gomito 90 gradi.gif	792ead4a9f78017b76cd4ad2cf7438bf52bfd338d37287a4c1d86fce92d45d0c	gia con quel nome	il file si chiama gia cosi
2026-08-22T17:11:44	Spalle e Cuffia	Alzate diagonali inclinate elastico.gif	Alzate diagonali inclinate elastico.gif	8e698f0f9396c5073c56d9c5fa1827ef113f9bbcdb565066ac76316efe1f1b58	gia con quel nome	il file si chiama gia cosi
2026-08-22T17:11:44	Spalle e Cuffia	Alzate frontali alternate manubri.gif	Alzate frontali alternate manubri.gif	f6470822b70d4d0d19a9bdb9644355414074225a32936e3bec78bcd90f460843	gia con quel nome	il file si chiama gia cosi
2026-08-22T17:11:44	Spalle e Cuffia	Alzate frontali barra cavo basso.gif	Alzate frontali barra cavo basso.gif	8bff5eba739e748dd326873ec559185d6ddc0e9972517b94a89647d884a4af23	gia con quel nome	il file si chiama gia cosi
2026-08-22T17:11:44	Spalle e Cuffia	Alzate frontali bilanciere.gif	Alzate frontali bilanciere.gif	017db012e56ef7f612b79e8ca07c1b3f95cef596919f465b24e1b30109081ed9	gia con quel nome	il file si chiama gia cosi
2026-08-22T17:11:44	Spalle e Cuffia	Alzate frontali diagonali manubri.gif	Alzate frontali diagonali manubri.gif	c54bd66c2aa69a9fdeb480672d3dea3b8a0c62067e33227e0aa3d4a6709e3e41	gia con quel nome	il file si chiama gia cosi
2026-08-22T17:11:44	Spalle e Cuffia	Alzate frontali incrociate cavi bassi.gif	Alzate frontali incrociate cavi bassi.gif	38111f3987bf261f4226ebbd3adc64f96321c501c1634ec636085988dc9f7ebd	gia con quel nome	il file si chiama gia cosi
2026-08-22T17:11:44	Spalle e Cuffia	Alzate frontali manubri.gif	Alzate frontali manubri.gif	8eef8eb3cd10689a9e01b7fd3792b50de0d78e666628303f492b30762567c50d	gia con quel nome	il file si chiama gia cosi
2026-08-22T17:11:44	Spalle e Cuffia	Alzate frontali manubri panca verticale.gif	Alzate frontali manubri panca verticale.gif	198d4853344bd714fc483cd7cb18d9e844feffd2b97c378805ec117f930cccbb	gia con quel nome	il file si chiama gia cosi
2026-08-22T17:11:44	Spalle e Cuffia	Alzate frontali manubri prono panca inclinata 45 gradi.gif	Alzate frontali manubri prono panca inclinata 45 gradi.gif	b1fd6b133bc8e7b81c50bf55a36f50e5695e81e13ab7257cae7b472db842aca1	gia con quel nome	il file si chiama gia cosi
2026-08-22T17:11:44	Spalle e Cuffia	Alzate frontali un braccio cavo basso.gif	Alzate frontali un braccio cavo basso.gif	640d2f8ab575515c996c0f96b8314c0bb97bc07d5140abec492fa2c7a4ec9cbf	gia con quel nome	il file si chiama gia cosi
2026-08-22T17:11:44	Spalle e Cuffia	Alzate frontali un manubrio mani unite.gif	Alzate frontali un manubrio mani unite.gif	ff8eb0fda50cfaf12d46cc84e58d34519db2a386983acdc630bfdd522e11ffc3	gia con quel nome	il file si chiama gia cosi
2026-08-22T17:11:44	Spalle e Cuffia	Alzate laterali un braccio asciugamano parete.gif	Alzate laterali un braccio asciugamano parete.gif	295b8966b358cbd30908962933e1a05e1d0bd81c33f31038c4000a0a2d1f304d	gia con quel nome	il file si chiama gia cosi
2026-08-22T17:11:44	Spalle e Cuffia	Alzate laterali discesa frontale manubri.gif	Alzate laterali discesa frontale manubri.gif	16b44866f3621e62cd11d07558779158dae7db8586a4d893b38d108697c5d1b7	gia con quel nome	il file si chiama gia cosi
2026-08-22T17:11:44	Spalle e Cuffia	Alzate laterali incrociate cavi bassi.gif	Alzate laterali incrociate cavi bassi.gif	230153e8622ceeb1ffcdf48084a543659d1db538bf62065f7787333c2801f8b0	gia con quel nome	il file si chiama gia cosi
2026-08-22T17:11:44	Spalle e Cuffia	Alzate laterali isometriche.gif	Alzate laterali isometriche.gif	e94b4ffcd69a50f4aaecf9f5ba012971a2157d2ecf3087351b11766638565574	gia con quel nome	il file si chiama gia cosi
2026-08-22T17:11:44	Spalle e Cuffia	Alzate laterali macchina a leve seduto.gif	Alzate laterali macchina a leve seduto.gif	008ce4040be27e153eb82a2f977330d4b6078612fb90778ebb5ccb60ac719830	gia con quel nome	il file si chiama gia cosi
2026-08-22T17:11:44	Spalle e Cuffia	Alzate laterali macchina appoggio gomito seduto.gif	Alzate laterali macchina appoggio gomito seduto.gif	33e45df23fbf11e48873dfbe4062c2f79fc973cdeb81105dbbc64bdf789b5371	gia con quel nome	il file si chiama gia cosi
2026-08-22T17:11:44	Spalle e Cuffia	Alzate laterali manubri.gif	Alzate laterali manubri.gif	92c721c7605104d78f4ffc2107a907b28af4164c789be0c7e01c22cacd328285	gia con quel nome	il file si chiama gia cosi
2026-08-22T17:11:44	Spalle e Cuffia	Alzate laterali manubri prono panca inclinata.gif	Alzate laterali manubri prono panca inclinata.gif	cf6fa4aa4aa9e80e83188a857b2c5768b8bd076aec2560dc2d2f00b1f2f559cc	gia con quel nome	il file si chiama gia cosi
2026-08-22T17:11:44	Spalle e Cuffia	Alzate laterali manubri panca piana.gif	Alzate laterali manubri panca piana.gif	bba3961a703bec718e71c0b2a2f1307e71dceddd2da8837533ed4ecd2c08913a	gia con quel nome	il file si chiama gia cosi
2026-08-22T17:11:44	Spalle e Cuffia	Alzate laterali un braccio cavo basso.gif	Alzate laterali un braccio cavo basso.gif	a5def2b30b9b1000cfa4168a52b565226975e9f62021cceed325a1c9c138bd8f	gia con quel nome	il file si chiama gia cosi
2026-08-22T17:11:44	Spalle e Cuffia	Alzate laterali un braccio cavo basso inclinazione laterale.gif	Alzate laterali un braccio cavo basso inclinazione laterale.gif	3fedbb740a23c266aac18d4c04b797c014a001b3201d7e3da47542144ec23e74	gia con quel nome	il file si chiama gia cosi
2026-08-22T17:11:44	Spalle e Cuffia	Alzate laterali un braccio manubrio gomito 90 gradi.gif	Alzate laterali un braccio manubrio gomito 90 gradi.gif	8477e4eec538d9abaec09f98393f4e8905b4deab0a03b452bc4cd639efefeb0c	gia con quel nome	il file si chiama gia cosi
2026-08-22T17:11:44	Spalle e Cuffia	Alzate laterali un braccio manubrio.gif	Alzate laterali un braccio manubrio.gif	8e67956b9023a8de84197570154ec6b7ce09b4004e0303a73cef1491fc5241d6	gia con quel nome	il file si chiama gia cosi
2026-08-22T17:11:44	Spalle e Cuffia	Alzate laterali un braccio manubrio inclinazione laterale.gif	Alzate laterali un braccio manubrio inclinazione laterale.gif	a77b92a3c7fe619e7b1b6cdaecd9a73cd59adcc89d91354212414f68d1958c93	gia con quel nome	il file si chiama gia cosi
2026-08-22T17:11:44	Spalle e Cuffia	Alzate multi-angolo manubri.gif	Alzate multi-angolo manubri.gif	3c9686bd2f068b7beb6708c0972d78b15861b0664548a2167f866b094491035b	gia con quel nome	il file si chiama gia cosi
2026-08-22T17:11:44	Spalle e Cuffia	Camminata verticale.gif	Camminata verticale.gif	5830cea7741c8fa410d5f2cf247123599e33c9d55a4026fe0a30d96c1e5e3f70	gia con quel nome	il file si chiama gia cosi
2026-08-22T17:11:44	Spalle e Cuffia	Distensioni landmine in ginocchio.gif	Distensioni landmine in ginocchio.gif	6dbc97aaa3c1fef1168f425b4b4fec2ca231a6b380cc7ee3fe3e85493ef039ab	gia con quel nome	il file si chiama gia cosi
2026-08-22T17:11:44	Spalle e Cuffia	Incroci braccia.gif	Incroci braccia.gif	52091a992cd4dc1eeef5077be1d618ab886dda0de3b50456ab8190ab3074db6f	gia con quel nome	il file si chiama gia cosi
2026-08-22T17:11:44	Spalle e Cuffia	Intrarotazione cavo in piedi (Cable internal rotation standing).gif	Intrarotazione cavo.gif	356a6d4b58806dae2a871611e389a475a9c2d7f36ec8b5bc82233258d4e8cf57	rinominato	
2026-08-22T17:11:44	Spalle e Cuffia	Lento Arnold manubri in piedi (Arnold shoulder press dumbbells standing).gif	Lento Arnold manubri.gif	95a6a2b85d9ef1a0de47a32f86c9ee206caf0793ff302256d2bc6e77fd510e8e	rinominato	
2026-08-22T17:11:44	Spalle e Cuffia	Lento Arnold manubri panca 90° (Arnold shoulder press dumbbells 90° bench).gif	Lento Arnold manubri panca verticale.gif	5da15b808be7d4f5b21aa519b21e439369aff1aad86e68d493ba5754c1ccae83	rinominato	
2026-08-22T17:11:44	Spalle e Cuffia	Lento avanti alternato isometrico manubri in piedi (Dumbbell alternating isometric shoulder press standing).gif	Lento avanti alternato manubri.gif	a5ecfe693d0c715603ae315f6d5977b14e0cdfb74d4bd6db3da490b1de6b4d84	rinominato	
2026-08-22T17:11:44	Spalle e Cuffia	Lento avanti bilanciere in piedi (Barbell shoulder press standing).gif	Lento avanti bilanciere.gif	ccfc5b8cb9c09ace323c08e80cf89aa092b9bc1695c217bac6b83d15bcc13a1d	rinominato	
2026-08-22T17:11:44	Spalle e Cuffia	Lento avanti bilanciere pin press in piedi (Barbell pin press standing).gif	Lento avanti bilanciere pin press.gif	942c1e79821749207bcf70dc97f2f621885a6ad8ca205fb27700e75e057ab1da	rinominato	
2026-08-22T17:11:44	Spalle e Cuffia	Lento avanti bilanciere rack in piedi (Barbell shoulder press rack standing).gif	Lento avanti bilanciere rack.gif	994826dd5e1266914f728600f4935bb5bbe9672fe262840f2d0cbd601c0e7a8c	rinominato	
2026-08-22T17:11:44	Spalle e Cuffia	Lento avanti bilanciere rack seduto panca piana (Barbell shoulder press bench).gif	Lento avanti bilanciere rack panca piana.gif	ff7959ecb4abee998aba279065649bd5c72a3ac393eb513c739289675e2f0e0a	rinominato	
2026-08-22T17:11:44	Spalle e Cuffia	Lento avanti bilanciere seduto a terra (Barbell shoulder press seated on floor).gif	Lento avanti bilanciere seduto a terra.gif	6e952d4e4e299d47a3704c0956eb9e6bbfebad283d407b924a213acfe7dfa5cf	rinominato	
2026-08-22T17:11:44	Spalle e Cuffia	Lento avanti cavi bassi in piedi (Cable shoulder press standing).gif	Lento avanti cavi bassi.gif	ec1c3751ff841478a2de0db98a296753988ca7c5b873a5e1cf1529d76239eac3	rinominato	
2026-08-22T17:18:03	Spalle e Cuffia	Alzate diagonali un braccio elastico gomito 90 gradi.gif	Alzate diagonali un braccio elastico gomito 90 gradi.gif	792ead4a9f78017b76cd4ad2cf7438bf52bfd338d37287a4c1d86fce92d45d0c	gia con quel nome	il file si chiama gia cosi
2026-08-22T17:18:03	Spalle e Cuffia	Alzate diagonali inclinate elastico.gif	Alzate diagonali inclinate elastico.gif	8e698f0f9396c5073c56d9c5fa1827ef113f9bbcdb565066ac76316efe1f1b58	gia con quel nome	il file si chiama gia cosi
2026-08-22T17:18:03	Spalle e Cuffia	Alzate frontali alternate manubri.gif	Alzate frontali alternate manubri.gif	f6470822b70d4d0d19a9bdb9644355414074225a32936e3bec78bcd90f460843	gia con quel nome	il file si chiama gia cosi
2026-08-22T17:18:03	Spalle e Cuffia	Alzate frontali barra cavo basso.gif	Alzate frontali barra cavo basso.gif	8bff5eba739e748dd326873ec559185d6ddc0e9972517b94a89647d884a4af23	gia con quel nome	il file si chiama gia cosi
2026-08-22T17:18:03	Spalle e Cuffia	Alzate frontali bilanciere.gif	Alzate frontali bilanciere.gif	017db012e56ef7f612b79e8ca07c1b3f95cef596919f465b24e1b30109081ed9	gia con quel nome	il file si chiama gia cosi
2026-08-22T17:18:03	Spalle e Cuffia	Alzate frontali diagonali manubri.gif	Alzate frontali diagonali manubri.gif	c54bd66c2aa69a9fdeb480672d3dea3b8a0c62067e33227e0aa3d4a6709e3e41	gia con quel nome	il file si chiama gia cosi
2026-08-22T17:18:03	Spalle e Cuffia	Alzate frontali incrociate cavi bassi.gif	Alzate frontali incrociate cavi bassi.gif	38111f3987bf261f4226ebbd3adc64f96321c501c1634ec636085988dc9f7ebd	gia con quel nome	il file si chiama gia cosi
2026-08-22T17:18:03	Spalle e Cuffia	Alzate frontali manubri.gif	Alzate frontali manubri.gif	8eef8eb3cd10689a9e01b7fd3792b50de0d78e666628303f492b30762567c50d	gia con quel nome	il file si chiama gia cosi
2026-08-22T17:18:03	Spalle e Cuffia	Alzate frontali manubri panca verticale.gif	Alzate frontali manubri panca verticale.gif	198d4853344bd714fc483cd7cb18d9e844feffd2b97c378805ec117f930cccbb	gia con quel nome	il file si chiama gia cosi
2026-08-22T17:18:03	Spalle e Cuffia	Alzate frontali manubri prono panca inclinata 45 gradi.gif	Alzate frontali manubri prono panca inclinata 45 gradi.gif	b1fd6b133bc8e7b81c50bf55a36f50e5695e81e13ab7257cae7b472db842aca1	gia con quel nome	il file si chiama gia cosi
2026-08-22T17:18:03	Spalle e Cuffia	Alzate frontali un braccio cavo basso.gif	Alzate frontali un braccio cavo basso.gif	640d2f8ab575515c996c0f96b8314c0bb97bc07d5140abec492fa2c7a4ec9cbf	gia con quel nome	il file si chiama gia cosi
2026-08-22T17:18:03	Spalle e Cuffia	Alzate frontali un manubrio mani unite.gif	Alzate frontali un manubrio mani unite.gif	ff8eb0fda50cfaf12d46cc84e58d34519db2a386983acdc630bfdd522e11ffc3	gia con quel nome	il file si chiama gia cosi
2026-08-22T17:18:03	Spalle e Cuffia	Alzate laterali un braccio asciugamano parete.gif	Alzate laterali un braccio asciugamano parete.gif	295b8966b358cbd30908962933e1a05e1d0bd81c33f31038c4000a0a2d1f304d	gia con quel nome	il file si chiama gia cosi
2026-08-22T17:18:03	Spalle e Cuffia	Alzate laterali discesa frontale manubri.gif	Alzate laterali discesa frontale manubri.gif	16b44866f3621e62cd11d07558779158dae7db8586a4d893b38d108697c5d1b7	gia con quel nome	il file si chiama gia cosi
2026-08-22T17:18:03	Spalle e Cuffia	Alzate laterali incrociate cavi bassi.gif	Alzate laterali incrociate cavi bassi.gif	230153e8622ceeb1ffcdf48084a543659d1db538bf62065f7787333c2801f8b0	gia con quel nome	il file si chiama gia cosi
2026-08-22T17:18:03	Spalle e Cuffia	Alzate laterali isometriche.gif	Alzate laterali isometriche.gif	e94b4ffcd69a50f4aaecf9f5ba012971a2157d2ecf3087351b11766638565574	gia con quel nome	il file si chiama gia cosi
2026-08-22T17:18:03	Spalle e Cuffia	Alzate laterali macchina a leve seduto.gif	Alzate laterali macchina a leve seduto.gif	008ce4040be27e153eb82a2f977330d4b6078612fb90778ebb5ccb60ac719830	gia con quel nome	il file si chiama gia cosi
2026-08-22T17:18:03	Spalle e Cuffia	Alzate laterali macchina appoggio gomito seduto.gif	Alzate laterali macchina appoggio gomito seduto.gif	33e45df23fbf11e48873dfbe4062c2f79fc973cdeb81105dbbc64bdf789b5371	gia con quel nome	il file si chiama gia cosi
2026-08-22T17:18:03	Spalle e Cuffia	Alzate laterali manubri.gif	Alzate laterali manubri.gif	92c721c7605104d78f4ffc2107a907b28af4164c789be0c7e01c22cacd328285	gia con quel nome	il file si chiama gia cosi
2026-08-22T17:18:03	Spalle e Cuffia	Alzate laterali manubri prono panca inclinata.gif	Alzate laterali manubri prono panca inclinata.gif	cf6fa4aa4aa9e80e83188a857b2c5768b8bd076aec2560dc2d2f00b1f2f559cc	gia con quel nome	il file si chiama gia cosi
2026-08-22T17:18:03	Spalle e Cuffia	Alzate laterali manubri panca piana.gif	Alzate laterali manubri panca piana.gif	bba3961a703bec718e71c0b2a2f1307e71dceddd2da8837533ed4ecd2c08913a	gia con quel nome	il file si chiama gia cosi
2026-08-22T17:18:03	Spalle e Cuffia	Alzate laterali un braccio cavo basso.gif	Alzate laterali un braccio cavo basso.gif	a5def2b30b9b1000cfa4168a52b565226975e9f62021cceed325a1c9c138bd8f	gia con quel nome	il file si chiama gia cosi
2026-08-22T17:18:03	Spalle e Cuffia	Alzate laterali un braccio cavo basso inclinazione laterale.gif	Alzate laterali un braccio cavo basso inclinazione laterale.gif	3fedbb740a23c266aac18d4c04b797c014a001b3201d7e3da47542144ec23e74	gia con quel nome	il file si chiama gia cosi
2026-08-22T17:18:03	Spalle e Cuffia	Alzate laterali un braccio manubrio gomito 90 gradi.gif	Alzate laterali un braccio manubrio gomito 90 gradi.gif	8477e4eec538d9abaec09f98393f4e8905b4deab0a03b452bc4cd639efefeb0c	gia con quel nome	il file si chiama gia cosi
2026-08-22T17:18:03	Spalle e Cuffia	Alzate laterali un braccio manubrio.gif	Alzate laterali un braccio manubrio.gif	8e67956b9023a8de84197570154ec6b7ce09b4004e0303a73cef1491fc5241d6	gia con quel nome	il file si chiama gia cosi
2026-08-22T17:18:03	Spalle e Cuffia	Alzate laterali un braccio manubrio inclinazione laterale.gif	Alzate laterali un braccio manubrio inclinazione laterale.gif	a77b92a3c7fe619e7b1b6cdaecd9a73cd59adcc89d91354212414f68d1958c93	gia con quel nome	il file si chiama gia cosi
2026-08-22T17:18:03	Spalle e Cuffia	Alzate multi-angolo manubri.gif	Alzate multi-angolo manubri.gif	3c9686bd2f068b7beb6708c0972d78b15861b0664548a2167f866b094491035b	gia con quel nome	il file si chiama gia cosi
2026-08-22T17:18:03	Spalle e Cuffia	Camminata verticale.gif	Camminata verticale.gif	5830cea7741c8fa410d5f2cf247123599e33c9d55a4026fe0a30d96c1e5e3f70	gia con quel nome	il file si chiama gia cosi
2026-08-22T17:18:03	Spalle e Cuffia	Distensioni landmine in ginocchio.gif	Distensioni landmine in ginocchio.gif	6dbc97aaa3c1fef1168f425b4b4fec2ca231a6b380cc7ee3fe3e85493ef039ab	gia con quel nome	il file si chiama gia cosi
2026-08-22T17:18:03	Spalle e Cuffia	Incroci braccia.gif	Incroci braccia.gif	52091a992cd4dc1eeef5077be1d618ab886dda0de3b50456ab8190ab3074db6f	gia con quel nome	il file si chiama gia cosi
2026-08-22T17:18:03	Spalle e Cuffia	Intrarotazione cavo.gif	Intrarotazione cavo.gif	356a6d4b58806dae2a871611e389a475a9c2d7f36ec8b5bc82233258d4e8cf57	gia con quel nome	il file si chiama gia cosi
2026-08-22T17:18:03	Spalle e Cuffia	Lento Arnold manubri.gif	Lento Arnold manubri.gif	95a6a2b85d9ef1a0de47a32f86c9ee206caf0793ff302256d2bc6e77fd510e8e	gia con quel nome	il file si chiama gia cosi
2026-08-22T17:18:03	Spalle e Cuffia	Lento Arnold manubri panca verticale.gif	Lento Arnold manubri panca verticale.gif	5da15b808be7d4f5b21aa519b21e439369aff1aad86e68d493ba5754c1ccae83	gia con quel nome	il file si chiama gia cosi
2026-08-22T17:18:03	Spalle e Cuffia	Lento avanti alternato manubri.gif	Lento avanti alternato manubri.gif	a5ecfe693d0c715603ae315f6d5977b14e0cdfb74d4bd6db3da490b1de6b4d84	gia con quel nome	il file si chiama gia cosi
2026-08-22T17:18:03	Spalle e Cuffia	Lento avanti bilanciere.gif	Lento avanti bilanciere.gif	ccfc5b8cb9c09ace323c08e80cf89aa092b9bc1695c217bac6b83d15bcc13a1d	gia con quel nome	il file si chiama gia cosi
2026-08-22T17:18:03	Spalle e Cuffia	Lento avanti bilanciere pin press.gif	Lento avanti bilanciere pin press.gif	942c1e79821749207bcf70dc97f2f621885a6ad8ca205fb27700e75e057ab1da	gia con quel nome	il file si chiama gia cosi
2026-08-22T17:18:03	Spalle e Cuffia	Lento avanti bilanciere rack.gif	Lento avanti bilanciere rack.gif	994826dd5e1266914f728600f4935bb5bbe9672fe262840f2d0cbd601c0e7a8c	gia con quel nome	il file si chiama gia cosi
2026-08-22T17:18:03	Spalle e Cuffia	Lento avanti bilanciere rack panca piana.gif	Lento avanti bilanciere rack panca piana.gif	ff7959ecb4abee998aba279065649bd5c72a3ac393eb513c739289675e2f0e0a	gia con quel nome	il file si chiama gia cosi
2026-08-22T17:18:03	Spalle e Cuffia	Lento avanti bilanciere seduto a terra.gif	Lento avanti bilanciere seduto a terra.gif	6e952d4e4e299d47a3704c0956eb9e6bbfebad283d407b924a213acfe7dfa5cf	gia con quel nome	il file si chiama gia cosi
2026-08-22T17:18:03	Spalle e Cuffia	Lento avanti cavi bassi.gif	Lento avanti cavi bassi.gif	ec1c3751ff841478a2de0db98a296753988ca7c5b873a5e1cf1529d76239eac3	gia con quel nome	il file si chiama gia cosi
2026-08-22T17:18:03	Spalle e Cuffia	Lento avanti elastico seduto.gif	Lento avanti elastico seduto.gif	6f8cbf7ef038019d394d6350a7997e232a63b224ad13fdd75c93be9fc33b600f	gia con quel nome	il file si chiama gia cosi
2026-08-22T17:18:03	Spalle e Cuffia	Lento avanti isometrico in piedi.gif	Lento avanti isometrico.gif	081a4c74b0c1b191910c9d729b5d74f308a3736ea30bce6ccf748ec2fce8ac6d	rinominato	
2026-08-22T17:18:03	Spalle e Cuffia	Lento avanti macchina a dischi seduto (Lever shoulder press seated).gif	Lento avanti macchina a dischi seduto.gif	d2bc9b9ae62212e2d21a5a975bd6686a3fb606a6242f8ab3960e42714c90800c	rinominato	
2026-08-22T17:18:03	Spalle e Cuffia	Lento avanti macchina pacco pesi seduto (Selectorized shoulder press seated).gif	Lento avanti macchina pacco pesi seduto.gif	ffeab8378356d82e6f550aed211cdef8adc1f90220da7bcf2943329266164253	rinominato	
2026-08-22T17:18:03	Spalle e Cuffia	Lento avanti manubri in piedi (Dumbbell shoulder press standing).gif	Lento avanti manubri.gif	f3161db13aec8a14c5c5652d42f655e15969242ca9a84e47ca8ff2808a44007c	rinominato	
2026-08-22T17:18:03	Spalle e Cuffia	Lento avanti manubri panca 90° (Dumbbell shoulder press 90° bench).gif	Lento avanti manubri panca verticale.gif	8b01e8967512aa62e6e0b814a600c00f24c716e2967ea4bb4bd6572368040bb9	rinominato	
2026-08-22T17:18:03	Spalle e Cuffia	Lento avanti multipower in piedi (Smith machine shoulder press standing).gif	Lento avanti multipower.gif	0826db02f6c822155ce7fb0a017f5f170d84b364376ca736234df981c3e44bd7	rinominato	
2026-08-22T17:18:03	Spalle e Cuffia	Lento avanti multipower seduto (Smith machine shoulder press seated).gif	Lento avanti multipower seduto.gif	9170b362177df86a05f708b83ff09e01c29adfd63e771c3b8d3b4fd383e1b5e0	rinominato	
2026-08-22T17:18:03	Spalle e Cuffia	Lento avanti un braccio manubrio in piedi (Dumbbell one arm shoulder press standing).gif	Lento avanti un braccio manubrio.gif	770c8ed85cc83fd810ce47608d3ef1aed5f3f0c90c75d6ac66e3f25eb4a99088	rinominato	
2026-08-22T17:18:03	Spalle e Cuffia	Lento dietro barra elastico ai piedi.gif	Lento dietro barra elastico.gif	a087cad769fcd7edc4dc6b2f7760c3b7862a6b8aefe802e32a9007fda80d4552	rinominato	
2026-08-22T17:22:28	Spalle e Cuffia	Alzate diagonali un braccio elastico gomito 90 gradi.gif	Alzate diagonali un braccio elastico gomito 90 gradi.gif	792ead4a9f78017b76cd4ad2cf7438bf52bfd338d37287a4c1d86fce92d45d0c	gia con quel nome	il file si chiama gia cosi
2026-08-22T17:22:28	Spalle e Cuffia	Alzate diagonali inclinate elastico.gif	Alzate diagonali inclinate elastico.gif	8e698f0f9396c5073c56d9c5fa1827ef113f9bbcdb565066ac76316efe1f1b58	gia con quel nome	il file si chiama gia cosi
2026-08-22T17:22:28	Spalle e Cuffia	Alzate frontali alternate manubri.gif	Alzate frontali alternate manubri.gif	f6470822b70d4d0d19a9bdb9644355414074225a32936e3bec78bcd90f460843	gia con quel nome	il file si chiama gia cosi
2026-08-22T17:22:28	Spalle e Cuffia	Alzate frontali barra cavo basso.gif	Alzate frontali barra cavo basso.gif	8bff5eba739e748dd326873ec559185d6ddc0e9972517b94a89647d884a4af23	gia con quel nome	il file si chiama gia cosi
2026-08-22T17:22:28	Spalle e Cuffia	Alzate frontali bilanciere.gif	Alzate frontali bilanciere.gif	017db012e56ef7f612b79e8ca07c1b3f95cef596919f465b24e1b30109081ed9	gia con quel nome	il file si chiama gia cosi
2026-08-22T17:22:28	Spalle e Cuffia	Alzate frontali diagonali manubri.gif	Alzate frontali diagonali manubri.gif	c54bd66c2aa69a9fdeb480672d3dea3b8a0c62067e33227e0aa3d4a6709e3e41	gia con quel nome	il file si chiama gia cosi
2026-08-22T17:22:28	Spalle e Cuffia	Alzate frontali incrociate cavi bassi.gif	Alzate frontali incrociate cavi bassi.gif	38111f3987bf261f4226ebbd3adc64f96321c501c1634ec636085988dc9f7ebd	gia con quel nome	il file si chiama gia cosi
2026-08-22T17:22:28	Spalle e Cuffia	Alzate frontali manubri.gif	Alzate frontali manubri.gif	8eef8eb3cd10689a9e01b7fd3792b50de0d78e666628303f492b30762567c50d	gia con quel nome	il file si chiama gia cosi
2026-08-22T17:22:28	Spalle e Cuffia	Alzate frontali manubri panca verticale.gif	Alzate frontali manubri panca verticale.gif	198d4853344bd714fc483cd7cb18d9e844feffd2b97c378805ec117f930cccbb	gia con quel nome	il file si chiama gia cosi
2026-08-22T17:22:28	Spalle e Cuffia	Alzate frontali manubri prono panca inclinata 45 gradi.gif	Alzate frontali manubri prono panca inclinata 45 gradi.gif	b1fd6b133bc8e7b81c50bf55a36f50e5695e81e13ab7257cae7b472db842aca1	gia con quel nome	il file si chiama gia cosi
2026-08-22T17:22:28	Spalle e Cuffia	Alzate frontali un braccio cavo basso.gif	Alzate frontali un braccio cavo basso.gif	640d2f8ab575515c996c0f96b8314c0bb97bc07d5140abec492fa2c7a4ec9cbf	gia con quel nome	il file si chiama gia cosi
2026-08-22T17:22:28	Spalle e Cuffia	Alzate frontali un manubrio mani unite.gif	Alzate frontali un manubrio mani unite.gif	ff8eb0fda50cfaf12d46cc84e58d34519db2a386983acdc630bfdd522e11ffc3	gia con quel nome	il file si chiama gia cosi
2026-08-22T17:22:28	Spalle e Cuffia	Alzate laterali un braccio asciugamano parete.gif	Alzate laterali un braccio asciugamano parete.gif	295b8966b358cbd30908962933e1a05e1d0bd81c33f31038c4000a0a2d1f304d	gia con quel nome	il file si chiama gia cosi
2026-08-22T17:22:28	Spalle e Cuffia	Alzate laterali discesa frontale manubri.gif	Alzate laterali discesa frontale manubri.gif	16b44866f3621e62cd11d07558779158dae7db8586a4d893b38d108697c5d1b7	gia con quel nome	il file si chiama gia cosi
2026-08-22T17:22:28	Spalle e Cuffia	Alzate laterali incrociate cavi bassi.gif	Alzate laterali incrociate cavi bassi.gif	230153e8622ceeb1ffcdf48084a543659d1db538bf62065f7787333c2801f8b0	gia con quel nome	il file si chiama gia cosi
2026-08-22T17:22:28	Spalle e Cuffia	Alzate laterali isometriche.gif	Alzate laterali isometriche.gif	e94b4ffcd69a50f4aaecf9f5ba012971a2157d2ecf3087351b11766638565574	gia con quel nome	il file si chiama gia cosi
2026-08-22T17:22:28	Spalle e Cuffia	Alzate laterali macchina a leve seduto.gif	Alzate laterali macchina a leve seduto.gif	008ce4040be27e153eb82a2f977330d4b6078612fb90778ebb5ccb60ac719830	gia con quel nome	il file si chiama gia cosi
2026-08-22T17:22:28	Spalle e Cuffia	Alzate laterali macchina appoggio gomito seduto.gif	Alzate laterali macchina appoggio gomito seduto.gif	33e45df23fbf11e48873dfbe4062c2f79fc973cdeb81105dbbc64bdf789b5371	gia con quel nome	il file si chiama gia cosi
2026-08-22T17:22:28	Spalle e Cuffia	Alzate laterali manubri.gif	Alzate laterali manubri.gif	92c721c7605104d78f4ffc2107a907b28af4164c789be0c7e01c22cacd328285	gia con quel nome	il file si chiama gia cosi
2026-08-22T17:22:28	Spalle e Cuffia	Alzate laterali manubri prono panca inclinata.gif	Alzate laterali manubri prono panca inclinata.gif	cf6fa4aa4aa9e80e83188a857b2c5768b8bd076aec2560dc2d2f00b1f2f559cc	gia con quel nome	il file si chiama gia cosi
2026-08-22T17:22:28	Spalle e Cuffia	Alzate laterali manubri panca piana.gif	Alzate laterali manubri panca piana.gif	bba3961a703bec718e71c0b2a2f1307e71dceddd2da8837533ed4ecd2c08913a	gia con quel nome	il file si chiama gia cosi
2026-08-22T17:22:28	Spalle e Cuffia	Alzate laterali un braccio cavo basso.gif	Alzate laterali un braccio cavo basso.gif	a5def2b30b9b1000cfa4168a52b565226975e9f62021cceed325a1c9c138bd8f	gia con quel nome	il file si chiama gia cosi
2026-08-22T17:22:28	Spalle e Cuffia	Alzate laterali un braccio cavo basso inclinazione laterale.gif	Alzate laterali un braccio cavo basso inclinazione laterale.gif	3fedbb740a23c266aac18d4c04b797c014a001b3201d7e3da47542144ec23e74	gia con quel nome	il file si chiama gia cosi
2026-08-22T17:22:28	Spalle e Cuffia	Alzate laterali un braccio manubrio gomito 90 gradi.gif	Alzate laterali un braccio manubrio gomito 90 gradi.gif	8477e4eec538d9abaec09f98393f4e8905b4deab0a03b452bc4cd639efefeb0c	gia con quel nome	il file si chiama gia cosi
2026-08-22T17:22:28	Spalle e Cuffia	Alzate laterali un braccio manubrio.gif	Alzate laterali un braccio manubrio.gif	8e67956b9023a8de84197570154ec6b7ce09b4004e0303a73cef1491fc5241d6	gia con quel nome	il file si chiama gia cosi
2026-08-22T17:22:28	Spalle e Cuffia	Alzate laterali un braccio manubrio inclinazione laterale.gif	Alzate laterali un braccio manubrio inclinazione laterale.gif	a77b92a3c7fe619e7b1b6cdaecd9a73cd59adcc89d91354212414f68d1958c93	gia con quel nome	il file si chiama gia cosi
2026-08-22T17:22:28	Spalle e Cuffia	Alzate multi-angolo manubri.gif	Alzate multi-angolo manubri.gif	3c9686bd2f068b7beb6708c0972d78b15861b0664548a2167f866b094491035b	gia con quel nome	il file si chiama gia cosi
2026-08-22T17:22:28	Spalle e Cuffia	Camminata verticale.gif	Camminata verticale.gif	5830cea7741c8fa410d5f2cf247123599e33c9d55a4026fe0a30d96c1e5e3f70	gia con quel nome	il file si chiama gia cosi
2026-08-22T17:22:28	Spalle e Cuffia	Distensioni landmine in ginocchio.gif	Distensioni landmine in ginocchio.gif	6dbc97aaa3c1fef1168f425b4b4fec2ca231a6b380cc7ee3fe3e85493ef039ab	gia con quel nome	il file si chiama gia cosi
2026-08-22T17:22:28	Spalle e Cuffia	Incroci braccia.gif	Incroci braccia.gif	52091a992cd4dc1eeef5077be1d618ab886dda0de3b50456ab8190ab3074db6f	gia con quel nome	il file si chiama gia cosi
2026-08-22T17:22:28	Spalle e Cuffia	Intrarotazione cavo.gif	Intrarotazione cavo.gif	356a6d4b58806dae2a871611e389a475a9c2d7f36ec8b5bc82233258d4e8cf57	gia con quel nome	il file si chiama gia cosi
2026-08-22T17:22:28	Spalle e Cuffia	Lento Arnold manubri.gif	Lento Arnold manubri.gif	95a6a2b85d9ef1a0de47a32f86c9ee206caf0793ff302256d2bc6e77fd510e8e	gia con quel nome	il file si chiama gia cosi
2026-08-22T17:22:28	Spalle e Cuffia	Lento Arnold manubri panca verticale.gif	Lento Arnold manubri panca verticale.gif	5da15b808be7d4f5b21aa519b21e439369aff1aad86e68d493ba5754c1ccae83	gia con quel nome	il file si chiama gia cosi
2026-08-22T17:22:28	Spalle e Cuffia	Lento avanti alternato manubri.gif	Lento avanti alternato manubri.gif	a5ecfe693d0c715603ae315f6d5977b14e0cdfb74d4bd6db3da490b1de6b4d84	gia con quel nome	il file si chiama gia cosi
2026-08-22T17:22:28	Spalle e Cuffia	Lento avanti bilanciere.gif	Lento avanti bilanciere.gif	ccfc5b8cb9c09ace323c08e80cf89aa092b9bc1695c217bac6b83d15bcc13a1d	gia con quel nome	il file si chiama gia cosi
2026-08-22T17:22:28	Spalle e Cuffia	Lento avanti bilanciere pin press.gif	Lento avanti bilanciere pin press.gif	942c1e79821749207bcf70dc97f2f621885a6ad8ca205fb27700e75e057ab1da	gia con quel nome	il file si chiama gia cosi
2026-08-22T17:22:28	Spalle e Cuffia	Lento avanti bilanciere rack.gif	Lento avanti bilanciere rack.gif	994826dd5e1266914f728600f4935bb5bbe9672fe262840f2d0cbd601c0e7a8c	gia con quel nome	il file si chiama gia cosi
2026-08-22T17:22:28	Spalle e Cuffia	Lento avanti bilanciere rack panca piana.gif	Lento avanti bilanciere rack panca piana.gif	ff7959ecb4abee998aba279065649bd5c72a3ac393eb513c739289675e2f0e0a	gia con quel nome	il file si chiama gia cosi
2026-08-22T17:22:28	Spalle e Cuffia	Lento avanti bilanciere seduto a terra.gif	Lento avanti bilanciere seduto a terra.gif	6e952d4e4e299d47a3704c0956eb9e6bbfebad283d407b924a213acfe7dfa5cf	gia con quel nome	il file si chiama gia cosi
2026-08-22T17:22:28	Spalle e Cuffia	Lento avanti cavi bassi.gif	Lento avanti cavi bassi.gif	ec1c3751ff841478a2de0db98a296753988ca7c5b873a5e1cf1529d76239eac3	gia con quel nome	il file si chiama gia cosi
2026-08-22T17:22:28	Spalle e Cuffia	Lento avanti elastico seduto.gif	Lento avanti elastico seduto.gif	6f8cbf7ef038019d394d6350a7997e232a63b224ad13fdd75c93be9fc33b600f	gia con quel nome	il file si chiama gia cosi
2026-08-22T17:22:28	Spalle e Cuffia	Lento avanti isometrico.gif	Lento avanti isometrico.gif	081a4c74b0c1b191910c9d729b5d74f308a3736ea30bce6ccf748ec2fce8ac6d	gia con quel nome	il file si chiama gia cosi
2026-08-22T17:22:28	Spalle e Cuffia	Lento avanti macchina a dischi seduto.gif	Lento avanti macchina a dischi seduto.gif	d2bc9b9ae62212e2d21a5a975bd6686a3fb606a6242f8ab3960e42714c90800c	gia con quel nome	il file si chiama gia cosi
2026-08-22T17:22:28	Spalle e Cuffia	Lento avanti macchina pacco pesi seduto.gif	Lento avanti macchina pacco pesi seduto.gif	ffeab8378356d82e6f550aed211cdef8adc1f90220da7bcf2943329266164253	gia con quel nome	il file si chiama gia cosi
2026-08-22T17:22:28	Spalle e Cuffia	Lento avanti manubri.gif	Lento avanti manubri.gif	f3161db13aec8a14c5c5652d42f655e15969242ca9a84e47ca8ff2808a44007c	gia con quel nome	il file si chiama gia cosi
2026-08-22T17:22:28	Spalle e Cuffia	Lento avanti manubri panca verticale.gif	Lento avanti manubri panca verticale.gif	8b01e8967512aa62e6e0b814a600c00f24c716e2967ea4bb4bd6572368040bb9	gia con quel nome	il file si chiama gia cosi
2026-08-22T17:22:28	Spalle e Cuffia	Lento avanti multipower.gif	Lento avanti multipower.gif	0826db02f6c822155ce7fb0a017f5f170d84b364376ca736234df981c3e44bd7	gia con quel nome	il file si chiama gia cosi
2026-08-22T17:22:28	Spalle e Cuffia	Lento avanti multipower seduto.gif	Lento avanti multipower seduto.gif	9170b362177df86a05f708b83ff09e01c29adfd63e771c3b8d3b4fd383e1b5e0	gia con quel nome	il file si chiama gia cosi
2026-08-22T17:22:28	Spalle e Cuffia	Lento avanti un braccio manubrio.gif	Lento avanti un braccio manubrio.gif	770c8ed85cc83fd810ce47608d3ef1aed5f3f0c90c75d6ac66e3f25eb4a99088	gia con quel nome	il file si chiama gia cosi
2026-08-22T17:22:28	Spalle e Cuffia	Lento dietro barra elastico.gif	Lento dietro barra elastico.gif	a087cad769fcd7edc4dc6b2f7760c3b7862a6b8aefe802e32a9007fda80d4552	gia con quel nome	il file si chiama gia cosi
2026-08-22T17:22:28	Spalle e Cuffia	Lento dietro bilanciere in piedi (Behind the neck barbell shoulder press standing).gif	Lento dietro bilanciere.gif	923a8d2302738e1ec3a56f9d86f6c43c7823b36020d390868b0a23a0e3f286a3	rinominato	
2026-08-22T17:22:28	Spalle e Cuffia	Lento dietro bilanciere seduto panca piana (Behind the neck barbell shoulder press flat bench).gif	Lento dietro bilanciere seduto.gif	385a2451cbe6cdb68d41d10221d791f2982145650c0c4d5f83730da0bc8756ac	rinominato	
2026-08-22T17:22:28	Spalle e Cuffia	Lento dietro maniglia elastico un braccio in piedi.gif	Lento dietro un braccio elastico.gif	bde40879a5e65b8849f2be9cf9609c5ffaa339407cc51f559175e50b4d6dd4b5	rinominato	
2026-08-22T17:22:28	Spalle e Cuffia	Piegamenti pike deficit sedie (Deficit chair pike push up).gif	Piegamenti pike deficit sedie.gif	0b1c5ebc98dde2cb005f41a1f3d219cac7cf89cff9a34dceca156969ded2a68d	rinominato	
2026-08-22T17:22:28	Spalle e Cuffia	Piegamenti pike panca piana (Flat bench pike push up).gif	Piegamenti pike panca piana.gif	ebb2f540bc9d739feb7a18c6b36115fe98d8a4c7367b406fc43f75590f245ac9	rinominato	
2026-08-22T17:22:28	Spalle e Cuffia	Piegamenti verticale (Handstand push up).gif	Piegamenti verticale.gif	e5aa222d19d5bc95a6fdbb2f360c059c2e31025379c27608c3d908c2621ae430	rinominato	
2026-08-22T17:22:28	Spalle e Cuffia	Push jerk bilanciere in piedi (Barbell push jerk standing).gif	Push jerk bilanciere.gif	dd8262bf27d01547744ab4ba2d55c433b96ab917a1ad8eee3e303eeecadd0fda	rinominato	
2026-08-22T17:22:28	Spalle e Cuffia	Push press bilanciere in piedi (Barbell push press standing).gif	Push press bilanciere.gif	0c164c5c6bbdc4e18d967fee84303cdc1aa32c853f36b824e82cecd59d179d70	rinominato	
2026-08-22T17:22:28	Spalle e Cuffia	Squat croce di ferro manubri.gif	Squat croce di ferro manubri.gif	aa13a9a1a7bd8b3317a3b134ca231913cbc992dc9c3e9ab828f4115a4f3daae9	gia con quel nome	il file si chiama gia cosi
2026-08-22T17:23:33	Spalle e Cuffia	Alzate diagonali un braccio elastico gomito 90 gradi.gif	Alzate diagonali un braccio elastico gomito 90 gradi.gif	792ead4a9f78017b76cd4ad2cf7438bf52bfd338d37287a4c1d86fce92d45d0c	gia con quel nome	il file si chiama gia cosi
2026-08-22T17:23:33	Spalle e Cuffia	Alzate diagonali inclinate elastico.gif	Alzate diagonali inclinate elastico.gif	8e698f0f9396c5073c56d9c5fa1827ef113f9bbcdb565066ac76316efe1f1b58	gia con quel nome	il file si chiama gia cosi
2026-08-22T17:23:33	Spalle e Cuffia	Alzate frontali alternate manubri.gif	Alzate frontali alternate manubri.gif	f6470822b70d4d0d19a9bdb9644355414074225a32936e3bec78bcd90f460843	gia con quel nome	il file si chiama gia cosi
2026-08-22T17:23:33	Spalle e Cuffia	Alzate frontali barra cavo basso.gif	Alzate frontali barra cavo basso.gif	8bff5eba739e748dd326873ec559185d6ddc0e9972517b94a89647d884a4af23	gia con quel nome	il file si chiama gia cosi
2026-08-22T17:23:33	Spalle e Cuffia	Alzate frontali bilanciere.gif	Alzate frontali bilanciere.gif	017db012e56ef7f612b79e8ca07c1b3f95cef596919f465b24e1b30109081ed9	gia con quel nome	il file si chiama gia cosi
2026-08-22T17:23:33	Spalle e Cuffia	Alzate frontali diagonali manubri.gif	Alzate frontali diagonali manubri.gif	c54bd66c2aa69a9fdeb480672d3dea3b8a0c62067e33227e0aa3d4a6709e3e41	gia con quel nome	il file si chiama gia cosi
2026-08-22T17:23:33	Spalle e Cuffia	Alzate frontali incrociate cavi bassi.gif	Alzate frontali incrociate cavi bassi.gif	38111f3987bf261f4226ebbd3adc64f96321c501c1634ec636085988dc9f7ebd	gia con quel nome	il file si chiama gia cosi
2026-08-22T17:23:33	Spalle e Cuffia	Alzate frontali manubri.gif	Alzate frontali manubri.gif	8eef8eb3cd10689a9e01b7fd3792b50de0d78e666628303f492b30762567c50d	gia con quel nome	il file si chiama gia cosi
2026-08-22T17:23:33	Spalle e Cuffia	Alzate frontali manubri panca verticale.gif	Alzate frontali manubri panca verticale.gif	198d4853344bd714fc483cd7cb18d9e844feffd2b97c378805ec117f930cccbb	gia con quel nome	il file si chiama gia cosi
2026-08-22T17:23:33	Spalle e Cuffia	Alzate frontali manubri prono panca inclinata 45 gradi.gif	Alzate frontali manubri prono panca inclinata 45 gradi.gif	b1fd6b133bc8e7b81c50bf55a36f50e5695e81e13ab7257cae7b472db842aca1	gia con quel nome	il file si chiama gia cosi
2026-08-22T17:23:33	Spalle e Cuffia	Alzate frontali un braccio cavo basso.gif	Alzate frontali un braccio cavo basso.gif	640d2f8ab575515c996c0f96b8314c0bb97bc07d5140abec492fa2c7a4ec9cbf	gia con quel nome	il file si chiama gia cosi
2026-08-22T17:23:33	Spalle e Cuffia	Alzate frontali un manubrio mani unite.gif	Alzate frontali un manubrio mani unite.gif	ff8eb0fda50cfaf12d46cc84e58d34519db2a386983acdc630bfdd522e11ffc3	gia con quel nome	il file si chiama gia cosi
2026-08-22T17:23:33	Spalle e Cuffia	Alzate laterali un braccio asciugamano parete.gif	Alzate laterali un braccio asciugamano parete.gif	295b8966b358cbd30908962933e1a05e1d0bd81c33f31038c4000a0a2d1f304d	gia con quel nome	il file si chiama gia cosi
2026-08-22T17:23:33	Spalle e Cuffia	Alzate laterali discesa frontale manubri.gif	Alzate laterali discesa frontale manubri.gif	16b44866f3621e62cd11d07558779158dae7db8586a4d893b38d108697c5d1b7	gia con quel nome	il file si chiama gia cosi
2026-08-22T17:23:33	Spalle e Cuffia	Alzate laterali incrociate cavi bassi.gif	Alzate laterali incrociate cavi bassi.gif	230153e8622ceeb1ffcdf48084a543659d1db538bf62065f7787333c2801f8b0	gia con quel nome	il file si chiama gia cosi
2026-08-22T17:23:33	Spalle e Cuffia	Alzate laterali isometriche.gif	Alzate laterali isometriche.gif	e94b4ffcd69a50f4aaecf9f5ba012971a2157d2ecf3087351b11766638565574	gia con quel nome	il file si chiama gia cosi
2026-08-22T17:23:33	Spalle e Cuffia	Alzate laterali macchina a leve seduto.gif	Alzate laterali macchina a leve seduto.gif	008ce4040be27e153eb82a2f977330d4b6078612fb90778ebb5ccb60ac719830	gia con quel nome	il file si chiama gia cosi
2026-08-22T17:23:33	Spalle e Cuffia	Alzate laterali macchina appoggio gomito seduto.gif	Alzate laterali macchina appoggio gomito seduto.gif	33e45df23fbf11e48873dfbe4062c2f79fc973cdeb81105dbbc64bdf789b5371	gia con quel nome	il file si chiama gia cosi
2026-08-22T17:23:33	Spalle e Cuffia	Alzate laterali manubri.gif	Alzate laterali manubri.gif	92c721c7605104d78f4ffc2107a907b28af4164c789be0c7e01c22cacd328285	gia con quel nome	il file si chiama gia cosi
2026-08-22T17:23:33	Spalle e Cuffia	Alzate laterali manubri prono panca inclinata.gif	Alzate laterali manubri prono panca inclinata.gif	cf6fa4aa4aa9e80e83188a857b2c5768b8bd076aec2560dc2d2f00b1f2f559cc	gia con quel nome	il file si chiama gia cosi
2026-08-22T17:23:33	Spalle e Cuffia	Alzate laterali manubri panca piana.gif	Alzate laterali manubri panca piana.gif	bba3961a703bec718e71c0b2a2f1307e71dceddd2da8837533ed4ecd2c08913a	gia con quel nome	il file si chiama gia cosi
2026-08-22T17:23:33	Spalle e Cuffia	Alzate laterali un braccio cavo basso.gif	Alzate laterali un braccio cavo basso.gif	a5def2b30b9b1000cfa4168a52b565226975e9f62021cceed325a1c9c138bd8f	gia con quel nome	il file si chiama gia cosi
2026-08-22T17:23:33	Spalle e Cuffia	Alzate laterali un braccio cavo basso inclinazione laterale.gif	Alzate laterali un braccio cavo basso inclinazione laterale.gif	3fedbb740a23c266aac18d4c04b797c014a001b3201d7e3da47542144ec23e74	gia con quel nome	il file si chiama gia cosi
2026-08-22T17:23:33	Spalle e Cuffia	Alzate laterali un braccio manubrio gomito 90 gradi.gif	Alzate laterali un braccio manubrio gomito 90 gradi.gif	8477e4eec538d9abaec09f98393f4e8905b4deab0a03b452bc4cd639efefeb0c	gia con quel nome	il file si chiama gia cosi
2026-08-22T17:23:33	Spalle e Cuffia	Alzate laterali un braccio manubrio.gif	Alzate laterali un braccio manubrio.gif	8e67956b9023a8de84197570154ec6b7ce09b4004e0303a73cef1491fc5241d6	gia con quel nome	il file si chiama gia cosi
2026-08-22T17:23:33	Spalle e Cuffia	Alzate laterali un braccio manubrio inclinazione laterale.gif	Alzate laterali un braccio manubrio inclinazione laterale.gif	a77b92a3c7fe619e7b1b6cdaecd9a73cd59adcc89d91354212414f68d1958c93	gia con quel nome	il file si chiama gia cosi
2026-08-22T17:23:33	Spalle e Cuffia	Alzate multi-angolo manubri.gif	Alzate multi-angolo manubri.gif	3c9686bd2f068b7beb6708c0972d78b15861b0664548a2167f866b094491035b	gia con quel nome	il file si chiama gia cosi
2026-08-22T17:23:33	Spalle e Cuffia	Camminata verticale.gif	Camminata verticale.gif	5830cea7741c8fa410d5f2cf247123599e33c9d55a4026fe0a30d96c1e5e3f70	gia con quel nome	il file si chiama gia cosi
2026-08-22T17:23:33	Spalle e Cuffia	Distensioni landmine in ginocchio.gif	Distensioni landmine in ginocchio.gif	6dbc97aaa3c1fef1168f425b4b4fec2ca231a6b380cc7ee3fe3e85493ef039ab	gia con quel nome	il file si chiama gia cosi
2026-08-22T17:23:33	Spalle e Cuffia	Incroci braccia.gif	Incroci braccia.gif	52091a992cd4dc1eeef5077be1d618ab886dda0de3b50456ab8190ab3074db6f	gia con quel nome	il file si chiama gia cosi
2026-08-22T17:23:33	Spalle e Cuffia	Intrarotazione cavo.gif	Intrarotazione cavo.gif	356a6d4b58806dae2a871611e389a475a9c2d7f36ec8b5bc82233258d4e8cf57	gia con quel nome	il file si chiama gia cosi
2026-08-22T17:23:33	Spalle e Cuffia	Lento Arnold manubri.gif	Lento Arnold manubri.gif	95a6a2b85d9ef1a0de47a32f86c9ee206caf0793ff302256d2bc6e77fd510e8e	gia con quel nome	il file si chiama gia cosi
2026-08-22T17:23:33	Spalle e Cuffia	Lento Arnold manubri panca verticale.gif	Lento Arnold manubri panca verticale.gif	5da15b808be7d4f5b21aa519b21e439369aff1aad86e68d493ba5754c1ccae83	gia con quel nome	il file si chiama gia cosi
2026-08-22T17:23:33	Spalle e Cuffia	Lento avanti alternato manubri.gif	Lento avanti alternato manubri.gif	a5ecfe693d0c715603ae315f6d5977b14e0cdfb74d4bd6db3da490b1de6b4d84	gia con quel nome	il file si chiama gia cosi
2026-08-22T17:23:33	Spalle e Cuffia	Lento avanti bilanciere.gif	Lento avanti bilanciere.gif	ccfc5b8cb9c09ace323c08e80cf89aa092b9bc1695c217bac6b83d15bcc13a1d	gia con quel nome	il file si chiama gia cosi
2026-08-22T17:23:33	Spalle e Cuffia	Lento avanti bilanciere pin press.gif	Lento avanti bilanciere pin press.gif	942c1e79821749207bcf70dc97f2f621885a6ad8ca205fb27700e75e057ab1da	gia con quel nome	il file si chiama gia cosi
2026-08-22T17:23:33	Spalle e Cuffia	Lento avanti bilanciere rack.gif	Lento avanti bilanciere rack.gif	994826dd5e1266914f728600f4935bb5bbe9672fe262840f2d0cbd601c0e7a8c	gia con quel nome	il file si chiama gia cosi
2026-08-22T17:23:33	Spalle e Cuffia	Lento avanti bilanciere rack panca piana.gif	Lento avanti bilanciere rack panca piana.gif	ff7959ecb4abee998aba279065649bd5c72a3ac393eb513c739289675e2f0e0a	gia con quel nome	il file si chiama gia cosi
2026-08-22T17:23:33	Spalle e Cuffia	Lento avanti bilanciere seduto a terra.gif	Lento avanti bilanciere seduto a terra.gif	6e952d4e4e299d47a3704c0956eb9e6bbfebad283d407b924a213acfe7dfa5cf	gia con quel nome	il file si chiama gia cosi
2026-08-22T17:23:33	Spalle e Cuffia	Lento avanti cavi bassi.gif	Lento avanti cavi bassi.gif	ec1c3751ff841478a2de0db98a296753988ca7c5b873a5e1cf1529d76239eac3	gia con quel nome	il file si chiama gia cosi
2026-08-22T17:23:33	Spalle e Cuffia	Lento avanti elastico seduto.gif	Lento avanti elastico seduto.gif	6f8cbf7ef038019d394d6350a7997e232a63b224ad13fdd75c93be9fc33b600f	gia con quel nome	il file si chiama gia cosi
2026-08-22T17:23:33	Spalle e Cuffia	Lento avanti isometrico.gif	Lento avanti isometrico.gif	081a4c74b0c1b191910c9d729b5d74f308a3736ea30bce6ccf748ec2fce8ac6d	gia con quel nome	il file si chiama gia cosi
2026-08-22T17:23:33	Spalle e Cuffia	Lento avanti macchina a dischi seduto.gif	Lento avanti macchina a dischi seduto.gif	d2bc9b9ae62212e2d21a5a975bd6686a3fb606a6242f8ab3960e42714c90800c	gia con quel nome	il file si chiama gia cosi
2026-08-22T17:23:33	Spalle e Cuffia	Lento avanti macchina pacco pesi seduto.gif	Lento avanti macchina pacco pesi seduto.gif	ffeab8378356d82e6f550aed211cdef8adc1f90220da7bcf2943329266164253	gia con quel nome	il file si chiama gia cosi
2026-08-22T17:23:33	Spalle e Cuffia	Lento avanti manubri.gif	Lento avanti manubri.gif	f3161db13aec8a14c5c5652d42f655e15969242ca9a84e47ca8ff2808a44007c	gia con quel nome	il file si chiama gia cosi
2026-08-22T17:23:33	Spalle e Cuffia	Lento avanti manubri panca verticale.gif	Lento avanti manubri panca verticale.gif	8b01e8967512aa62e6e0b814a600c00f24c716e2967ea4bb4bd6572368040bb9	gia con quel nome	il file si chiama gia cosi
2026-08-22T17:23:33	Spalle e Cuffia	Lento avanti multipower.gif	Lento avanti multipower.gif	0826db02f6c822155ce7fb0a017f5f170d84b364376ca736234df981c3e44bd7	gia con quel nome	il file si chiama gia cosi
2026-08-22T17:23:33	Spalle e Cuffia	Lento avanti multipower seduto.gif	Lento avanti multipower seduto.gif	9170b362177df86a05f708b83ff09e01c29adfd63e771c3b8d3b4fd383e1b5e0	gia con quel nome	il file si chiama gia cosi
2026-08-22T17:23:33	Spalle e Cuffia	Lento avanti un braccio manubrio.gif	Lento avanti un braccio manubrio.gif	770c8ed85cc83fd810ce47608d3ef1aed5f3f0c90c75d6ac66e3f25eb4a99088	gia con quel nome	il file si chiama gia cosi
2026-08-22T17:23:33	Spalle e Cuffia	Lento dietro barra elastico.gif	Lento dietro barra elastico.gif	a087cad769fcd7edc4dc6b2f7760c3b7862a6b8aefe802e32a9007fda80d4552	gia con quel nome	il file si chiama gia cosi
2026-08-22T17:23:33	Spalle e Cuffia	Lento dietro bilanciere.gif	Lento dietro bilanciere.gif	923a8d2302738e1ec3a56f9d86f6c43c7823b36020d390868b0a23a0e3f286a3	gia con quel nome	il file si chiama gia cosi
2026-08-22T17:23:33	Spalle e Cuffia	Lento dietro bilanciere seduto.gif	Lento dietro bilanciere seduto.gif	385a2451cbe6cdb68d41d10221d791f2982145650c0c4d5f83730da0bc8756ac	gia con quel nome	il file si chiama gia cosi
2026-08-22T17:23:33	Spalle e Cuffia	Lento dietro un braccio elastico.gif	Lento dietro un braccio elastico.gif	bde40879a5e65b8849f2be9cf9609c5ffaa339407cc51f559175e50b4d6dd4b5	gia con quel nome	il file si chiama gia cosi
2026-08-22T17:23:33	Spalle e Cuffia	Piegamenti pike deficit sedie.gif	Piegamenti pike deficit sedie.gif	0b1c5ebc98dde2cb005f41a1f3d219cac7cf89cff9a34dceca156969ded2a68d	gia con quel nome	il file si chiama gia cosi
2026-08-22T17:23:33	Spalle e Cuffia	Piegamenti pike panca piana.gif	Piegamenti pike panca piana.gif	ebb2f540bc9d739feb7a18c6b36115fe98d8a4c7367b406fc43f75590f245ac9	gia con quel nome	il file si chiama gia cosi
2026-08-22T17:23:33	Spalle e Cuffia	Piegamenti verticale.gif	Piegamenti verticale.gif	e5aa222d19d5bc95a6fdbb2f360c059c2e31025379c27608c3d908c2621ae430	gia con quel nome	il file si chiama gia cosi
2026-08-22T17:23:33	Spalle e Cuffia	Push jerk bilanciere.gif	Push jerk bilanciere.gif	dd8262bf27d01547744ab4ba2d55c433b96ab917a1ad8eee3e303eeecadd0fda	gia con quel nome	il file si chiama gia cosi
2026-08-22T17:23:33	Spalle e Cuffia	Push press bilanciere.gif	Push press bilanciere.gif	0c164c5c6bbdc4e18d967fee84303cdc1aa32c853f36b824e82cecd59d179d70	gia con quel nome	il file si chiama gia cosi
2026-08-22T17:23:33	Spalle e Cuffia	Squat croce di ferro manubri.gif	Squat croce di ferro manubri.gif	aa13a9a1a7bd8b3317a3b134ca231913cbc992dc9c3e9ab828f4115a4f3daae9	gia con quel nome	il file si chiama gia cosi
2026-08-22T17:23:33	Spalle e Cuffia	Squat lanci palla un braccio in piedi.gif	Squat con lancio palla un braccio.gif	fe3c04275eca5b677ae3554bd2093a2413125ed7a129533f7fa67b8931582f26	rinominato	
2026-08-22T17:23:33	Spalle e Cuffia	Alzate laterali fianco manubrio panca inclinata 45° (Dumbbell side lying lateral raise incline bench 45°).gif	Alzate laterali fianco manubrio panca inclinata.gif	ec6641540afedba67ff07cb20397c06ff01efa9367d89e8377afc059e1b3c0eb	rinominato	
2026-08-22T17:23:33	Spalle e Cuffia	Extrarotazione cavo in piedi (Cable external rotation standing).gif	Extrarotazione cavo.gif	06eda1526efe21bc32d11bc9728df27f94cfddbeb3c9b2d3fbc5ddd37bd20d55	rinominato	
2026-08-22T17:45:53	Spalle e Cuffia	Alzate diagonali un braccio elastico gomito 90 gradi.gif	Alzate diagonali un braccio elastico gomito 90 gradi.gif	792ead4a9f78017b76cd4ad2cf7438bf52bfd338d37287a4c1d86fce92d45d0c	gia con quel nome	il file si chiama gia cosi
2026-08-22T17:45:53	Spalle e Cuffia	Alzate diagonali inclinate elastico.gif	Alzate diagonali inclinate elastico.gif	8e698f0f9396c5073c56d9c5fa1827ef113f9bbcdb565066ac76316efe1f1b58	gia con quel nome	il file si chiama gia cosi
2026-08-22T17:45:53	Spalle e Cuffia	Alzate frontali alternate manubri.gif	Alzate frontali alternate manubri.gif	f6470822b70d4d0d19a9bdb9644355414074225a32936e3bec78bcd90f460843	gia con quel nome	il file si chiama gia cosi
2026-08-22T17:45:53	Spalle e Cuffia	Alzate frontali barra cavo basso.gif	Alzate frontali barra cavo basso.gif	8bff5eba739e748dd326873ec559185d6ddc0e9972517b94a89647d884a4af23	gia con quel nome	il file si chiama gia cosi
2026-08-22T17:45:53	Spalle e Cuffia	Alzate frontali bilanciere.gif	Alzate frontali bilanciere.gif	017db012e56ef7f612b79e8ca07c1b3f95cef596919f465b24e1b30109081ed9	gia con quel nome	il file si chiama gia cosi
2026-08-22T17:45:53	Spalle e Cuffia	Alzate frontali diagonali manubri.gif	Alzate frontali diagonali manubri.gif	c54bd66c2aa69a9fdeb480672d3dea3b8a0c62067e33227e0aa3d4a6709e3e41	gia con quel nome	il file si chiama gia cosi
2026-08-22T17:45:53	Spalle e Cuffia	Alzate frontali incrociate cavi bassi.gif	Alzate frontali incrociate cavi bassi.gif	38111f3987bf261f4226ebbd3adc64f96321c501c1634ec636085988dc9f7ebd	gia con quel nome	il file si chiama gia cosi
2026-08-22T17:45:53	Spalle e Cuffia	Alzate frontali manubri.gif	Alzate frontali manubri.gif	8eef8eb3cd10689a9e01b7fd3792b50de0d78e666628303f492b30762567c50d	gia con quel nome	il file si chiama gia cosi
2026-08-22T17:45:53	Spalle e Cuffia	Alzate frontali manubri panca verticale.gif	Alzate frontali manubri panca verticale.gif	198d4853344bd714fc483cd7cb18d9e844feffd2b97c378805ec117f930cccbb	gia con quel nome	il file si chiama gia cosi
2026-08-22T17:45:53	Spalle e Cuffia	Alzate frontali manubri prono panca inclinata 45 gradi.gif	Alzate frontali manubri prono panca inclinata.gif	b1fd6b133bc8e7b81c50bf55a36f50e5695e81e13ab7257cae7b472db842aca1	rinominato	
2026-08-22T17:45:53	Spalle e Cuffia	Alzate frontali un braccio cavo basso.gif	Alzate frontali un braccio cavo basso.gif	640d2f8ab575515c996c0f96b8314c0bb97bc07d5140abec492fa2c7a4ec9cbf	gia con quel nome	il file si chiama gia cosi
2026-08-22T17:45:53	Spalle e Cuffia	Alzate frontali un manubrio mani unite.gif	Alzate frontali un manubrio mani unite.gif	ff8eb0fda50cfaf12d46cc84e58d34519db2a386983acdc630bfdd522e11ffc3	gia con quel nome	il file si chiama gia cosi
2026-08-22T17:45:53	Spalle e Cuffia	Alzate laterali un braccio asciugamano parete.gif	Alzate laterali un braccio asciugamano parete.gif	295b8966b358cbd30908962933e1a05e1d0bd81c33f31038c4000a0a2d1f304d	gia con quel nome	il file si chiama gia cosi
2026-08-22T17:45:53	Spalle e Cuffia	Alzate laterali discesa frontale manubri.gif	Alzate laterali discesa frontale manubri.gif	16b44866f3621e62cd11d07558779158dae7db8586a4d893b38d108697c5d1b7	gia con quel nome	il file si chiama gia cosi
2026-08-22T17:45:53	Spalle e Cuffia	Alzate laterali incrociate cavi bassi.gif	Alzate laterali incrociate cavi bassi.gif	230153e8622ceeb1ffcdf48084a543659d1db538bf62065f7787333c2801f8b0	gia con quel nome	il file si chiama gia cosi
2026-08-22T17:45:53	Spalle e Cuffia	Alzate laterali isometriche.gif	Alzate laterali isometriche.gif	e94b4ffcd69a50f4aaecf9f5ba012971a2157d2ecf3087351b11766638565574	gia con quel nome	il file si chiama gia cosi
2026-08-22T17:45:53	Spalle e Cuffia	Alzate laterali macchina a leve seduto.gif	Alzate laterali macchina a leve seduto.gif	008ce4040be27e153eb82a2f977330d4b6078612fb90778ebb5ccb60ac719830	gia con quel nome	il file si chiama gia cosi
2026-08-22T17:45:53	Spalle e Cuffia	Alzate laterali macchina appoggio gomito seduto.gif	Alzate laterali macchina appoggio gomito seduto.gif	33e45df23fbf11e48873dfbe4062c2f79fc973cdeb81105dbbc64bdf789b5371	gia con quel nome	il file si chiama gia cosi
2026-08-22T17:45:53	Spalle e Cuffia	Alzate laterali manubri.gif	Alzate laterali manubri.gif	92c721c7605104d78f4ffc2107a907b28af4164c789be0c7e01c22cacd328285	gia con quel nome	il file si chiama gia cosi
2026-08-22T17:45:53	Spalle e Cuffia	Alzate laterali manubri prono panca inclinata.gif	Alzate laterali manubri prono panca inclinata.gif	cf6fa4aa4aa9e80e83188a857b2c5768b8bd076aec2560dc2d2f00b1f2f559cc	gia con quel nome	il file si chiama gia cosi
2026-08-22T17:45:53	Spalle e Cuffia	Alzate laterali manubri panca piana.gif	Alzate laterali manubri panca piana.gif	bba3961a703bec718e71c0b2a2f1307e71dceddd2da8837533ed4ecd2c08913a	gia con quel nome	il file si chiama gia cosi
2026-08-22T17:45:53	Spalle e Cuffia	Alzate laterali un braccio cavo basso.gif	Alzate laterali un braccio cavo basso.gif	a5def2b30b9b1000cfa4168a52b565226975e9f62021cceed325a1c9c138bd8f	gia con quel nome	il file si chiama gia cosi
2026-08-22T17:45:53	Spalle e Cuffia	Alzate laterali un braccio cavo basso inclinazione laterale.gif	Alzate laterali un braccio cavo basso inclinazione laterale.gif	3fedbb740a23c266aac18d4c04b797c014a001b3201d7e3da47542144ec23e74	gia con quel nome	il file si chiama gia cosi
2026-08-22T17:45:53	Spalle e Cuffia	Alzate laterali un braccio manubrio gomito 90 gradi.gif	Alzate laterali un braccio manubrio gomito 90 gradi.gif	8477e4eec538d9abaec09f98393f4e8905b4deab0a03b452bc4cd639efefeb0c	gia con quel nome	il file si chiama gia cosi
2026-08-22T17:45:53	Spalle e Cuffia	Alzate laterali un braccio manubrio.gif	Alzate laterali un braccio manubrio.gif	8e67956b9023a8de84197570154ec6b7ce09b4004e0303a73cef1491fc5241d6	gia con quel nome	il file si chiama gia cosi
2026-08-22T17:45:53	Spalle e Cuffia	Alzate laterali un braccio manubrio inclinazione laterale.gif	Alzate laterali un braccio manubrio inclinazione laterale.gif	a77b92a3c7fe619e7b1b6cdaecd9a73cd59adcc89d91354212414f68d1958c93	gia con quel nome	il file si chiama gia cosi
2026-08-22T17:45:53	Spalle e Cuffia	Alzate multi-angolo manubri.gif	Alzate multi-angolo manubri.gif	3c9686bd2f068b7beb6708c0972d78b15861b0664548a2167f866b094491035b	gia con quel nome	il file si chiama gia cosi
2026-08-22T17:45:53	Spalle e Cuffia	Camminata verticale.gif	Camminata verticale.gif	5830cea7741c8fa410d5f2cf247123599e33c9d55a4026fe0a30d96c1e5e3f70	gia con quel nome	il file si chiama gia cosi
2026-08-22T17:45:53	Spalle e Cuffia	Distensioni landmine in ginocchio.gif	Distensioni landmine in ginocchio.gif	6dbc97aaa3c1fef1168f425b4b4fec2ca231a6b380cc7ee3fe3e85493ef039ab	gia con quel nome	il file si chiama gia cosi
2026-08-22T17:45:53	Spalle e Cuffia	Incroci braccia.gif	Incroci braccia.gif	52091a992cd4dc1eeef5077be1d618ab886dda0de3b50456ab8190ab3074db6f	gia con quel nome	il file si chiama gia cosi
2026-08-22T17:45:53	Spalle e Cuffia	Intrarotazione cavo.gif	Intrarotazione cavo.gif	356a6d4b58806dae2a871611e389a475a9c2d7f36ec8b5bc82233258d4e8cf57	gia con quel nome	il file si chiama gia cosi
2026-08-22T17:45:53	Spalle e Cuffia	Lento Arnold manubri.gif	Lento Arnold manubri.gif	95a6a2b85d9ef1a0de47a32f86c9ee206caf0793ff302256d2bc6e77fd510e8e	gia con quel nome	il file si chiama gia cosi
2026-08-22T17:45:53	Spalle e Cuffia	Lento Arnold manubri panca verticale.gif	Lento Arnold manubri panca verticale.gif	5da15b808be7d4f5b21aa519b21e439369aff1aad86e68d493ba5754c1ccae83	gia con quel nome	il file si chiama gia cosi
2026-08-22T17:45:53	Spalle e Cuffia	Lento avanti alternato manubri.gif	Lento avanti alternato manubri.gif	a5ecfe693d0c715603ae315f6d5977b14e0cdfb74d4bd6db3da490b1de6b4d84	gia con quel nome	il file si chiama gia cosi
2026-08-22T17:45:53	Spalle e Cuffia	Lento avanti bilanciere.gif	Lento avanti bilanciere.gif	ccfc5b8cb9c09ace323c08e80cf89aa092b9bc1695c217bac6b83d15bcc13a1d	gia con quel nome	il file si chiama gia cosi
2026-08-22T17:45:53	Spalle e Cuffia	Lento avanti bilanciere pin press.gif	Lento avanti bilanciere pin press.gif	942c1e79821749207bcf70dc97f2f621885a6ad8ca205fb27700e75e057ab1da	gia con quel nome	il file si chiama gia cosi
2026-08-22T17:45:53	Spalle e Cuffia	Lento avanti bilanciere rack.gif	Lento avanti bilanciere rack.gif	994826dd5e1266914f728600f4935bb5bbe9672fe262840f2d0cbd601c0e7a8c	gia con quel nome	il file si chiama gia cosi
2026-08-22T17:45:53	Spalle e Cuffia	Lento avanti bilanciere rack panca piana.gif	Lento avanti bilanciere rack panca piana.gif	ff7959ecb4abee998aba279065649bd5c72a3ac393eb513c739289675e2f0e0a	gia con quel nome	il file si chiama gia cosi
2026-08-22T17:45:53	Spalle e Cuffia	Lento avanti bilanciere seduto a terra.gif	Lento avanti bilanciere seduto a terra.gif	6e952d4e4e299d47a3704c0956eb9e6bbfebad283d407b924a213acfe7dfa5cf	gia con quel nome	il file si chiama gia cosi
2026-08-22T17:45:53	Spalle e Cuffia	Lento avanti cavi bassi.gif	Lento avanti cavi bassi.gif	ec1c3751ff841478a2de0db98a296753988ca7c5b873a5e1cf1529d76239eac3	gia con quel nome	il file si chiama gia cosi
2026-08-22T17:45:53	Spalle e Cuffia	Lento avanti elastico seduto.gif	Lento avanti elastico seduto.gif	6f8cbf7ef038019d394d6350a7997e232a63b224ad13fdd75c93be9fc33b600f	gia con quel nome	il file si chiama gia cosi
2026-08-22T17:45:53	Spalle e Cuffia	Lento avanti isometrico.gif	Lento avanti isometrico.gif	081a4c74b0c1b191910c9d729b5d74f308a3736ea30bce6ccf748ec2fce8ac6d	gia con quel nome	il file si chiama gia cosi
2026-08-22T17:45:53	Spalle e Cuffia	Lento avanti macchina a dischi seduto.gif	Lento avanti macchina a dischi seduto.gif	d2bc9b9ae62212e2d21a5a975bd6686a3fb606a6242f8ab3960e42714c90800c	gia con quel nome	il file si chiama gia cosi
2026-08-22T17:45:53	Spalle e Cuffia	Lento avanti macchina pacco pesi seduto.gif	Lento avanti macchina pacco pesi seduto.gif	ffeab8378356d82e6f550aed211cdef8adc1f90220da7bcf2943329266164253	gia con quel nome	il file si chiama gia cosi
2026-08-22T17:45:53	Spalle e Cuffia	Lento avanti manubri.gif	Lento avanti manubri.gif	f3161db13aec8a14c5c5652d42f655e15969242ca9a84e47ca8ff2808a44007c	gia con quel nome	il file si chiama gia cosi
2026-08-22T17:45:53	Spalle e Cuffia	Lento avanti manubri panca verticale.gif	Lento avanti manubri panca verticale.gif	8b01e8967512aa62e6e0b814a600c00f24c716e2967ea4bb4bd6572368040bb9	gia con quel nome	il file si chiama gia cosi
2026-08-22T17:45:53	Spalle e Cuffia	Lento avanti multipower.gif	Lento avanti multipower.gif	0826db02f6c822155ce7fb0a017f5f170d84b364376ca736234df981c3e44bd7	gia con quel nome	il file si chiama gia cosi
2026-08-22T17:45:53	Spalle e Cuffia	Lento avanti multipower seduto.gif	Lento avanti multipower seduto.gif	9170b362177df86a05f708b83ff09e01c29adfd63e771c3b8d3b4fd383e1b5e0	gia con quel nome	il file si chiama gia cosi
2026-08-22T17:45:53	Spalle e Cuffia	Lento avanti un braccio manubrio.gif	Lento avanti un braccio manubrio.gif	770c8ed85cc83fd810ce47608d3ef1aed5f3f0c90c75d6ac66e3f25eb4a99088	gia con quel nome	il file si chiama gia cosi
2026-08-22T17:45:53	Spalle e Cuffia	Lento dietro barra elastico.gif	Lento dietro barra elastico.gif	a087cad769fcd7edc4dc6b2f7760c3b7862a6b8aefe802e32a9007fda80d4552	gia con quel nome	il file si chiama gia cosi
2026-08-22T17:45:53	Spalle e Cuffia	Lento dietro bilanciere.gif	Lento dietro bilanciere.gif	923a8d2302738e1ec3a56f9d86f6c43c7823b36020d390868b0a23a0e3f286a3	gia con quel nome	il file si chiama gia cosi
2026-08-22T17:45:53	Spalle e Cuffia	Lento dietro bilanciere seduto.gif	Lento dietro bilanciere seduto.gif	385a2451cbe6cdb68d41d10221d791f2982145650c0c4d5f83730da0bc8756ac	gia con quel nome	il file si chiama gia cosi
2026-08-22T17:45:53	Spalle e Cuffia	Lento dietro un braccio elastico.gif	Lento dietro un braccio elastico.gif	bde40879a5e65b8849f2be9cf9609c5ffaa339407cc51f559175e50b4d6dd4b5	gia con quel nome	il file si chiama gia cosi
2026-08-22T17:45:53	Spalle e Cuffia	Piegamenti pike deficit sedie.gif	Piegamenti pike deficit sedie.gif	0b1c5ebc98dde2cb005f41a1f3d219cac7cf89cff9a34dceca156969ded2a68d	gia con quel nome	il file si chiama gia cosi
2026-08-22T17:45:53	Spalle e Cuffia	Piegamenti pike panca piana.gif	Piegamenti pike panca piana.gif	ebb2f540bc9d739feb7a18c6b36115fe98d8a4c7367b406fc43f75590f245ac9	gia con quel nome	il file si chiama gia cosi
2026-08-22T17:45:53	Spalle e Cuffia	Piegamenti verticale.gif	Piegamenti verticale.gif	e5aa222d19d5bc95a6fdbb2f360c059c2e31025379c27608c3d908c2621ae430	gia con quel nome	il file si chiama gia cosi
2026-08-22T17:45:53	Spalle e Cuffia	Push jerk bilanciere.gif	Push jerk bilanciere.gif	dd8262bf27d01547744ab4ba2d55c433b96ab917a1ad8eee3e303eeecadd0fda	gia con quel nome	il file si chiama gia cosi
2026-08-22T17:45:53	Spalle e Cuffia	Push press bilanciere.gif	Push press bilanciere.gif	0c164c5c6bbdc4e18d967fee84303cdc1aa32c853f36b824e82cecd59d179d70	gia con quel nome	il file si chiama gia cosi
2026-08-22T17:45:53	Spalle e Cuffia	Squat croce di ferro manubri.gif	Squat croce di ferro manubri.gif	aa13a9a1a7bd8b3317a3b134ca231913cbc992dc9c3e9ab828f4115a4f3daae9	gia con quel nome	il file si chiama gia cosi
2026-08-22T17:45:53	Spalle e Cuffia	Squat con lancio palla un braccio.gif	Squat con lancio palla un braccio.gif	fe3c04275eca5b677ae3554bd2093a2413125ed7a129533f7fa67b8931582f26	gia con quel nome	il file si chiama gia cosi
2026-08-22T17:45:53	Spalle e Cuffia	Alzate laterali fianco manubrio panca inclinata.gif	Alzate laterali fianco manubrio panca inclinata.gif	ec6641540afedba67ff07cb20397c06ff01efa9367d89e8377afc059e1b3c0eb	gia con quel nome	il file si chiama gia cosi
2026-08-22T17:45:53	Spalle e Cuffia	Extrarotazione cavo.gif	Extrarotazione cavo.gif	06eda1526efe21bc32d11bc9728df27f94cfddbeb3c9b2d3fbc5ddd37bd20d55	gia con quel nome	il file si chiama gia cosi
2026-08-22T18:14:25	Spalle e Cuffia	Alzate diagonali un braccio elastico gomito 90 gradi.gif	Alzate diagonali un braccio elastico gomito 90 gradi.gif	792ead4a9f78017b76cd4ad2cf7438bf52bfd338d37287a4c1d86fce92d45d0c	gia con quel nome	il file si chiama gia cosi
2026-08-22T18:14:25	Spalle e Cuffia	Alzate diagonali inclinate elastico.gif	Alzate diagonali inclinate elastico.gif	8e698f0f9396c5073c56d9c5fa1827ef113f9bbcdb565066ac76316efe1f1b58	gia con quel nome	il file si chiama gia cosi
2026-08-22T18:14:25	Spalle e Cuffia	Alzate frontali alternate manubri.gif	Alzate frontali alternate manubri.gif	f6470822b70d4d0d19a9bdb9644355414074225a32936e3bec78bcd90f460843	gia con quel nome	il file si chiama gia cosi
2026-08-22T18:14:25	Spalle e Cuffia	Alzate frontali barra cavo basso.gif	Alzate frontali barra cavo basso.gif	8bff5eba739e748dd326873ec559185d6ddc0e9972517b94a89647d884a4af23	gia con quel nome	il file si chiama gia cosi
2026-08-22T18:14:25	Spalle e Cuffia	Alzate frontali bilanciere.gif	Alzate frontali bilanciere.gif	017db012e56ef7f612b79e8ca07c1b3f95cef596919f465b24e1b30109081ed9	gia con quel nome	il file si chiama gia cosi
2026-08-22T18:14:25	Spalle e Cuffia	Alzate frontali diagonali manubri.gif	Alzate frontali diagonali manubri.gif	c54bd66c2aa69a9fdeb480672d3dea3b8a0c62067e33227e0aa3d4a6709e3e41	gia con quel nome	il file si chiama gia cosi
2026-08-22T18:14:25	Spalle e Cuffia	Alzate frontali incrociate cavi bassi.gif	Alzate frontali incrociate cavi bassi.gif	38111f3987bf261f4226ebbd3adc64f96321c501c1634ec636085988dc9f7ebd	gia con quel nome	il file si chiama gia cosi
2026-08-22T18:14:25	Spalle e Cuffia	Alzate frontali manubri.gif	Alzate frontali manubri.gif	8eef8eb3cd10689a9e01b7fd3792b50de0d78e666628303f492b30762567c50d	gia con quel nome	il file si chiama gia cosi
2026-08-22T18:14:25	Spalle e Cuffia	Alzate frontali manubri panca verticale.gif	Alzate frontali manubri panca verticale.gif	198d4853344bd714fc483cd7cb18d9e844feffd2b97c378805ec117f930cccbb	gia con quel nome	il file si chiama gia cosi
2026-08-22T18:14:25	Spalle e Cuffia	Alzate frontali manubri prono panca inclinata.gif	Alzate frontali manubri prono panca inclinata.gif	b1fd6b133bc8e7b81c50bf55a36f50e5695e81e13ab7257cae7b472db842aca1	gia con quel nome	il file si chiama gia cosi
2026-08-22T18:14:25	Spalle e Cuffia	Alzate frontali un braccio cavo basso.gif	Alzate frontali un braccio cavo basso.gif	640d2f8ab575515c996c0f96b8314c0bb97bc07d5140abec492fa2c7a4ec9cbf	gia con quel nome	il file si chiama gia cosi
2026-08-22T18:14:25	Spalle e Cuffia	Alzate frontali un manubrio mani unite.gif	Alzate frontali un manubrio mani unite.gif	ff8eb0fda50cfaf12d46cc84e58d34519db2a386983acdc630bfdd522e11ffc3	gia con quel nome	il file si chiama gia cosi
2026-08-22T18:14:25	Spalle e Cuffia	Alzate laterali un braccio asciugamano parete.gif	Alzate laterali un braccio asciugamano parete.gif	295b8966b358cbd30908962933e1a05e1d0bd81c33f31038c4000a0a2d1f304d	gia con quel nome	il file si chiama gia cosi
2026-08-22T18:14:25	Spalle e Cuffia	Alzate laterali discesa frontale manubri.gif	Alzate laterali discesa frontale manubri.gif	16b44866f3621e62cd11d07558779158dae7db8586a4d893b38d108697c5d1b7	gia con quel nome	il file si chiama gia cosi
2026-08-22T18:14:25	Spalle e Cuffia	Alzate laterali incrociate cavi bassi.gif	Alzate laterali incrociate cavi bassi.gif	230153e8622ceeb1ffcdf48084a543659d1db538bf62065f7787333c2801f8b0	gia con quel nome	il file si chiama gia cosi
2026-08-22T18:14:25	Spalle e Cuffia	Alzate laterali isometriche.gif	Alzate laterali isometriche.gif	e94b4ffcd69a50f4aaecf9f5ba012971a2157d2ecf3087351b11766638565574	gia con quel nome	il file si chiama gia cosi
2026-08-22T18:14:25	Spalle e Cuffia	Alzate laterali macchina a leve seduto.gif	Alzate laterali macchina a leve seduto.gif	008ce4040be27e153eb82a2f977330d4b6078612fb90778ebb5ccb60ac719830	gia con quel nome	il file si chiama gia cosi
2026-08-22T18:14:25	Spalle e Cuffia	Alzate laterali macchina appoggio gomito seduto.gif	Alzate laterali macchina appoggio gomito seduto.gif	33e45df23fbf11e48873dfbe4062c2f79fc973cdeb81105dbbc64bdf789b5371	gia con quel nome	il file si chiama gia cosi
2026-08-22T18:14:25	Spalle e Cuffia	Alzate laterali manubri.gif	Alzate laterali manubri.gif	92c721c7605104d78f4ffc2107a907b28af4164c789be0c7e01c22cacd328285	gia con quel nome	il file si chiama gia cosi
2026-08-22T18:14:25	Spalle e Cuffia	Alzate laterali manubri prono panca inclinata.gif	Alzate laterali manubri prono panca inclinata.gif	cf6fa4aa4aa9e80e83188a857b2c5768b8bd076aec2560dc2d2f00b1f2f559cc	gia con quel nome	il file si chiama gia cosi
2026-08-22T18:14:25	Spalle e Cuffia	Alzate laterali manubri panca piana.gif	Alzate laterali manubri panca piana.gif	bba3961a703bec718e71c0b2a2f1307e71dceddd2da8837533ed4ecd2c08913a	gia con quel nome	il file si chiama gia cosi
2026-08-22T18:14:25	Spalle e Cuffia	Alzate laterali un braccio cavo basso.gif	Alzate laterali un braccio cavo basso.gif	a5def2b30b9b1000cfa4168a52b565226975e9f62021cceed325a1c9c138bd8f	gia con quel nome	il file si chiama gia cosi
2026-08-22T18:14:25	Spalle e Cuffia	Alzate laterali un braccio cavo basso inclinazione laterale.gif	Alzate laterali un braccio cavo basso inclinazione laterale.gif	3fedbb740a23c266aac18d4c04b797c014a001b3201d7e3da47542144ec23e74	gia con quel nome	il file si chiama gia cosi
2026-08-22T18:14:25	Spalle e Cuffia	Alzate laterali un braccio manubrio gomito 90 gradi.gif	Alzate laterali un braccio manubrio gomito 90 gradi.gif	8477e4eec538d9abaec09f98393f4e8905b4deab0a03b452bc4cd639efefeb0c	gia con quel nome	il file si chiama gia cosi
2026-08-22T18:14:25	Spalle e Cuffia	Alzate laterali un braccio manubrio.gif	Alzate laterali un braccio manubrio.gif	8e67956b9023a8de84197570154ec6b7ce09b4004e0303a73cef1491fc5241d6	gia con quel nome	il file si chiama gia cosi
2026-08-22T18:14:25	Spalle e Cuffia	Alzate laterali un braccio manubrio inclinazione laterale.gif	Alzate laterali un braccio manubrio inclinazione laterale.gif	a77b92a3c7fe619e7b1b6cdaecd9a73cd59adcc89d91354212414f68d1958c93	gia con quel nome	il file si chiama gia cosi
2026-08-22T18:14:25	Spalle e Cuffia	Alzate multi-angolo manubri.gif	Alzate multi-angolo manubri.gif	3c9686bd2f068b7beb6708c0972d78b15861b0664548a2167f866b094491035b	gia con quel nome	il file si chiama gia cosi
2026-08-22T18:14:25	Spalle e Cuffia	Camminata verticale.gif	Camminata verticale.gif	5830cea7741c8fa410d5f2cf247123599e33c9d55a4026fe0a30d96c1e5e3f70	gia con quel nome	il file si chiama gia cosi
2026-08-22T18:14:25	Spalle e Cuffia	Distensioni landmine in ginocchio.gif	Distensioni landmine in ginocchio.gif	6dbc97aaa3c1fef1168f425b4b4fec2ca231a6b380cc7ee3fe3e85493ef039ab	gia con quel nome	il file si chiama gia cosi
2026-08-22T18:14:25	Spalle e Cuffia	Incroci braccia.gif	Incroci braccia.gif	52091a992cd4dc1eeef5077be1d618ab886dda0de3b50456ab8190ab3074db6f	gia con quel nome	il file si chiama gia cosi
2026-08-22T18:14:25	Spalle e Cuffia	Intrarotazione cavo.gif	Intrarotazione cavo.gif	356a6d4b58806dae2a871611e389a475a9c2d7f36ec8b5bc82233258d4e8cf57	gia con quel nome	il file si chiama gia cosi
2026-08-22T18:14:25	Spalle e Cuffia	Lento Arnold manubri.gif	Lento Arnold manubri.gif	95a6a2b85d9ef1a0de47a32f86c9ee206caf0793ff302256d2bc6e77fd510e8e	gia con quel nome	il file si chiama gia cosi
2026-08-22T18:14:25	Spalle e Cuffia	Lento Arnold manubri panca verticale.gif	Lento Arnold manubri panca verticale.gif	5da15b808be7d4f5b21aa519b21e439369aff1aad86e68d493ba5754c1ccae83	gia con quel nome	il file si chiama gia cosi
2026-08-22T18:14:25	Spalle e Cuffia	Lento avanti alternato manubri.gif	Lento avanti alternato manubri.gif	a5ecfe693d0c715603ae315f6d5977b14e0cdfb74d4bd6db3da490b1de6b4d84	gia con quel nome	il file si chiama gia cosi
2026-08-22T18:14:25	Spalle e Cuffia	Lento avanti bilanciere.gif	Lento avanti bilanciere.gif	ccfc5b8cb9c09ace323c08e80cf89aa092b9bc1695c217bac6b83d15bcc13a1d	gia con quel nome	il file si chiama gia cosi
2026-08-22T18:14:25	Spalle e Cuffia	Lento avanti bilanciere pin press.gif	Lento avanti bilanciere pin press.gif	942c1e79821749207bcf70dc97f2f621885a6ad8ca205fb27700e75e057ab1da	gia con quel nome	il file si chiama gia cosi
2026-08-22T18:14:25	Spalle e Cuffia	Lento avanti bilanciere rack.gif	Lento avanti bilanciere rack.gif	994826dd5e1266914f728600f4935bb5bbe9672fe262840f2d0cbd601c0e7a8c	gia con quel nome	il file si chiama gia cosi
2026-08-22T18:14:25	Spalle e Cuffia	Lento avanti bilanciere rack panca piana.gif	Lento avanti bilanciere rack panca piana.gif	ff7959ecb4abee998aba279065649bd5c72a3ac393eb513c739289675e2f0e0a	gia con quel nome	il file si chiama gia cosi
2026-08-22T18:14:25	Spalle e Cuffia	Lento avanti bilanciere seduto a terra.gif	Lento avanti bilanciere seduto a terra.gif	6e952d4e4e299d47a3704c0956eb9e6bbfebad283d407b924a213acfe7dfa5cf	gia con quel nome	il file si chiama gia cosi
2026-08-22T18:14:25	Spalle e Cuffia	Lento avanti cavi bassi.gif	Lento avanti cavi bassi.gif	ec1c3751ff841478a2de0db98a296753988ca7c5b873a5e1cf1529d76239eac3	gia con quel nome	il file si chiama gia cosi
2026-08-22T18:14:25	Spalle e Cuffia	Lento avanti elastico seduto.gif	Lento avanti elastico seduto.gif	6f8cbf7ef038019d394d6350a7997e232a63b224ad13fdd75c93be9fc33b600f	gia con quel nome	il file si chiama gia cosi
2026-08-22T18:14:25	Spalle e Cuffia	Lento avanti isometrico.gif	Lento avanti isometrico.gif	081a4c74b0c1b191910c9d729b5d74f308a3736ea30bce6ccf748ec2fce8ac6d	gia con quel nome	il file si chiama gia cosi
2026-08-22T18:14:25	Spalle e Cuffia	Lento avanti macchina a dischi seduto.gif	Lento avanti macchina a dischi seduto.gif	d2bc9b9ae62212e2d21a5a975bd6686a3fb606a6242f8ab3960e42714c90800c	gia con quel nome	il file si chiama gia cosi
2026-08-22T18:14:25	Spalle e Cuffia	Lento avanti macchina pacco pesi seduto.gif	Lento avanti macchina pacco pesi seduto.gif	ffeab8378356d82e6f550aed211cdef8adc1f90220da7bcf2943329266164253	gia con quel nome	il file si chiama gia cosi
2026-08-22T18:14:25	Spalle e Cuffia	Lento avanti manubri.gif	Lento avanti manubri.gif	f3161db13aec8a14c5c5652d42f655e15969242ca9a84e47ca8ff2808a44007c	gia con quel nome	il file si chiama gia cosi
2026-08-22T18:14:25	Spalle e Cuffia	Lento avanti manubri panca verticale.gif	Lento avanti manubri panca verticale.gif	8b01e8967512aa62e6e0b814a600c00f24c716e2967ea4bb4bd6572368040bb9	gia con quel nome	il file si chiama gia cosi
2026-08-22T18:14:25	Spalle e Cuffia	Lento avanti multipower.gif	Lento avanti multipower.gif	0826db02f6c822155ce7fb0a017f5f170d84b364376ca736234df981c3e44bd7	gia con quel nome	il file si chiama gia cosi
2026-08-22T18:14:25	Spalle e Cuffia	Lento avanti multipower seduto.gif	Lento avanti multipower seduto.gif	9170b362177df86a05f708b83ff09e01c29adfd63e771c3b8d3b4fd383e1b5e0	gia con quel nome	il file si chiama gia cosi
2026-08-22T18:14:25	Spalle e Cuffia	Lento avanti un braccio manubrio.gif	Lento avanti un braccio manubrio.gif	770c8ed85cc83fd810ce47608d3ef1aed5f3f0c90c75d6ac66e3f25eb4a99088	gia con quel nome	il file si chiama gia cosi
2026-08-22T18:14:25	Spalle e Cuffia	Lento dietro barra elastico.gif	Lento dietro barra elastico.gif	a087cad769fcd7edc4dc6b2f7760c3b7862a6b8aefe802e32a9007fda80d4552	gia con quel nome	il file si chiama gia cosi
2026-08-22T18:14:25	Spalle e Cuffia	Lento dietro bilanciere.gif	Lento dietro bilanciere.gif	923a8d2302738e1ec3a56f9d86f6c43c7823b36020d390868b0a23a0e3f286a3	gia con quel nome	il file si chiama gia cosi
2026-08-22T18:14:25	Spalle e Cuffia	Lento dietro bilanciere seduto.gif	Lento dietro bilanciere seduto.gif	385a2451cbe6cdb68d41d10221d791f2982145650c0c4d5f83730da0bc8756ac	gia con quel nome	il file si chiama gia cosi
2026-08-22T18:14:25	Spalle e Cuffia	Lento dietro un braccio elastico.gif	Lento dietro un braccio elastico.gif	bde40879a5e65b8849f2be9cf9609c5ffaa339407cc51f559175e50b4d6dd4b5	gia con quel nome	il file si chiama gia cosi
2026-08-22T18:14:25	Spalle e Cuffia	Piegamenti pike deficit sedie.gif	Piegamenti pike deficit sedie.gif	0b1c5ebc98dde2cb005f41a1f3d219cac7cf89cff9a34dceca156969ded2a68d	gia con quel nome	il file si chiama gia cosi
2026-08-22T18:14:25	Spalle e Cuffia	Piegamenti pike panca piana.gif	Piegamenti pike panca piana.gif	ebb2f540bc9d739feb7a18c6b36115fe98d8a4c7367b406fc43f75590f245ac9	gia con quel nome	il file si chiama gia cosi
2026-08-22T18:14:25	Spalle e Cuffia	Piegamenti verticale.gif	Piegamenti verticale.gif	e5aa222d19d5bc95a6fdbb2f360c059c2e31025379c27608c3d908c2621ae430	gia con quel nome	il file si chiama gia cosi
2026-08-22T18:14:25	Spalle e Cuffia	Push jerk bilanciere.gif	Push jerk bilanciere.gif	dd8262bf27d01547744ab4ba2d55c433b96ab917a1ad8eee3e303eeecadd0fda	gia con quel nome	il file si chiama gia cosi
2026-08-22T18:14:25	Spalle e Cuffia	Push press bilanciere.gif	Push press bilanciere.gif	0c164c5c6bbdc4e18d967fee84303cdc1aa32c853f36b824e82cecd59d179d70	gia con quel nome	il file si chiama gia cosi
2026-08-22T18:14:25	Spalle e Cuffia	Squat croce di ferro manubri.gif	Squat croce di ferro manubri.gif	aa13a9a1a7bd8b3317a3b134ca231913cbc992dc9c3e9ab828f4115a4f3daae9	gia con quel nome	il file si chiama gia cosi
2026-08-22T18:14:25	Spalle e Cuffia	Squat con lancio palla un braccio.gif	Squat con lancio palla un braccio.gif	fe3c04275eca5b677ae3554bd2093a2413125ed7a129533f7fa67b8931582f26	gia con quel nome	il file si chiama gia cosi
2026-08-22T18:14:25	Spalle e Cuffia	Alzate laterali fianco manubrio panca inclinata.gif	Alzate laterali fianco manubrio panca inclinata.gif	ec6641540afedba67ff07cb20397c06ff01efa9367d89e8377afc059e1b3c0eb	gia con quel nome	il file si chiama gia cosi
2026-08-22T18:14:25	Spalle e Cuffia	Extrarotazione cavo.gif	Extrarotazione cavo.gif	06eda1526efe21bc32d11bc9728df27f94cfddbeb3c9b2d3fbc5ddd37bd20d55	gia con quel nome	il file si chiama gia cosi
2026-08-22T18:14:25	Spalle e Cuffia	Lento dietro multipower seduto (Smith machine behind the neck press seated).gif	Lento dietro multipower seduto.gif	a232640f5ee5f03d33b724ab70502a4ea9f244723b6ec6e691ef3e51ff7fa1cd	rinominato	
