quando	zona	sha256	nome_vecchio	nome_confermato	slug	stato_binario	origine	slug_applicabile	codice	nome_catalogo
2026-07-31T22:19:13	Addominali e Core	3a2d0f1778a43df8cd38e618c6cecf1fcf43c19e3e55f0c8b2e90373c9fe6aec	Bird dog quadrupedia.gif	Bird dog	bird-dog	libero	corretto a mano	si		
2026-08-01T09:54:28	Addominali e Core	a222473e31913c710f178be3f8aaa2ff276a9ca0be3a077c365d10ed4d942489	Crunch bicicletta (Bicycle Crunch).gif	Crunch bicicletta	crunch-bicicletta	collegato	come proposto	no	EX134	Crunch bicicletta
2026-08-01T09:54:30	Addominali e Core	1e3fad9625293c8cc1b12bbaca2264df7776712a0d0604978299e62899749feb	Crunch bicicletta gambe tese 45 (Bicycle Crunch Straight Legs).gif	Crunch bicicletta gambe tese 45 gradi	crunch-bicicletta-gambe-tese-45-gradi	collegato	come proposto	no	EX133	Crunch bicicletta gambe tese 45 gradi
2026-08-01T09:54:37	Addominali e Core	f75678c6d93698a93a85d303a55d49816194805a6c17b46a03758fa6488be8fd	Crunch braccia tese (Straight-Arm Crunch).gif	Crunch braccia tese	crunch-braccia-tese	collegato	come proposto	no	EX143	Crunch braccia tese
2026-08-01T09:54:57	Addominali e Core	f75678c6d93698a93a85d303a55d49816194805a6c17b46a03758fa6488be8fd	Crunch braccia tese (Straight-Arm Crunch).gif	Crunch braccia tese dietro	crunch-braccia-tese-dietro	collegato	corretto a mano	no	EX143	Crunch braccia tese
2026-08-01T09:55:15	Addominali e Core	acef314e91d1a3cc4c0f959d2899210072f4de0fb9a94e4c6ad50651182d2c58	Crunch braccia tese gambe 45 (Straight-Arm Crunch Legs 45).gif	Crunch braccia tese gambe 45 gradi	crunch-braccia-tese-gambe-45-gradi	collegato	come proposto	no	EX138	Crunch braccia tese gambe 45 gradi
2026-08-01T09:55:28	Addominali e Core	348e0ec166cbecb523bb50e973a53adbf18577f29e90fe0fec193db569e0012b	Crunch cavo alto (High Cable Crunch).gif	Crunch cavo alto	crunch-cavo-alto	collegato	come proposto	no	EX141	Crunch cavo alto
2026-08-01T09:56:04	Addominali e Core	95a881df7a2b8e8dee9965978d56b055d30a3188c1215d37bf67f5ab0160f23d	Crunch cavo alto in ginocchio (Kneeling High Cable Crunch).gif	Crunch cavo alto in ginocchio	crunch-cavo-alto-in-ginocchio	collegato	come proposto	no	EX140	Crunch cavo alto in ginocchio
2026-08-01T09:56:07	Addominali e Core	86c17e6c98914416476c9938525329844127ea4168eccd1f1ac59770c104ce97	Crunch con peso (Weighted Crunch).gif	Crunch con peso	crunch-con-peso	collegato	come proposto	no	EX144	Crunch con peso
2026-08-01T09:56:13	Addominali e Core	5620ce03dc4d477caa8c70c85661d897bc0da56bc5115a0351e4f180edadcd5d	Crunch farfalla gomiti-ginocchia (Butterfly Elbow-to-Knee Crunch).gif	Crunch farfalla gomiti-ginocchia	crunch-farfalla-gomiti-ginocchia	collegato	come proposto	no	EX160	Crunch farfalla gomiti-ginocchia
2026-08-01T09:56:40	Addominali e Core	e5456f2f9320f9d98b55a3e593ce3b573beaa82d705977d2c2affd7e62a405ad	Crunch flessione ginocchia (Crunch with Knee Tuck).gif	Crunch flessione ginocchia	crunch-flessione-ginocchia	collegato	come proposto	no	EX161	Crunch flessione ginocchia
2026-08-01T10:06:56	Addominali e Core	eb54914b4139ea864300012c32cd3b99c5b1b551dd7408dfaff40ebfe2d36fbb	Crunch inverso (Reverse Crunch).gif	Crunch inverso doppio step	crunch-inverso-doppio-step	libero	corretto a mano	si		
2026-08-01T10:06:59	Addominali e Core	71729d1a5b7ac458e3ca384bf0735a4847fc67ce18557edcde2394c687eadd2e	Crunch inverso gambe tese cavo basso (Reverse Crunch Straight Legs Low Cable).gif	Crunch inverso gambe cavo basso	crunch-inverso-gambe-cavo-basso	libero	corretto a mano	si		
2026-08-01T10:07:32	Addominali e Core	9bcce23676d575e3d6a8d5cad6a00ef01a3f089273a816dfee08acce3474b003	Crunch inverso gambe tese sedia romana (Reverse Crunch Straight Legs Roman Chair).gif	Crunch inverso gambe tese panca piana	crunch-inverso-gambe-tese-panca-piana	libero	corretto a mano	si		
2026-08-01T10:07:44	Addominali e Core	812433ff467d800b710942f4f0681e95e4979d16326ffd78f539e0cc6b60a01f	Crunch inverso panca declinata (Reverse Crunch Decline Bench).gif	Crunch inverso gambe tese panca declinata	crunch-inverso-gambe-tese-panca-declinata	collegato	corretto a mano	no	EX154	Crunch inverso panca declinata
2026-08-01T10:08:26	Addominali e Core	a66b1f48f1ea52ef9af4e2c175141720cb44f4fe6a807823d97c883d247bb234	Crunch inverso panca seduto (Seated Reverse Crunch Bench).gif	Crunch inverso seduto panca piana	crunch-inverso-seduto-panca-piana	libero	corretto a mano	si		
2026-08-01T10:08:51	Addominali e Core	f0e5ef828d342aca3a772097b8d16c850b6935d3c2d4f7edc5bdf4e64f235b5e	Crunch laterale sul fianco (Side-Lying Lateral Crunch).gif	Crunch laterale sul fianco	crunch-laterale-sul-fianco	collegato	come proposto	no	EX157	Crunch laterale sul fianco
2026-08-01T10:09:29	Addominali e Core	08d9567bda73be1a65ba357b64a46273d97ddbcd44d11b93b4ef3826840d518e	Crunch macchina seduto (Seated Machine Crunch).gif	Crunch machine seduto	crunch-machine-seduto	collegato	corretto a mano	no	EX142	Crunch macchina seduto
2026-08-01T10:10:11	Addominali e Core	48a4f9c79702a858c449a2e7ed6ab0190fa1fba4d720def43a3078d779d154f8	Crunch mani al petto gambe 90 (Crunch Hands-on-Chest Legs 90).gif	Crunch mani al petto gambe 90 gradi	crunch-mani-al-petto-gambe-90-gradi	collegato	come proposto	no	EX145	Crunch mani al petto gambe 90 gradi
2026-08-01T10:10:21	Addominali e Core	dee44656eb14ccccb5912e9f9e7f18d6c40d7d8efd76e32692e62ab6a02023cc	Crunch mani al petto piedi a terra (Crunch Hands-on-Chest Feet Down).gif	Crunch mani al petto piedi a terra	crunch-mani-al-petto-piedi-a-terra	collegato	come proposto	no	EX146	Crunch mani al petto piedi a terra
2026-08-01T10:10:30	Addominali e Core	9d62f527c2b4f23a780398867b3847478d86fde55fb80aedc25dea9843c071d8	Crunch mani dietro testa (Crunch Hands Behind Head).gif	Crunch mani dietro testa	crunch-mani-dietro-testa	collegato	come proposto	no	EX158	Crunch mani dietro testa
2026-08-01T10:12:04	Addominali e Core	dee44656eb14ccccb5912e9f9e7f18d6c40d7d8efd76e32692e62ab6a02023cc	Crunch mani al petto piedi a terra (Crunch Hands-on-Chest Feet Down).gif	Crunch mani al petto	crunch-mani-al-petto	collegato	corretto a mano	no	EX146	Crunch mani al petto piedi a terra
2026-08-01T10:13:16	Addominali e Core	a274e1673c33a3442045c9574639e890f06618059392dc3767f45c1ef217e807	Crunch mani dietro testa gambe 90 (Crunch Hands-Behind-Head Legs 90).gif	Crunch mani dietro testa gambe 90 gradi	crunch-mani-dietro-testa-gambe-90-gradi	collegato	come proposto	no	EX147	Crunch mani dietro testa gambe 90 gradi
2026-08-01T10:14:25	Addominali e Core	7bc8d2913d003e98560096e7de5f159e7c243ae6efa93d606230a2a44cb174f0	Crunch obliquo gamba accavallata (Oblique Crunch Crossed Leg).gif	Crunch obliquo gamba accavallata	crunch-obliquo-gamba-accavallata	collegato	come proposto	no	EX162	Crunch obliquo gamba accavallata
2026-08-01T10:14:35	Addominali e Core	685f02317bdc79fdfd36445f2164d467169e36b727349774747637d97955bee2	Crunch obliquo sul fianco gambe flesse (Side-Lying Oblique Crunch Bent Legs).gif	Crunch obliquo sul fianco gambe flesse	crunch-obliquo-sul-fianco-gambe-flesse	collegato	come proposto	no	EX159	Crunch obliquo sul fianco gambe flesse
2026-08-01T10:15:51	Addominali e Core	ff88ed7f2eb10f08adabd512a41f53139bf7f977dac31988a3f9959743583a89	Crunch rotazione (Twisting Crunch).gif	Crunch obliquo rotazione	crunch-obliquo-rotazione	collegato	corretto a mano	no	EX135	Crunch rotazione
2026-08-01T10:17:55	Addominali e Core	ca01cd40f730b3686030ce33bbe8ac0c8c5a32c4fcd8c059560e92d6a351dd18	Crunch sforbiciata mani sotto glutei (Scissor Crunch Hands Under Glutes).gif	Crunch sforbiciata mani sotto glutei	crunch-sforbiciata-mani-sotto-glutei	collegato	come proposto	no	EX149	Crunch sforbiciata mani sotto glutei
2026-08-01T10:25:01	Addominali e Core	22afdb58ecd597bb7fb607ebdfeae38d56f02ad40c6bc38cf9e9fe21f89457fb	Crunch sospeso a testa in giu sbarra (Inverted hang sit up).gif	Trazione sbarra a corpo capovolto	trazione-sbarra-a-corpo-capovolto	collegato	corretto a mano	no	EX574	Crunch sospeso a testa in giù sbarra
2026-08-01T10:25:29	Addominali e Core	c0f97aeb98e14df7cfa6890dc96410e125ab8b4fd1668a8a8d3cae2fbc59920c	Crunch tocco caviglie (Ankle Touch Crunch).gif	Crunch obliquo tocco caviglie	crunch-obliquo-tocco-caviglie	collegato	corretto a mano	no	EX137	Crunch tocco caviglie
2026-08-01T10:25:43	Addominali e Core	b67e6f969c8d433e4093490b635c7ca013bdf4f673e2ecc09749233e6a5c12c7	Crunch toe touch gambe verticali (Vertical-Leg Toe-Touch Crunch).gif	Crunch toe touch gambe verticali	crunch-toe-touch-gambe-verticali	collegato	come proposto	no	EX148	Crunch toe touch gambe verticali
2026-08-01T10:25:51	Addominali e Core	d5d6dd626078f91073f221826b52ca0c4cbda8ceccbde369f513a6222ba904ea	Dead bug.gif	Dead bug	dead-bug	collegato	come proposto	no	EX022	Dead bug
2026-08-01T10:28:14	Addominali e Core	3ea75a42f5e26de8ebaf03b25be6b7b4f346bd647d7ac67f368be4017827a945	Crunch sforbiciata gambe tese (Scissor Crunch Straight Legs).gif	Crunch sforbiciata ampia	crunch-sforbiciata-ampia	collegato	corretto a mano	no	EX136	Crunch sforbiciata gambe tese
2026-08-01T10:28:19	Addominali e Core	6ab4830abbb506425ee68472000e03289e7b70bec8fcd83480d3b23a2ad59dbd	Dragon Flag panca piana (Dragon Flag Flat Bench).gif	Dragon flag panca piana	dragon-flag-panca-piana	collegato	come proposto	no	EX164	Dragon flag panca piana
2026-08-01T10:28:26	Addominali e Core	d7a8aa95befcc917421059aadf5fb8567c71fa8759b71f027229d4b2cb150a5c	Flessione laterale busto cavo basso (Standing Low Cable Side Bend).gif	Flessione laterale busto cavo basso	flessione-laterale-busto-cavo-basso	collegato	come proposto	no	EX165	Flessione laterale busto cavo basso
2026-08-01T10:28:34	Addominali e Core	6fed31590274a8e60abf1dbe750d516a1926615b40920c6565f5fc69690a1723	Flessione laterale busto fitball (Fitball Side Bend).gif	Flessione laterale busto fitball	flessione-laterale-busto-fitball	collegato	come proposto	no	EX166	Flessione laterale busto fitball
2026-08-01T10:29:27	Addominali e Core	f07568b057debfb90adf444320961ec3713e8dde28fd5e9fd86ef7eec3129388	Flessione laterale busto panca inclinata (Incline Bench Side Bend).gif	Flessione laterale busto panca romana	flessione-laterale-busto-panca-romana	collegato	corretto a mano	no	EX167	Flessione laterale busto panca inclinata
2026-08-01T10:30:12	Addominali e Core	2df8d077c4a0b75604588ace71a89290d1bf034313fd35aa8be58ebbe7250e45	Forbice panca seduto (Seated Bench Flutter Kick).gif	Crunch forbice seduto panca piana	crunch-forbice-seduto-panca-piana	libero	corretto a mano	si		
2026-08-01T10:30:17	Addominali e Core	5fd22cf172f783fc51289e9d42bd9ea082121c6ce1048ecd113a44b71c97e509	Human flag (Human flag).gif	Human flag	human-flag	collegato	come proposto	no	EX575	Human flag
2026-08-01T10:30:34	Addominali e Core	ad2db7969fad6aa61848e1e6bc2dff9bb05fa52719dea032159b5ca6a38b57b2	Inchworm.gif	Plank inchworm	plank-inchworm	libero	corretto a mano	si		
2026-08-01T10:31:10	Addominali e Core	768cb89cba3e3c620edf8ed8649fd89346bcd42565b5fc48db6f502dc7838a68	Knee Raise Power Tower (Power Tower Knee Raise).gif	Sollevamento gambe tese power tower	sollevamento-gambe-tese-power-tower	libero	corretto a mano	si		
2026-08-01T10:31:52	Addominali e Core	fcd8aeea97c55cf7ccb887c6cc5fab69f453ca3e6d5f65398df8ea77e8bae055	Knee Raise sbarra in sospensione (Hanging Knee Raise).gif	Sollevamento gambe piegate in sospensione	sollevamento-gambe-piegate-in-sospensione	collegato	corretto a mano	no	EX169	Knee raise sbarra in sospensione
2026-08-01T10:33:35	Addominali e Core	617cb4cb2139d7db8a4ba5de12a2f1f3d3f3137678d747bead589e25b56af8a5	Lanci rotazionali palla medica muro in piedi.gif	Lancio rotazionale palla medica al muro	lancio-rotazionale-palla-medica-al-muro	pendente	come proposto	no	EX621	Lancio rotazionale palla medica al muro
2026-08-01T10:33:41	Addominali e Core	19d5f42f4f31a604317cf3a254f0ef616f93e159ad4ddbd38fb4f5246be76d6e	Mountain Climber (Mountain Climber).gif	Mountain climber	mountain-climber	collegato	come proposto	no	EX171	Mountain climber
2026-08-01T10:33:47	Addominali e Core	859f195e8047eccc7dd6756722b33678a98efbd70f8a26a3ea42bded8e10e624	Mountain Climber incrociato (Cross-Body Mountain Climber).gif	Mountain climber incrociato	mountain-climber-incrociato	collegato	come proposto	no	EX172	Mountain climber incrociato
2026-08-01T10:33:54	Addominali e Core	98f1973698b263ce2a659ff7df1b805090b54051db32beef8a770dd648d9050e	Piegamenti tocco ai piedi (Toe touch push up).gif	Piegamenti tocco ai piedi	piegamenti-tocco-ai-piedi	collegato	come proposto	no	EX576	Piegamenti tocco ai piedi
2026-08-01T10:35:02	Addominali e Core	385d984e4c4a85e50f92ea7f643e227539ceaf552beb10aaaef010b6995a9776	Piegamenti tocco incrociato (Cross body tap push up).gif	Piegamenti tocco incrociato spalla	piegamenti-tocco-incrociato-spalla	collegato	corretto a mano	no	EX577	Piegamenti tocco incrociato
2026-08-01T10:35:22	Addominali e Core	8cef3d0b8fef7f15d455e34aae7a74ffdc40dd430850a04def2c3a4766266388	Pike fitball (Fitball Pike).gif	Plank pike fitball	plank-pike-fitball	collegato	corretto a mano	no	EX173	Pike fitball
2026-08-01T10:35:33	Addominali e Core	2b1d9603704866b5aa7fe28ddf348fc79128b712e2b4a8af5c4a93b2bdcb6c68	Plank avambracci (Forearm Plank).gif	Plank avambracci	plank-avambracci	collegato	come proposto	no	EX176	Plank avambracci
2026-08-01T10:36:04	Addominali e Core	505dc2161792df03d74455fa36bd2cd108e3c901df0706580e2cda9d10d7f9b0	Plank avanti indietro avambracci (Forearm Body Saw Plank).gif	Plank avambracci avanti-indietro	plank-avambracci-avanti-indietro	collegato	corretto a mano	no	EX175	Plank avanti indietro avambracci
2026-08-01T10:36:10	Addominali e Core	d02de1d44b44142aefde321f68ba8925e24ed11251a02e3de2661e4f48553be3	Plank laterale crunch obliquo (Side Plank Oblique Crunch).gif	Plank laterale crunch obliquo	plank-laterale-crunch-obliquo	collegato	come proposto	no	EX177	Plank laterale crunch obliquo
2026-08-01T10:36:16	Addominali e Core	cbed596b3a81583c454183e7a9ab43a444d1134d190e4c772e5545ec5aff4c68	Plank rollout fitball (Fitball Rollout Plank).gif	Plank rollout fitball	plank-rollout-fitball	collegato	come proposto	no	EX178	Plank rollout fitball
2026-08-01T10:53:45	Addominali e Core	4b30aadc0b8215eccf0bc8c5a2e7690dcff98da9b837b44b02045e1d242a053b	Plank Spider avambracci (Spider Plank on Forearms).gif	Plank spider	plank-spider	collegato	corretto a mano	no	EX174	Plank spider avambracci
2026-08-01T10:54:20	Addominali e Core	a1e9102505f3dbaafea28c77da841f7495428e2cdc5a66e6e9215d30544c4907	Push up T prono.gif	Piegamenti con rotazione a T	piegamenti-con-rotazione-a-t	pendente	come proposto	no	EX622	Piegamenti con rotazione a T
2026-08-01T11:00:27	Addominali e Core	f091bb852bb3acc0048f2ecab0fdda74f3c2372f71e42fbc37755458b775b9a2	Retroversione bacino supino.gif	Crunch reverse	crunch-reverse	pendente	corretto a mano	no	EX623	Retroversione bacino da supino
2026-08-01T11:00:54	Addominali e Core	0f317c495953d7c3c0734907f4750b9d6862cbdbdc42f50b7ef8ae2ffcf672d6	Rollout ab wheel in ginocchio (Kneeling Ab-Wheel Rollout).gif	Rollout ab wheel in ginocchio	rollout-ab-wheel-in-ginocchio	collegato	come proposto	no	EX180	Rollout ab wheel in ginocchio
2026-08-01T11:01:21	Addominali e Core	d9539eaee6ecc7a6b6f7c44ddce754e80f13d89c841c4374409bce96187a8e21	Rollout bilanciere (Barbell Rollout).gif	Rollout bilanciere	rollout-bilanciere	collegato	come proposto	no	EX179	Rollout bilanciere
2026-08-01T11:01:26	Addominali e Core	02403d47c16bd196e90c75f042d0e4531ac25b5960420ed0838a4aff638a0cf4	Rollout bilanciere in ginocchio (Kneeling Barbell Rollout).gif	Rollout bilanciere in ginocchio	rollout-bilanciere-in-ginocchio	collegato	come proposto	no	EX181	Rollout bilanciere in ginocchio
2026-08-01T11:01:51	Addominali e Core	5176aa57847e3f323b77cbc0add94a92ff09417767befe3030710415288ff29b	Rotazione diagonale busto cavo alto (High Cable Diagonal Twist).gif	Rotazione diagonale busto cavo alto	rotazione-diagonale-busto-cavo-alto	collegato	come proposto	no	EX182	Rotazione diagonale busto cavo alto
2026-08-01T11:02:02	Addominali e Core	98f642f2b4a36e6230a11e6b1a6dd7bc1b9ad54e7c6f772e256ec38cb599d3aa	Russian twist.gif	Russian twist	russian-twist	collegato	come proposto	no	EX103	Russian twist
2026-08-01T11:02:14	Addominali e Core	f7de9815a5142e7a3b6e5565fdd4443422ef2634de1a4e7a3df6c26edc38ef6c	Sit-Up a libro gambe tese (Jackknife Sit-Up Straight Legs).gif	Sit-up a libro gambe tese	sit-up-a-libro-gambe-tese	collegato	come proposto	no	EX189	Sit-up a libro gambe tese
2026-08-01T11:02:23	Addominali e Core	f82d1f6d5ebf4c38cac9febdcd6d81e1a702919a65a10d113253c44260397266	Sit-Up con peso (Weighted Sit-Up).gif	Sit-up con peso	sit-up-con-peso	collegato	come proposto	no	EX183	Sit-up con peso
2026-08-01T11:03:15	Addominali e Core	6eec35f2b337077c8a68b9c7b92768621b4777973f75906c66e3c20abef5a522	Sit-Up farfalla (Butterfly Sit-Up).gif	Sit-up farfalla	sit-up-farfalla	collegato	come proposto	no	EX184	Sit-up farfalla
2026-08-01T11:03:31	Addominali e Core	77628c53e5c46413bb0e53cf47a242cd6fe52346a89f2ceb5d0673a4cc7d1a33	Sit-Up fitball (Fitball Sit-Up).gif	Sit-up fitball	sit-up-fitball	collegato	come proposto	no	EX185	Sit-up fitball
2026-08-01T11:03:40	Addominali e Core	73c93ac52ba4184dd3326b1aab4161f9764db7cdcc955c9585cd81da6b788f3f	Sit-Up mani alla fronte (Sit-Up Hands on Forehead).gif	Sit-up mani alla fronte	sit-up-mani-alla-fronte	collegato	come proposto	no	EX188	Sit-up mani alla fronte
2026-08-01T11:04:22	Addominali e Core	8713086357a9ac26efaf1443a2c3b0c1b0617ff15bc0ef2f48519031e70050b7	Sit-Up mani dietro testa ginocchia flesse (Sit-Up Hands Behind Head Bent Knees).gif	Sit-up mani alla nuca	sit-up-mani-alla-nuca	collegato	corretto a mano	no	EX187	Sit-up mani dietro testa ginocchia flesse
2026-08-01T11:04:58	Addominali e Core	b5a55976308a5e698b85ead5d33d558dc8784f8bc2f5398569bdfb5484f72522	Sit-Up panca declinata (Decline Bench Sit-Up).gif	Sit-up mani alla nuca panca declinata	sit-up-mani-alla-nuca-panca-declinata	collegato	corretto a mano	no	EX186	Sit-up panca declinata
2026-08-01T11:05:10	Addominali e Core	78880bf255bc10b4098535bfe3e71acf435b3b1fd81cd74f63fd1086529b1f69	Sollevamento gambe tese (Straight-Leg Raise).gif	Sollevamento gambe tese	sollevamento-gambe-tese	collegato	come proposto	no	EX190	Sollevamento gambe tese
2026-08-01T11:05:23	Addominali e Core	406717a98963c46b8d6a638d738d49fe1a78f3ec3a949eeb468ebc68a908b6b9	Torsione busto gomiti alti in piedi.gif	Torsione busto gomiti alti in piedi	torsione-busto-gomiti-alti-in-piedi	pendente	come proposto	no	EX624	Torsione busto gomiti alti in piedi
2026-08-01T11:06:00	Addominali e Core	648e132e285389631b4869f0636b2debe5562c9a371e7fc8cc7c62f80edfe20f	V-Sit Tuck Up (V-Sit Tuck Up).gif	V-sit tuck up	v-sit-tuck-up	collegato	come proposto	no	EX192	V-sit tuck up
2026-08-01T11:06:35	Addominali e Core	1dcff63c2650851199baecae9f1a53b1e8379d880a41fff289f0b371050c1867	V-Up scambio fitball (Fitball Pass V-Up).gif	V-up fitball	v-up-fitball	collegato	corretto a mano	no	EX194	V-up scambio fitball
2026-08-01T11:08:22	Addominali e Core	aced220144894a63b2de5685e428d5744ce5393c5fb58fb49bc339fb4d06661e	V-Sit sforbiciata verticale (V-Sit Vertical Scissor).gif	V-sit sforbiciata	v-sit-sforbiciata	collegato	corretto a mano	no	EX191	V-sit sforbiciata verticale
2026-08-01T14:13:46	Addominali e Core	f091bb852bb3acc0048f2ecab0fdda74f3c2372f71e42fbc37755458b775b9a2	Retroversione bacino supino.gif	Retroversione bacino da supino	retroversione-bacino-da-supino	pendente	come proposto	no	EX623	Retroversione bacino da supino
2026-08-01T18:50:21	Bicipiti e Braccia	0c88aa9fafdaab6791e084af8e7c0b0cfcc8b9db51f03bbefff476e155809d94	Curl bilanciere dritto Arm Blaster in piedi (Standing Arm Blaster Barbell Simultaneous Curl).gif	Curl bilanciere dritto arm blaster	curl-bilanciere-dritto-arm-blaster	collegato	come proposto	no	EX007	Curl bilanciere dritto arm blaster
2026-08-01T18:50:24	Bicipiti e Braccia	ebc7b3bc992c0414df39ef1890b33ee5f2c87ea78862aa030ec46419bc28cceb	Curl bilanciere dritto in piedi (Barbell Curl).gif	Curl bilanciere dritto in piedi	curl-bilanciere-dritto-in-piedi	collegato	come proposto	no	EX024	Curl bilanciere dritto in piedi
2026-08-01T18:50:33	Bicipiti e Braccia	8ca2bd71da1a64e6a123b0d9f443a43a06678f1ea3f6ed37261363a3dbb21452	Curl bilanciere dritto panca Scott (Barbell Preacher Simultaneous Curl).gif	Curl bilanciere dritto panca Scott	curl-bilanciere-dritto-panca-scott	collegato	come proposto	no	EX005	Curl bilanciere dritto panca Scott
2026-08-01T19:01:49	Bicipiti e Braccia	0c88aa9fafdaab6791e084af8e7c0b0cfcc8b9db51f03bbefff476e155809d94	Curl bilanciere dritto Arm Blaster in piedi (Standing Arm Blaster Barbell Simultaneous Curl).gif	Curl bilanciere arm blaster in piedi	curl-bilanciere-arm-blaster-in-piedi	collegato	corretto a mano	no	EX007	Curl bilanciere dritto arm blaster
2026-08-01T19:11:05	Bicipiti e Braccia	8ca2bd71da1a64e6a123b0d9f443a43a06678f1ea3f6ed37261363a3dbb21452	Curl bilanciere dritto panca Scott (Barbell Preacher Simultaneous Curl).gif	Curl bilanciere panca Scott	curl-bilanciere-panca-scott	collegato	corretto a mano	no	EX005	Curl bilanciere dritto panca Scott
2026-08-01T19:11:12	Bicipiti e Braccia	2c2d5aab8f92541b31ae92e377d4821e2ed3b5573c18a2776e3040b741707e7c	Curl bilanciere dritto presa larga in piedi (Wide-Grip Barbell Curl).gif	Curl bilanciere presa larga in piedi	curl-bilanciere-presa-larga-in-piedi	libero	corretto a mano	si		
2026-08-01T19:13:53	Bicipiti e Braccia	735ec1518f5ee1cea040bd10ac19f06f9bcdd2df6d6f76e60214a1a4a4551d70	Curl bilanciere dritto presa stretta in piedi (Close-Grip Barbell Curl).gif	Curl bilanciere presa stretta in piedi	curl-bilanciere-presa-stretta-in-piedi	libero	corretto a mano	si		
2026-08-01T19:14:01	Bicipiti e Braccia	71fff98ef25b8091febeea6523349ccb281f0c40d42fa6724089a4741315bb5b	Curl bilanciere EZ in piedi (EZ-Bar Curl).gif	Curl bilanciere EZ in piedi	curl-bilanciere-ez-in-piedi	collegato	come proposto	no	EX271	Curl bilanciere EZ in piedi
2026-08-01T19:14:45	Bicipiti e Braccia	5d1b1a9961c14988e329b6ba81455b24052ffc17ff9f97e71e844e8cd8d609fa	Curl bilanciere EZ panca Scott (Barbell Preacher Simultaneous Curl).gif	Curl bilanciere EZ panca Scott	curl-bilanciere-ez-panca-scott	collegato	come proposto	no	EX294	Curl bilanciere EZ panca Scott
2026-08-01T19:15:49	Bicipiti e Braccia	9d2cfa3a0d8e5ae47f142eb9c2f66e90e98bd49afd5464e10f3be4b6f95ff6cf	Curl bilanciere EZ panca Scott in piedi (Standing EZ-Bar Preacher Simultaneous Curl).gif	Curl bilanciere EZ panca Scott in piedi	curl-bilanciere-ez-panca-scott-in-piedi	collegato	come proposto	no	EX295	Curl bilanciere EZ panca Scott in piedi
2026-08-01T19:20:23	Bicipiti e Braccia	0c88aa9fafdaab6791e084af8e7c0b0cfcc8b9db51f03bbefff476e155809d94	Curl bilanciere dritto Arm Blaster in piedi (Standing Arm Blaster Barbell Simultaneous Curl).gif	Curl bilanciere arm blaster	curl-bilanciere-arm-blaster	collegato	corretto a mano	no	EX007	Curl bilanciere dritto arm blaster
2026-08-01T19:20:42	Bicipiti e Braccia	ebc7b3bc992c0414df39ef1890b33ee5f2c87ea78862aa030ec46419bc28cceb	Curl bilanciere dritto in piedi (Barbell Curl).gif	Curl bilanciere	curl-bilanciere	collegato	corretto a mano	no	EX024	Curl bilanciere dritto in piedi
2026-08-01T19:20:58	Bicipiti e Braccia	8ca2bd71da1a64e6a123b0d9f443a43a06678f1ea3f6ed37261363a3dbb21452	Curl bilanciere dritto panca Scott (Barbell Preacher Simultaneous Curl).gif	Curl bilanciere panca Scott seduto	curl-bilanciere-panca-scott-seduto	collegato	corretto a mano	no	EX005	Curl bilanciere dritto panca Scott
2026-08-01T19:21:17	Bicipiti e Braccia	2c2d5aab8f92541b31ae92e377d4821e2ed3b5573c18a2776e3040b741707e7c	Curl bilanciere dritto presa larga in piedi (Wide-Grip Barbell Curl).gif	Curl bilanciere presa larga	curl-bilanciere-presa-larga	libero	corretto a mano	si		
2026-08-01T19:21:37	Bicipiti e Braccia	735ec1518f5ee1cea040bd10ac19f06f9bcdd2df6d6f76e60214a1a4a4551d70	Curl bilanciere dritto presa stretta in piedi (Close-Grip Barbell Curl).gif	Curl bilanciere presa stretta	curl-bilanciere-presa-stretta	libero	corretto a mano	si		
2026-08-01T19:22:37	Bicipiti e Braccia	71fff98ef25b8091febeea6523349ccb281f0c40d42fa6724089a4741315bb5b	Curl bilanciere EZ in piedi (EZ-Bar Curl).gif	Curl bilanciere EZ	curl-bilanciere-ez	collegato	corretto a mano	no	EX271	Curl bilanciere EZ in piedi
2026-08-01T19:23:37	Bicipiti e Braccia	5d1b1a9961c14988e329b6ba81455b24052ffc17ff9f97e71e844e8cd8d609fa	Curl bilanciere EZ panca Scott (Barbell Preacher Simultaneous Curl).gif	Curl bilanciere EZ panca Scott seduto	curl-bilanciere-ez-panca-scott-seduto	collegato	corretto a mano	no	EX294	Curl bilanciere EZ panca Scott
2026-08-01T19:25:55	Bicipiti e Braccia	37a157dc68080fce943f218df3ce5c2ed9910ff40f7135f29c7afebc53078c88	Curl bilanciere EZ presa inversa in piedi (Standing EZ-Bar Reverse Simultaneous Curl).gif	Curl bilanciere EZ presa inversa	curl-bilanciere-ez-presa-inversa	collegato	come proposto	no	EX296	Curl bilanciere EZ presa inversa
2026-08-01T19:26:19	Bicipiti e Braccia	608dd02d75fb561c8b7757f507abec525a6e4aa7d5b9cbeeca55822ba9b8c9bf	Curl bilanciere EZ presa larga in piedi (Wide-Grip EZ-Bar Curl).gif	Curl bilanciere EZ presa larga	curl-bilanciere-ez-presa-larga	collegato	come proposto	no	EX297	Curl bilanciere EZ presa larga
2026-08-01T19:28:55	Bicipiti e Braccia	64e810d44256c08e69f115b8450049fd37f5011ba5473cd0f51b8bb4d3657870	Curl bilanciere EZ presa stretta in piedi (EZ-Bar Curl).gif	Curl bilanciere EZ presa stretta	curl-bilanciere-ez-presa-stretta	collegato	come proposto	no	EX298	Curl bilanciere EZ presa stretta
2026-08-01T19:28:57	Bicipiti e Braccia	f0845e88bada4288f4644def0d579af3997a75215322e56d9a6e91601a953892	Curl bilanciere EZ seduto su panca (Seated EZ-Bar Simultaneous Curl).gif	Curl bilanciere EZ seduto	curl-bilanciere-ez-seduto	collegato	come proposto	no	EX299	Curl bilanciere EZ seduto
2026-08-01T19:29:54	Bicipiti e Braccia	96c66cf7f277d0cb6cc20c5c78590dcd0a1ea019a82faace4cd271bda63b545b	Curl bilaterale simultaneo su panca inclinata con manubri (Simultaneous bilateral incline dumbbell curl).gif	Curl manubri panca inclinata	curl-manubri-panca-inclinata	libero	corretto a mano	si		
2026-08-01T19:30:18	Bicipiti e Braccia	156c320ed56703816ea9002dd2c8b14b100b17328ddb2bba05806413caf4b74b	Curl cavi alti in piedi croce (Standing High Cable Simultaneous Crucifix Curl).gif	Curl cavi alti croce	curl-cavi-alti-croce	collegato	come proposto	no	EX300	Curl cavi alti croce
2026-08-01T19:31:20	Bicipiti e Braccia	156c320ed56703816ea9002dd2c8b14b100b17328ddb2bba05806413caf4b74b	Curl cavi alti in piedi croce (Standing High Cable Simultaneous Crucifix Curl).gif	Curl croce cavi alti	curl-croce-cavi-alti	collegato	corretto a mano	no	EX300	Curl cavi alti croce
2026-08-01T19:33:34	Bicipiti e Braccia	e63cb4fc0ec9b6b970b36a5c273eb14d91cc7f88a38b759cb2afd97ce5a16648	Curl cavi bassi panca inclinata supino (Incline Bench Supine Cable Simultaneous Curl).gif	Curl croci cavi bassi panca inclinata	curl-croci-cavi-bassi-panca-inclinata	collegato	corretto a mano	no	EX301	Curl cavi bassi panca inclinata supino
2026-08-01T19:35:58	Bicipiti e Braccia	a07daa162b0b00bd1f16d18cb4081cb0d19d48338940440f97ddacd6b30e0672	Curl cavo alto barra dritta panca piana supino (Lying Flat Bench Cable Straight-Bar Simultaneous Curl).gif	Curl barra cavo medio panca piana	curl-barra-cavo-medio-panca-piana	collegato	corretto a mano	no	EX302	Curl cavo alto barra dritta panca piana supino
2026-08-01T19:45:48	Bicipiti e Braccia	a07daa162b0b00bd1f16d18cb4081cb0d19d48338940440f97ddacd6b30e0672	Curl cavo alto barra dritta panca piana supino (Lying Flat Bench Cable Straight-Bar Simultaneous Curl).gif	Curl barra cavo panca piana	curl-barra-cavo-panca-piana	collegato	corretto a mano	no	EX302	Curl cavo alto barra dritta panca piana supino
2026-08-01T19:46:08	Bicipiti e Braccia	2a71887e548d59adefbafbd6415b3b1f09fcc92de3b79e974de6078a96bd8829	Curl cavo alto barra EZ in piedi (Standing High Cable EZ-Bar Simultaneous Curl).gif	Curl cavo barra EZ	curl-cavo-barra-ez	collegato	corretto a mano	no	EX303	Curl cavo alto barra EZ
2026-08-01T19:47:12	Bicipiti e Braccia	cddc7f21353cf636a5cc81b3c8806478f20faa8267f6a7db48b86a0ac7ab6321	Curl cavo basso barra EZ in piedi (Standing Cable EZ-Bar Simultaneous Curl).gif	Curl cavo basso barra EZ	curl-cavo-basso-barra-ez	collegato	come proposto	no	EX304	Curl cavo basso barra EZ
2026-08-01T19:47:25	Bicipiti e Braccia	592b046e71777ef5d512d6f6a05451e9ddc7a5ffe9cb3dc445766708ae1da1d5	Curl cavo basso panca inclinata supino (Incline Bench Supine Cable Simultaneous Curl).gif	Curl cavo basso panca inclinata	curl-cavo-basso-panca-inclinata	collegato	corretto a mano	no	EX306	Curl cavo basso panca inclinata supino
2026-08-01T19:47:31	Bicipiti e Braccia	96426545d841373c71b6dde8900a01b26a128fe2152c4c27fba9ddc4f64d57e6	Curl cavo basso panca Scott (Cable Preacher Simultaneous Curl).gif	Curl cavo basso panca Scott	curl-cavo-basso-panca-scott	collegato	come proposto	no	EX307	Curl cavo basso panca Scott
2026-08-01T19:53:00	Bicipiti e Braccia	85d258c5e5c3cbdb7fdbb7b9c4b2a43019a0f6dad6d952b95cbf2cb51fbd0ae0	Curl cavo basso squat (Squatting Cable Simultaneous Curl).gif	Curl squat cavo basso	curl-squat-cavo-basso	collegato	corretto a mano	no	EX305	Curl cavo basso squat
2026-08-01T19:53:36	Bicipiti e Braccia	7cd4e155d595c80c57a3adb1d4bbef4b6da3c2017b11df124c3558618fc59ffb	Curl Hammer alternato manubri in piedi (Standing Alternating Dumbbell Hammer Curl).gif	Curl hammer manubri alternato	curl-hammer-manubri-alternato	collegato	corretto a mano	no	EX060	Curl hammer manubri alternato in piedi
2026-08-01T20:48:24	Bicipiti e Braccia	5318c2586c4c769714e6b44799165e60c560a1a94424c25a0bee449d9e7399bb	Curl Hammer alternato manubri seduto panca 90 gradi (Seated Alternating Dumbbell Hammer Curl).gif	Curl hammer manubri alternato panca verticale	curl-hammer-manubri-alternato-panca-verticale	collegato	come proposto	no	EX010	Curl hammer manubri alternato panca verticale
2026-08-01T20:49:00	Bicipiti e Braccia	de137d952cb7d7f78f1ab87fe83f13dd1d299c30aa1718ff6f93eb49d1e7735a	Curl Hammer cavo basso corda in piedi (Standing Cable Rope Hammer Simultaneous Curl).gif	Curl hammer corda cavo basso	curl-hammer-corda-cavo-basso	collegato	corretto a mano	no	EX308	Curl hammer cavo basso corda
2026-08-01T20:49:08	Bicipiti e Braccia	92b9ac777ddd4bda792446079c8ac5b14de50aab51bf55f3859a076c84f07bf8	Curl Hammer macchina panca Scott (Machine Preacher Hammer Simultaneous Curl).gif	Curl hammer macchina panca Scott	curl-hammer-macchina-panca-scott	collegato	come proposto	no	EX310	Curl hammer macchina panca Scott
2026-08-01T20:49:15	Bicipiti e Braccia	cb2fa94602e53ee405b88e83ec62d9677cdb54bb5cca9d587f635620edf2cc39	Curl Hammer manubri Arm Blaster in piedi (Standing Arm Blaster Dumbbell Hammer Simultaneous Curl).gif	Curl hammer manubri arm blaster	curl-hammer-manubri-arm-blaster	collegato	come proposto	no	EX317	Curl hammer manubri arm blaster
2026-08-01T20:50:20	Bicipiti e Braccia	c6b181e1adbbb8acce7236b96dfd05c964dccfaa40fce7946a7ee068e0f96210	Curl Hammer manubri in piedi (Standing Dumbbell Hammer Simultaneous Curl).gif	Curl hammer manubri	curl-hammer-manubri	collegato	corretto a mano	no	EX321	Curl hammer manubri in piedi
2026-08-01T20:50:27	Bicipiti e Braccia	700bdd90956d47273dcc017459d1c272280b68979be426737b6eae46ffa5654c	Curl Hammer manubri panca inclinata (Simultaneous Bilateral Incline Dumbbell Hammer Curl).gif	Curl hammer manubri panca inclinata	curl-hammer-manubri-panca-inclinata	collegato	come proposto	no	EX014	Curl hammer manubri panca inclinata
2026-08-01T20:52:08	Bicipiti e Braccia	a1aed194e68b553dc582be10915547b623ea4ca865e0f274564a6c9cd93d22bd	Curl Hammer manubri panca verticale (Seated Dumbbell Hammer Curl).gif	Curl hammer manubri panca verticale	curl-hammer-manubri-panca-verticale	collegato	come proposto	no	EX586	Curl hammer manubri panca verticale
2026-08-01T20:52:13	Bicipiti e Braccia	800533bc55d5d23fc8a4b7fe3433d47395d37156c0949c5022c4dfa97e11b1f9	Curl Hammer panca Scott (Dumbbell Hammer Simultaneous Preacher Curl).gif	Curl hammer panca Scott	curl-hammer-panca-scott	collegato	come proposto	no	EX318	Curl hammer panca Scott
2026-08-01T21:02:42	Bicipiti e Braccia	d09ec79df469cad51460a346f0a94d12e47fa8d91991190fd8a83f3be3e87183	Curl Hammer un braccio corda cavo basso in piedi (Standing Cable Rope Single-Arm Hammer Curl).gif	Curl hammer un braccio corda cavo	curl-hammer-un-braccio-corda-cavo	collegato	corretto a mano	no	EX328	Curl hammer corda cavo basso un braccio
2026-08-01T21:10:15	Bicipiti e Braccia	b983b590968b642cefc633ad5ad2ccd1a5dd704442c48e9b57a37b4a61ec222d	Curl Hammer un braccio manubri in piedi (Standing Single-Arm Dumbbell Hammer Curl).gif	Curl hammer manubri un braccio in piedi	curl-hammer-manubri-un-braccio-in-piedi	collegato	come proposto	no	EX334	Curl hammer manubri un braccio in piedi
2026-08-01T21:10:21	Bicipiti e Braccia	9ac17fa109865f2848d61bf5172aa992042a568dce50563eea378f9d43c80e9e	Curl Hammer un braccio manubri seduto panca Scott (Seated Dumbbell Hammer Single-Arm Preacher Curl).gif	Curl hammer manubri un braccio panca Scott	curl-hammer-manubri-un-braccio-panca-scott	collegato	come proposto	no	EX335	Curl hammer manubri un braccio panca Scott
2026-08-01T21:10:25	Bicipiti e Braccia	71e519e3de662dba66ea6fb2fbf58d27223cc73ac630952ed3cd8039232193fa	Curl Hammer un braccio manubri seduto su panca (Seated Unilateral Dumbbell Hammer Curl).gif	Curl hammer manubri un braccio seduto	curl-hammer-manubri-un-braccio-seduto	collegato	come proposto	no	EX330	Curl hammer manubri un braccio seduto
2026-08-01T21:10:37	Bicipiti e Braccia	71e519e3de662dba66ea6fb2fbf58d27223cc73ac630952ed3cd8039232193fa	Curl Hammer un braccio manubri seduto su panca (Seated Unilateral Dumbbell Hammer Curl).gif	Curl hammer manubri un braccio panca verticale	curl-hammer-manubri-un-braccio-panca-verticale	collegato	corretto a mano	no	EX330	Curl hammer manubri un braccio seduto
2026-08-01T21:11:57	Bicipiti e Braccia	07c2ab7063a9f0b77916e2bf9bd90abf4c054548dde9db0280f57114f9fe8d5e	Curl inverso manubri (Simultaneous Bilateral Dumbbell Reverse Curl).gif	Curl inverso manubri	curl-inverso-manubri	collegato	come proposto	no	EX020	Curl inverso manubri
2026-08-01T21:13:31	Bicipiti e Braccia	af9c1605d9bfc889c8fcb84214702791ef7e43c0273b9fdf12ddde5229975821	Curl macchina alternato seduto (Standing Alternating Machine Curl).gif	Curl alternato macchina	curl-alternato-macchina	libero	corretto a mano	si		
2026-08-01T21:13:37	Bicipiti e Braccia	69137160e32aa3b2f640fbd543eae932b32bf9480005c7b9f7488a2e7dee7d9d	Curl macchina panca Scott (Machine Preacher Simultaneous Curl).gif	Curl macchina panca Scott	curl-macchina-panca-scott	collegato	come proposto	no	EX309	Curl macchina panca Scott
2026-08-01T21:14:01	Bicipiti e Braccia	b23dd5572648bf8d41829c8cd43e1af4d054dc54f2f300afe95cf3d90aaf326b	Curl macchina seduto (Machine Simultaneous Curl).gif	Curl macchina	curl-macchina	collegato	corretto a mano	no	EX311	Curl macchina seduto
2026-08-01T21:14:32	Bicipiti e Braccia	3151e8bf9d7d504b8d0147439783b832cdc0da584d99212ddfc82bcca47d6639	Curl manubri alternato in piedi (Standing Alternating Dumbbell Curl).gif	Curl alternato manubri	curl-alternato-manubri	collegato	corretto a mano	no	EX092	Curl manubri alternato in piedi
2026-08-01T21:15:23	Bicipiti e Braccia	3c7a52c12db193c9ae7df3e84b97532cceddfef14783bcb6f68e310a4381aabd	Curl manubri alternato panca inclinata (Incline Alternating Dumbbell Curl).gif	Curl alternato manubri panca inclinata	curl-alternato-manubri-panca-inclinata	libero	corretto a mano	si		
2026-08-01T21:15:55	Bicipiti e Braccia	aabda92b172af018ede93d3432afb7c4ee1479bd0eb6f0ca18733f9be3a91f6a	Curl manubri alternato panca Scott (Seated Alternating Dumbbell Preacher Curl).gif	Curl alternato manubri panca Scott	curl-alternato-manubri-panca-scott	collegato	corretto a mano	no	EX061	Curl manubri alternato panca Scott
2026-08-01T21:16:15	Bicipiti e Braccia	a4eb3d58794d295b5e1fa8d9fbfd03460895cb37f5ec4dfc1277c6d2de516f50	Curl manubri diagonale in piedi (Standing Diagonal Dumbbell Curl).gif	Curl diagonale manubri	curl-diagonale-manubri	collegato	corretto a mano	no	EX313	Curl manubri diagonale
2026-08-01T21:16:25	Bicipiti e Braccia	14f311ac90d72bb206320b11a7bf99505c8e541fded503d2397d8f13baa06937	Curl manubri in piedi (Standing Dumbbell Curl).gif	Curl manubri in piedi	curl-manubri-in-piedi	collegato	come proposto	no	EX314	Curl manubri in piedi
2026-08-01T21:16:28	Bicipiti e Braccia	bbffa78fab5bae230cd9f269a3b38cbc360095faef67ccd6698558a2845b598f	Curl manubri panca 90 gradi (Simultaneous Bilateral Dumbbell Curl on 90 Bench).gif	Curl manubri panca verticale	curl-manubri-panca-verticale	collegato	come proposto	no	EX320	Curl manubri panca verticale
2026-08-01T21:16:50	Bicipiti e Braccia	b791447344f8fe1e44eff1d7a0cbc393e2e58ab66cc0b56432963aad30072ed3	Curl manubri panca inclinata (Incline Dumbbell Simultaneous Curl).gif	Curl manubri panca inclinata	curl-manubri-panca-inclinata	collegato	come proposto	no	EX315	Curl manubri panca inclinata
2026-08-01T21:17:12	Bicipiti e Braccia	12f9544b7683c6cd305b7b9ae6bbb43ad4931238372e206e002659c04a439923	Curl manubri presa inversa in piedi (Standing Dumbbell Reverse Simultaneous Curl).gif	Curl presa inversa manubri	curl-presa-inversa-manubri	collegato	corretto a mano	no	EX316	Curl manubri presa inversa
2026-08-01T21:18:16	Bicipiti e Braccia	5c5c14f9516abfa8acb509b0459238674976d2932e3555485ec5894159b86541	Curl manubri Zottman seduto (Seated Zottman Curl).gif	Curl Zottman manubri seduto	curl-zottman-manubri-seduto	collegato	corretto a mano	no	EX312	Curl manubri Zottman seduto
2026-08-01T21:19:34	Bicipiti e Braccia	966697e6702540a15121ead92c1efd03eeafaf08e296a373f721bcc21908c043	Curl Spider bilanciere panca inclinata (Barbell Spider Curl on Incline Bench).gif	Curl spider bilanciere panca inclinata	curl-spider-bilanciere-panca-inclinata	collegato	come proposto	no	EX025	Curl spider bilanciere panca inclinata
2026-08-01T21:19:40	Bicipiti e Braccia	a4622e6909a7b22d7d782759b7e26b5886cbe6ea36cab840acf354569083b0a0	Curl Spider bilanciere panca piana (Barbell Spider Curl on Flat Bench).gif	Curl spider bilanciere panca piana	curl-spider-bilanciere-panca-piana	collegato	come proposto	no	EX056	Curl spider bilanciere panca piana
2026-08-01T21:19:51	Bicipiti e Braccia	b5cc70961012328a0f107785c5724abf990b70830b1e47b95cc4eb93b0661e88	Curl Spider bilanciere seduto (Seated Barbell Spider Curl).gif	Curl spider bilanciere seduto	curl-spider-bilanciere-seduto	collegato	come proposto	no	EX349	Curl spider bilanciere seduto
2026-08-01T21:20:41	Bicipiti e Braccia	04a46d9816a6da83d6ebc1ca2d888f471e4141d9015e01148980db914a4897ac	Curl Spider manubri panca inclinata (Simultaneous Bilateral Dumbbell Spider Curl).gif	Curl spider manubri panca inclinata	curl-spider-manubri-panca-inclinata	collegato	come proposto	no	EX222	Curl spider manubri panca inclinata
2026-08-01T21:22:01	Bicipiti e Braccia	51bdbf003b2beb01529f2070ce19e30d527fb4bb11a81c68050d061110b6e8de	Curl un braccio cavo alto in piedi (Standing Cable Single-Arm Curl).gif	Curl un braccio cavo alto	curl-un-braccio-cavo-alto	collegato	corretto a mano	no	EX324	Curl cavo alto un braccio
2026-08-01T21:22:49	Bicipiti e Braccia	e7f4a84a29ab9ce26dbe4f602e3709a188e946ed73676f3846ed1ba69154615b	Curl un braccio cavo basso dietro schiena in piedi (Standing Behind the Back Cable Single-Arm Curl).gif	Curl un braccio dietro schiena cavo basso	curl-un-braccio-dietro-schiena-cavo-basso	collegato	corretto a mano	no	EX325	Curl cavo basso un braccio dietro schiena
2026-08-01T21:23:44	Bicipiti e Braccia	a827b3a82de603f2017cc296a30012f5b7d8c70af6e2a255fd25917a8227035d	Curl un braccio cavo basso panca Scott (Cable Single-Arm Preacher Curl).gif	Curl un braccio panca Scott cavo basso	curl-un-braccio-panca-scott-cavo-basso	collegato	corretto a mano	no	EX326	Curl cavo basso un braccio panca Scott
2026-08-01T21:24:51	Bicipiti e Braccia	c9430d092472cef84cb741d7e9d5e25f87d0f1da389f05f8bc9f67b7ec373bac	Curl un braccio cavo basso seduto su panca (Cable Concentration Curl).gif	Curl concentrato cavo basso seduto	curl-concentrato-cavo-basso-seduto	collegato	come proposto	no	EX327	Curl concentrato cavo basso seduto
2026-08-01T21:26:25	Bicipiti e Braccia	300953adc794c4462fc440b0c53709af632f025bf76178a6e2a3ddab025d8009	Curl un braccio corpo libero seduto (Bodyweight Single-Arm Self-Resisted Curl).gif	Curl un braccio corpo libero seduto	curl-un-braccio-corpo-libero-seduto	collegato	come proposto	no	EX329	Curl un braccio corpo libero seduto
2026-08-01T21:26:53	Bicipiti e Braccia	5f37b581eb891c314b5e47b8a9fee19eb532c244694e00ffdcc0f437429150c1	Curl un braccio manubri panca inclinata prono (Incline Dumbbell Concentration Curl).gif	Curl manubri un braccio panca inclinata	curl-manubri-un-braccio-panca-inclinata	collegato	corretto a mano	no	EX331	Curl manubri un braccio panca inclinata prono
2026-08-01T21:27:17	Bicipiti e Braccia	5f37b581eb891c314b5e47b8a9fee19eb532c244694e00ffdcc0f437429150c1	Curl un braccio manubri panca inclinata prono (Incline Dumbbell Concentration Curl).gif	Curl un braccio manubrio panca inclinata	curl-un-braccio-manubrio-panca-inclinata	collegato	corretto a mano	no	EX331	Curl manubri un braccio panca inclinata prono
2026-08-01T21:27:53	Bicipiti e Braccia	8899aec14507cb87c4366d67cf58d3bac65f1468eaeb7df9e3ee866d6cf5e29e	Curl un braccio manubri panca Scott (Seated Dumbbell Single-Arm Preacher Curl).gif	Curl un braccio manubrio panca Scott seduto	curl-un-braccio-manubrio-panca-scott-seduto	collegato	corretto a mano	no	EX332	Curl manubri un braccio panca Scott
2026-08-01T21:28:41	Bicipiti e Braccia	e6b380b854853346471dd3f5b6465192ab78650cdcf6084e7e90512618a76d77	Curl un braccio manubri panca Scott in piedi (Dumbbell Preacher Curl).gif	Curl un braccio manubrio panca Scott in piedi	curl-un-braccio-manubrio-panca-scott-in-piedi	collegato	corretto a mano	no	EX333	Curl manubri un braccio panca Scott in piedi
2026-08-01T21:31:21	Bicipiti e Braccia	87500c87ff3afae691c8da96c458ae2a59916300b40181a01dda69c9c0cda637	Curl un braccio manubri seduto su panca (Dumbbell Concentration Curl).gif	Curl concentrato un braccio manubrio seduto	curl-concentrato-un-braccio-manubrio-seduto	collegato	corretto a mano	no	EX336	Curl manubri un braccio seduto
2026-08-01T21:31:31	Bicipiti e Braccia	87500c87ff3afae691c8da96c458ae2a59916300b40181a01dda69c9c0cda637	Curl un braccio manubri seduto su panca (Dumbbell Concentration Curl).gif	Curl concentrato un braccio manubrio	curl-concentrato-un-braccio-manubrio	collegato	corretto a mano	no	EX336	Curl manubri un braccio seduto
2026-08-01T21:31:53	Bicipiti e Braccia	bddea1462b8a760bc8d5d6301d77a0960c2b319ad546683384400858f088f655	Curl un braccio cavo basso in piedi (Unilateral Low Cable Curl).gif	Curl un braccio cavo basso in piedi	curl-un-braccio-cavo-basso-in-piedi	collegato	corretto a mano	no	EX012	Curl cavo basso un braccio in piedi
2026-08-01T21:35:08	Bicipiti e Braccia	c9430d092472cef84cb741d7e9d5e25f87d0f1da389f05f8bc9f67b7ec373bac	Curl un braccio cavo basso seduto su panca (Cable Concentration Curl).gif	Curl concentrato un braccio cavo basso	curl-concentrato-un-braccio-cavo-basso	collegato	corretto a mano	no	EX327	Curl concentrato cavo basso seduto
2026-08-01T21:38:31	Bicipiti e Braccia	e41952868f395cf651c48206315dd975b7568ddbc66edad27cf771cfd930fb57	Flessione dita pinza a molla (Hand Grip Crushing).gif	Flessione dita pinza a molla	flessione-dita-pinza-a-molla	collegato	come proposto	no	EX341	Flessione dita pinza a molla
2026-08-01T21:39:16	Bicipiti e Braccia	c4c26b29f1f63082cf13f5b30d9928a1fd915f8788e9fc1bd2cba0b9bbf8e6fa	Flessione estensione polsi rullino (Wrist Roller).gif	Flessione estensione polsi rullino	flessione-estensione-polsi-rullino	collegato	come proposto	no	EX342	Flessione estensione polsi rullino
2026-08-01T21:39:35	Bicipiti e Braccia	ca37821e6705cfd6028b14f88f066dcc36a24967d14ffd03910f3e788dda06b6	Flessione polsi bilanciere appoggio su panca (Flat Bench Barbell Wrist Curl).gif	Flessione polsi bilanciere appoggio su panca	flessione-polsi-bilanciere-appoggio-su-panca	collegato	come proposto	no	EX338	Flessione polsi bilanciere appoggio su panca
2026-08-01T21:40:47	Bicipiti e Braccia	744e7941c703fad3599c11a337fc7ae393a159b4ec274c67f1d345c548781f7d	Flessione polsi bilanciere dietro schiena in piedi (Standing Behind-the-Back Barbell Wrist Curl).gif	Flessione polsi bilanciere dietro schiena	flessione-polsi-bilanciere-dietro-schiena	collegato	come proposto	no	EX337	Flessione polsi bilanciere dietro schiena
2026-08-01T21:41:00	Bicipiti e Braccia	74dd072976de1686e0ae7d58dbb4fc82db21894b892861a966e0078f99ad4dfd	Flessione polsi inversa bilanciere ginocchio panca (Kneeling on Bench Barbell Reverse Wrist Curl).gif	Flessione polsi inversa bilanciere in ginocchio su panca	flessione-polsi-inversa-bilanciere-in-ginocchio-su-panca	collegato	come proposto	no	EX339	Flessione polsi inversa bilanciere in ginocchio su panca
2026-08-01T21:41:05	Bicipiti e Braccia	5ec210be1efb9ce1441aa2f4959d92fd3c19f09e95b6ce4db9c5d0ac034398dc	Flessione polsi inversa bilanciere seduto (Seated Barbell Reverse Wrist Curl).gif	Flessione polsi inversa bilanciere seduto	flessione-polsi-inversa-bilanciere-seduto	collegato	come proposto	no	EX344	Flessione polsi inversa bilanciere seduto
2026-08-01T21:41:27	Bicipiti e Braccia	a3a2e9f4332f312cf9b0d312505d24f70ff92ff224b0e169b8fba8c6bfd22a9d	Flessione polsi inversa manubri seduto (Seated Dumbbell Reverse Wrist Curl).gif	Flessione polsi inversa manubri seduto	flessione-polsi-inversa-manubri-seduto	collegato	come proposto	no	EX345	Flessione polsi inversa manubri seduto
2026-08-01T21:41:33	Bicipiti e Braccia	d886affd61e4f2316134173bf8577d9db7f26accf252bfd4ed9621f663808c14	Flessione polsi manubri panca (Simultaneous Bilateral Dumbbell Wrist Curl on Bench).gif	Flessione polsi manubri panca piana	flessione-polsi-manubri-panca-piana	collegato	come proposto	no	EX343	Flessione polsi manubri panca piana
2026-08-01T21:42:43	Bicipiti e Braccia	76d2f9181e49365147d84aac3c712db81686d168a250db5964ecdf9ed3c88778	Flessione polso Hammer un braccio coscia seduto (Seated Single-Arm Hammer Grip Wrist Curl).gif	Flessione hammer polso un braccio seduto	flessione-hammer-polso-un-braccio-seduto	collegato	corretto a mano	no	EX340	Flessione polso hammer un braccio appoggio su coscia seduto
2026-08-01T21:46:02	Bicipiti e Braccia	f77453f55da146c234df3893307cfbdc0fe7bb32b4f03a8830f1d3ed5ad2090c	Flessione polso un braccio disco appoggio seduto (Seated Single-Arm Plate Wrist Curl).gif	Flessione polso disco un braccio appoggiato	flessione-polso-disco-un-braccio-appoggiato	collegato	corretto a mano	no	EX347	Flessione polso disco un braccio appoggio seduto
2026-08-01T21:46:14	Bicipiti e Braccia	0dff9668e678728ade02683def5e03bd430ae7317e39ade3a01e31458cf6e449	Flessione polso un braccio manubrio appoggio seduto (Seated Single-Arm Dumbbell Wrist Curl).gif	Flessione polso manubrio un braccio appoggiato	flessione-polso-manubrio-un-braccio-appoggiato	collegato	corretto a mano	no	EX348	Flessione polso manubrio un braccio appoggio seduto
2026-08-01T21:46:49	Bicipiti e Braccia	f77453f55da146c234df3893307cfbdc0fe7bb32b4f03a8830f1d3ed5ad2090c	Flessione polso un braccio disco appoggio seduto (Seated Single-Arm Plate Wrist Curl).gif	Flessione polso un braccio appoggiato disco	flessione-polso-un-braccio-appoggiato-disco	collegato	corretto a mano	no	EX347	Flessione polso disco un braccio appoggio seduto
2026-08-01T21:47:33	Bicipiti e Braccia	f77453f55da146c234df3893307cfbdc0fe7bb32b4f03a8830f1d3ed5ad2090c	Flessione polso un braccio disco appoggio seduto (Seated Single-Arm Plate Wrist Curl).gif	Flessione polso un braccio disco	flessione-polso-un-braccio-disco	collegato	corretto a mano	no	EX347	Flessione polso disco un braccio appoggio seduto
2026-08-01T21:47:38	Bicipiti e Braccia	0dff9668e678728ade02683def5e03bd430ae7317e39ade3a01e31458cf6e449	Flessione polso un braccio manubrio appoggio seduto (Seated Single-Arm Dumbbell Wrist Curl).gif	Flessione polso un braccio manubrio	flessione-polso-un-braccio-manubrio	collegato	corretto a mano	no	EX348	Flessione polso manubrio un braccio appoggio seduto
2026-08-01T21:53:12	Bicipiti e Braccia	f77453f55da146c234df3893307cfbdc0fe7bb32b4f03a8830f1d3ed5ad2090c	Flessione polso un braccio disco appoggio seduto (Seated Single-Arm Plate Wrist Curl).gif	Flessione polso disco	flessione-polso-disco	collegato	corretto a mano	no	EX347	Flessione polso disco un braccio appoggio seduto
2026-08-01T21:53:23	Bicipiti e Braccia	0dff9668e678728ade02683def5e03bd430ae7317e39ade3a01e31458cf6e449	Flessione polso un braccio manubrio appoggio seduto (Seated Single-Arm Dumbbell Wrist Curl).gif	Flessione polso manubrio	flessione-polso-manubrio	collegato	corretto a mano	no	EX348	Flessione polso manubrio un braccio appoggio seduto
2026-08-01T21:54:01	Bicipiti e Braccia	9682cd1a18478b1fea9a52bea15b9fb7b036d2739212f49fc18556e66d4a6340	Flessione radiale polso manubrio (Dumbbell Wrist Radial Deviation).gif	Flessione radiale polso manubrio	flessione-radiale-polso-manubrio	collegato	come proposto	no	EX346	Flessione radiale polso manubrio
2026-08-01T21:54:25	Bicipiti e Braccia	e1c616990b45a1a16e28a7ca541f32b2a8b312adf0655c7bf2f0254ed2ffcbbe	Piegamenti mani ruotate all'indietro (Reverse grip push up).gif	Piegamenti mani ruotate all'indietro	piegamenti-mani-ruotate-all-indietro	libero	come proposto	si		
2026-08-01T21:54:33	Bicipiti e Braccia	18a5654fce0268aa80c6b3a0b3391bde68ef76ae11de3fe81ea673bda87be076	Piegamenti sulle dita (Fingertip push up).gif	Piegamenti sulle dita	piegamenti-sulle-dita	libero	come proposto	si		
2026-08-02T14:59:04	Bicipiti e Braccia	b791447344f8fe1e44eff1d7a0cbc393e2e58ab66cc0b56432963aad30072ed3	Curl manubri panca inclinata (Incline Dumbbell Simultaneous Curl).gif	Curl rotazione manubri panca inclinata	curl-rotazione-manubri-panca-inclinata	collegato	corretto a mano	no	EX315	Curl manubri panca inclinata
2026-08-02T18:47:58	Cardio e Conditioning	1384915e79643e1d80a51cf3a14772c481ce136912e1dfc791f6ba17e3004baf	Battle rope.gif	Battle rope onde alternate	battle-rope-onde-alternate	pendente	come proposto	no	EX587	Battle rope onde alternate
2026-08-02T18:49:13	Cardio e Conditioning	f09679bc4e2443430734210c6347416d1ee8db5c66f5dda09ab16601f04a049c	Box diretto destra sacco.gif	Boxe diretto sacco	boxe-diretto-sacco	pendente	come proposto	no	EX588	Boxe diretto sacco
2026-08-02T18:49:51	Cardio e Conditioning	f09679bc4e2443430734210c6347416d1ee8db5c66f5dda09ab16601f04a049c	Box diretto destra sacco.gif	Boxe diretto alternato sacco	boxe-diretto-alternato-sacco	pendente	corretto a mano	no	EX588	Boxe diretto sacco
2026-08-02T18:51:27	Cardio e Conditioning	39773120a5975eabdbe9761cc390e2f20df43b15221fb628ec08e530a83f5a1e	Box diretto destra.gif	Boxe diretto alternato	boxe-diretto-alternato	pendente	corretto a mano	no	EX589	Boxe diretto
2026-08-02T18:52:25	Cardio e Conditioning	f09679bc4e2443430734210c6347416d1ee8db5c66f5dda09ab16601f04a049c	Box diretto destra sacco.gif	Boxe diretto al sacco	boxe-diretto-al-sacco	pendente	corretto a mano	no	EX588	Boxe diretto sacco
2026-08-02T18:57:47	Cardio e Conditioning	c33c8c8ffd956d844aec76da14aed626159a5923a7f8ed0d9a965b917701bb99	Boxe diretti alternati.gif	Boxe pugni alternati	boxe-pugni-alternati	pendente	corretto a mano	no	EX053	Boxe diretti alternati
2026-08-02T18:57:50	Cardio e Conditioning	b08701ba5b983efa624ea850cc1f3d6dc32ddfb77a4c4998a0b8dcbc163d1012	Boxe footwork in piedi.gif	Boxe footwork	boxe-footwork	pendente	come proposto	no	EX591	Boxe footwork
2026-08-02T18:58:29	Cardio e Conditioning	9cdbe942eb84f0ef7af7d1f8150814f77084568d4d67c0ff2ad7d4b247338855	Boxe gancio.gif	Boxe gancio	boxe-gancio	pendente	come proposto	no	EX592	Boxe gancio
2026-08-02T18:58:33	Cardio e Conditioning	5e5d92ecdc691ac195091f17b4863e345d1d9fa481dd6b9f7680cc65dd11e27e	Boxe jab.gif	Boxe jab	boxe-jab	pendente	come proposto	no	EX593	Boxe jab
2026-08-02T18:58:41	Cardio e Conditioning	506fad868b9713f2001f6cd71c70695760d3fe4b13b7b834a5d7102740acff4c	Burpee Nave Seal.gif	Burpee navy seal	burpee-navy-seal	pendente	come proposto	no	EX594	Burpee navy seal
2026-08-02T18:58:50	Cardio e Conditioning	2bdd6be621bed916634c598e5026065a4b657a0bb4602114303a4bd02193005a	Burpees.gif	Burpee	burpee	pendente	come proposto	no	EX595	Burpee
2026-08-02T18:58:58	Cardio e Conditioning	c7a82eb585354f94f3eaed0e253cb6a9205d152948e4dab3759f3cc0cdd60e0f	Calcio circolare sacco.gif	Calcio circolare sacco	calcio-circolare-sacco	pendente	come proposto	no	EX607	Calcio circolare sacco
2026-08-02T18:59:32	Cardio e Conditioning	12ba864e38b5b2452b69021658100f53db5deaf6ab73c59032135bfeecbf2092	Camminata bear crawl.gif	Camminata bear crawl	camminata-bear-crawl	pendente	come proposto	no	EX596	Camminata bear crawl
2026-08-02T19:03:06	Cardio e Conditioning	e1e4307e26326e56dcf7574c67cd386015659c7bef39de23d926a33ef8f85145	Camminata laterale rapida.gif	Salti laterali rapidi	salti-laterali-rapidi	indicizzato	corretto a mano	si		
2026-08-02T19:03:18	Cardio e Conditioning	c9c64a4db3b609aa8f21639a57fb0788e55c8988d89f7e98453db3e2842421f0	Corsa all indietro.gif	Corsa all'indietro	corsa-all-indietro	pendente	come proposto	no	EX597	Corsa all'indietro
2026-08-02T19:03:25	Cardio e Conditioning	1a5c57cb842990b95cfe5ff8e675adc6fc9587effa5a3c0b4a467af5bb74e76c	Corsa calciata sul posto.gif	Corsa calciata sul posto	corsa-calciata-sul-posto	indicizzato	come proposto	si		
2026-08-02T19:04:08	Cardio e Conditioning	66c92f9d4b54db54390e6c1d0a7f15d5b95f766902d580d2a4eb9f898ac8ce2f	Corsa conetti a X.gif	Corsa X con conetti	corsa-x-con-conetti	libero	corretto a mano	si		
2026-08-02T19:04:39	Cardio e Conditioning	b0b7a875ad6652b6ff7595b788c1769cd630a027b42cc9c73bc0f13b92fb9320	Corsa conetti zigzag.gif	Corsa zigzag con conetti	corsa-zigzag-con-conetti	pendente	corretto a mano	no	EX598	Corsa zigzag conetti
2026-08-02T19:05:58	Cardio e Conditioning	2bbbf4d8c436bda829c556e34f906d0799e2325ca84eeac6a261e99224881f07	Corsa laterale scaletta agilita.gif	Corsa laterale agile con scaletta	corsa-laterale-agile-con-scaletta	pendente	corretto a mano	no	EX599	Corsa laterale scaletta agilità
2026-08-02T19:06:10	Cardio e Conditioning	982159ddd1a222150609b1e0619a8aa5fa96e87f504c7cefe7ca030b04799c7b	Corsa passi corti.gif	Corsa passi corti	corsa-passi-corti	pendente	come proposto	no	EX601	Corsa passi corti
2026-08-02T19:06:18	Cardio e Conditioning	a60d810d7011b88d08973a027d7fe3674d8eb473fe55d5768fa23a44862ec4d5	Corsa rapida.gif	Corsa falcata lunga	corsa-falcata-lunga	pendente	come proposto	no	EX602	Corsa falcata lunga
2026-08-02T19:06:31	Cardio e Conditioning	862c4e408937cbdeeacb676e5d627bc9ea6ab96bade28e1847c194782f226423	Corsa resistenza elastico.gif	Corsa resistenza con elastico	corsa-resistenza-con-elastico	pendente	come proposto	no	EX603	Corsa resistenza con elastico
2026-08-02T19:08:15	Cardio e Conditioning	2bbbf4d8c436bda829c556e34f906d0799e2325ca84eeac6a261e99224881f07	Corsa laterale scaletta agilita.gif	Corsa laterale scaletta agilità	corsa-laterale-scaletta-agilita	pendente	come proposto	no	EX599	Corsa laterale scaletta agilità
2026-08-02T19:09:08	Cardio e Conditioning	36e3cb067bdce3939ccbcef93cf0b581dd329696a706e3ecb32f9ebdbaf8cfb8	Corsa scaletta agilita.gif	Corsa scaletta agilità	corsa-scaletta-agilita	pendente	come proposto	no	EX604	Corsa scaletta agilità
2026-08-02T19:09:10	Cardio e Conditioning	f133f97fc367c7b6743298a7b65049499531fd45bf64fdcb497d685d0d885768	Corsa sforbiciata.gif	Corsa sforbiciata	corsa-sforbiciata	pendente	come proposto	no	EX605	Corsa sforbiciata
2026-08-02T19:09:13	Cardio e Conditioning	b0ae0b2f226b265e0a382fe7fc980b72199a5c560d7607b4a1d7b7b45648e562	Corsa sul posto.gif	Corsa sul posto	corsa-sul-posto	pendente	come proposto	no	EX606	Corsa sul posto
2026-08-02T19:09:18	Cardio e Conditioning	34de9d3bfa8b43956719063a299ae97c008f2eccec27d0ea970cfb6b3431a6f1	Jumping jack.gif	Jumping jack	jumping-jack	pendente	come proposto	no	EX608	Jumping jack
2026-08-02T19:09:47	Cardio e Conditioning	2a8d176a026434c3b5c8ddcaf0495237e8bcb4fab76a95b5ff0c40a5f09de940	Saltelli caviglie.gif	Jumping rimbalzato	jumping-rimbalzato	pendente	corretto a mano	no	EX610	Jumping rimbalzi
2026-08-02T19:09:50	Cardio e Conditioning	938e241230b22295e63e5ba0f995bda211a6c10512e077260e77fb33f285e024	Salto con la corda.gif	Salto con la corda	salto-con-la-corda	pendente	come proposto	no	EX612	Salto con la corda
2026-08-02T19:09:54	Cardio e Conditioning	3e4760a6950fcfb1842d201a3ae824f0dcffd42d08967fffe1080c4ddc46049c	Skip alto con calcio.gif	Skip con calcio	skip-con-calcio	pendente	come proposto	no	EX615	Skip con calcio
2026-08-02T19:10:01	Cardio e Conditioning	15ca4f48e0b6e3964a91e5428bbd8c7fcc9262e27f8d429cd4ae4d903796ecc5	Skip ginocchie alte sul posto.gif	Skip ginocchia alte	skip-ginocchia-alte	pendente	come proposto	no	EX616	Skip ginocchia alte
2026-08-02T19:10:06	Cardio e Conditioning	3f0a415a4e9828e08871a1a6fd88692df6fcf922b01e41c0516d86e22109cf1c	Skip power.gif	Skip power	skip-power	pendente	come proposto	no	EX617	Skip power
2026-08-02T19:10:15	Cardio e Conditioning	69357ea415b70ff9f18669587f8cd3cad959d6daa6d73d0a912c8cbe4862062b	Skip sul posto.gif	Skip sul posto	skip-sul-posto	pendente	come proposto	no	EX618	Skip sul posto
2026-08-02T19:18:15	Cardio e Conditioning	b7c21e0a1e78b3fcf727a6e72d3f94002327e3a193779909c2bfee6654e42eb6	Spostamento laterale con tocco a terra.gif	Spostamento laterale con tocco a terra	spostamento-laterale-con-tocco-a-terra	pendente	come proposto	no	EX600	Spostamento laterale con tocco a terra
2026-08-03T06:38:46	Gambe e Glutei	21ffc120fe95b3122340eab79aac151f123bc49082f7d2ef71b3e2687fcb0452	Squat barra dritta elastico (Band Barbell Squat).gif	Squat barra elastico	squat-barra-elastico	pendente	come proposto	no	EX646	Squat barra elastico
2026-08-03T06:38:51	Gambe e Glutei	7a0b33d7c67823493e97ca649ee2f9edd2ab6a5c05a4f48e3636440e68a0e749	Squat bilanciere (Barbell squat).gif	Squat bilanciere	squat-bilanciere	collegato	come proposto	no	EX263	Squat bilanciere
2026-08-03T06:39:10	Gambe e Glutei	e5641ea4bf94dbcf5922d6dd5ddfac0cb8599c3f48b583d2b46109bf884e89fa	Squat bilanciere al rack (Barbell rack squat).gif	Squat bilanciere al rack	squat-bilanciere-al-rack	collegato	come proposto	no	EX264	Squat bilanciere al rack
2026-08-03T06:39:16	Gambe e Glutei	210ccb4f95a26476675450fcc84c8c7646d68fc8fa97c8cfe6dc26cbcff3f14b	Squat bilanciere landmine (Landmine squat).gif	Squat bilanciere landmine	squat-bilanciere-landmine	collegato	come proposto	no	EX265	Squat bilanciere landmine
2026-08-03T06:39:48	Gambe e Glutei	8678172072528fb0150ffca39c5fd3c68d445cf20e8a4d9d75c0aaea9472f753	Squat calcio laterale tocco tallone.gif	Squat calcio laterale tocco tallone	squat-calcio-laterale-tocco-tallone	pendente	come proposto	no	EX647	Squat calcio laterale tocco tallone
2026-08-03T06:40:29	Gambe e Glutei	312a834ecbd28e0dce80d2c2313590dae1c70e49e4791b0cbf55d2dbcef2772b	Squat cavi doppi bassi (Dual cable squat).gif	Squat cavi bassi	squat-cavi-bassi	collegato	corretto a mano	no	EX259	Squat cavi doppi bassi
2026-08-03T06:41:38	Gambe e Glutei	c309f2e7e286f1c641ba2cc6c7accd31e044a56f44fa1260f1b0574811053f81	Squat cavo basso (Cable low squat).gif	Squat cavo basso	squat-cavo-basso	collegato	come proposto	no	EX258	Squat cavo basso
2026-08-03T06:41:52	Gambe e Glutei	9bf078772d3b4afde76826ec8dffc878544353af72b2660d59e7178cb9f1ca2b	Squat corpo libero (Bodyweight squat).gif	Squat corpo libero	squat-corpo-libero	indicizzato	come proposto	si		
2026-08-03T06:41:54	Gambe e Glutei	88356c85eadd2df87324b869fe3b02bcd2d454062f63181a77b7213c5d3dd893	Squat cosacco.gif	Squat cosacco	squat-cosacco	pendente	come proposto	no	EX082	Squat cosacco
2026-08-03T06:42:58	Gambe e Glutei	8678172072528fb0150ffca39c5fd3c68d445cf20e8a4d9d75c0aaea9472f753	Squat calcio laterale tocco tallone.gif	Squat calcio laterale	squat-calcio-laterale	pendente	corretto a mano	no	EX647	Squat calcio laterale tocco tallone
2026-08-03T06:45:12	Gambe e Glutei	3927ec7c2413b5417cfe8e7c31dae52e83c35265d68e609a942d37c3a78cb82e	Squat elastico sopra la testa (Band Overhead Squat).gif	Squat elastico braccia alte	squat-elastico-braccia-alte	pendente	come proposto	no	EX649	Squat elastico braccia alte
2026-08-03T06:46:14	Gambe e Glutei	e6605bcdad3f6579d265e0d2d0bb69efbb2ff7e6dc2067d954619c89f7413e6e	Squat frontale bilanciere (Barbell front squat).gif	Squat frontale bilanciere	squat-frontale-bilanciere	collegato	come proposto	no	EX081	Squat frontale bilanciere
2026-08-03T06:46:31	Gambe e Glutei	e6605bcdad3f6579d265e0d2d0bb69efbb2ff7e6dc2067d954619c89f7413e6e	Squat frontale bilanciere (Barbell front squat).gif	Squat bilanciere frontale	squat-bilanciere-frontale	collegato	corretto a mano	no	EX081	Squat frontale bilanciere
2026-08-03T06:47:19	Gambe e Glutei	8acd67cdd91098459064db42dcfdf5c94cd767526e667d05c14d08742a460739	Squat ginocchio alto (Squat with knee raise).gif	Squat torsione ginocchio alto	squat-torsione-ginocchio-alto	libero	corretto a mano	si		
2026-08-03T06:48:21	Gambe e Glutei	79aef9ca93ec5cac7ab66d2c5dbc7df03e8cc680af566f85cb2817601d7d924b	Squat Goblet kettlebell elastico (Band Kettlebell Goblet Squat).gif	Squat goblet kettlebell banda	squat-goblet-kettlebell-banda	pendente	corretto a mano	no	EX645	Squat goblet kettlebell elastico
2026-08-03T06:48:41	Gambe e Glutei	70e04f664d37a10ef5d81db4aeeb3c115082c5e1104d179f241e190f8e72414a	Squat hack machine (Hack machine squat).gif	Squat hack machine	squat-hack-machine	collegato	come proposto	no	EX261	Squat hack machine
2026-08-03T06:49:19	Gambe e Glutei	75328f32765c95024ca5c537ccd38b7c1bf80c77194d6624bb839445823c7d9f	Squat hack machine inverso (Reverse hack machine squat).gif	Squat inverso hack machine	squat-inverso-hack-machine	collegato	corretto a mano	no	EX262	Squat hack machine inverso
2026-08-03T06:49:28	Gambe e Glutei	b80ed62ddecc7249d7a91862d1e697ad97b7bfe6acf7f1e22bd9bfe3c48c18de	Squat manubri (Dumbbell squat).gif	Squat manubri	squat-manubri	collegato	come proposto	no	EX267	Squat manubri
2026-08-03T06:49:40	Gambe e Glutei	b1c24965c7c5217c4c3caac0d9211867485d960b81f407a4d22ef8f2bb274883	Squat multipower (Smith machine squat).gif	Squat multipower	squat-multipower	collegato	come proposto	no	EX260	Squat multipower
2026-08-03T06:50:22	Gambe e Glutei	6ba72710aed06cd82a34d53c5f6fe1e0f34aa80d70570a8403da04bc5e41a1cb	Squat parete fitball corpo libero (Bodyweight wall squat with swiss ball).gif	Squat parete fitball	squat-parete-fitball	collegato	corretto a mano	no	EX045	Squat parete fitball corpo libero
2026-08-03T11:43:54	Gambe e Glutei	b66a750d54c81cfbb67564ccb2685e720b21d203fde5deca84679b38d41c69e9	Squat su panca manubri (Dumbbell box:bench squat).gif	Squat manubri seduto su panca	squat-manubri-seduto-su-panca	collegato	corretto a mano	no	EX274	Squat su panca manubri
2026-08-03T11:43:55	Gambe e Glutei	44b6d5f224cb8e4cd6322fc73521f14461e1853d0851ffc153d36792e40069a2	Squat profondo bilanciere (Barbell deep squat).gif	Squat profondo bilanciere	squat-profondo-bilanciere	collegato	come proposto	no	EX273	Squat profondo bilanciere
2026-08-03T11:44:51	Gambe e Glutei	912e9c482a0418040a7a6c344b5424f8241fdf5a2054a81c886eef7edf481b85	Squat sumo bilanciere frontale (Wide-stance barbell front squat).gif	Squat sumo bilanciere frontale	squat-sumo-bilanciere-frontale	collegato	come proposto	no	EX277	Squat sumo bilanciere frontale
2026-08-03T11:45:01	Gambe e Glutei	41ca83090ef0db41dac62df77a8519c30f8bba6b32095d86bba7b53ebbd74572	Squat sumo corpo libero braccia distese (Bodyweight sumo squat with arms down).gif	Squat sumo corpo libero	squat-sumo-corpo-libero	collegato	corretto a mano	no	EX275	Squat sumo corpo libero braccia distese
2026-08-03T11:45:43	Gambe e Glutei	41ca83090ef0db41dac62df77a8519c30f8bba6b32095d86bba7b53ebbd74572	Squat sumo corpo libero braccia distese (Bodyweight sumo squat with arms down).gif	Squat sumo corpo libero braccia distese	squat-sumo-corpo-libero-braccia-distese	collegato	come proposto	no	EX275	Squat sumo corpo libero braccia distese
2026-08-03T11:45:48	Gambe e Glutei	7b98bdec1a4dd54ce9bc3958cd9fbaa48d88ebd583bf7cb5d000f7a3447e0352	Squat sumo corpo libero mani al petto (Bodyweight sumo squat with hands to chest).gif	Squat sumo corpo libero mani al petto	squat-sumo-corpo-libero-mani-al-petto	collegato	come proposto	no	EX276	Squat sumo corpo libero mani al petto
2026-08-03T11:46:00	Gambe e Glutei	0c4ca1d84bdb7eef33e72bb580bcaebbf63b1b21c3d6878f547146811a6726db	Squat sumo manubrio (Dumbbell sumo squat).gif	Squat sumo manubrio	squat-sumo-manubrio	collegato	come proposto	no	EX278	Squat sumo manubrio
2026-08-03T11:47:37	Gambe e Glutei	710f513cf7df6749f80653e9e87dc022f047eb426f0ea4bd5238d538877c3612	Squat wall ball palla medica.gif	Squat wall ball palla medica	squat-wall-ball-palla-medica	pendente	come proposto	no	EX651	Squat wall ball palla medica
2026-08-03T11:47:53	Gambe e Glutei	1a35a3fe2f3b857ae0464ad22cd4958ba5ed49a185719a7d157ae4fcc99af38a	Wall Sit inclinazione tronco.gif	Squat wall sit inclinazione alternato	squat-wall-sit-inclinazione-alternato	pendente	come proposto	no	EX655	Squat wall sit inclinazione alternato
2026-08-03T11:48:07	Gambe e Glutei	1a35a3fe2f3b857ae0464ad22cd4958ba5ed49a185719a7d157ae4fcc99af38a	Wall Sit inclinazione tronco.gif	Squat wall sit inclinazione alternata	squat-wall-sit-inclinazione-alternata	pendente	corretto a mano	no	EX655	Squat wall sit inclinazione alternato
2026-08-03T11:49:26	Gambe e Glutei	710f513cf7df6749f80653e9e87dc022f047eb426f0ea4bd5238d538877c3612	Squat wall ball palla medica.gif	Squat wall palla medica	squat-wall-palla-medica	pendente	corretto a mano	no	EX651	Squat wall ball palla medica
2026-08-03T11:49:40	Gambe e Glutei	710f513cf7df6749f80653e9e87dc022f047eb426f0ea4bd5238d538877c3612	Squat wall ball palla medica.gif	Squat wall ball palla medica	squat-wall-ball-palla-medica	pendente	come proposto	no	EX651	Squat wall ball palla medica
2026-08-03T11:51:02	Gambe e Glutei	6ba72710aed06cd82a34d53c5f6fe1e0f34aa80d70570a8403da04bc5e41a1cb	Squat parete fitball corpo libero (Bodyweight wall squat with swiss ball).gif	Squat wall fitball	squat-wall-fitball	collegato	corretto a mano	no	EX045	Squat parete fitball corpo libero
2026-08-03T11:51:59	Gambe e Glutei	d2bb04e1246596210448c7666bd6e48e1be9e4cebdeea4c0ff836153b5a1601f	Squat sumo bilanciere (Barbell sumo squat).gif	Squat sumo bilanciere	squat-sumo-bilanciere	collegato	corretto a mano	no	EX266	Squat bilanciere sumo
2026-08-03T11:52:20	Gambe e Glutei	10a09fa7466577f5fbaac35659348e97b884d35b5d733c9eff700461e98f2c32	Wall Sit.gif	Squat wall sit	squat-wall-sit	pendente	come proposto	no	EX040	Squat wall sit
2026-08-03T11:53:03	Gambe e Glutei	cc8369de4b281ce25975e7c0352b3d93c5f9e4b566446faae052954d2302a0f7	Affondo profondo una gamba (Deep lunge single leg).gif	Affondo profondo una gamba	affondo-profondo-una-gamba	libero	come proposto	si		
2026-08-03T11:53:37	Gambe e Glutei	28dd4732693d7d04fdafa88db627dd12e38dd0671a59b0dd3bf1e56ff835d599	Squat bulgaro.gif	Squat bulgaro a corpo libero	squat-bulgaro-a-corpo-libero	collegato	corretto a mano	no	EX047	Squat bulgaro unilaterale a corpo libero
2026-08-03T11:57:24	Gambe e Glutei	28dd4732693d7d04fdafa88db627dd12e38dd0671a59b0dd3bf1e56ff835d599	Squat bulgaro.gif	Squat bulgaro corpo libero	squat-bulgaro-corpo-libero	collegato	corretto a mano	no	EX047	Squat bulgaro unilaterale a corpo libero
2026-08-03T11:57:27	Gambe e Glutei	c81c93122bcf59ecbb71341cc109de14237ed54a66042cbf8897ec8d001e92f6	Squat bulgaro bilanciere.gif	Squat bulgaro bilanciere	squat-bulgaro-bilanciere	collegato	come proposto	no	EX269	Squat bulgaro bilanciere
2026-08-03T11:57:34	Gambe e Glutei	f6fb56b663ccb97df557e9edee16b994b0dbd6231c7799317eb38ceaa100c986	Squat bulgaro manubri.gif	Squat bulgaro manubri	squat-bulgaro-manubri	collegato	come proposto	no	EX270	Squat bulgaro manubri
2026-08-03T11:58:11	Gambe e Glutei	b5aca689631e5b840739ffb7e69968619d79feb2862c326b38d7d40d270409d3	Squat hawaiano una gamba (Hawaiian squat single leg).gif	Squat hawaiano	squat-hawaiano	libero	corretto a mano	si		
2026-08-03T11:59:17	Gambe e Glutei	bd19e6f7b7e7b534929070ef5d8dc1f45f5ba640c9d4d12a0be221b168d8bd77	Squat pistol assistito una gamba (Assisted pistol squat single leg).gif	Squat pistol assistito	squat-pistol-assistito	libero	corretto a mano	si		
2026-08-03T12:00:31	Gambe e Glutei	96f55e295049a643332324a8fbe7f8049b54dd3fbb121c464018916b10ec04a4	Squat Pistol box.gif	Squat pistol al box	squat-pistol-al-box	pendente	come proposto	no	EX643	Squat pistol al box
2026-08-03T12:00:37	Gambe e Glutei	50b260f35c0ba8381efd54be486dcd493865ab435aae3a729d3e842e2f651d48	Squat pistol corpo libero (Bodyweight pistol squat).gif	Squat pistol corpo libero	squat-pistol-corpo-libero	indicizzato	come proposto	si		
2026-08-03T12:00:49	Gambe e Glutei	3ad266121a01ba6158276d205b0c72e5658a149338eef7c60a1c879b9e8c7498	Squat pistol kettlebell una gamba (Kettlebell pistol squat single leg).gif	Squat pistol kettlebell	squat-pistol-kettlebell	libero	corretto a mano	si		
2026-08-03T14:49:24	Gambe e Glutei	bd19e6f7b7e7b534929070ef5d8dc1f45f5ba640c9d4d12a0be221b168d8bd77	Squat pistol assistito una gamba (Assisted pistol squat single leg).gif	Pistol squat assistito	pistol-squat-assistito	libero	corretto a mano	si		
2026-08-03T14:49:36	Gambe e Glutei	96f55e295049a643332324a8fbe7f8049b54dd3fbb121c464018916b10ec04a4	Squat Pistol box.gif	Pistol squat al box	pistol-squat-al-box	pendente	corretto a mano	no	EX643	Squat pistol al box
2026-08-03T14:50:01	Gambe e Glutei	50b260f35c0ba8381efd54be486dcd493865ab435aae3a729d3e842e2f651d48	Squat pistol corpo libero (Bodyweight pistol squat).gif	Pistol squat corpo libero	pistol-squat-corpo-libero	indicizzato	corretto a mano	si		
2026-08-03T14:50:11	Gambe e Glutei	3ad266121a01ba6158276d205b0c72e5658a149338eef7c60a1c879b9e8c7498	Squat pistol kettlebell una gamba (Kettlebell pistol squat single leg).gif	Pistol squat kettlebell	pistol-squat-kettlebell	libero	corretto a mano	si		
2026-08-03T14:50:54	Gambe e Glutei	0b1097d802adf22ee5016caf33fb456adb8d559b878aeb5b904501e076bc8927	Squat pistol manubrio (Dumbbell pistol squat).gif	Pistol squat manubrio stesso lato	pistol-squat-manubrio-stesso-lato	indicizzato	corretto a mano	si		
2026-08-03T14:52:22	Gambe e Glutei	96f55e295049a643332324a8fbe7f8049b54dd3fbb121c464018916b10ec04a4	Squat Pistol box.gif	Pistol squat su box	pistol-squat-su-box	pendente	corretto a mano	no	EX643	Squat pistol al box
2026-08-03T14:53:02	Gambe e Glutei	1b6f327823bf4b87890331d300797096106ca2e08898c2b9d386bb0da0e66e1b	Squat pistol su box una gamba (Box pistol squat single leg).gif	Pistol squat al box	pistol-squat-al-box	libero	corretto a mano	si		
2026-08-03T14:53:47	Gambe e Glutei	344459a989277a53f986e05887fb3bbf6dfb9198ae8aabbe4f2bb9b23dc7e600	Squat pistol TRX una gamba (TRX pistol squat single leg).gif	Pistol squat TRX	pistol-squat-trx	libero	corretto a mano	si		
2026-08-03T14:53:50	Gambe e Glutei	981f0611e0ccdc4721e3bc23cc97451a5f686ac5cfd0c99856ab0e39a506f720	Squat shrimp una gamba (Shrimp squat single leg).gif	Squat shrimp	squat-shrimp	libero	corretto a mano	si		
2026-08-03T14:53:59	Gambe e Glutei	b87dc9f6e10a093ead1bffc880dc5692773e84f8080083724e5d1f0e0f4d2bad	Squat sissy in ginocchio (Kneeling sissy squat).gif	Squat sissy in ginocchio	squat-sissy-in-ginocchio	libero	come proposto	si		
2026-08-03T14:54:56	Gambe e Glutei	5a35a64bbf4b16af9b99e4b249219cfd028c9b8855b7270be1072ecb0de4dfbc	Squat skater una gamba (Skater squat single leg).gif	Squat skater una gamba	squat-skater-una-gamba	libero	come proposto	si		
2026-08-03T14:55:47	Gambe e Glutei	a3529953dec275883fd6986dc4f7d02bd4e2238da73ba51173a4cb265f924cd8	Squat su step (Step squat).gif	Squat su step	squat-su-step	libero	come proposto	si		
2026-08-03T14:58:04	Gambe e Glutei	a3529953dec275883fd6986dc4f7d02bd4e2238da73ba51173a4cb265f924cd8	Squat su step (Step squat).gif	Squat seduto su step	squat-seduto-su-step	libero	corretto a mano	si		
2026-08-03T14:58:20	Gambe e Glutei	1b6f327823bf4b87890331d300797096106ca2e08898c2b9d386bb0da0e66e1b	Squat pistol su box una gamba (Box pistol squat single leg).gif	Pistol squat seduto su box	pistol-squat-seduto-su-box	libero	corretto a mano	si		
2026-08-03T14:58:52	Gambe e Glutei	e564fed566cf957a976ad9bb00cecc71a7f06b23a769143f5cd6aead904a133a	Affondi inversi knee drive.gif	Affondo inverso con knee drive	affondo-inverso-con-knee-drive	pendente	come proposto	no	EX631	Affondo inverso con knee drive
2026-08-03T14:59:31	Gambe e Glutei	c200128141d1be1956108ec277f6cf44565152f36682f23bf3df7eb8f9777001	Affondo unilaterale sul posto a corpo libero.gif	Affondo corpo libero sul posto	affondo-corpo-libero-sul-posto	collegato	corretto a mano	no	EX015	Affondo alternato corpo libero
2026-08-03T14:59:47	Gambe e Glutei	e7c875251c94a43e7a7606b6e062338cb68dfd5680461ff0af4eab1a6aa55ea9	Affondo avanti alternato.gif	Affondo alternato	affondo-alternato	pendente	come proposto	no	EX015	Affondo alternato
2026-08-03T15:00:58	Gambe e Glutei	e7c875251c94a43e7a7606b6e062338cb68dfd5680461ff0af4eab1a6aa55ea9	Affondo avanti alternato.gif	Affondo avanti alternato	affondo-avanti-alternato	pendente	corretto a mano	no	EX015	Affondo alternato
2026-08-03T15:01:09	Gambe e Glutei	393e4a459e72ac14a2dc6e53e59d299a9a5c3f00b321d97608f9dc17908c8db1	Affondo avanti bilanciere (Alternating barbell forward lunge).gif	Affondo avanti bilanciere	affondo-avanti-bilanciere	collegato	come proposto	no	EX204	Affondo avanti bilanciere
2026-08-03T15:01:12	Gambe e Glutei	a5a7bc30add78a15ff98521e7fe825e7487260112012aa20a0b1d55616319727	Affondo avanti manubri (Alternating dumbbell forward lunge).gif	Affondo avanti manubri	affondo-avanti-manubri	collegato	come proposto	no	EX205	Affondo avanti manubri
2026-08-03T15:01:33	Gambe e Glutei	2485ad2e6b5c4f8b0471310205d595745df64b5149803f82d7c08d8c4e4fa9ff	Affondo avanti parziale manubri (Partial alternating dumbbell forward lunge).gif	Affondo avanti parziale manubri	affondo-avanti-parziale-manubri	collegato	come proposto	no	EX206	Affondo avanti parziale manubri
2026-08-03T15:03:17	Gambe e Glutei	9abf8554bc761785893d83381662e9cdbe0a9e13292bdbad114c0fb8476dbc78	Affondo barra elastico in piedi.gif	Affondo barra elastico sul posto	affondo-barra-elastico-sul-posto	libero	corretto a mano	si		
2026-08-03T15:24:20	Gambe e Glutei	1520562ea588eec8b3724f02472a050f41e66d0a382088a9b75e263693066683	Affondo bilanciere (Stationary barbell lunge).gif	Affondo bilanciere sul posto	affondo-bilanciere-sul-posto	collegato	corretto a mano	no	EX214	Affondo bilanciere
2026-08-03T15:24:31	Gambe e Glutei	c52787af2dd05b77d22a5c0d902f75ccc7f6b5bd28c7796fb5be3fd2bfd41068	Affondo Bosu knee drive.gif	Affondo inverso Bosu con knee drive	affondo-inverso-bosu-con-knee-drive	pendente	come proposto	no	EX632	Affondo inverso Bosu con knee drive
2026-08-03T15:24:41	Gambe e Glutei	071992bf16eccc3305771c9f9a6075b3a83c63f2bf3fba3ea7b58d0c2dd190ba	Affondo camminato knee drive.gif	Affondo camminato con knee drive	affondo-camminato-con-knee-drive	pendente	come proposto	no	EX635	Affondo camminato con knee drive
2026-08-03T15:25:53	Gambe e Glutei	fc602a542d5afa607b994b5fa8248e884b8ab84e2f4d314c921139993d7bb549	Affondo corpo libero (Stationary bodyweight lunge).gif	Affondo corpo libero sul posto	affondo-corpo-libero-sul-posto	libero	corretto a mano	si		
2026-08-03T15:26:00	Gambe e Glutei	7c6ff54f4d3c56e11f2547b6b7a6921a4aca4f2d99269542044277dbaed7ab59	Affondo incrociato indietro bilanciere (Alternating barbell curtsy lunge).gif	Affondo incrociato indietro bilanciere	affondo-incrociato-indietro-bilanciere	collegato	come proposto	no	EX208	Affondo incrociato indietro bilanciere
2026-08-03T15:26:53	Gambe e Glutei	a4412c5fab9e3f1739c023afb1a9899340f309a93fae84e5c000115a71ba19ef	Affondo indietro bilanciere (Alternating barbell reverse lunge).gif	Affondo indietro bilanciere	affondo-indietro-bilanciere	collegato	come proposto	no	EX209	Affondo indietro bilanciere
2026-08-03T15:27:20	Gambe e Glutei	b72a1e6cf4fdd01f8f30e6769e039678bbf9e724796db8938743d78a33fcb476	Affondo indietro manubri (Alternating dumbbell reverse lunge).gif	Affondo indietro manubri	affondo-indietro-manubri	collegato	corretto a mano	no	EX039	Affondo posteriore
2026-08-03T15:27:50	Gambe e Glutei	42049265076674d662e70b46efeb83bbad46796f76f3172acbaa0e35d4844b8c	Affondo laterale.gif	Affondo laterale	affondo-laterale	pendente	come proposto	no	EX637	Affondo laterale
2026-08-03T15:28:50	Gambe e Glutei	fc602a542d5afa607b994b5fa8248e884b8ab84e2f4d314c921139993d7bb549	Affondo corpo libero (Stationary bodyweight lunge).gif	Affondo sul posto	affondo-sul-posto	libero	corretto a mano	si		
2026-08-03T15:29:08	Gambe e Glutei	42049265076674d662e70b46efeb83bbad46796f76f3172acbaa0e35d4844b8c	Affondo laterale.gif	Affondo laterale alternato	affondo-laterale-alternato	pendente	corretto a mano	no	EX637	Affondo laterale
2026-08-03T15:29:37	Gambe e Glutei	ad56ceacdee2e6d493bd4a6378b297009dea86742d417086294bea4a7c8069ba	Affondo laterale bilanciere (Alternating barbell side lunge).gif	Affondo laterale bilanciere	affondo-laterale-bilanciere	collegato	come proposto	no	EX210	Affondo laterale bilanciere
2026-08-03T15:30:08	Gambe e Glutei	185313ac198178da31cc1b443263df6a1281eab8961222b7a863fb80e1d913b2	Affondo laterale manubri (Alternating dumbbell side lunge).gif	Affondo laterale manubri	affondo-laterale-manubri	collegato	come proposto	no	EX211	Affondo laterale manubri
2026-08-03T15:30:38	Gambe e Glutei	6f6e56838a6afb79d88b3434cabbbec04c1a75c95822473607fa0bbef183f2d6	Affondo multipower (Stationary smith machine lunge).gif	Affondo multipower	affondo-multipower	collegato	come proposto	no	EX213	Affondo multipower
2026-08-03T15:30:57	Gambe e Glutei	7d11efd0eaef29bc0a76539aa48caa720e2f5df4a03e4c099d693ac70b719972	Affondo Split maniglie elastico.gif	Affondo maniglie elastico sul posto	affondo-maniglie-elastico-sul-posto	pendente	corretto a mano	no	EX633	Affondo split maniglie elastico
2026-08-03T15:31:14	Gambe e Glutei	f952f75c65cc562af2eeac5b6c96c0d884dd1ec2a016dc48bc62e79a697f64a8	Camminata manubri (Dumbbell farmer's walk).gif	Camminata manubri	camminata-manubri	collegato	come proposto	no	EX088	Camminata manubri
2026-08-03T15:32:22	Gambe e Glutei	a4f01d1a040b20588d9f25a19976ff75bb38957d7a990422405d66b6d5f440ae	Squat camminato (Duck walk squat).gif	Camminata squat	camminata-squat	libero	corretto a mano	si		
2026-08-03T15:33:31	Gambe e Glutei	3b91cf1047fa467e7f6bf84d3e4856b3a4ef39771265e8dda96e34c17a089a65	Leg extension macchina entrambe le gambe (Seated machine leg extension).gif	Leg extension macchina	leg-extension-macchina	indicizzato	corretto a mano	si		
2026-08-03T15:33:42	Gambe e Glutei	4509a38a5ec155ea9d5d407985f264210f3c4f61f278d7f2975f36ebd38c0ba6	Leg extension macchina una gamba (Seated machine unilateral leg extension).gif	Leg extension macchina una gamba	leg-extension-macchina-una-gamba	collegato	come proposto	no	EX248	Leg extension macchina una gamba
2026-08-03T15:34:34	Gambe e Glutei	3b91cf1047fa467e7f6bf84d3e4856b3a4ef39771265e8dda96e34c17a089a65	Leg extension macchina entrambe le gambe (Seated machine leg extension).gif	Leg extension macchina entrambe le gambe	leg-extension-macchina-entrambe-le-gambe	indicizzato	come proposto	si		
2026-08-03T15:35:01	Gambe e Glutei	8df5f83c669593ebe552cef07e968c55215addc14e0ff8a45f2c57000a4c227d	Leg press 45° entrambe le gambe (45-degree machine leg press).gif	Leg press 45 gradi entrambe le gambe	leg-press-45-gradi-entrambe-le-gambe	collegato	come proposto	no	EX249	Leg press 45 gradi entrambe le gambe
2026-08-03T15:35:16	Gambe e Glutei	bbf585e7b1d26c3ff68786c36f2905c0567fa68daf8eb99d665676c17fd7726e	Leg press 45° una gamba (45-degree machine unilateral leg press).gif	Leg press 45 gradi una gamba	leg-press-45-gradi-una-gamba	collegato	come proposto	no	EX250	Leg press 45 gradi una gamba
2026-08-03T15:36:39	Gambe e Glutei	20162d5031162702b4b9dac80e9296b8584b342ed6d1103e97a932582c764b85	Leg press alternato barra elastico piedi supino.gif	Leg press alternato barra elastico supino	leg-press-alternato-barra-elastico-supino	pendente	corretto a mano	no	EX642	Leg press elastico supino alternato
2026-08-03T15:36:51	Gambe e Glutei	e1ac12ec44657dcff545989874baa8eaba1f3b39741279f976a03121c40ba390	Leg press orizzontale macchina (Seated machine horizontal leg press).gif	Leg press orizzontale macchina	leg-press-orizzontale-macchina	indicizzato	come proposto	si		
2026-08-03T15:37:47	Gambe e Glutei	3b91cf1047fa467e7f6bf84d3e4856b3a4ef39771265e8dda96e34c17a089a65	Leg extension macchina entrambe le gambe (Seated machine leg extension).gif	Leg extension macchina	leg-extension-macchina	indicizzato	corretto a mano	si		
2026-08-03T15:37:57	Gambe e Glutei	8df5f83c669593ebe552cef07e968c55215addc14e0ff8a45f2c57000a4c227d	Leg press 45° entrambe le gambe (45-degree machine leg press).gif	Leg press 45 gradi	leg-press-45-gradi	collegato	corretto a mano	no	EX249	Leg press 45 gradi entrambe le gambe
2026-08-03T15:44:12	Gambe e Glutei	3c81053bd441bf07b8ca04acca47b92c62639b74daa2c50cf85dcefc59398499	Girata al petto bilanciere (Barbell clean).gif	Girata al petto bilanciere	girata-al-petto-bilanciere	collegato	come proposto	no	EX230	Girata al petto bilanciere
2026-08-03T15:44:26	Gambe e Glutei	986bff59711cb40b108871c67972db98cf4711720e8b5190e01ce579cc0e4728	Good morning bilanciere (Barbell good morning).gif	Good morning bilanciere	good-morning-bilanciere	collegato	come proposto	no	EX231	Good morning bilanciere
2026-08-03T15:44:31	Gambe e Glutei	6fe44ab0098ed73fc28ad8113a1c241fa4777358e0732b487af3ee900d056bc6	Good morning manubrio (Dumbbell good morning).gif	Good morning manubrio	good-morning-manubrio	collegato	come proposto	no	EX232	Good morning manubrio
2026-08-03T15:48:14	Gambe e Glutei	71966d49b0618b868e2d563e52f723fe8a435c6fbecb028e40199c0b173ce415	Hip hinge maniglie elastico in piedi.gif	Stacco rumeno una gamba maniglie elastico	stacco-rumeno-una-gamba-maniglie-elastico	pendente	corretto a mano	no	EX640	Hip hinge monopodalico elastico
2026-08-03T15:48:23	Gambe e Glutei	15a57eb444d733c52d7a4053f61643fbb26a3543f0d00b9656cd31f819eeca81	Stacco da terra bilanciere (Barbell deadlift).gif	Stacco da terra bilanciere	stacco-da-terra-bilanciere	collegato	come proposto	no	EX282	Stacco da terra bilanciere
2026-08-03T15:48:28	Gambe e Glutei	7f183e40e0584525c4f08ad1eb0752d629025494def47d030bccc5cb41df29a9	Stacco da terra macchina presa neutra (Machine low-pulley deadlift with neutral grip).gif	Stacco da terra macchina presa neutra	stacco-da-terra-macchina-presa-neutra	collegato	come proposto	no	EX285	Stacco da terra macchina presa neutra
2026-08-03T15:48:35	Gambe e Glutei	87cc308c4759f64506d8dc533d300bda38dde1f952147717ef19dd6ab01f5042	Stacco da terra manubri (Dumbbell deadlift).gif	Stacco da terra manubri	stacco-da-terra-manubri	collegato	come proposto	no	EX283	Stacco da terra manubri
2026-08-03T15:48:57	Gambe e Glutei	2161fe48ec15af859b481f43cbdb75f0827c2ee67413b9eac3e94a071c7b6844	Stacco da terra sumo bilanciere (Barbell sumo deadlift).gif	Stacco da terra sumo bilanciere	stacco-da-terra-sumo-bilanciere	collegato	come proposto	no	EX086	Stacco da terra sumo bilanciere
2026-08-03T15:49:05	Gambe e Glutei	66e0c09ab6c3089c68747ed92bd5e86436661407487a118f99dad90df207de20	Stacco da terra trap bar (Trap bar deadlift).gif	Stacco da terra trap bar	stacco-da-terra-trap-bar	collegato	come proposto	no	EX284	Stacco da terra trap bar
2026-08-03T15:49:40	Gambe e Glutei	2badabdb6c8473e87290897855aa693708596ad4abcc8f8e43768bc06bf214f0	Stacco gambe tese bilanciere (Barbell stiff-leg deadlift).gif	Stacco gambe tese bilanciere	stacco-gambe-tese-bilanciere	collegato	come proposto	no	EX280	Stacco gambe tese bilanciere
2026-08-03T15:49:49	Gambe e Glutei	a90b74bedb880e4e3b1652da7e0883e2c38ff70e33afa7b41396e9e220749bee	Stacco gambe tese manubri (Dumbbell stiff-leg deadlift).gif	Stacco gambe tese manubri	stacco-gambe-tese-manubri	collegato	come proposto	no	EX281	Stacco gambe tese manubri
2026-08-03T15:50:02	Gambe e Glutei	5f8d86ff79eee25bf37bce42f045cbbc848dc3af1309fef89df368c25e617ba7	Stacco gambe tese multipower (Smith machine stiff-leg deadlift).gif	Stacco gambe tese multipower	stacco-gambe-tese-multipower	collegato	come proposto	no	EX279	Stacco gambe tese multipower
2026-08-03T15:50:40	Gambe e Glutei	3a3d0c676837b5a88739ff2a73561742db542f346884bea20cbff64637d32711	Stacco monopodalico.gif	Stacco rumeno una gamba	stacco-rumeno-una-gamba	pendente	corretto a mano	no	EX652	Stacco monopodalico
2026-08-03T15:51:02	Gambe e Glutei	6408358f337d24be43a70149bed1c45a8cef0f7bf79e5694fcf38375f1bd7315	Stacco rumeno bilanciere (Barbell romanian deadlift).gif	Stacco rumeno bilanciere	stacco-rumeno-bilanciere	collegato	come proposto	no	EX018	Stacco rumeno bilanciere
2026-08-03T15:51:13	Gambe e Glutei	8d5eb185bbfa050b83d395997b9aef39edbe540029389b65c99fab33637cc27b	Stacco rumeno manubri (Dumbbell romanian deadlift).gif	Stacco rumeno manubri	stacco-rumeno-manubri	collegato	come proposto	no	EX286	Stacco rumeno manubri
2026-08-03T15:51:25	Gambe e Glutei	e874d1e8ebf510af12771ecbf13641202d00f611565b0934fc909b699a8021ee	Stacco rumeno una gamba corpo libero palla medica (Single-leg romanian deadlift with medicine ball).gif	Stacco rumeno una gamba palla medica	stacco-rumeno-una-gamba-palla-medica	collegato	corretto a mano	no	EX287	Stacco rumeno una gamba corpo libero palla medica
2026-08-03T15:51:31	Gambe e Glutei	33ca04bb86160767b71426af9a5c29991ae6aca31400d6715f3aa94e9d02057b	Stacco rumeno una gamba kettlebell (Single-leg kettlebell romanian deadlift).gif	Stacco rumeno una gamba kettlebell	stacco-rumeno-una-gamba-kettlebell	collegato	come proposto	no	EX290	Stacco rumeno una gamba kettlebell
2026-08-03T15:51:42	Gambe e Glutei	9c38b502463fa98c518afe0f80e030289039e3b32106bcc31d1948fe878ea546	Stacco rumeno una gamba manubri (Single-leg dumbbell romanian deadlift).gif	Stacco rumeno una gamba manubri	stacco-rumeno-una-gamba-manubri	collegato	come proposto	no	EX291	Stacco rumeno una gamba manubri
2026-08-03T15:52:12	Gambe e Glutei	b74e09fd01ae559deb27240898221efaf3965400c85dd75ca1c2571f6458891d	Stacco rumeno una gamba multipower (Smith machine unilateral romanian deadlift).gif	Stacco rumeno una gamba multipower	stacco-rumeno-una-gamba-multipower	collegato	come proposto	no	EX288	Stacco rumeno una gamba multipower
2026-08-03T15:52:56	Gambe e Glutei	8985b3f51bdf676005206b9a4e679d9f79d7b0f10dc7db8c330f6b3cb8a58d31	Swing maniglie elastico barra piedi.gif	Swing elastico maniglie	swing-elastico-maniglie	pendente	come proposto	no	EX654	Swing elastico maniglie
2026-08-03T16:01:22	Gambe e Glutei	a618650368f6b351b0b04d6845cc7253a241bf018d9ccc1549f65b2c645b9264	Flessione nordica corpo libero (Bodyweight nordic hamstring curl).gif	Flessione nordica	flessione-nordica	collegato	corretto a mano	no	EX096	Flessione nordica corpo libero
2026-08-03T16:28:41	Gambe e Glutei	a618650368f6b351b0b04d6845cc7253a241bf018d9ccc1549f65b2c645b9264	Flessione nordica corpo libero (Bodyweight nordic hamstring curl).gif	Nordic curl panca romana	nordic-curl-panca-romana	collegato	corretto a mano	no	EX096	Flessione nordica corpo libero
2026-08-03T16:30:46	Gambe e Glutei	ede3cfa8877ccbb21d3ac3171a66670f2287ebc5ccbe498e862f114a327ea720	Iperestensione inversa panca (Reverse hyperextension on bench).gif	Iperestensione inversa panca romana	iperestensione-inversa-panca-romana	collegato	corretto a mano	no	EX238	Iperestensione inversa panca
2026-08-03T16:31:38	Gambe e Glutei	618e2cfd885c89ed12c65bb52b951d0021a9d4e0fddbec1f03bf3eeda29581e0	Leg curl cavo basso in piedi (Standing cable leg curl).gif	Leg curl una gamba cavo basso in piedi	leg-curl-una-gamba-cavo-basso-in-piedi	indicizzato	corretto a mano	si		
2026-08-03T16:31:56	Gambe e Glutei	618e2cfd885c89ed12c65bb52b951d0021a9d4e0fddbec1f03bf3eeda29581e0	Leg curl cavo basso in piedi (Standing cable leg curl).gif	Leg curl una gamba cavo in piedi	leg-curl-una-gamba-cavo-in-piedi	indicizzato	corretto a mano	si		
2026-08-03T16:33:19	Gambe e Glutei	41e4d7dc92c16107d5b322e5f2c42edbed6ebaddbf928e6fe7261f3e8f8c6434	Leg curl macchina in piedi (Standing machine leg curl).gif	Leg curl una gamba macchina in piedi	leg-curl-una-gamba-macchina-in-piedi	indicizzato	corretto a mano	si		
2026-08-03T16:33:20	Gambe e Glutei	df494a79e62f0371b067507da680cae4f1153d2ba45dac0c078d4c3981cb33ad	Leg curl cavo sdraiato (Lying cable leg curl).gif	Leg curl cavo sdraiato	leg-curl-cavo-sdraiato	indicizzato	come proposto	si		
2026-08-03T16:35:50	Gambe e Glutei	fe67588edbb890cb52a23bb0f1f803db130a1dbf8b6638260c09d9d96197fa06	Leg curl macchina in piedi supporto coscia (Standing machine leg curl with thigh support).gif	Leg curl una gamba macchina ginocchio rialzato	leg-curl-una-gamba-macchina-ginocchio-rialzato	collegato	corretto a mano	no	EX247	Leg curl macchina ginocchio rialzato
2026-08-03T16:36:03	Gambe e Glutei	3c94667d2cfce7f620b9d69455866a367a44483aa057acd97b14fac86c957834	Leg curl macchina prona entrambe le gambe (Lying machine leg curl).gif	Leg curl macchina prona	leg-curl-macchina-prona	indicizzato	corretto a mano	si		
2026-08-03T16:37:49	Gambe e Glutei	f95f386243dfe5e83d25893198858847a4df91a84afb71b7080e129d49ef1775	Leg curl macchina prona una gamba (Lying machine unilateral leg curl).gif	Leg curl una gamba macchina prona	leg-curl-una-gamba-macchina-prona	indicizzato	corretto a mano	si		
2026-08-03T16:38:10	Gambe e Glutei	bc6053d01b6789e92a618846509f702d7cb46ef6b602181b0de8881a700cdd01	Leg curl macchina seduto prese anteriori (Seated machine leg curl with front grips).gif	Leg curl macchina seduto prese anteriori	leg-curl-macchina-seduto-prese-anteriori	indicizzato	come proposto	si		
2026-08-03T16:38:18	Gambe e Glutei	20d7a61edc8d4fe1ab8a25acf9b6d6e5331e8c616bcb1af8ce640a3d9e3ab666	Leg curl macchina seduto prese laterali (Seated machine leg curl with side grips).gif	Leg curl macchina seduto prese laterali	leg-curl-macchina-seduto-prese-laterali	indicizzato	come proposto	si		
2026-08-03T16:38:41	Gambe e Glutei	d323698d14233764d5922c7d01c4bffce78c33ad135da2a27fb2de5ef175a276	Reverse hyper elastico panca prono.gif	Reverse hyper elastico panca piana	reverse-hyper-elastico-panca-piana	pendente	corretto a mano	no	EX644	Reverse hyper elastico panca
2026-08-03T16:42:59	Gambe e Glutei	7f6b35aebf337bcc17c4cdcb626103cad242f99c7bdadb448ee5319fd994b8e9	Hip thrust bilanciere (Barbell hip thrust).gif	Hip thrust bilanciere panca piana	hip-thrust-bilanciere-panca-piana	collegato	corretto a mano	no	EX017	Hip thrust bilanciere
2026-08-03T16:45:29	Gambe e Glutei	7f6b35aebf337bcc17c4cdcb626103cad242f99c7bdadb448ee5319fd994b8e9	Hip thrust bilanciere (Barbell hip thrust).gif	Hip thrust bilanciere spalle su panca	hip-thrust-bilanciere-spalle-su-panca	collegato	corretto a mano	no	EX017	Hip thrust bilanciere
2026-08-03T16:47:40	Gambe e Glutei	b69d54b222fe7dc9fd5a9a7dff483a0a4226e179d26a3b7fbcc42ad6abe3b5b6	Hip thrust corpo libero (Bodyweight hip thrust).gif	Hip thrust corpo libero spalle su panca	hip-thrust-corpo-libero-spalle-su-panca	collegato	corretto a mano	no	EX233	Hip thrust corpo libero
2026-08-03T16:47:57	Gambe e Glutei	70aa6e70da60bbcda01dcc948bfa5d18dad2b2f1d5754340adf68fe9322ee25d	Hip thrust elastico panca in ginocchio.gif	Hip thrust elastico in ginocchio	hip-thrust-elastico-in-ginocchio	pendente	come proposto	no	EX641	Hip thrust elastico in ginocchio
2026-08-03T16:48:25	Gambe e Glutei	0441b07c3842e386dda79f93d46f2afad2d6c8dda5ca857bd1f8035a112e6a57	Hip thrust multipower (Smith machine hip thrust).gif	Hip thrust multipower spalle su panca	hip-thrust-multipower-spalle-su-panca	collegato	corretto a mano	no	EX234	Hip thrust multipower
2026-08-03T16:49:39	Gambe e Glutei	7f6b35aebf337bcc17c4cdcb626103cad242f99c7bdadb448ee5319fd994b8e9	Hip thrust bilanciere (Barbell hip thrust).gif	Hip thrust bilanciere panca	hip-thrust-bilanciere-panca	collegato	corretto a mano	no	EX017	Hip thrust bilanciere
2026-08-03T16:49:49	Gambe e Glutei	14ae4e0b84a58cfe25ecb63d53f547ad0c0d1795b27088ac26c283ee3de2a783	Hip thrust bilanciere piedi su panca (Barbell hip thrust with feet elevated).gif	Hip thrust bilanciere piedi su panca	hip-thrust-bilanciere-piedi-su-panca	collegato	come proposto	no	EX235	Hip thrust bilanciere piedi su panca
2026-08-03T16:49:59	Gambe e Glutei	b69d54b222fe7dc9fd5a9a7dff483a0a4226e179d26a3b7fbcc42ad6abe3b5b6	Hip thrust corpo libero (Bodyweight hip thrust).gif	Hip thrust corpo libero panca	hip-thrust-corpo-libero-panca	collegato	corretto a mano	no	EX233	Hip thrust corpo libero
2026-08-03T16:50:21	Gambe e Glutei	0441b07c3842e386dda79f93d46f2afad2d6c8dda5ca857bd1f8035a112e6a57	Hip thrust multipower (Smith machine hip thrust).gif	Hip thrust multipower panca	hip-thrust-multipower-panca	collegato	corretto a mano	no	EX234	Hip thrust multipower
2026-08-03T16:51:42	Gambe e Glutei	35f7947997e152eedbddeb78f86782be19495cd01bfa8a2307e7adfde157d77b	Hip thrust talloni elevati corpo libero (Bodyweight heel-elevated hip thrust).gif	Hip thrust talloni elevati	hip-thrust-talloni-elevati	collegato	corretto a mano	no	EX236	Hip thrust talloni elevati corpo libero
2026-08-03T16:55:35	Gambe e Glutei	a0e304b97dce81084d12f534a7675e3fa00d2cc00a04cf7a526ef5206bbedccd	Hip thrust unilaterale (schiena su panca).gif	Hip thrust bilanciere una gamba	hip-thrust-bilanciere-una-gamba	indicizzato	corretto a mano	si		
2026-08-03T17:10:34	Gambe e Glutei	3def639c3af695e7d2e45782495e7b9d2016f600d2c275461b3debec3c99737e	Hip thrust unilaterale panca piana ginocchio raccolto corpo libero (Bodyweight flat bench single leg hip thrust knee tucked).gif	Hip thrust una gamba panca spinta esplosiva	hip-thrust-una-gamba-panca-spinta-esplosiva	libero	corretto a mano	si		
2026-08-03T17:11:00	Gambe e Glutei	76067cc0a70a14efbd3d24f4bc8be2e041c95b3eb82d8443f0da101b860ad038	Hip thrust unilaterale panca piana gamba tesa corpo libero (Bodyweight flat bench single leg hip thrust straight leg).gif	Hip thrust una gamba panca	hip-thrust-una-gamba-panca	collegato	corretto a mano	no	EX237	Hip thrust unilaterale corpo libero
2026-08-03T17:12:18	Gambe e Glutei	58825f7b669b759a54fb2df628b95dde97b52d45b404280ef4edd611c87257a9	Ponte glutei corpo libero (Bodyweight glute bridge).gif	Ponte glutei corpo libero	ponte-glutei-corpo-libero	collegato	come proposto	no	EX019	Ponte glutei corpo libero
2026-08-03T17:15:43	Gambe e Glutei	58825f7b669b759a54fb2df628b95dde97b52d45b404280ef4edd611c87257a9	Ponte glutei corpo libero (Bodyweight glute bridge).gif	Ponte glutei	ponte-glutei	collegato	corretto a mano	no	EX019	Ponte glutei corpo libero
2026-08-03T17:15:51	Gambe e Glutei	ca76398a9a97a43247d3012102edc70b536642e2270d0fefa08ececb4c80cc46	Ponte glutei frog pump corpo libero (Bodyweight frog pump glute bridge).gif	Ponte glutei frog pump	ponte-glutei-frog-pump	collegato	corretto a mano	no	EX254	Ponte glutei frog pump corpo libero
2026-08-03T17:16:03	Gambe e Glutei	adc40d2960ef1ed9d553170f564149e92dcbfaa12c6bd5feacea2f5ef643968a	Ponte glutei gambe tese piedi su panca (Straight-leg bodyweight glute bridge with feet elevated).gif	Ponte glutei gambe tese piedi su panca	ponte-glutei-gambe-tese-piedi-su-panca	collegato	come proposto	no	EX252	Ponte glutei gambe tese piedi su panca
2026-08-03T17:16:10	Gambe e Glutei	8395ca4cae72657568dc9ba63adc0cba92793fc74e2a18fc8e516dc2ff276baa	Ponte glutei manubrio (Dumbbell glute bridge).gif	Ponte glutei manubrio	ponte-glutei-manubrio	collegato	come proposto	no	EX253	Ponte glutei manubrio
2026-08-03T17:16:36	Gambe e Glutei	21bd3fcb0d7f65598a6d20f9b0bff4fef175c699f27d5f06a80eb04ddf075c56	Ponte glutei piedi su panca (Bodyweight glute bridge with feet elevated).gif	Ponte glutei piedi su panca	ponte-glutei-piedi-su-panca	collegato	come proposto	no	EX251	Ponte glutei piedi su panca
2026-08-03T17:17:42	Gambe e Glutei	a6c1840a5fa155ca60277e3ed2fc95c8a912b141cf140aa04b662550605f13a8	Ponte glutei una gamba piede posteriore panca (Single-leg bodyweight glute bridge with feet elevated).gif	Ponte glutei una gamba piede posteriore panca	ponte-glutei-una-gamba-piede-posteriore-panca	collegato	come proposto	no	EX255	Ponte glutei una gamba piede posteriore panca
2026-08-03T17:18:07	Gambe e Glutei	19f92551056487f8c4aecbb95797644b0c7d10e973ca8517cf22ae63ea04e6a9	Ponte glutei una gamba tesa allineata corpo libero (Straight-leg aligned bodyweight single-leg glute bridge).gif	Ponte glutei una gamba tesa	ponte-glutei-una-gamba-tesa	indicizzato	corretto a mano	si		
2026-08-03T17:18:40	Gambe e Glutei	1d2cf901a45504db769aeb02bade7a17d07e95cb83d17ae68eda017aaaa4f2af	Ponte glutei una gamba verticale corpo libero (Vertical-leg bodyweight single-leg glute bridge).gif	Ponte glutei una gamba verticale	ponte-glutei-una-gamba-verticale	indicizzato	corretto a mano	si		
2026-08-03T17:21:23	Gambe e Glutei	36591f7540ab08a2bcbe24449da7731e89e7119b12a546bcc20e5fbb84a8148d	Abduzione anca decubito laterale.gif	Abduzione anca decubito laterale	abduzione-anca-decubito-laterale	pendente	come proposto	no	EX627	Abduzione anca decubito laterale
2026-08-03T17:21:48	Gambe e Glutei	28e9e41d85fdd9e187ffd7ff3e73c28cde6118a577191becff5d6d029d152e59	Abduzione anca elastico seduto panca.gif	Abduzione anca elastico seduto panca	abduzione-anca-elastico-seduto-panca	libero	come proposto	si		
2026-08-03T17:26:54	Gambe e Glutei	26bd85ebbc14d6d894c757fff7c01e1f3b1bf7737b41a10b5307dfdd11116904	Abduzione cavo in piedi (Standing cable hip abduction).gif	Abduzione una gamba cavo	abduzione-una-gamba-cavo	collegato	corretto a mano	no	EX198	Abduzione cavo
2026-08-03T17:27:19	Gambe e Glutei	9cf0d29aa0f7a9164b50442a2aa752ada10ce315e552bf309c118a7f7bd60cfd	Abduzione Clamshell decubito laterale.gif	Abduzione clamshell decubito laterale	abduzione-clamshell-decubito-laterale	pendente	come proposto	no	EX625	Abduzione clamshell decubito laterale
2026-08-03T17:27:36	Gambe e Glutei	a3c6ef8292fcd0d17e17a4b137d39ae6cac1ec07262b4f8e5d4f0f2c7a6c767f	Abduzione Clamshell elastico decubito laterale.gif	Abduzione clamshell elastico decubito laterale	abduzione-clamshell-elastico-decubito-laterale	pendente	come proposto	no	EX626	Abduzione clamshell elastico decubito laterale
2026-08-03T17:28:25	Gambe e Glutei	87f4ee85172f30be9424a03edadc54cf2bf029d471b4fd71b0c542d496fff371	Abduzione fire hydrant elastico quadrupedia.gif	Abduzione fire hydrant elastico quadrupedia	abduzione-fire-hydrant-elastico-quadrupedia	pendente	come proposto	no	EX628	Abduzione fire hydrant elastico quadrupedia
2026-08-03T17:28:27	Gambe e Glutei	6af8638aea63e98ec4bce399caef862421d70e54f1b93a80719fc77ddaac656d	Abduzione corpo libero in piedi appoggio (Standing bodyweight hip abduction (supported)).gif	Abduzione con appoggio	abduzione-con-appoggio	collegato	corretto a mano	no	EX197	Abduzione corpo libero con appoggio
2026-08-03T17:29:39	Gambe e Glutei	6af8638aea63e98ec4bce399caef862421d70e54f1b93a80719fc77ddaac656d	Abduzione corpo libero in piedi appoggio (Standing bodyweight hip abduction (supported)).gif	Abduzione appoggio in piedi	abduzione-appoggio-in-piedi	collegato	corretto a mano	no	EX197	Abduzione corpo libero con appoggio
2026-08-03T17:29:51	Gambe e Glutei	e5d41dae55dd5ca517472921fb792caf11a1467dc6d161cba40a91fd6f2517a8	Abduzione fire hydrant quadrupedia.gif	Abduzione fire hydrant quadrupedia	abduzione-fire-hydrant-quadrupedia	pendente	come proposto	no	EX629	Abduzione fire hydrant quadrupedia
2026-08-03T17:30:56	Gambe e Glutei	2e41cb245a580273b33089a600781079868d652293d8b415f9c0444bc6df7d97	Abduzione macchina in piedi spinta laterale (Standing machine hip abduction).gif	Abduzione macchina spinta laterale	abduzione-macchina-spinta-laterale	collegato	come proposto	no	EX199	Abduzione macchina spinta laterale
2026-08-03T17:31:22	Gambe e Glutei	2e41cb245a580273b33089a600781079868d652293d8b415f9c0444bc6df7d97	Abduzione macchina in piedi spinta laterale (Standing machine hip abduction).gif	Abduzione una gamba macchina spinta laterale	abduzione-una-gamba-macchina-spinta-laterale	collegato	corretto a mano	no	EX199	Abduzione macchina spinta laterale
2026-08-03T17:31:30	Gambe e Glutei	2de2d239a271bed617680c7b37b05d3bf1d44d059ddd725d4841ebdc393afc57	Abduzione macchina in piedi spinta posteriore (Standing rear-drive machine hip abduction).gif	Abduzione macchina spinta posteriore	abduzione-macchina-spinta-posteriore	collegato	come proposto	no	EX195	Abduzione macchina spinta posteriore
2026-08-03T17:31:36	Gambe e Glutei	47eb61b4daa92f896b6c1aa2461d598e0468d57e3a36558c2a789a7bf24c52c2	Abduzione macchina seduto (Seated machine hip abduction).gif	Abduzione macchina seduto	abduzione-macchina-seduto	collegato	come proposto	no	EX196	Abduzione macchina seduto
2026-08-03T17:33:04	Gambe e Glutei	615827e78ad806768b9deaa68d7f4f3e4f4be53724e2b3160c252175907096d1	Camminata laterale elastico caviglie.gif	Camminata laterale elastico	camminata-laterale-elastico	pendente	corretto a mano	no	EX638	Camminata laterale elastico caviglie
2026-08-03T17:34:56	Gambe e Glutei	5599f5fbeb64e446a40f88a24259976360b98dc6e73cc3efe2a7ee12b2c8e76c	Donkey kick corpo libero avambracci a terra (Straight-leg bodyweight donkey kick).gif	Donkey kick una gamba avambracci a terra	donkey-kick-una-gamba-avambracci-a-terra	collegato	corretto a mano	no	EX218	Donkey kick corpo libero avambracci a terra
2026-08-03T17:35:30	Gambe e Glutei	2f33257ee046083d5e52ef7369a19ca36fcba6b4b4ee623ac1f2ec268fdc615c	Donkey kick corpo libero mani a terra (Bodyweight donkey kick).gif	Donkey kick una gamba mani a terra	donkey-kick-una-gamba-mani-a-terra	collegato	corretto a mano	no	EX217	Donkey kick corpo libero mani a terra
2026-08-03T17:35:35	Gambe e Glutei	1805d106e06b98da16dabf757d6434eaaf81d0947b4284348d57d7be030464f6	Donkey kick elastico barra mani quadrupedia.gif	Donkey kick elastico quadrupedia	donkey-kick-elastico-quadrupedia	pendente	come proposto	no	EX639	Donkey kick elastico quadrupedia
2026-08-03T17:36:00	Gambe e Glutei	8d226f8371aa8b5867e5272d1e4f49df2816e8f4f553e806f1c99af0f2fd19eb	Donkey kick gamba tesa panca (Side-lying bodyweight donkey kick).gif	Donkey kick gamba tesa panca	donkey-kick-gamba-tesa-panca	collegato	come proposto	no	EX220	Donkey kick gamba tesa panca
2026-08-03T17:37:15	Gambe e Glutei	8d226f8371aa8b5867e5272d1e4f49df2816e8f4f553e806f1c99af0f2fd19eb	Donkey kick gamba tesa panca (Side-lying bodyweight donkey kick).gif	Donkey kick una gamba tesa panca	donkey-kick-una-gamba-tesa-panca	collegato	corretto a mano	no	EX220	Donkey kick gamba tesa panca
2026-08-03T17:37:45	Gambe e Glutei	1805d106e06b98da16dabf757d6434eaaf81d0947b4284348d57d7be030464f6	Donkey kick elastico barra mani quadrupedia.gif	Donkey kick una gamba elastico quadrupedia	donkey-kick-una-gamba-elastico-quadrupedia	pendente	corretto a mano	no	EX639	Donkey kick elastico quadrupedia
2026-08-03T17:38:35	Gambe e Glutei	d5ba21d65a6d2480506e35b47dacc8db49ed73895fbd400eeb7d5be7e5095b2e	Donkey kick macchina (Machine donkey kick).gif	Donkey kick una gamba macchina	donkey-kick-una-gamba-macchina	collegato	corretto a mano	no	EX219	Donkey kick macchina
2026-08-03T17:39:21	Gambe e Glutei	5599f5fbeb64e446a40f88a24259976360b98dc6e73cc3efe2a7ee12b2c8e76c	Donkey kick corpo libero avambracci a terra (Straight-leg bodyweight donkey kick).gif	Donkey kick avambracci a terra	donkey-kick-avambracci-a-terra	collegato	corretto a mano	no	EX218	Donkey kick corpo libero avambracci a terra
2026-08-03T17:39:28	Gambe e Glutei	2f33257ee046083d5e52ef7369a19ca36fcba6b4b4ee623ac1f2ec268fdc615c	Donkey kick corpo libero mani a terra (Bodyweight donkey kick).gif	Donkey kick mani a terra	donkey-kick-mani-a-terra	collegato	corretto a mano	no	EX217	Donkey kick corpo libero mani a terra
2026-08-03T17:39:37	Gambe e Glutei	1805d106e06b98da16dabf757d6434eaaf81d0947b4284348d57d7be030464f6	Donkey kick elastico barra mani quadrupedia.gif	Donkey kick elastico quadrupedia	donkey-kick-elastico-quadrupedia	pendente	come proposto	no	EX639	Donkey kick elastico quadrupedia
2026-08-03T17:39:44	Gambe e Glutei	8d226f8371aa8b5867e5272d1e4f49df2816e8f4f553e806f1c99af0f2fd19eb	Donkey kick gamba tesa panca (Side-lying bodyweight donkey kick).gif	Donkey kick tesa panca	donkey-kick-tesa-panca	collegato	corretto a mano	no	EX220	Donkey kick gamba tesa panca
2026-08-03T17:39:52	Gambe e Glutei	d5ba21d65a6d2480506e35b47dacc8db49ed73895fbd400eeb7d5be7e5095b2e	Donkey kick macchina (Machine donkey kick).gif	Donkey kick macchina	donkey-kick-macchina	collegato	come proposto	no	EX219	Donkey kick macchina
2026-08-03T17:43:29	Gambe e Glutei	680dae8c4cc422aa7b26097083317b838d5eee2e927738a43f99d82de938f7f8	Estensione anca appoggio bilanciere (unilateral hip extension with vertical barbell support).gif	Estensione anca con appoggio	estensione-anca-con-appoggio	collegato	corretto a mano	no	EX221	Estensione anca appoggio bilanciere
2026-08-03T17:43:40	Gambe e Glutei	42c8d4637ea6b6659f1bdaf0f0d4d6a3334c08f96d0a9039b457af0e3d65b202	Estensione anca cavo basso busto flesso (Bent-over cable hip extension).gif	Estensione anca cavo busto flesso	estensione-anca-cavo-busto-flesso	collegato	corretto a mano	no	EX223	Estensione anca cavo basso busto flesso
2026-08-03T17:44:49	Gambe e Glutei	680dae8c4cc422aa7b26097083317b838d5eee2e927738a43f99d82de938f7f8	Estensione anca appoggio bilanciere (unilateral hip extension with vertical barbell support).gif	Estensione anca elastico con appoggio	estensione-anca-elastico-con-appoggio	collegato	corretto a mano	no	EX221	Estensione anca appoggio bilanciere
2026-08-03T17:45:49	Gambe e Glutei	42c8d4637ea6b6659f1bdaf0f0d4d6a3334c08f96d0a9039b457af0e3d65b202	Estensione anca cavo basso busto flesso (Bent-over cable hip extension).gif	Estensione anca cavo busto flesso con appoggio	estensione-anca-cavo-busto-flesso-con-appoggio	collegato	corretto a mano	no	EX223	Estensione anca cavo basso busto flesso
2026-08-03T17:46:47	Gambe e Glutei	87fea7deeed06a9a924b0eee4517a48c740fd76b40ed8c78e78ffe88e69a92e4	Estensione anca cavo basso in piedi (Standing cable hip extension).gif	Estensione anca cavo basso con appoggio	estensione-anca-cavo-basso-con-appoggio	collegato	corretto a mano	no	EX224	Estensione anca cavo basso
2026-08-03T17:47:20	Gambe e Glutei	b0bcd55a0cc7503a450a92113fe44d959a1722ca5625b3cbb9766ec0fe52464a	Estensione anca elastico busto flesso (Bent-over band hip extension).gif	Estensione anca elastico busto flesso	estensione-anca-elastico-busto-flesso	collegato	come proposto	no	EX227	Estensione anca elastico busto flesso
2026-08-03T17:49:13	Gambe e Glutei	99f9d3c042f625294b7b4deba0f28d96c9d65471269a117560a9768545fe1a5e	Estensione anca elastico caviglia in piedi.gif	Estensione anca elastico knee drive	estensione-anca-elastico-knee-drive	libero	corretto a mano	si		
2026-08-03T17:50:02	Gambe e Glutei	3ecf41e11996cd93ec79cafc00f6314bd1c2239f1dc8e04cdd7a2a6b810550ce	Estensione anca glute machine in piedi (Standing glute machine hip extension).gif	Estensione anca glute machine	estensione-anca-glute-machine	collegato	come proposto	no	EX225	Estensione anca glute machine
2026-08-03T17:50:11	Gambe e Glutei	f9f13514b2203edd9ff6e414b54d899447701d70ddb07b9c06e1e98c8b52d190	Estensione anca in piedi appoggio bilanciere (Standing unilateral hip extension with vertical barbell support).gif	Estensione anca in piedi appoggio bilanciere	estensione-anca-in-piedi-appoggio-bilanciere	libero	come proposto	si		
2026-08-03T17:51:40	Gambe e Glutei	cb6e1394da0aa481bff8c8b45a5af8d6168db7cb039ad43bab61fbb426e3a41d	Estensione anca in piedi bilanciere (Standing barbell hip extension).gif	Stacco rumeno una gamba bilanciere	stacco-rumeno-una-gamba-bilanciere	collegato	corretto a mano	no	EX228	Estensione anca bilanciere
2026-08-03T18:23:44	Gambe e Glutei	8f88a46d9caaaedd3213f089a348da6a9391dfbcdfe19ce54be18e937946e0ca	Estensione anca macchina graviton in piedi (Standing machine hip extension).gif	Estensione anca macchina	estensione-anca-macchina	collegato	corretto a mano	no	EX226	Estensione anca macchina graviton
2026-08-04T15:34:32	Gambe e Glutei	680dae8c4cc422aa7b26097083317b838d5eee2e927738a43f99d82de938f7f8	Estensione anca appoggio bilanciere (unilateral hip extension with vertical barbell support).gif	Estensione anca elastico	estensione-anca-elastico	collegato	corretto a mano	no	EX221	Estensione anca appoggio bilanciere
2026-08-04T15:35:38	Gambe e Glutei	42c8d4637ea6b6659f1bdaf0f0d4d6a3334c08f96d0a9039b457af0e3d65b202	Estensione anca cavo basso busto flesso (Bent-over cable hip extension).gif	Estensione anca cavo busto flesso	estensione-anca-cavo-busto-flesso	collegato	corretto a mano	no	EX223	Estensione anca cavo basso busto flesso
2026-08-04T15:36:33	Gambe e Glutei	87fea7deeed06a9a924b0eee4517a48c740fd76b40ed8c78e78ffe88e69a92e4	Estensione anca cavo basso in piedi (Standing cable hip extension).gif	Estensione anca cavo basso	estensione-anca-cavo-basso	collegato	come proposto	no	EX224	Estensione anca cavo basso
2026-08-04T15:36:59	Gambe e Glutei	87fea7deeed06a9a924b0eee4517a48c740fd76b40ed8c78e78ffe88e69a92e4	Estensione anca cavo basso in piedi (Standing cable hip extension).gif	Estensione anca cavo	estensione-anca-cavo	collegato	corretto a mano	no	EX224	Estensione anca cavo basso
2026-08-04T15:39:41	Gambe e Glutei	798e02e869473d099d444a79fbc8cc3521e07aa77e00eaadc6590329df5661b0	Estensione anca in piedi manubri (Standing dumbbell hip extension).gif	Stacco rumeno una gamba manubri 2	stacco-rumeno-una-gamba-manubri-2	collegato	corretto a mano	no	EX229	Estensione anca manubri
2026-08-04T15:40:46	Gambe e Glutei	ffafbba8e1069936d293fc38c2ffadbb0ac12455dd6db446986ddf32a6a5a65d	Adduzione anca decubito laterale.gif	Adduzione anca decubito laterale	adduzione-anca-decubito-laterale	pendente	come proposto	no	EX201	Adduzione anca decubito laterale
2026-08-04T15:40:59	Gambe e Glutei	3facf6f34e005363ea433aae0adb89d74dada495582b5b252ee35ecc45ca1713	Adduzione cavo in piedi (Standing cable hip adduction).gif	Adduzione anca cavo	adduzione-anca-cavo	collegato	corretto a mano	no	EX202	Adduzione cavo
2026-08-04T15:42:43	Gambe e Glutei	ffafbba8e1069936d293fc38c2ffadbb0ac12455dd6db446986ddf32a6a5a65d	Adduzione anca decubito laterale.gif	Adduzione anca decubito laterale gamba tesa	adduzione-anca-decubito-laterale-gamba-tesa	pendente	corretto a mano	no	EX201	Adduzione anca decubito laterale
2026-08-04T15:42:47	Gambe e Glutei	50a3a7eec880b7ebcc23d11d0b7a3c4cd6d3bf4024540840e3d8178a61b2366b	Adduzione corpo libero sdraiato laterale (Side-lying hip adduction).gif	Adduzione anca decubito laterale piede in appoggio	adduzione-anca-decubito-laterale-piede-in-appoggio	collegato	corretto a mano	no	EX201	Adduzione corpo libero sdraiato laterale
2026-08-04T15:42:56	Gambe e Glutei	0f67caeb3f0b76a301340fa1fc9727c8318f541e1daa73dd9917e73daa8c9347	Adduzione macchina in piedi (Standing machine hip adduction).gif	Adduzione macchina in piedi	adduzione-macchina-in-piedi	collegato	come proposto	no	EX203	Adduzione macchina in piedi
2026-08-04T15:43:35	Gambe e Glutei	0f67caeb3f0b76a301340fa1fc9727c8318f541e1daa73dd9917e73daa8c9347	Adduzione macchina in piedi (Standing machine hip adduction).gif	Adduzione una gamba macchina in piedi	adduzione-una-gamba-macchina-in-piedi	collegato	corretto a mano	no	EX203	Adduzione macchina in piedi
2026-08-04T15:43:37	Gambe e Glutei	b1c254befaf31b8fcd0aaf2755c15d0ebdf4cc69359ec739930780a24c654d7e	Adduzione macchina seduto (Seated machine hip adduction).gif	Adduzione macchina seduto	adduzione-macchina-seduto	collegato	come proposto	no	EX200	Adduzione macchina seduto
2026-08-04T15:43:59	Gambe e Glutei	3f4e83665a8d21dc754db8f23a69172a7fae07e10961dd619f7c8e4ed64f3018	Step up manubri curl bicipiti panca.gif	Step up manubri con curl bicipiti	step-up-manubri-con-curl-bicipiti	pendente	come proposto	no	EX653	Step up manubri con curl bicipiti
2026-08-04T15:44:09	Gambe e Glutei	1a48011afd2fe3ff564ac377b35cd734f8e2621ceea9745093f34819b8a5e677	Step-up bilanciere (Barbell step-up).gif	Step-up bilanciere	step-up-bilanciere	collegato	come proposto	no	EX292	Step-up bilanciere
2026-08-04T15:44:21	Gambe e Glutei	064d27d233e6e38fe39d9c999badfa26e9d83c1bafb06482b28433ef5446494f	Step-up cavo basso (Cable low-pulley step-up).gif	Step-up cavo basso	step-up-cavo-basso	collegato	come proposto	no	EX293	Step-up cavo basso
2026-08-04T15:44:41	Gambe e Glutei	f0b3ea76e173a770e298e65e242c0fb83a1bc27626d2be726388b18e7ee3cafd	Calf raise corpo libero su gradino (Standing bodyweight calf raise on step).gif	Calf raise su gradino	calf-raise-su-gradino	collegato	corretto a mano	no	EX215	Calf raise corpo libero su gradino
2026-08-04T15:47:37	Gambe e Glutei	167ca90a26b517f4ad08e4f2b4021b824e8ad5e9ffc5e6ef1875532f2f309b5e	Affondo pliometrico manubri (Dumbbell jumping lunge).gif	Jumping pliometrico manubri	jumping-pliometrico-manubri	collegato	corretto a mano	no	EX212	Affondo pliometrico manubri
2026-08-04T15:48:01	Gambe e Glutei	a62c3447813ba7c3b0fb9e0df922a9bcde2158c0a205154c5684a1c298948f26	Salto all'indietro.gif	Salto all'indietro	salto-all-indietro	pendente	come proposto	no	EX611	Salto all'indietro
2026-08-04T15:53:25	Gambe e Glutei	249d59842be2bebb1397aee4461028ba5b345f2668ab7f347013a68c87869813	Affondo jump lunge.gif	Jumping split lunge	jumping-split-lunge	pendente	corretto a mano	no	EX636	Affondo jump lunge
2026-08-04T15:53:55	Gambe e Glutei	4f43a63ea99b7649dd74f994ca8f86d4e46a5ec64c2eb1b79d6f7efbe5d15612	Salto lungo da fermo.gif	Salto lungo da fermo	salto-lungo-da-fermo	indicizzato	come proposto	si		
2026-08-04T15:53:59	Gambe e Glutei	b719429ca7eef77fd59fcd5aa6981695e944c96825ca7d7a28ebb47a753bc350	Salto monopodalico in avanti.gif	Salto una gamba avanti	salto-una-gamba-avanti	pendente	corretto a mano	no	EX613	Salto monopodalico avanti
2026-08-04T15:54:06	Gambe e Glutei	22695a0973033165dfbe2ae1a4a3525a35d623396f36ccec47b8902da103da3d	Salto verticale esplosivo.gif	Salto verticale esplosivo	salto-verticale-esplosivo	pendente	come proposto	no	EX614	Salto verticale esplosivo
2026-08-04T15:54:44	Gambe e Glutei	8a324911f10953efb308af8b5f5b753e36a6736c3656270cc66c58e61c977fdb	Squat jump.gif	Squat jump	squat-jump	pendente	come proposto	no	EX650	Squat jump
2026-08-04T15:55:05	Gambe e Glutei	b0fa6a45cb42c0c073c5aff9d0ecef1bc2b6f8cb6ade5c3b4fefa958bce3df02	Squat jump box.gif	Squat jump box	squat-jump-box	indicizzato	come proposto	si		
2026-08-04T15:57:00	Gambe e Glutei	b0fa6a45cb42c0c073c5aff9d0ecef1bc2b6f8cb6ade5c3b4fefa958bce3df02	Squat jump box.gif	Jumping box	jumping-box	indicizzato	corretto a mano	si		
2026-08-04T15:57:31	Gambe e Glutei	4c96d34438150cca7194bf0ec31550ca728481fb0b9b206fa754cff2cc753480	Squat jump box con pistol una gamba (Box jump to pistol squat single leg).gif	Jumping pistol box	jumping-pistol-box	libero	corretto a mano	si		
2026-08-04T15:57:52	Gambe e Glutei	ed1928deafdeb400589c25a90c387d56a55d892bd1fae9a464b29aa107119ed9	Squat jump box una gamba (Box jump single leg).gif	Jumping box una gamba	jumping-box-una-gamba	libero	corretto a mano	si		
2026-08-04T15:58:03	Gambe e Glutei	a4902c6783e703d37906e850fc12f1bc97718ab584adcf250140ff3419b8de31	Squat jump ginocchia alte.gif	Squat jump ginocchia alte	squat-jump-ginocchia-alte	pendente	come proposto	no	EX619	Squat jump ginocchia alte
2026-08-04T15:58:52	Gambe e Glutei	53bf44b9de47012f4f6c6581e0bad3f19ce3b2b225e970e8413637a117c6005c	Squat Pistol box jump.gif	Jumping pistol box 2	jumping-pistol-box-2	pendente	corretto a mano	no	EX609	Pistol jump box
2026-08-04T15:58:58	Gambe e Glutei	2c7fe3b74bf20ef2e47530bd36c6d080b208394ebc50d5093158b3762973e27c	Squat pliometrico manubri (Dumbbell jump squat).gif	Squat pliometrico manubri	squat-pliometrico-manubri	collegato	come proposto	no	EX268	Squat pliometrico manubri
2026-08-04T15:59:09	Gambe e Glutei	eddad0e20b02c66f70f506afa6b6b0dc66bfd3a6f3b310949cd37787cffb97a1	Squat thrust.gif	Squat thrust	squat-thrust	pendente	come proposto	no	EX620	Squat thrust
2026-08-04T21:54:40	Gambe e Glutei	680dae8c4cc422aa7b26097083317b838d5eee2e927738a43f99d82de938f7f8	Estensione anca appoggio bilanciere (unilateral hip extension with vertical barbell support).gif	Estensione anca elastico	estensione-anca-elastico	collegato	corretto a mano	no	EX221	Estensione anca appoggio bilanciere
2026-08-05T11:35:48	Gambe e Glutei	798e02e869473d099d444a79fbc8cc3521e07aa77e00eaadc6590329df5661b0	Estensione anca in piedi manubri (Standing dumbbell hip extension).gif	Stacco rumeno una gamba manubri	stacco-rumeno-una-gamba-manubri	collegato	corretto a mano	no	EX229	Estensione anca manubri
2026-08-05T21:23:52	Gambe e Glutei	e7c875251c94a43e7a7606b6e062338cb68dfd5680461ff0af4eab1a6aa55ea9	Affondo avanti alternato.gif	Affondo avanti alternato	affondo-avanti-alternato	pendente	corretto a mano	no	EX616	
2026-08-05T21:23:52	Gambe e Glutei	ffafbba8e1069936d293fc38c2ffadbb0ac12455dd6db446986ddf32a6a5a65d	Adduzione anca decubito laterale.gif	Adduzione anca decubito laterale gamba tesa	adduzione-anca-decubito-laterale-gamba-tesa	pendente	corretto a mano	no	EX615	
2026-08-05T21:23:52	Gambe e Glutei	a62c3447813ba7c3b0fb9e0df922a9bcde2158c0a205154c5684a1c298948f26	Salto all'indietro.gif	Salto all'indietro	salto-all-indietro	pendente	corretto a mano	no	EX618	
2026-08-05T21:23:52	Gambe e Glutei	b719429ca7eef77fd59fcd5aa6981695e944c96825ca7d7a28ebb47a753bc350	Salto monopodalico in avanti.gif	Salto una gamba avanti	salto-una-gamba-avanti	pendente	corretto a mano	no	EX621	
2026-08-05T21:23:52	Gambe e Glutei	22695a0973033165dfbe2ae1a4a3525a35d623396f36ccec47b8902da103da3d	Salto verticale esplosivo.gif	Salto verticale esplosivo	salto-verticale-esplosivo	pendente	corretto a mano	no	EX622	
2026-08-05T21:23:52	Gambe e Glutei	53bf44b9de47012f4f6c6581e0bad3f19ce3b2b225e970e8413637a117c6005c	Squat Pistol box jump.gif	Jumping pistol box 2	jumping-pistol-box-2	pendente	corretto a mano	no	EX617	
2026-08-06T10:44:10	Gambe e Glutei	53bf44b9de47012f4f6c6581e0bad3f19ce3b2b225e970e8413637a117c6005c	Squat Pistol box jump.gif	Jumping pistol box	jumping-pistol-box	pendente	corretto a mano	no	EX617	
2026-08-11T10:33:16	Pettorali	63690910f82557d8f3da73c17aa5013e8c5eb92a278194cc0e35e36e3973205f	Adduzione spalla elastico un braccio in piedi.gif	Adduzione braccio elastico in piedi	adduzione-braccio-elastico-in-piedi	pendente	corretto a mano	no	EX657	Adduzione spalla elastico un braccio in piedi
2026-08-11T10:34:34	Pettorali	37047e359852a79a035d8fb10d14db022eb2256d4349e1537aae8dae828ef017	Chest press maniglie elastico in piedi.gif	Chest press elastico in piedi	chest-press-elastico-in-piedi	pendente	corretto a mano	no	EX001	Chest press elastico maniglie in piedi
2026-08-11T10:34:45	Pettorali	9c8fd50be569c14fdfc151a01de1414e57aabf3155862cd7ee9a1034dbe3db79	Croci cavi alti in piedi (Cable cross over standing).gif	Croci cavi alti	croci-cavi-alti	collegato	come proposto	no	EX004	Croci cavi alti
2026-08-11T10:35:10	Pettorali	a94449f6fd860d60de6ce127d281719fec7a377d739b7f69d8adca38d0853b95	Croci cavi alti traiettoria alta in piedi (Cable high-to-high fly standing).gif	Croci cavi alti traiettoria alta	croci-cavi-alti-traiettoria-alta	collegato	come proposto	no	EX104	Croci cavi alti traiettoria alta
2026-08-11T10:35:47	Pettorali	f60260629b2d5a8ec883a5e2582e3fe6a4307d39d2f85a98339869f360cf329a	Croci cavi bassi in piedi (Cable low-to-high fly standing).gif	Croci cavi bassi	croci-cavi-bassi	collegato	come proposto	no	EX163	Croci cavi bassi
2026-08-11T10:36:01	Pettorali	8c699aa7dfdc2f7f1495c07f3b52c827cff4ea7822ff8b443a2cd6ded952a887	Croci cavi in piedi (Cable fly standing).gif	Croci cavi in piedi	croci-cavi-in-piedi	collegato	come proposto	no	EX207	Croci cavi in piedi
2026-08-11T10:41:22	Pettorali	8c699aa7dfdc2f7f1495c07f3b52c827cff4ea7822ff8b443a2cd6ded952a887	Croci cavi in piedi (Cable fly standing).gif	Croci cavi medi in piedi	croci-cavi-medi-in-piedi	collegato	corretto a mano	no	EX207	Croci cavi in piedi
2026-08-11T10:42:10	Pettorali	a94449f6fd860d60de6ce127d281719fec7a377d739b7f69d8adca38d0853b95	Croci cavi alti traiettoria alta in piedi (Cable high-to-high fly standing).gif	Croci cavi medi traiettoria alta	croci-cavi-medi-traiettoria-alta	collegato	corretto a mano	no	EX104	Croci cavi alti traiettoria alta
2026-08-11T10:45:04	Pettorali	37047e359852a79a035d8fb10d14db022eb2256d4349e1537aae8dae828ef017	Chest press maniglie elastico in piedi.gif	Chest press elastico inclinato	chest-press-elastico-inclinato	pendente	corretto a mano	no	EX001	Chest press elastico maniglie in piedi
2026-08-11T10:47:47	Pettorali	8be005b695f33c2d302164dc22d97d19c869df119f9d411d46d9e40e9bfc98af	Croci cavi in piedi presa prona (Cable fly standing pronated grip).gif	Croci cavi medi presa prona	croci-cavi-medi-presa-prona	collegato	corretto a mano	no	EX319	Croci cavi presa prona
2026-08-11T10:48:00	Pettorali	db22ea9c61d2cea69e1cfdef42bdb7672e5b7c47a024605747094eed11c01650	Croci cavi panca declinata (Cable fly decline bench).gif	Croci cavi bassi panca declinata	croci-cavi-bassi-panca-declinata	collegato	corretto a mano	no	EX350	Croci cavi panca declinata
2026-08-11T10:48:18	Pettorali	f094a7708d8446f9e6eee7d16a95e512269b8b446d823eef2df870d27d9ee8c9	Croci cavi panca inclinata (Cable fly incline bench).gif	Croci cavi bassi panca inclinata	croci-cavi-bassi-panca-inclinata	collegato	corretto a mano	no	EX351	Croci cavi panca inclinata
2026-08-11T10:48:40	Pettorali	a216c4f77594cce36e931141b81ba9ef54d651f4c0afe59a46f656d0d593ce28	Croci cavi panca piana (Cable fly flat bench).gif	Croci cavi bassi panca piana	croci-cavi-bassi-panca-piana	collegato	corretto a mano	no	EX352	Croci cavi panca piana
2026-08-11T10:49:40	Pettorali	3b5ac43014e89e55a5fda818e1560397442a7f689d1c9f6917d42339d00f5932	Croci macchina seduto (Machine fly seated).gif	Croci macchina seduto	croci-macchina-seduto	collegato	come proposto	no	EX353	Croci macchina seduto
2026-08-11T10:50:25	Pettorali	3b5ac43014e89e55a5fda818e1560397442a7f689d1c9f6917d42339d00f5932	Croci macchina seduto (Machine fly seated).gif	Croci al petto macchina seduto	croci-al-petto-macchina-seduto	collegato	corretto a mano	no	EX353	Croci macchina seduto
2026-08-11T10:50:48	Pettorali	3b5ac43014e89e55a5fda818e1560397442a7f689d1c9f6917d42339d00f5932	Croci macchina seduto (Machine fly seated).gif	Croci macchina seduto	croci-macchina-seduto	collegato	come proposto	no	EX353	Croci macchina seduto
2026-08-11T10:50:50	Pettorali	18a3e1b4961c6c7b2433bd2b0ba7b97b62d6e7c7adc9004f7f3b2e48732bc424	Croci manubri panca inclinata (Dumbbell fly incline bench).gif	Croci manubri panca inclinata	croci-manubri-panca-inclinata	collegato	come proposto	no	EX098	Croci manubri panca inclinata
2026-08-11T10:51:00	Pettorali	2e7b50e4dbee70d1504c07f1b6e5696973b428bc367e3c513fdfce9ca5d74e2a	Croci manubri panca piana (Dumbbell fly flat bench).gif	Croci manubri panca piana	croci-manubri-panca-piana	collegato	come proposto	no	EX354	Croci manubri panca piana
2026-08-11T10:51:08	Pettorali	f9f1661203107f94bb6554b2703e9f015c483ff0e7901e6a5a5c371d29ed6d25	Croci TRX (TRX fly).gif	Croci TRX	croci-trx	libero	come proposto	si		
2026-08-11T10:51:48	Pettorali	3c044de930cb88cc17bc944abc9b406e7fb0e1defe8a29e360026f5d619dcc87	Croci un braccio cavi panca declinata (Cable one arm fly decline bench).gif	Croci cavi bassi un braccio panca declinata	croci-cavi-bassi-un-braccio-panca-declinata	collegato	corretto a mano	no	EX355	Croci cavi un braccio panca declinata
2026-08-11T10:52:29	Pettorali	d7c88f46a0592575c44d2d1e678a616ed99b8760661147e5e12b84841b66f7c8	Dip anelli (Rings dip).gif	Dip anelli	dip-anelli	libero	come proposto	si		
2026-08-11T10:52:32	Pettorali	ff200ff033b91ba6f217f0afc931332b5d55ba1a686fa18584f8a397040e059a	Dip assistiti macchina (Assisted chest dip machine).gif	Dip assistiti macchina	dip-assistiti-macchina	collegato	come proposto	no	EX356	Dip assistiti macchina
2026-08-11T10:52:40	Pettorali	02a7ea51452c3a58952530ad4803c0feb66cda048cb7d436e1ee630a13855aba	Dip coreano parallele (Korean parallel bars dip).gif	Dip coreano parallele	dip-coreano-parallele	libero	come proposto	si		
2026-08-11T10:52:52	Pettorali	f1a212b4872d92354e7b936993b91b288cf3722802f8b21553ffcf3d93ec45c5	Dip parallele (Parallel bars dip).gif	Dip parallele	dip-parallele	libero	come proposto	si		
2026-08-11T10:59:25	Pettorali	ec81f85d5e44e5f3f49adda3ea85ab26cbe0c6f8cb4d9418940c6ef6f18ccbc6	Dip parallele basse (Low parallel bars dip).gif	Dip station parallele	dip-station-parallele	collegato	corretto a mano	no	EX072	Dip parallele
2026-08-11T10:59:59	Pettorali	50efa691b4b464e23435d04f1831d32d6d6342eff7634e1261bc77b04cc27ebf	Dip parallele impossible (Impossible parallel bars dip).gif	Dip parallele impossible	dip-parallele-impossible	libero	come proposto	si		
2026-08-11T11:00:14	Pettorali	3f340666a2b11eba11fc2f74a2c016ef7162f54909e028aa7b5a67f01b2a9346	Dip parallele sovraccarico (Weighted chest dip parallel bars).gif	Dip station sovraccarico	dip-station-sovraccarico	collegato	corretto a mano	no	EX357	Dip parallele sovraccarico
2026-08-11T11:00:30	Pettorali	ec81f85d5e44e5f3f49adda3ea85ab26cbe0c6f8cb4d9418940c6ef6f18ccbc6	Dip parallele basse (Low parallel bars dip).gif	Dip station	dip-station	collegato	corretto a mano	no	EX072	Dip parallele
2026-08-11T11:00:54	Pettorali	85a6d3adf2ae7c460e186cd2fa43811ab84cef9c48d829363ea193c565f4c28c	Dip tra due sedie (Between chairs dip).gif	Dip sedie	dip-sedie	libero	corretto a mano	si		
2026-08-11T11:01:04	Pettorali	736d557dc6bfa36bc671ca912c26f0596349a35a21cf07a8e8fe3ef47a363753	Distensioni alternate manubri panca piana (Dumbbell alternate bench press flat bench).gif	Distensioni alternate manubri panca piana	distensioni-alternate-manubri-panca-piana	collegato	come proposto	no	EX358	Distensioni alternate manubri panca piana
2026-08-11T11:01:12	Pettorali	7032d1bc1d3e12fc61758682fec928fd18ac65d866a96ab3b4f4019d2bff5355	Distensioni bilanciere panca declinata (Barbell decline bench press).gif	Distensioni bilanciere panca declinata	distensioni-bilanciere-panca-declinata	collegato	come proposto	no	EX359	Distensioni bilanciere panca declinata
2026-08-11T11:01:16	Pettorali	867f98d0e2afe62094dc53025004d1ee8a42b6fbac87cf763733d5043ebd6bd5	Distensioni bilanciere panca inclinata (Barbell incline bench press).gif	Distensioni bilanciere panca inclinata	distensioni-bilanciere-panca-inclinata	collegato	come proposto	no	EX360	Distensioni bilanciere panca inclinata
2026-08-11T11:01:22	Pettorali	3aff407c2e8d3f61a5509b174289476006fe8e888840a1f1ee115e370b2c32ed	Distensioni bilanciere panca piana (Barbell bench press flat bench).gif	Distensioni bilanciere panca piana	distensioni-bilanciere-panca-piana	collegato	come proposto	no	EX361	Distensioni bilanciere panca piana
2026-08-11T11:01:40	Pettorali	0e44a08793d7bf1461888f849319b4f43683daf045eb10bd6dc5f9e2a45c3ad3	Distensioni bilanciere piedi sollevati panca piana (Barbell feet up bench press flat bench).gif	Distensioni bilanciere piedi sollevati panca piana	distensioni-bilanciere-piedi-sollevati-panca-piana	collegato	come proposto	no	EX362	Distensioni bilanciere piedi sollevati panca piana
2026-08-11T11:02:17	Pettorali	143697c8e0c08e0dfb7c13e775d2a21ab0e7b6b544af22a262d1727a9281bdec	Distensioni cavi panca inclinata (Cable bench press incline bench).gif	Distensioni cavi panca inclinata	distensioni-cavi-panca-inclinata	collegato	come proposto	no	EX364	Distensioni cavi panca inclinata
2026-08-11T11:23:16	Pettorali	c4506b6c8563e7a4189fca2f5d1b3653de8c5d5586410253a6609ad5dec93fa5	Distensioni cavi panca piana (Cable bench press flat bench).gif	Distensioni cavi bassi panca piana	distensioni-cavi-bassi-panca-piana	collegato	corretto a mano	no	EX365	Distensioni cavi panca piana
2026-08-11T11:24:24	Pettorali	af407c1889eb1764d1db69ac1121f7ec9fc34c4e147ee7c74bdcd49028732624	Distensioni cavi seduto (Cable chest press seated).gif	Distensioni cavi panca verticale	distensioni-cavi-panca-verticale	collegato	corretto a mano	no	EX366	Distensioni cavi seduto
2026-08-11T11:24:46	Pettorali	27a1b1026deed1ea93ef969c63deaa3ee67c1aa62d6ea9400f5663da9ed2ea1f	Distensioni macchina seduto (Machine chest press seated).gif	Distensioni macchina seduto	distensioni-macchina-seduto	collegato	come proposto	no	EX367	Distensioni macchina seduto
2026-08-11T11:24:51	Pettorali	c4ce59a2a8024750599c5e62d3e71679adf52056e76fb52f3f54ec48827154f6	Distensioni manubri panca inclinata (Dumbbell bench press incline bench).gif	Distensioni manubri panca inclinata	distensioni-manubri-panca-inclinata	collegato	come proposto	no	EX071	Distensioni manubri panca inclinata
2026-08-11T11:24:57	Pettorali	942c32030a628a4d8ca364f634f9f32970ff05a72d9ddc3ec99e273a6e265288	Distensioni manubri panca piana (Dumbbell bench press flat bench).gif	Distensioni manubri panca piana	distensioni-manubri-panca-piana	collegato	come proposto	no	EX002	Distensioni manubri panca piana
2026-08-11T11:25:10	Pettorali	7e3044c91ec7964da5e3e30bf7b9c58169a23f4a43dd82550a1863b49deb8cb5	Distensioni manubri presa stretta panca piana (Dumbbell close grip bench press flat bench).gif	Distensioni manubri presa stretta panca piana	distensioni-manubri-presa-stretta-panca-piana	collegato	come proposto	no	EX368	Distensioni manubri presa stretta panca piana
2026-08-11T11:25:21	Pettorali	c38469828dbe3a02f4cc3fa537742a2aea965ce76c74a22ef839f81ad1cd9355	Distensioni manubri terra (Floor press).gif	Distensioni manubri terra	distensioni-manubri-terra	collegato	come proposto	no	EX073	Distensioni manubri terra
2026-08-11T11:28:27	Pettorali	c38469828dbe3a02f4cc3fa537742a2aea965ce76c74a22ef839f81ad1cd9355	Distensioni manubri terra (Floor press).gif	Distensioni manubri sdraiato a terra	distensioni-manubri-sdraiato-a-terra	collegato	corretto a mano	no	EX073	Distensioni manubri terra
2026-08-11T11:28:33	Pettorali	9b9c53b188d3bd677dfb2fc4aa00a5b11edc0aaee2ca83c812c7c342b224e2c5	Distensioni multipower panca declinata (Smith machine decline bench press).gif	Distensioni multipower panca declinata	distensioni-multipower-panca-declinata	collegato	come proposto	no	EX369	Distensioni multipower panca declinata
2026-08-11T11:28:37	Pettorali	38d8a1bb84b5353facfa0d428fb944f16501010319ac1a364ae1f24054d6a86d	Distensioni multipower panca inclinata (Smith machine incline bench press).gif	Distensioni multipower panca inclinata	distensioni-multipower-panca-inclinata	collegato	come proposto	no	EX370	Distensioni multipower panca inclinata
2026-08-11T11:28:40	Pettorali	583436cf94463d37b3f284b472f63cec4fc77be4c14db4ae69aba334350f8011	Distensioni multipower panca piana (Smith machine bench press flat bench).gif	Distensioni multipower panca piana	distensioni-multipower-panca-piana	collegato	come proposto	no	EX371	Distensioni multipower panca piana
2026-08-11T11:29:04	Pettorali	66cb1a4935b4f84b3c21bb0297da27aef99e5398d8f7eea70eb367b1b7d6d297	Distensioni multipower presa larga panca piana (Smith machine wide grip bench press flat bench).gif	Distensioni multipower presa larga panca piana	distensioni-multipower-presa-larga-panca-piana	collegato	come proposto	no	EX372	Distensioni multipower presa larga panca piana
2026-08-11T11:29:53	Pettorali	7998da747c03109678596ae6bcc6b26de7c4a6c416e04b119bca9a2adf2fd8a6	Distensioni orizzontali macchina seduto (Machine horizontal chest press seated).gif	Distensioni orizzontali macchina seduto	distensioni-orizzontali-macchina-seduto	collegato	come proposto	no	EX373	Distensioni orizzontali macchina seduto
2026-08-11T11:31:05	Pettorali	d7ad208ee35dac740e0c19ad8c2c3104618c15dc00606d8fe912ec737e07c756	Distensioni panca piana articolato macchina (Lever chest press flat bench).gif	Distensioni macchina articolata panca piana	distensioni-macchina-articolata-panca-piana	collegato	come proposto	no	EX374	Distensioni macchina articolata panca piana
2026-08-11T11:31:16	Pettorali	ae934b92896f529a3ca7e16d0e403cedf8959a61dc47df633f28ee8b03661d92	Distensioni un braccio manubri panca piana (Dumbbell one arm bench press flat bench).gif	Distensioni manubri un braccio panca piana	distensioni-manubri-un-braccio-panca-piana	collegato	come proposto	no	EX375	Distensioni manubri un braccio panca piana
2026-08-11T11:32:44	Pettorali	c99610e4b52a83cff999f4c1188df332751b729040168477305662079829f5dd	Distensioni verticali macchina presa neutra seduto (Machine vertical neutral grip chest press seated).gif	Distensioni orizzontali macchina presa neutra seduto	distensioni-orizzontali-macchina-presa-neutra-seduto	collegato	corretto a mano	no	EX376	Distensioni verticali macchina presa neutra seduto
2026-08-11T11:33:03	Pettorali	9cba2ff1ea152654ac6921b15f45431be902e42aad196bcc67620a68272c65fd	Lanci al petto palla medica muro in piedi.gif	Lancio al petto palla medica al muro	lancio-al-petto-palla-medica-al-muro	pendente	come proposto	no	EX663	Lancio al petto palla medica al muro
2026-08-11T11:38:23	Pettorali	60c0b1ad4e60e3f517f14424d6400ba109e16a2551686467fab7f16a7ef78170	Piegamenti (Push up).gif	Piegamenti	piegamenti	collegato	come proposto	no	EX003	Piegamenti
2026-08-11T11:38:25	Pettorali	8d82b42850fbfe48670f398507743b7cbcb092a5db5ae5504daefab449fb10c1	Piegamenti a V (Pike push up floor).gif	Piegamenti a V	piegamenti-a-v	collegato	come proposto	no	EX034	Piegamenti a V
2026-08-11T11:42:53	Pettorali	89381fcacada41033537807a56015792a2a2ec0fee6dc40614a44eb3cfb86cf7	Piegamenti alternati un braccio assistenza braccio teso (Alternate one arm push up extended arm assisted).gif	Piegamenti archer	piegamenti-archer	collegato	corretto a mano	no	EX377	Piegamenti alternati un braccio assistenza braccio teso
2026-08-11T11:47:35	Pettorali	93bcd38bd880bcb7a24787b7bf58d65f4cd68d9e217a9df6e366d427c8c40479	Piegamenti arciere panca piana (Archer push up on flat bench).gif	Piegamenti archer braccio su panca piana	piegamenti-archer-braccio-su-panca-piana	libero	corretto a mano	si		
2026-08-11T11:47:51	Pettorali	93bcd38bd880bcb7a24787b7bf58d65f4cd68d9e217a9df6e366d427c8c40479	Piegamenti arciere panca piana (Archer push up on flat bench).gif	Piegamenti archer braccio rialzato	piegamenti-archer-braccio-rialzato	libero	corretto a mano	si		
2026-08-11T11:49:10	Pettorali	755b26f4032cd55ba72ba4820afedd8ede6738c0d0b698e1e50937b7a7c448a8	Piegamenti assistiti elastico (Band assisted push up floor).gif	Piegamenti assistiti elastico	piegamenti-assistiti-elastico	collegato	come proposto	no	EX378	Piegamenti assistiti elastico
2026-08-11T11:57:11	Pettorali	6ea851b5474b5e8d3ba4bed0b6a94f4b91844b60e3cfcd34aea715466bd1f1b1	Piegamenti declinati panca (Decline push up bench).gif	Piegamenti declinati panca	piegamenti-declinati-panca	collegato	come proposto	no	EX379	Piegamenti declinati panca
2026-08-11T12:00:54	Pettorali	c097dbcb5d950fc4963243fbc650e25ef3ec12a516ab22f5a747c041cae8f204	Piegamenti deficit (Deficit push up floor).gif	Piegamenti deficit su rialzo	piegamenti-deficit-su-rialzo	collegato	corretto a mano	no	EX380	Piegamenti deficit
2026-08-11T12:05:12	Pettorali	313cbb11bef1790d203d712212658a35bebad068604677ab86b6dc5615143766	Piegamenti deficit tra panche piane (Deficit push up between flat benches).gif	Piegamenti deficit slancio panche piane	piegamenti-deficit-slancio-panche-piane	libero	corretto a mano	si		
2026-08-11T12:05:42	Pettorali	97e2aa66e07e1b6f9247227f0099efaf5f7641e007372decf2f0f9b81d46f7dc	Piegamenti fitball (Fitball push up).gif	Piegamenti fitball	piegamenti-fitball	libero	come proposto	si		
2026-08-11T12:05:57	Pettorali	9c354dce641d7812398e258fecab2420aa6c67a4ed9966696b9af6cd524a3910	Piegamenti gamba sollevata (Single leg raised push up).gif	Piegamenti gamba sollevata	piegamenti-gamba-sollevata	libero	come proposto	si		
2026-08-11T12:06:41	Pettorali	926591f652a527f3897abbc998d6d82eb103e5b6e5cce02add8d046b5d7ceb1f	Piegamenti ginocchia (Knee push up floor).gif	Piegamenti facilitati ginocchia	piegamenti-facilitati-ginocchia	collegato	corretto a mano	no	EX381	Piegamenti ginocchia
2026-08-11T12:06:48	Pettorali	e232fe989a5ec9cabe6eb6f0a2aa8f77cdc30c4c2eda9871c927d5cb429cb9c0	Piegamenti indù (Hindu push up).gif	Piegamenti indù	piegamenti-indu	libero	come proposto	si		
2026-08-11T12:09:13	Pettorali	e4908b49cdfd09f4f5ec1072fef2d890afca7dccc261128ebb36a946b26c59a5	Piegamenti kettlebell (Kettlebell push up).gif	Piegamenti deficit kettlebell	piegamenti-deficit-kettlebell	libero	corretto a mano	si		
2026-08-11T12:10:12	Pettorali	c097dbcb5d950fc4963243fbc650e25ef3ec12a516ab22f5a747c041cae8f204	Piegamenti deficit (Deficit push up floor).gif	Piegamenti deficit rialzo	piegamenti-deficit-rialzo	collegato	corretto a mano	no	EX380	Piegamenti deficit
2026-08-11T12:12:04	Pettorali	6427c363c013a15722bbf11f87d37f1ace2069b2300f15cb4b937d50839918b8	Piegamenti mani elevate box (Incline push up box).gif	Piegamenti mani elevate box	piegamenti-mani-elevate-box	collegato	come proposto	no	EX382	Piegamenti mani elevate box
2026-08-11T12:12:07	Pettorali	524675ee679f91589532c93d9ba9825fb1ab18e70bfeafd872fe7a407a30a543	Piegamenti mani elevate panca (Incline push up bench).gif	Piegamenti mani elevate panca	piegamenti-mani-elevate-panca	collegato	come proposto	no	EX383	Piegamenti mani elevate panca
2026-08-11T12:12:17	Pettorali	5ae26cec117bc0f18e02b8bac8809c9fec474017ef009b89bfa41ef37f982116	Piegamenti mani incrociate (Crossover push up).gif	Piegamenti mani incrociate	piegamenti-mani-incrociate	libero	come proposto	si		
2026-08-11T12:12:26	Pettorali	6397dcb37916124a9ae902c6497b08e6c3bcdd9259edebc9fc0b84419d633af0	Piegamenti mani larghe (Wide grip push up floor).gif	Piegamenti mani larghe	piegamenti-mani-larghe	collegato	come proposto	no	EX384	Piegamenti mani larghe
2026-08-11T12:12:57	Pettorali	944f9a090c4b22daa4af5e1b3665c13b46562bec056794459798e89a147c859e	Piegamenti mani step (Push up step floor).gif	Piegamenti mani neutre step	piegamenti-mani-neutre-step	collegato	corretto a mano	no	EX385	Piegamenti mani step
2026-08-11T12:20:12	Pettorali	f2927b7cd43495b062de37422520f5bb66299c1be592a4e1192bba62189413d9	Piegamenti maniglie (Deficit push up handles floor).gif	Piegamenti deficit dip station	piegamenti-deficit-dip-station	collegato	corretto a mano	no	EX386	Piegamenti maniglie
2026-08-11T12:20:23	Pettorali	322095a2aa82549f923c93e433949586f5b9f645f83549eb469ef745c235c3db	Piegamenti planche (Planche push up).gif	Piegamenti planche	piegamenti-planche	libero	come proposto	si		
2026-08-11T12:20:33	Pettorali	d3091d90464ba2b49e12c0c8aa06df9c437e08a21aa582f5e1a147301762861e	Piegamenti pliometrici mani (Plyometric push up floor).gif	Piegamenti pliometrici mani	piegamenti-pliometrici-mani	collegato	come proposto	no	EX387	Piegamenti pliometrici mani
2026-08-11T12:20:43	Pettorali	f948db77c2d70feff5dcd3e31f51d4c2678560f6d69e8ebdacd802b9d5398fae	Piegamenti sovraccarico disco (Weighted push up with plate).gif	Piegamenti sovraccarico disco	piegamenti-sovraccarico-disco	libero	come proposto	si		
2026-08-11T12:20:53	Pettorali	5ade2e81f55de6d6a021cf70d744b3d9a48742e549b73eab21cdd1757f4986ad	Piegamenti sui pugni (Knuckle push up).gif	Piegamenti sui pugni	piegamenti-sui-pugni	libero	come proposto	si		
2026-08-11T12:21:35	Pettorali	6ea6bf4c198aadd24eb70b37536ded388691b88efb258caac6df4d8f91ce322a	Piegamenti tocco al petto (Chest tap push up).gif	Piegamenti pliometrici tocco al petto	piegamenti-pliometrici-tocco-al-petto	libero	corretto a mano	si		
2026-08-11T12:22:00	Pettorali	6ea6bf4c198aadd24eb70b37536ded388691b88efb258caac6df4d8f91ce322a	Piegamenti tocco al petto (Chest tap push up).gif	Piegamenti pliometrici tocco petto	piegamenti-pliometrici-tocco-petto	libero	corretto a mano	si		
2026-08-11T12:22:27	Pettorali	385d984e4c4a85e50f92ea7f643e227539ceaf552beb10aaaef010b6995a9776	Piegamenti tocco incrociato spalla.gif	Piegamenti tocco incrociato	piegamenti-tocco-incrociato	collegato	corretto a mano	no	EX577	Piegamenti tocco incrociato spalla
2026-08-11T12:22:33	Pettorali	ac0491f055f2a0dfdbba3f9507f7188adfbe296fbe055c36b3b83a5a23c890fb	Piegamenti TRX (TRX push up).gif	Piegamenti TRX	piegamenti-trx	libero	come proposto	si		
2026-08-11T12:27:04	Pettorali	b99ae6dd761ac0fbccd65d15b7006d6b520ef64741ae550bb0ce7db033f8a191	Piegamenti un braccio palla medica (Medicine ball push up single arm).gif	Piegamenti un braccio palla medica	piegamenti-un-braccio-palla-medica	libero	come proposto	si		
2026-08-11T12:27:05	Pettorali	e40601d27a5f120cecb6b47befb95808a5a5e58825dba37dd9df16b1ff729e6a	Piegamenti un braccio (Push up single arm).gif	Piegamenti un braccio	piegamenti-un-braccio	libero	come proposto	si		
2026-08-11T12:27:53	Pettorali	27efb33e875cdfdd4bbc3eaee1d4559b0508bad75dfce7c7f04cd372e1f81346	Piegamenti una mano palla medica (Medicine ball one arm push up floor).gif	Piegamenti deficit un braccio palla medica	piegamenti-deficit-un-braccio-palla-medica	collegato	corretto a mano	no	EX388	Piegamenti una mano palla medica
2026-08-11T12:28:04	Pettorali	8bea8beb1d1c3d6c68d7574b119bf09994d283ce271267adf408f35e39173b99	Pullover bilanciere panca piana (Barbell pullover flat bench).gif	Pullover bilanciere panca piana	pullover-bilanciere-panca-piana	collegato	come proposto	no	EX389	Pullover bilanciere panca piana
2026-08-11T12:28:09	Pettorali	5db16e428ff109781edddf82f1a176b20e4b55a97c2ea7b30fb4e759d5d49f09	Pullover macchina seduto (Machine pullover seated).gif	Pullover macchina seduto	pullover-macchina-seduto	collegato	come proposto	no	EX390	Pullover macchina seduto
2026-08-11T12:28:20	Pettorali	ce8214c2c989513f631df1761d4a6a494c588dedcafab47bb47099db435c8fcd	Pullover manubrio bacino allineato panca piana (Dumbbell pullover pelvis aligned flat bench).gif	Pullover manubrio bacino allineato panca piana	pullover-manubrio-bacino-allineato-panca-piana	collegato	come proposto	no	EX099	Pullover manubrio bacino allineato panca piana
2026-08-11T12:28:42	Pettorali	6feef5839acfe9278e849d3a3c40054bd611c27cc5bc5a567f62c0c549cfe17e	Pullover manubrio bacino declinato panca piana (Dumbbell pullover pelvis declined flat bench).gif	Pullover manubrio bacino declinato panca piana	pullover-manubrio-bacino-declinato-panca-piana	collegato	come proposto	no	EX392	Pullover manubrio bacino declinato panca piana
2026-08-11T12:28:45	Pettorali	ea7e183a2aba1467f805aa06636fb9b28d28b306789b218b3978ccd25d47ceb5	Pullover manubrio fitball (Dumbbell pullover swiss ball).gif	Pullover manubrio fitball	pullover-manubrio-fitball	collegato	come proposto	no	EX393	Pullover manubrio fitball
2026-08-11T12:29:59	Pettorali	1b48d9f8400d4337f00632aa77a7e2e3e0f0293164a7fdaa70a32e3653d97712	Piegamenti declinati fitball (Declined fitball push up).gif	Piegamenti declinati fitball	piegamenti-declinati-fitball	libero	come proposto	si		
2026-08-11T12:30:45	Pettorali	6427c363c013a15722bbf11f87d37f1ace2069b2300f15cb4b937d50839918b8	Piegamenti mani elevate box (Incline push up box).gif	Piegamenti inclinati box	piegamenti-inclinati-box	collegato	corretto a mano	no	EX382	Piegamenti mani elevate box
2026-08-11T12:30:58	Pettorali	524675ee679f91589532c93d9ba9825fb1ab18e70bfeafd872fe7a407a30a543	Piegamenti mani elevate panca (Incline push up bench).gif	Piegamenti inclinati panca	piegamenti-inclinati-panca	collegato	corretto a mano	no	EX383	Piegamenti mani elevate panca
2026-08-11T14:07:03	Pettorali	d12f0293fa67d4e1457f099a7adeb6c3a4b77ca46668934bc21af45debe28dc3	Distensioni bilanciere presa larga panca piana (Barbell wide grip bench press flat bench).gif	Distensioni bilanciere presa larga panca piana	distensioni-bilanciere-presa-larga-panca-piana	collegato	come proposto	no	EX363	Distensioni bilanciere presa larga panca piana
2026-08-18T09:34:17	Pettorali	63690910f82557d8f3da73c17aa5013e8c5eb92a278194cc0e35e36e3973205f	Adduzione spalla elastico un braccio in piedi.gif	Adduzione un braccio elastico in piedi	adduzione-un-braccio-elastico-in-piedi	pendente	corretto a mano	no	EX657	Adduzione spalla elastico un braccio in piedi
2026-08-18T09:35:07	Pettorali	f1a212b4872d92354e7b936993b91b288cf3722802f8b21553ffcf3d93ec45c5	Dip parallele (Parallel bars dip).gif	Dip parallele ginniche	dip-parallele-ginniche	libero	corretto a mano	si		
2026-08-18T09:35:30	Pettorali	02a7ea51452c3a58952530ad4803c0feb66cda048cb7d436e1ee630a13855aba	Dip coreano parallele (Korean parallel bars dip).gif	Dip parallele coreano	dip-parallele-coreano	libero	corretto a mano	si		
2026-08-18T09:36:56	Pettorali	f948db77c2d70feff5dcd3e31f51d4c2678560f6d69e8ebdacd802b9d5398fae	Piegamenti sovraccarico disco (Weighted push up with plate).gif	Piegamenti disco sovraccarico	piegamenti-disco-sovraccarico	libero	corretto a mano	si		
2026-08-22T16:12:04	Spalle e Cuffia	792ead4a9f78017b76cd4ad2cf7438bf52bfd338d37287a4c1d86fce92d45d0c	Alzate diagonali maniglia elastico barra ai piedi un braccio.gif	Alzate diagonali elastico un braccio	alzate-diagonali-elastico-un-braccio	pendente	corretto a mano	no		Alzate diagonali elastico un braccio in piedi
2026-08-22T16:16:46	Spalle e Cuffia	8e698f0f9396c5073c56d9c5fa1827ef113f9bbcdb565066ac76316efe1f1b58	Alzate diagonali maniglie elastico barra piedi.gif	Alzate diagonali inclinate elastico	alzate-diagonali-inclinate-elastico	pendente	corretto a mano	no		Alzate diagonali elastico maniglie in piedi
2026-08-22T16:20:07	Spalle e Cuffia	f6470822b70d4d0d19a9bdb9644355414074225a32936e3bec78bcd90f460843	Alzate frontali alternate manubri in piedi (Dumbbell alternating front raise standing).gif	Alzate frontali alternate manubri	alzate-frontali-alternate-manubri	collegato	come proposto	no	EX391	Alzate frontali alternate manubri
2026-08-22T16:21:20	Spalle e Cuffia	8bff5eba739e748dd326873ec559185d6ddc0e9972517b94a89647d884a4af23	Alzate frontali barra cavo basso in piedi (Cable bar front raise standing).gif	Alzate frontali barra cavo basso	alzate-frontali-barra-cavo-basso	collegato	come proposto	no	EX394	Alzate frontali barra cavo basso
2026-08-22T16:21:34	Spalle e Cuffia	017db012e56ef7f612b79e8ca07c1b3f95cef596919f465b24e1b30109081ed9	Alzate frontali bilanciere in piedi (Barbell front raise standing).gif	Alzate frontali bilanciere	alzate-frontali-bilanciere	collegato	come proposto	no	EX395	Alzate frontali bilanciere
2026-08-22T16:22:00	Spalle e Cuffia	c54bd66c2aa69a9fdeb480672d3dea3b8a0c62067e33227e0aa3d4a6709e3e41	Alzate frontali diagonali manubri in piedi (Dumbbell diagonal front raise standing).gif	Alzate frontali diagonali manubri	alzate-frontali-diagonali-manubri	collegato	come proposto	no	EX396	Alzate frontali diagonali manubri
2026-08-22T16:24:18	Spalle e Cuffia	38111f3987bf261f4226ebbd3adc64f96321c501c1634ec636085988dc9f7ebd	Alzate frontali incrociate cavi bassi in piedi (Cable crossover front raise standing).gif	Alzate frontali incrociate cavi bassi	alzate-frontali-incrociate-cavi-bassi	collegato	come proposto	no	EX397	Alzate frontali incrociate cavi bassi
2026-08-22T16:24:48	Spalle e Cuffia	8eef8eb3cd10689a9e01b7fd3792b50de0d78e666628303f492b30762567c50d	Alzate frontali manubri in piedi (Dumbbell front raise standing).gif	Alzate frontali manubri	alzate-frontali-manubri	collegato	corretto a mano	no	EX100	Alzate frontali manubri in piedi
2026-08-22T16:24:56	Spalle e Cuffia	198d4853344bd714fc483cd7cb18d9e844feffd2b97c378805ec117f930cccbb	Alzate frontali manubri panca 90° (Dumbbell front raise 90° bench).gif	Alzate frontali manubri panca verticale	alzate-frontali-manubri-panca-verticale	collegato	come proposto	no	EX398	Alzate frontali manubri panca verticale
2026-08-22T16:25:17	Spalle e Cuffia	b1fd6b133bc8e7b81c50bf55a36f50e5695e81e13ab7257cae7b472db842aca1	Alzate frontali manubri prono panca inclinata 45° (Dumbbell chest supported front raise incline bench).gif	Alzate frontali manubri prono panca inclinata 45 gradi	alzate-frontali-manubri-prono-panca-inclinata-45-gradi	collegato	come proposto	no	EX399	Alzate frontali manubri prono panca inclinata 45 gradi
2026-08-22T16:27:08	Spalle e Cuffia	640d2f8ab575515c996c0f96b8314c0bb97bc07d5140abec492fa2c7a4ec9cbf	Alzate frontali un braccio cavo basso in piedi (Cable one arm front raise standing).gif	Alzate frontali cavo basso un braccio	alzate-frontali-cavo-basso-un-braccio	collegato	come proposto	no	EX400	Alzate frontali cavo basso un braccio
2026-08-22T16:29:00	Spalle e Cuffia	ff8eb0fda50cfaf12d46cc84e58d34519db2a386983acdc630bfdd522e11ffc3	Alzate frontali un manubrio mani unite in piedi (Dumbbell close grip front raise standing).gif	Alzate frontali un manubrio mani unite	alzate-frontali-un-manubrio-mani-unite	collegato	come proposto	no	EX401	Alzate frontali un manubrio mani unite
2026-08-22T16:29:29	Spalle e Cuffia	295b8966b358cbd30908962933e1a05e1d0bd81c33f31038c4000a0a2d1f304d	Alzate laterali asciugamano parete un braccio (Towel wall lateral raise single arm).gif	Alzate laterali asciugamano parete un braccio	alzate-laterali-asciugamano-parete-un-braccio	collegato	come proposto	no	EX569	Alzate laterali asciugamano parete un braccio
2026-08-22T16:30:02	Spalle e Cuffia	295b8966b358cbd30908962933e1a05e1d0bd81c33f31038c4000a0a2d1f304d	Alzate laterali asciugamano parete un braccio (Towel wall lateral raise single arm).gif	Alzate laterali un braccio asciugamano parete	alzate-laterali-un-braccio-asciugamano-parete	collegato	corretto a mano	no	EX569	Alzate laterali asciugamano parete un braccio
2026-08-22T16:30:57	Spalle e Cuffia	640d2f8ab575515c996c0f96b8314c0bb97bc07d5140abec492fa2c7a4ec9cbf	Alzate frontali un braccio cavo basso in piedi (Cable one arm front raise standing).gif	Alzate frontali un braccio cavo basso	alzate-frontali-un-braccio-cavo-basso	collegato	corretto a mano	no	EX400	Alzate frontali cavo basso un braccio
2026-08-22T16:31:25	Spalle e Cuffia	792ead4a9f78017b76cd4ad2cf7438bf52bfd338d37287a4c1d86fce92d45d0c	Alzate diagonali maniglia elastico barra ai piedi un braccio.gif	Alzate diagonali un braccio elastico	alzate-diagonali-un-braccio-elastico	pendente	corretto a mano	no		Alzate diagonali elastico un braccio in piedi
2026-08-22T16:32:38	Spalle e Cuffia	16b44866f3621e62cd11d07558779158dae7db8586a4d893b38d108697c5d1b7	Alzate laterali discesa frontale manubri in piedi (Dumbbell lateral raise to front lower standing).gif	Alzate laterali discesa frontale manubri	alzate-laterali-discesa-frontale-manubri	collegato	come proposto	no	EX402	Alzate laterali discesa frontale manubri
2026-08-22T16:32:41	Spalle e Cuffia	230153e8622ceeb1ffcdf48084a543659d1db538bf62065f7787333c2801f8b0	Alzate laterali incrociate cavi bassi in piedi (Cable crossover lateral raise standing).gif	Alzate laterali incrociate cavi bassi	alzate-laterali-incrociate-cavi-bassi	collegato	come proposto	no	EX403	Alzate laterali incrociate cavi bassi
2026-08-22T16:33:12	Spalle e Cuffia	e94b4ffcd69a50f4aaecf9f5ba012971a2157d2ecf3087351b11766638565574	Alzate laterali isometriche in piedi.gif	Alzate laterali isometriche	alzate-laterali-isometriche	pendente	corretto a mano	no		Alzate laterali isometriche in piedi
2026-08-22T16:35:22	Spalle e Cuffia	008ce4040be27e153eb82a2f977330d4b6078612fb90778ebb5ccb60ac719830	Alzate laterali macchina a leve seduto (Lever lateral raise machine seated).gif	Alzate laterali macchina a leve seduto	alzate-laterali-macchina-a-leve-seduto	collegato	come proposto	no	EX404	Alzate laterali macchina a leve seduto
2026-08-22T16:36:31	Spalle e Cuffia	33e45df23fbf11e48873dfbe4062c2f79fc973cdeb81105dbbc64bdf789b5371	Alzate laterali macchina appoggio gomito seduto (Machine lateral raise elbow pad seated).gif	Alzate laterali macchina appoggio gomito seduto	alzate-laterali-macchina-appoggio-gomito-seduto	collegato	come proposto	no	EX405	Alzate laterali macchina appoggio gomito seduto
2026-08-22T16:36:51	Spalle e Cuffia	92c721c7605104d78f4ffc2107a907b28af4164c789be0c7e01c22cacd328285	Alzate laterali manubri in piedi (Dumbbell lateral raise standing).gif	Alzate laterali manubri	alzate-laterali-manubri	collegato	corretto a mano	no	EX055	Alzate laterali manubri in piedi
2026-08-22T16:37:31	Spalle e Cuffia	cf6fa4aa4aa9e80e83188a857b2c5768b8bd076aec2560dc2d2f00b1f2f559cc	Alzate laterali manubri prono panca inclinata 45° (Dumbbell chest supported lateral raise incline bench 45°).gif	Alzate laterali manubri prono panca inclinata 45 gradi	alzate-laterali-manubri-prono-panca-inclinata-45-gradi	collegato	come proposto	no	EX407	Alzate laterali manubri prono panca inclinata 45 gradi
2026-08-22T16:44:16	Spalle e Cuffia	cf6fa4aa4aa9e80e83188a857b2c5768b8bd076aec2560dc2d2f00b1f2f559cc	Alzate laterali manubri prono panca inclinata 45° (Dumbbell chest supported lateral raise incline bench 45°).gif	Alzate laterali manubri prono panca 45 gradi	alzate-laterali-manubri-prono-panca-45-gradi	collegato	corretto a mano	no	EX407	Alzate laterali manubri prono panca inclinata 45 gradi
2026-08-22T16:46:49	Spalle e Cuffia	cf6fa4aa4aa9e80e83188a857b2c5768b8bd076aec2560dc2d2f00b1f2f559cc	Alzate laterali manubri prono panca inclinata 45° (Dumbbell chest supported lateral raise incline bench 45°).gif	Alzate laterali manubri prono panca inclinata	alzate-laterali-manubri-prono-panca-inclinata	collegato	corretto a mano	no	EX407	Alzate laterali manubri prono panca inclinata 45 gradi
2026-08-22T16:48:05	Spalle e Cuffia	bba3961a703bec718e71c0b2a2f1307e71dceddd2da8837533ed4ecd2c08913a	Alzate laterali manubri seduto panca piana (Dumbbell lateral raise flat bench).gif	Alzate laterali manubri panca piana	alzate-laterali-manubri-panca-piana	collegato	come proposto	no	EX406	Alzate laterali manubri panca piana
2026-08-22T16:48:39	Spalle e Cuffia	a5def2b30b9b1000cfa4168a52b565226975e9f62021cceed325a1c9c138bd8f	Alzate laterali un braccio cavo basso in piedi (Cable one arm lateral raise standing).gif	Alzate laterali un braccio cavo basso	alzate-laterali-un-braccio-cavo-basso	collegato	corretto a mano	no	EX409	Alzate laterali cavo basso un braccio
2026-08-22T16:49:07	Spalle e Cuffia	3fedbb740a23c266aac18d4c04b797c014a001b3201d7e3da47542144ec23e74	Alzate laterali un braccio cavo basso inclinazione laterale in piedi (Cable lean away lateral raise standing).gif	Alzate laterali un braccio cavo basso inclinazione laterale	alzate-laterali-un-braccio-cavo-basso-inclinazione-laterale	collegato	corretto a mano	no	EX411	Alzate laterali cavo basso un braccio inclinazione laterale
2026-08-22T16:49:38	Spalle e Cuffia	8477e4eec538d9abaec09f98393f4e8905b4deab0a03b452bc4cd639efefeb0c	Alzate laterali un braccio gomito 90° manubrio in piedi (Dumbbell one arm 90 degrees elbow lateral raise standing).gif	Alzate laterali un braccio manubrio gomito 90 gradi	alzate-laterali-un-braccio-manubrio-gomito-90-gradi	collegato	corretto a mano	no	EX410	Alzate laterali manubrio un braccio gomito 90 gradi
2026-08-22T16:49:56	Spalle e Cuffia	792ead4a9f78017b76cd4ad2cf7438bf52bfd338d37287a4c1d86fce92d45d0c	Alzate diagonali maniglia elastico barra ai piedi un braccio.gif	Alzate diagonali un braccio elastico gomito 90 gradi	alzate-diagonali-un-braccio-elastico-gomito-90-gradi	pendente	corretto a mano	no		Alzate diagonali elastico un braccio in piedi
2026-08-22T16:50:26	Spalle e Cuffia	8e67956b9023a8de84197570154ec6b7ce09b4004e0303a73cef1491fc5241d6	Alzate laterali un braccio manubrio in piedi (Dumbbell one arm lateral raise standing).gif	Alzate laterali un braccio manubrio	alzate-laterali-un-braccio-manubrio	collegato	corretto a mano	no	EX412	Alzate laterali manubrio un braccio
2026-08-22T16:50:43	Spalle e Cuffia	a77b92a3c7fe619e7b1b6cdaecd9a73cd59adcc89d91354212414f68d1958c93	Alzate laterali un braccio manubrio inclinazione laterale in piedi (Dumbbell lean away lateral raise standing).gif	Alzate laterali un braccio manubrio inclinazione laterale	alzate-laterali-un-braccio-manubrio-inclinazione-laterale	collegato	corretto a mano	no	EX413	Alzate laterali manubrio un braccio inclinazione laterale
2026-08-22T16:50:59	Spalle e Cuffia	3c9686bd2f068b7beb6708c0972d78b15861b0664548a2167f866b094491035b	Alzate multi-angolo manubri in piedi (Dumbbell multi-angle raise standing).gif	Alzate multi-angolo manubri	alzate-multi-angolo-manubri	collegato	come proposto	no	EX414	Alzate multi-angolo manubri
2026-08-22T16:51:19	Spalle e Cuffia	5830cea7741c8fa410d5f2cf247123599e33c9d55a4026fe0a30d96c1e5e3f70	Camminata verticale (Handstand walk).gif	Camminata verticale	camminata-verticale	collegato	come proposto	no	EX570	Camminata verticale
2026-08-22T16:52:32	Spalle e Cuffia	6dbc97aaa3c1fef1168f425b4b4fec2ca231a6b380cc7ee3fe3e85493ef039ab	Distensioni landmine in ginocchio (Landmine press kneeling).gif	Distensioni landmine in ginocchio	distensioni-landmine-in-ginocchio	collegato	come proposto	no	EX415	Distensioni landmine in ginocchio
2026-08-22T16:53:50	Spalle e Cuffia	52091a992cd4dc1eeef5077be1d618ab886dda0de3b50456ab8190ab3074db6f	Incroci braccia in piedi.gif	Incroci braccia in piedi	incroci-braccia-in-piedi	pendente	come proposto	no		Incroci braccia in piedi
2026-08-22T16:54:04	Spalle e Cuffia	52091a992cd4dc1eeef5077be1d618ab886dda0de3b50456ab8190ab3074db6f	Incroci braccia in piedi.gif	Incroci braccia	incroci-braccia	pendente	corretto a mano	no		Incroci braccia in piedi
2026-08-22T16:54:58	Spalle e Cuffia	356a6d4b58806dae2a871611e389a475a9c2d7f36ec8b5bc82233258d4e8cf57	Intrarotazione cavo in piedi (Cable internal rotation standing).gif	Intrarotazione cavo	intrarotazione-cavo	collegato	come proposto	no	EX416	Intrarotazione cavo
2026-08-22T16:55:41	Spalle e Cuffia	95a6a2b85d9ef1a0de47a32f86c9ee206caf0793ff302256d2bc6e77fd510e8e	Lento Arnold manubri in piedi (Arnold shoulder press dumbbells standing).gif	Lento Arnold manubri	lento-arnold-manubri	collegato	corretto a mano	no	EX074	Lento Arnold manubri in piedi
2026-08-22T16:55:48	Spalle e Cuffia	5da15b808be7d4f5b21aa519b21e439369aff1aad86e68d493ba5754c1ccae83	Lento Arnold manubri panca 90° (Arnold shoulder press dumbbells 90° bench).gif	Lento Arnold manubri panca verticale	lento-arnold-manubri-panca-verticale	collegato	come proposto	no	EX417	Lento Arnold manubri panca verticale
2026-08-22T16:59:54	Spalle e Cuffia	a5ecfe693d0c715603ae315f6d5977b14e0cdfb74d4bd6db3da490b1de6b4d84	Lento avanti alternato isometrico manubri in piedi (Dumbbell alternating isometric shoulder press standing).gif	Lento avanti alternato manubri	lento-avanti-alternato-manubri	collegato	corretto a mano	no	EX418	Lento avanti manubri alternato isometrico
2026-08-22T17:00:04	Spalle e Cuffia	ccfc5b8cb9c09ace323c08e80cf89aa092b9bc1695c217bac6b83d15bcc13a1d	Lento avanti bilanciere in piedi (Barbell shoulder press standing).gif	Lento avanti bilanciere	lento-avanti-bilanciere	collegato	corretto a mano	no	EX006	Lento avanti bilanciere in piedi
2026-08-22T17:10:11	Spalle e Cuffia	942c1e79821749207bcf70dc97f2f621885a6ad8ca205fb27700e75e057ab1da	Lento avanti bilanciere pin press in piedi (Barbell pin press standing).gif	Lento avanti bilanciere pin press	lento-avanti-bilanciere-pin-press	collegato	come proposto	no	EX429	Lento avanti bilanciere pin press
2026-08-22T17:10:56	Spalle e Cuffia	994826dd5e1266914f728600f4935bb5bbe9672fe262840f2d0cbd601c0e7a8c	Lento avanti bilanciere rack in piedi (Barbell shoulder press rack standing).gif	Lento avanti bilanciere rack	lento-avanti-bilanciere-rack	collegato	corretto a mano	no	EX420	Lento avanti bilanciere rack in piedi
2026-08-22T17:11:14	Spalle e Cuffia	ff7959ecb4abee998aba279065649bd5c72a3ac393eb513c739289675e2f0e0a	Lento avanti bilanciere rack seduto panca piana (Barbell shoulder press bench).gif	Lento avanti bilanciere rack panca piana	lento-avanti-bilanciere-rack-panca-piana	collegato	come proposto	no	EX419	Lento avanti bilanciere rack panca piana
2026-08-22T17:11:35	Spalle e Cuffia	6e952d4e4e299d47a3704c0956eb9e6bbfebad283d407b924a213acfe7dfa5cf	Lento avanti bilanciere seduto a terra (Barbell shoulder press seated on floor).gif	Lento avanti bilanciere seduto a terra	lento-avanti-bilanciere-seduto-a-terra	collegato	come proposto	no	EX421	Lento avanti bilanciere seduto a terra
2026-08-22T17:11:39	Spalle e Cuffia	ec1c3751ff841478a2de0db98a296753988ca7c5b873a5e1cf1529d76239eac3	Lento avanti cavi bassi in piedi (Cable shoulder press standing).gif	Lento avanti cavi bassi	lento-avanti-cavi-bassi	collegato	come proposto	no	EX422	Lento avanti cavi bassi
2026-08-22T17:12:03	Spalle e Cuffia	6f8cbf7ef038019d394d6350a7997e232a63b224ad13fdd75c93be9fc33b600f	Lento avanti elastico seduto.gif	Lento avanti elastico seduto	lento-avanti-elastico-seduto	pendente	come proposto	no		Lento avanti elastico seduto
2026-08-22T17:12:15	Spalle e Cuffia	081a4c74b0c1b191910c9d729b5d74f308a3736ea30bce6ccf748ec2fce8ac6d	Lento avanti isometrico in piedi.gif	Lento avanti isometrico	lento-avanti-isometrico	pendente	corretto a mano	no		Lento avanti isometrico in piedi
2026-08-22T17:12:37	Spalle e Cuffia	d2bc9b9ae62212e2d21a5a975bd6686a3fb606a6242f8ab3960e42714c90800c	Lento avanti macchina a dischi seduto (Lever shoulder press seated).gif	Lento avanti macchina a dischi seduto	lento-avanti-macchina-a-dischi-seduto	collegato	come proposto	no	EX423	Lento avanti macchina a dischi seduto
2026-08-22T17:13:04	Spalle e Cuffia	ffeab8378356d82e6f550aed211cdef8adc1f90220da7bcf2943329266164253	Lento avanti macchina pacco pesi seduto (Selectorized shoulder press seated).gif	Lento avanti macchina pacco pesi seduto	lento-avanti-macchina-pacco-pesi-seduto	collegato	come proposto	no	EX424	Lento avanti macchina pacco pesi seduto
2026-08-22T17:14:13	Spalle e Cuffia	f3161db13aec8a14c5c5652d42f655e15969242ca9a84e47ca8ff2808a44007c	Lento avanti manubri in piedi (Dumbbell shoulder press standing).gif	Lento avanti manubri	lento-avanti-manubri	collegato	corretto a mano	no	EX425	Lento avanti manubri in piedi
2026-08-22T17:14:18	Spalle e Cuffia	8b01e8967512aa62e6e0b814a600c00f24c716e2967ea4bb4bd6572368040bb9	Lento avanti manubri panca 90° (Dumbbell shoulder press 90° bench).gif	Lento avanti manubri panca verticale	lento-avanti-manubri-panca-verticale	collegato	come proposto	no	EX426	Lento avanti manubri panca verticale
2026-08-22T17:14:51	Spalle e Cuffia	0826db02f6c822155ce7fb0a017f5f170d84b364376ca736234df981c3e44bd7	Lento avanti multipower in piedi (Smith machine shoulder press standing).gif	Lento avanti multipower	lento-avanti-multipower	collegato	corretto a mano	no	EX427	Lento avanti multipower in piedi
2026-08-22T17:15:08	Spalle e Cuffia	9170b362177df86a05f708b83ff09e01c29adfd63e771c3b8d3b4fd383e1b5e0	Lento avanti multipower seduto (Smith machine shoulder press seated).gif	Lento avanti multipower seduto	lento-avanti-multipower-seduto	collegato	come proposto	no	EX428	Lento avanti multipower seduto
2026-08-22T17:17:40	Spalle e Cuffia	770c8ed85cc83fd810ce47608d3ef1aed5f3f0c90c75d6ac66e3f25eb4a99088	Lento avanti un braccio manubrio in piedi (Dumbbell one arm shoulder press standing).gif	Lento avanti un braccio manubrio	lento-avanti-un-braccio-manubrio	collegato	corretto a mano	no	EX430	Lento avanti manubrio un braccio
2026-08-22T17:17:55	Spalle e Cuffia	a087cad769fcd7edc4dc6b2f7760c3b7862a6b8aefe802e32a9007fda80d4552	Lento dietro barra elastico ai piedi.gif	Lento dietro barra elastico	lento-dietro-barra-elastico	pendente	corretto a mano	no		Lento dietro barra elastico ai piedi
2026-08-22T17:18:42	Spalle e Cuffia	923a8d2302738e1ec3a56f9d86f6c43c7823b36020d390868b0a23a0e3f286a3	Lento dietro bilanciere in piedi (Behind the neck barbell shoulder press standing).gif	Lento dietro bilanciere	lento-dietro-bilanciere	collegato	corretto a mano	no	EX431	Lento dietro bilanciere in piedi
2026-08-22T17:18:58	Spalle e Cuffia	385a2451cbe6cdb68d41d10221d791f2982145650c0c4d5f83730da0bc8756ac	Lento dietro bilanciere seduto panca piana (Behind the neck barbell shoulder press flat bench).gif	Lento dietro bilanciere panca piana	lento-dietro-bilanciere-panca-piana	collegato	come proposto	no	EX432	Lento dietro bilanciere panca piana
2026-08-22T17:20:05	Spalle e Cuffia	bde40879a5e65b8849f2be9cf9609c5ffaa339407cc51f559175e50b4d6dd4b5	Lento dietro maniglia elastico un braccio in piedi.gif	Lento dietro maniglia elastico un braccio	lento-dietro-maniglia-elastico-un-braccio	pendente	corretto a mano	no		Lento dietro maniglia elastico un braccio in piedi
2026-08-22T17:20:39	Spalle e Cuffia	bde40879a5e65b8849f2be9cf9609c5ffaa339407cc51f559175e50b4d6dd4b5	Lento dietro maniglia elastico un braccio in piedi.gif	Lento dietro un braccio elastico	lento-dietro-un-braccio-elastico	pendente	corretto a mano	no		Lento dietro maniglia elastico un braccio in piedi
2026-08-22T17:21:06	Spalle e Cuffia	385a2451cbe6cdb68d41d10221d791f2982145650c0c4d5f83730da0bc8756ac	Lento dietro bilanciere seduto panca piana (Behind the neck barbell shoulder press flat bench).gif	Lento dietro bilanciere seduto	lento-dietro-bilanciere-seduto	collegato	corretto a mano	no	EX432	Lento dietro bilanciere panca piana
2026-08-22T17:21:15	Spalle e Cuffia	0b1c5ebc98dde2cb005f41a1f3d219cac7cf89cff9a34dceca156969ded2a68d	Piegamenti pike deficit sedie (Deficit chair pike push up).gif	Piegamenti pike deficit sedie	piegamenti-pike-deficit-sedie	collegato	come proposto	no	EX571	Piegamenti pike deficit sedie
2026-08-22T17:21:32	Spalle e Cuffia	ebb2f540bc9d739feb7a18c6b36115fe98d8a4c7367b406fc43f75590f245ac9	Piegamenti pike panca piana (Flat bench pike push up).gif	Piegamenti pike panca piana	piegamenti-pike-panca-piana	collegato	come proposto	no	EX572	Piegamenti pike panca piana
2026-08-22T17:21:36	Spalle e Cuffia	e5aa222d19d5bc95a6fdbb2f360c059c2e31025379c27608c3d908c2621ae430	Piegamenti verticale (Handstand push up).gif	Piegamenti verticale	piegamenti-verticale	collegato	come proposto	no	EX573	Piegamenti verticale
2026-08-22T17:21:46	Spalle e Cuffia	dd8262bf27d01547744ab4ba2d55c433b96ab917a1ad8eee3e303eeecadd0fda	Push jerk bilanciere in piedi (Barbell push jerk standing).gif	Push jerk bilanciere	push-jerk-bilanciere	collegato	come proposto	no	EX434	Push jerk bilanciere
2026-08-22T17:22:14	Spalle e Cuffia	0c164c5c6bbdc4e18d967fee84303cdc1aa32c853f36b824e82cecd59d179d70	Push press bilanciere in piedi (Barbell push press standing).gif	Push press bilanciere	push-press-bilanciere	collegato	come proposto	no	EX075	Push press bilanciere
2026-08-22T17:22:23	Spalle e Cuffia	aa13a9a1a7bd8b3317a3b134ca231913cbc992dc9c3e9ab828f4115a4f3daae9	Squat croce di ferro manubri.gif	Squat croce di ferro manubri	squat-croce-di-ferro-manubri	pendente	come proposto	no		Squat croce di ferro manubri
2026-08-22T17:22:47	Spalle e Cuffia	fe3c04275eca5b677ae3554bd2093a2413125ed7a129533f7fa67b8931582f26	Squat lanci palla un braccio in piedi.gif	Squat con lancio palla un braccio	squat-con-lancio-palla-un-braccio	pendente	come proposto	no		Squat con lancio palla un braccio
2026-08-22T17:23:17	Spalle e Cuffia	ec6641540afedba67ff07cb20397c06ff01efa9367d89e8377afc059e1b3c0eb	Alzate laterali fianco manubrio panca inclinata 45° (Dumbbell side lying lateral raise incline bench 45°).gif	Alzate laterali fianco manubrio panca inclinata	alzate-laterali-fianco-manubrio-panca-inclinata	collegato	corretto a mano	no	EX057	Alzate laterali fianco manubrio panca inclinata 30 gradi
2026-08-22T17:23:26	Spalle e Cuffia	06eda1526efe21bc32d11bc9728df27f94cfddbeb3c9b2d3fbc5ddd37bd20d55	Extrarotazione cavo in piedi (Cable external rotation standing).gif	Extrarotazione cavo	extrarotazione-cavo	collegato	come proposto	no	EX101	Extrarotazione cavo
2026-08-22T17:45:42	Spalle e Cuffia	b1fd6b133bc8e7b81c50bf55a36f50e5695e81e13ab7257cae7b472db842aca1	Alzate frontali manubri prono panca inclinata 45° (Dumbbell chest supported front raise incline bench).gif	Alzate frontali manubri prono panca inclinata	alzate-frontali-manubri-prono-panca-inclinata	collegato	corretto a mano	no	EX399	Alzate frontali manubri prono panca inclinata 45 gradi
2026-08-22T18:14:17	Spalle e Cuffia	a232640f5ee5f03d33b724ab70502a4ea9f244723b6ec6e691ef3e51ff7fa1cd	Lento dietro multipower seduto (Smith machine behind the neck press seated).gif	Lento dietro multipower seduto	lento-dietro-multipower-seduto	collegato	come proposto	no	EX433	Lento dietro multipower seduto
